seed,run_dir,tick,total_count,ancestry_count,ancestry_fraction,family_species_count
202608320,experiments/stringmol/runs/global-positive-control/mixed/seed_202608320,0,150,10,0.06666666666666667,169
202608320,experiments/stringmol/runs/global-positive-control/mixed/seed_202608320,100,144,9,0.0625,169
202608320,experiments/stringmol/runs/global-positive-control/mixed/seed_202608320,200,149,18,0.12080536912751678,169
202608320,experiments/stringmol/runs/global-positive-control/mixed/seed_202608320,300,186,17,0.0913978494623656,169
202608320,experiments/stringmol/runs/global-positive-control/mixed/seed_202608320,400,181,22,0.12154696132596685,169
202608320,experiments/stringmol/runs/global-positive-control/mixed/seed_202608320,500,247,30,0.1214574898785425,169
202608320,experiments/stringmol/runs/global-positive-control/mixed/seed_202608320,600,253,43,0.16996047430830039,169
202608320,experiments/stringmol/runs/global-positive-control/mixed/seed_202608320,700,337,50,0.14836795252225518,169
202608320,experiments/stringmol/runs/global-positive-control/mixed/seed_202608320,800,327,60,0.1834862385321101,169
202608320,experiments/stringmol/runs/global-positive-control/mixed/seed_202608320,900,350,84,0.24,169
202608320,experiments/stringmol/runs/global-positive-control/mixed/seed_202608320,1000,442,88,0.19909502262443438,169
202608320,experiments/stringmol/runs/global-positive-control/mixed/seed_202608320,1100,439,104,0.23690205011389523,169
202608320,experiments/stringmol/runs/global-positive-control/mixed/seed_202608320,1200,573,138,0.24083769633507854,169
202608320,experiments/stringmol/runs/global-positive-control/mixed/seed_202608320,1300,565,161,0.2849557522123894,169
202608320,experiments/stringmol/runs/global-positive-control/mixed/seed_202608320,1400,732,209,0.2855191256830601,169
202608320,experiments/stringmol/runs/global-positive-control/mixed/seed_202608320,1500,731,235,0.32147742818057456,169
202608320,experiments/stringmol/runs/global-positive-control/mixed/seed_202608320,1600,845,359,0.42485207100591715,169
202608320,experiments/stringmol/runs/global-positive-control/mixed/seed_202608320,1700,990,407,0.4111111111111111,169
202608320,experiments/stringmol/runs/global-positive-control/mixed/seed_202608320,1800,1057,487,0.4607379375591296,169
202608320,experiments/stringmol/runs/global-positive-control/mixed/seed_202608320,1900,1316,627,0.4764437689969605,169
202608320,experiments/stringmol/runs/global-positive-control/mixed/seed_202608320,2000,1599,928,0.5803627267041901,169
202608320,experiments/stringmol/runs/global-positive-control/mixed/seed_202608320,2100,1600,972,0.6075,169
202608320,experiments/stringmol/runs/global-positive-control/mixed/seed_202608320,2200,1600,1034,0.64625,169
202608320,experiments/stringmol/runs/global-positive-control/mixed/seed_202608320,2300,1600,1082,0.67625,169
202608320,experiments/stringmol/runs/global-positive-control/mixed/seed_202608320,2400,1600,1141,0.713125,169
202608320,experiments/stringmol/runs/global-positive-control/mixed/seed_202608320,2500,1600,1174,0.73375,169
202608320,experiments/stringmol/runs/global-positive-control/mixed/seed_202608320,2600,1600,1205,0.753125,169
202608320,experiments/stringmol/runs/global-positive-control/mixed/seed_202608320,2700,1600,1229,0.768125,169
202608320,experiments/stringmol/runs/global-positive-control/mixed/seed_202608320,2800,1600,1254,0.78375,169
202608320,experiments/stringmol/runs/global-positive-control/mixed/seed_202608320,2900,1600,1273,0.795625,169
202608320,experiments/stringmol/runs/global-positive-control/mixed/seed_202608320,3000,1599,1289,0.8061288305190745,169
202608320,experiments/stringmol/runs/global-positive-control/mixed/seed_202608320,3100,1600,1304,0.815,169
202608320,experiments/stringmol/runs/global-positive-control/mixed/seed_202608320,3200,1599,1327,0.8298936835522202,169
202608320,experiments/stringmol/runs/global-positive-control/mixed/seed_202608320,3300,1600,1340,0.8375,169
202608320,experiments/stringmol/runs/global-positive-control/mixed/seed_202608320,3400,1600,1369,0.855625,169
202608320,experiments/stringmol/runs/global-positive-control/mixed/seed_202608320,3500,1599,1388,0.868042526579112,169
202608320,experiments/stringmol/runs/global-positive-control/mixed/seed_202608320,3600,1598,1406,0.8798498122653317,169
202608320,experiments/stringmol/runs/global-positive-control/mixed/seed_202608320,3700,1600,1418,0.88625,169
202608320,experiments/stringmol/runs/global-positive-control/mixed/seed_202608320,3800,1600,1431,0.894375,169
202608320,experiments/stringmol/runs/global-positive-control/mixed/seed_202608320,3900,1600,1443,0.901875,169
202608320,experiments/stringmol/runs/global-positive-control/mixed/seed_202608320,4000,1600,1450,0.90625,169
202608320,experiments/stringmol/runs/global-positive-control/mixed/seed_202608320,4100,1600,1458,0.91125,169
202608320,experiments/stringmol/runs/global-positive-control/mixed/seed_202608320,4200,1600,1464,0.915,169
202608320,experiments/stringmol/runs/global-positive-control/mixed/seed_202608320,4300,1600,1471,0.919375,169
202608320,experiments/stringmol/runs/global-positive-control/mixed/seed_202608320,4400,1600,1475,0.921875,169
202608320,experiments/stringmol/runs/global-positive-control/mixed/seed_202608320,4500,1600,1482,0.92625,169
202608320,experiments/stringmol/runs/global-positive-control/mixed/seed_202608320,4600,1599,1486,0.9293308317698562,169
202608320,experiments/stringmol/runs/global-positive-control/mixed/seed_202608320,4700,1600,1493,0.933125,169
202608320,experiments/stringmol/runs/global-positive-control/mixed/seed_202608320,4800,1600,1496,0.935,169
202608320,experiments/stringmol/runs/global-positive-control/mixed/seed_202608320,4900,1600,1503,0.939375,169
202608320,experiments/stringmol/runs/global-positive-control/mixed/seed_202608320,5000,1598,1505,0.94180225281602,169
202608320,experiments/stringmol/runs/global-positive-control/mixed/seed_202608320,5100,1599,1513,0.9462163852407754,169
202608320,experiments/stringmol/runs/global-positive-control/mixed/seed_202608320,5200,1600,1520,0.95,169
202608320,experiments/stringmol/runs/global-positive-control/mixed/seed_202608320,5300,1600,1525,0.953125,169
202608320,experiments/stringmol/runs/global-positive-control/mixed/seed_202608320,5400,1600,1529,0.955625,169
202608320,experiments/stringmol/runs/global-positive-control/mixed/seed_202608320,5500,1599,1531,0.957473420888055,169
202608320,experiments/stringmol/runs/global-positive-control/mixed/seed_202608320,5600,1599,1536,0.9606003752345216,169
202608320,experiments/stringmol/runs/global-positive-control/mixed/seed_202608320,5700,1600,1540,0.9625,169
202608320,experiments/stringmol/runs/global-positive-control/mixed/seed_202608320,5800,1600,1543,0.964375,169
202608320,experiments/stringmol/runs/global-positive-control/mixed/seed_202608320,5900,1600,1547,0.966875,169
202608320,experiments/stringmol/runs/global-positive-control/mixed/seed_202608320,6000,1599,1547,0.967479674796748,169
202608320,experiments/stringmol/runs/global-positive-control/mixed/seed_202608320,6100,1600,1553,0.970625,169
202608320,experiments/stringmol/runs/global-positive-control/mixed/seed_202608320,6200,1598,1555,0.9730913642052565,169
202608320,experiments/stringmol/runs/global-positive-control/mixed/seed_202608320,6300,1600,1560,0.975,169
202608320,experiments/stringmol/runs/global-positive-control/mixed/seed_202608320,6400,1600,1562,0.97625,169
202608320,experiments/stringmol/runs/global-positive-control/mixed/seed_202608320,6500,1600,1562,0.97625,169
202608320,experiments/stringmol/runs/global-positive-control/mixed/seed_202608320,6600,1600,1564,0.9775,169
202608320,experiments/stringmol/runs/global-positive-control/mixed/seed_202608320,6700,1600,1566,0.97875,169
202608320,experiments/stringmol/runs/global-positive-control/mixed/seed_202608320,6800,1598,1569,0.9818523153942428,169
202608320,experiments/stringmol/runs/global-positive-control/mixed/seed_202608320,6900,1597,1572,0.9843456480901691,169
202608320,experiments/stringmol/runs/global-positive-control/mixed/seed_202608320,7000,1599,1578,0.9868667917448405,169
202608320,experiments/stringmol/runs/global-positive-control/mixed/seed_202608320,7100,1600,1579,0.986875,169
202608320,experiments/stringmol/runs/global-positive-control/mixed/seed_202608320,7200,1596,1575,0.9868421052631579,169
202608320,experiments/stringmol/runs/global-positive-control/mixed/seed_202608320,7300,1600,1580,0.9875,169
202608320,experiments/stringmol/runs/global-positive-control/mixed/seed_202608320,7400,1600,1581,0.988125,169
202608320,experiments/stringmol/runs/global-positive-control/mixed/seed_202608320,7500,1599,1581,0.9887429643527205,169
202608320,experiments/stringmol/runs/global-positive-control/mixed/seed_202608320,7600,1600,1583,0.989375,169
202608320,experiments/stringmol/runs/global-positive-control/mixed/seed_202608320,7700,1600,1583,0.989375,169
202608320,experiments/stringmol/runs/global-positive-control/mixed/seed_202608320,7800,1597,1582,0.9906073888541015,169
202608320,experiments/stringmol/runs/global-positive-control/mixed/seed_202608320,7900,1593,1578,0.9905838041431262,169
202608320,experiments/stringmol/runs/global-positive-control/mixed/seed_202608320,8000,1595,1580,0.9905956112852664,169
202608320,experiments/stringmol/runs/global-positive-control/mixed/seed_202608320,8100,1600,1585,0.990625,169
202608320,experiments/stringmol/runs/global-positive-control/mixed/seed_202608320,8200,1600,1585,0.990625,169
202608320,experiments/stringmol/runs/global-positive-control/mixed/seed_202608320,8300,1597,1583,0.9912335629304947,169
202608320,experiments/stringmol/runs/global-positive-control/mixed/seed_202608320,8400,1596,1582,0.9912280701754386,169
202608320,experiments/stringmol/runs/global-positive-control/mixed/seed_202608320,8500,1592,1579,0.9918341708542714,169
202608320,experiments/stringmol/runs/global-positive-control/mixed/seed_202608320,8600,1600,1587,0.991875,169
202608320,experiments/stringmol/runs/global-positive-control/mixed/seed_202608320,8700,1598,1585,0.9918648310387985,169
202608320,experiments/stringmol/runs/global-positive-control/mixed/seed_202608320,8800,1599,1586,0.991869918699187,169
202608320,experiments/stringmol/runs/global-positive-control/mixed/seed_202608320,8900,1600,1587,0.991875,169
202608320,experiments/stringmol/runs/global-positive-control/mixed/seed_202608320,9000,1589,1576,0.9918187539332913,169
202608320,experiments/stringmol/runs/global-positive-control/mixed/seed_202608320,9100,1588,1575,0.9918136020151134,169
202608320,experiments/stringmol/runs/global-positive-control/mixed/seed_202608320,9200,1581,1569,0.9924098671726755,169
202608320,experiments/stringmol/runs/global-positive-control/mixed/seed_202608320,9300,1588,1576,0.9924433249370277,169
202608320,experiments/stringmol/runs/global-positive-control/mixed/seed_202608320,9400,1594,1583,0.993099121706399,169
202608320,experiments/stringmol/runs/global-positive-control/mixed/seed_202608320,9500,1580,1570,0.9936708860759493,169
202608320,experiments/stringmol/runs/global-positive-control/mixed/seed_202608320,9600,1581,1572,0.9943074003795066,169
202608320,experiments/stringmol/runs/global-positive-control/mixed/seed_202608320,9700,1563,1554,0.9942418426103646,169
202608320,experiments/stringmol/runs/global-positive-control/mixed/seed_202608320,9800,1557,1548,0.9942196531791907,169
202608320,experiments/stringmol/runs/global-positive-control/mixed/seed_202608320,9900,1552,1544,0.9948453608247423,169
202608321,experiments/stringmol/runs/global-positive-control/mixed/seed_202608321,0,150,10,0.06666666666666667,168
202608321,experiments/stringmol/runs/global-positive-control/mixed/seed_202608321,100,144,9,0.0625,168
202608321,experiments/stringmol/runs/global-positive-control/mixed/seed_202608321,200,138,18,0.13043478260869565,168
202608321,experiments/stringmol/runs/global-positive-control/mixed/seed_202608321,300,183,16,0.08743169398907104,168
202608321,experiments/stringmol/runs/global-positive-control/mixed/seed_202608321,400,171,13,0.07602339181286549,168
202608321,experiments/stringmol/runs/global-positive-control/mixed/seed_202608321,500,233,17,0.07296137339055794,168
202608321,experiments/stringmol/runs/global-positive-control/mixed/seed_202608321,600,229,24,0.10480349344978165,168
202608321,experiments/stringmol/runs/global-positive-control/mixed/seed_202608321,700,310,26,0.08387096774193549,168
202608321,experiments/stringmol/runs/global-positive-control/mixed/seed_202608321,800,302,29,0.09602649006622517,168
202608321,experiments/stringmol/runs/global-positive-control/mixed/seed_202608321,900,308,44,0.14285714285714285,168
202608321,experiments/stringmol/runs/global-positive-control/mixed/seed_202608321,1000,413,48,0.1162227602905569,168
202608321,experiments/stringmol/runs/global-positive-control/mixed/seed_202608321,1100,421,63,0.1496437054631829,168
202608321,experiments/stringmol/runs/global-positive-control/mixed/seed_202608321,1200,573,84,0.14659685863874344,168
202608321,experiments/stringmol/runs/global-positive-control/mixed/seed_202608321,1300,567,111,0.19576719576719576,168
202608321,experiments/stringmol/runs/global-positive-control/mixed/seed_202608321,1400,750,149,0.19866666666666666,168
202608321,experiments/stringmol/runs/global-positive-control/mixed/seed_202608321,1500,746,166,0.2225201072386059,168
202608321,experiments/stringmol/runs/global-positive-control/mixed/seed_202608321,1600,827,259,0.313180169286578,168
202608321,experiments/stringmol/runs/global-positive-control/mixed/seed_202608321,1700,1038,282,0.27167630057803466,168
202608321,experiments/stringmol/runs/global-positive-control/mixed/seed_202608321,1800,1120,384,0.34285714285714286,168
202608321,experiments/stringmol/runs/global-positive-control/mixed/seed_202608321,1900,1418,480,0.3385049365303244,168
202608321,experiments/stringmol/runs/global-positive-control/mixed/seed_202608321,2000,1509,602,0.39893969516235916,168
202608321,experiments/stringmol/runs/global-positive-control/mixed/seed_202608321,2100,1598,703,0.4399249061326658,168
202608321,experiments/stringmol/runs/global-positive-control/mixed/seed_202608321,2200,1578,731,0.4632446134347275,168
202608321,experiments/stringmol/runs/global-positive-control/mixed/seed_202608321,2300,1589,784,0.4933920704845815,168
202608321,experiments/stringmol/runs/global-positive-control/mixed/seed_202608321,2400,1600,810,0.50625,168
202608321,experiments/stringmol/runs/global-positive-control/mixed/seed_202608321,2500,1600,841,0.525625,168
202608321,experiments/stringmol/runs/global-positive-control/mixed/seed_202608321,2600,1591,846,0.5317410433689503,168
202608321,experiments/stringmol/runs/global-positive-control/mixed/seed_202608321,2700,1600,877,0.548125,168
202608321,experiments/stringmol/runs/global-positive-control/mixed/seed_202608321,2800,1600,900,0.5625,168
202608321,experiments/stringmol/runs/global-positive-control/mixed/seed_202608321,2900,1600,922,0.57625,168
202608321,experiments/stringmol/runs/global-positive-control/mixed/seed_202608321,3000,1596,941,0.5895989974937343,168
202608321,experiments/stringmol/runs/global-positive-control/mixed/seed_202608321,3100,1600,968,0.605,168
202608321,experiments/stringmol/runs/global-positive-control/mixed/seed_202608321,3200,1598,982,0.6145181476846058,168
202608321,experiments/stringmol/runs/global-positive-control/mixed/seed_202608321,3300,1599,1004,0.6278924327704816,168
202608321,experiments/stringmol/runs/global-positive-control/mixed/seed_202608321,3400,1600,1020,0.6375,168
202608321,experiments/stringmol/runs/global-positive-control/mixed/seed_202608321,3500,1600,1041,0.650625,168
202608321,experiments/stringmol/runs/global-positive-control/mixed/seed_202608321,3600,1600,1063,0.664375,168
202608321,experiments/stringmol/runs/global-positive-control/mixed/seed_202608321,3700,1600,1081,0.675625,168
202608321,experiments/stringmol/runs/global-positive-control/mixed/seed_202608321,3800,1600,1097,0.685625,168
202608321,experiments/stringmol/runs/global-positive-control/mixed/seed_202608321,3900,1599,1113,0.6960600375234521,168
202608321,experiments/stringmol/runs/global-positive-control/mixed/seed_202608321,4000,1598,1135,0.7102628285356696,168
202608321,experiments/stringmol/runs/global-positive-control/mixed/seed_202608321,4100,1599,1155,0.7223264540337712,168
202608321,experiments/stringmol/runs/global-positive-control/mixed/seed_202608321,4200,1592,1176,0.7386934673366834,168
202608321,experiments/stringmol/runs/global-positive-control/mixed/seed_202608321,4300,1599,1205,0.7535959974984365,168
202608321,experiments/stringmol/runs/global-positive-control/mixed/seed_202608321,4400,1600,1226,0.76625,168
202608321,experiments/stringmol/runs/global-positive-control/mixed/seed_202608321,4500,1599,1245,0.7786116322701688,168
202608321,experiments/stringmol/runs/global-positive-control/mixed/seed_202608321,4600,1600,1255,0.784375,168
202608321,experiments/stringmol/runs/global-positive-control/mixed/seed_202608321,4700,1600,1267,0.791875,168
202608321,experiments/stringmol/runs/global-positive-control/mixed/seed_202608321,4800,1599,1282,0.8017510944340213,168
202608321,experiments/stringmol/runs/global-positive-control/mixed/seed_202608321,4900,1596,1289,0.8076441102756893,168
202608321,experiments/stringmol/runs/global-positive-control/mixed/seed_202608321,5000,1597,1301,0.8146524733876017,168
202608321,experiments/stringmol/runs/global-positive-control/mixed/seed_202608321,5100,1600,1316,0.8225,168
202608321,experiments/stringmol/runs/global-positive-control/mixed/seed_202608321,5200,1591,1320,0.8296668761785041,168
202608321,experiments/stringmol/runs/global-positive-control/mixed/seed_202608321,5300,1598,1343,0.8404255319148937,168
202608321,experiments/stringmol/runs/global-positive-control/mixed/seed_202608321,5400,1594,1346,0.8444165621079046,168
202608321,experiments/stringmol/runs/global-positive-control/mixed/seed_202608321,5500,1594,1354,0.849435382685069,168
202608321,experiments/stringmol/runs/global-positive-control/mixed/seed_202608321,5600,1600,1376,0.86,168
202608321,experiments/stringmol/runs/global-positive-control/mixed/seed_202608321,5700,1600,1394,0.87125,168
202608321,experiments/stringmol/runs/global-positive-control/mixed/seed_202608321,5800,1595,1403,0.8796238244514106,168
202608321,experiments/stringmol/runs/global-positive-control/mixed/seed_202608321,5900,1600,1420,0.8875,168
202608321,experiments/stringmol/runs/global-positive-control/mixed/seed_202608321,6000,1598,1424,0.8911138923654568,168
202608321,experiments/stringmol/runs/global-positive-control/mixed/seed_202608321,6100,1589,1424,0.8961611076148521,168
202608321,experiments/stringmol/runs/global-positive-control/mixed/seed_202608321,6200,1588,1435,0.9036523929471033,168
202608321,experiments/stringmol/runs/global-positive-control/mixed/seed_202608321,6300,1590,1443,0.9075471698113208,168
202608321,experiments/stringmol/runs/global-positive-control/mixed/seed_202608321,6400,1600,1458,0.91125,168
202608321,experiments/stringmol/runs/global-positive-control/mixed/seed_202608321,6500,1580,1444,0.9139240506329114,168
202608321,experiments/stringmol/runs/global-positive-control/mixed/seed_202608321,6600,1585,1453,0.9167192429022082,168
202608321,experiments/stringmol/runs/global-positive-control/mixed/seed_202608321,6700,1570,1446,0.9210191082802548,168
202608321,experiments/stringmol/runs/global-positive-control/mixed/seed_202608321,6800,1587,1466,0.923755513547574,168
202608321,experiments/stringmol/runs/global-positive-control/mixed/seed_202608321,6900,1573,1456,0.9256198347107438,168
202608321,experiments/stringmol/runs/global-positive-control/mixed/seed_202608321,7000,1574,1459,0.9269377382465057,168
202608321,experiments/stringmol/runs/global-positive-control/mixed/seed_202608321,7100,1575,1464,0.9295238095238095,168
202608321,experiments/stringmol/runs/global-positive-control/mixed/seed_202608321,7200,1563,1454,0.9302623160588611,168
202608321,experiments/stringmol/runs/global-positive-control/mixed/seed_202608321,7300,1544,1439,0.9319948186528497,168
202608321,experiments/stringmol/runs/global-positive-control/mixed/seed_202608321,7400,1511,1415,0.9364659166115156,168
202608321,experiments/stringmol/runs/global-positive-control/mixed/seed_202608321,7500,1517,1423,0.9380355965721819,168
202608321,experiments/stringmol/runs/global-positive-control/mixed/seed_202608321,7600,1502,1412,0.9400798934753661,168
202608321,experiments/stringmol/runs/global-positive-control/mixed/seed_202608321,7700,1501,1413,0.9413724183877415,168
202608321,experiments/stringmol/runs/global-positive-control/mixed/seed_202608321,7800,1473,1384,0.9395790902919212,168
202608321,experiments/stringmol/runs/global-positive-control/mixed/seed_202608321,7900,1441,1360,0.9437890353920888,168
202608321,experiments/stringmol/runs/global-positive-control/mixed/seed_202608321,8000,1416,1341,0.9470338983050848,168
202608321,experiments/stringmol/runs/global-positive-control/mixed/seed_202608321,8100,1399,1330,0.9506790564689064,168
202608321,experiments/stringmol/runs/global-positive-control/mixed/seed_202608321,8200,1374,1304,0.9490538573508006,168
202608321,experiments/stringmol/runs/global-positive-control/mixed/seed_202608321,8300,1334,1269,0.9512743628185907,168
202608321,experiments/stringmol/runs/global-positive-control/mixed/seed_202608321,8400,1306,1243,0.9517611026033691,168
202608321,experiments/stringmol/runs/global-positive-control/mixed/seed_202608321,8500,1283,1220,0.950896336710834,168
202608321,experiments/stringmol/runs/global-positive-control/mixed/seed_202608321,8600,1257,1199,0.9538583929992045,168
202608321,experiments/stringmol/runs/global-positive-control/mixed/seed_202608321,8700,1228,1175,0.9568403908794788,168
202608321,experiments/stringmol/runs/global-positive-control/mixed/seed_202608321,8800,1187,1137,0.95787700084246,168
202608321,experiments/stringmol/runs/global-positive-control/mixed/seed_202608321,8900,1153,1104,0.9575021682567216,168
202608321,experiments/stringmol/runs/global-positive-control/mixed/seed_202608321,9000,1121,1071,0.9553969669937555,168
202608321,experiments/stringmol/runs/global-positive-control/mixed/seed_202608321,9100,1097,1050,0.9571558796718322,168
202608321,experiments/stringmol/runs/global-positive-control/mixed/seed_202608321,9200,1076,1030,0.9572490706319703,168
202608321,experiments/stringmol/runs/global-positive-control/mixed/seed_202608321,9300,1027,985,0.9591041869522883,168
202608321,experiments/stringmol/runs/global-positive-control/mixed/seed_202608321,9400,980,943,0.9622448979591837,168
202608321,experiments/stringmol/runs/global-positive-control/mixed/seed_202608321,9500,953,917,0.9622245540398741,168
202608321,experiments/stringmol/runs/global-positive-control/mixed/seed_202608321,9600,934,898,0.961456102783726,168
202608321,experiments/stringmol/runs/global-positive-control/mixed/seed_202608321,9700,896,864,0.9642857142857143,168
202608321,experiments/stringmol/runs/global-positive-control/mixed/seed_202608321,9800,875,843,0.9634285714285714,168
202608321,experiments/stringmol/runs/global-positive-control/mixed/seed_202608321,9900,859,828,0.9639115250291036,168
202608322,experiments/stringmol/runs/global-positive-control/mixed/seed_202608322,0,150,10,0.06666666666666667,138
202608322,experiments/stringmol/runs/global-positive-control/mixed/seed_202608322,100,148,10,0.06756756756756757,138
202608322,experiments/stringmol/runs/global-positive-control/mixed/seed_202608322,200,145,18,0.12413793103448276,138
202608322,experiments/stringmol/runs/global-positive-control/mixed/seed_202608322,300,199,17,0.08542713567839195,138
202608322,experiments/stringmol/runs/global-positive-control/mixed/seed_202608322,400,192,18,0.09375,138
202608322,experiments/stringmol/runs/global-positive-control/mixed/seed_202608322,500,263,26,0.09885931558935361,138
202608322,experiments/stringmol/runs/global-positive-control/mixed/seed_202608322,600,270,40,0.14814814814814814,138
202608322,experiments/stringmol/runs/global-positive-control/mixed/seed_202608322,700,359,45,0.12534818941504178,138
202608322,experiments/stringmol/runs/global-positive-control/mixed/seed_202608322,800,356,57,0.1601123595505618,138
202608322,experiments/stringmol/runs/global-positive-control/mixed/seed_202608322,900,374,86,0.22994652406417113,138
202608322,experiments/stringmol/runs/global-positive-control/mixed/seed_202608322,1000,471,96,0.20382165605095542,138
202608322,experiments/stringmol/runs/global-positive-control/mixed/seed_202608322,1100,468,112,0.23931623931623933,138
202608322,experiments/stringmol/runs/global-positive-control/mixed/seed_202608322,1200,623,148,0.2375601926163724,138
202608322,experiments/stringmol/runs/global-positive-control/mixed/seed_202608322,1300,647,193,0.2982998454404946,138
202608322,experiments/stringmol/runs/global-positive-control/mixed/seed_202608322,1400,848,255,0.3007075471698113,138
202608322,experiments/stringmol/runs/global-positive-control/mixed/seed_202608322,1500,862,294,0.34106728538283065,138
202608322,experiments/stringmol/runs/global-positive-control/mixed/seed_202608322,1600,978,427,0.43660531697341515,138
202608322,experiments/stringmol/runs/global-positive-control/mixed/seed_202608322,1700,1133,455,0.40158870255957635,138
202608322,experiments/stringmol/runs/global-positive-control/mixed/seed_202608322,1800,1233,582,0.4720194647201946,138
202608322,experiments/stringmol/runs/global-positive-control/mixed/seed_202608322,1900,1470,701,0.47687074829931975,138
202608322,experiments/stringmol/runs/global-positive-control/mixed/seed_202608322,2000,1598,850,0.5319148936170213,138
202608322,experiments/stringmol/runs/global-positive-control/mixed/seed_202608322,2100,1600,869,0.543125,138
202608322,experiments/stringmol/runs/global-positive-control/mixed/seed_202608322,2200,1598,897,0.5613266583229036,138
202608322,experiments/stringmol/runs/global-positive-control/mixed/seed_202608322,2300,1596,933,0.5845864661654135,138
202608322,experiments/stringmol/runs/global-positive-control/mixed/seed_202608322,2400,1597,944,0.5911083281152161,138
202608322,experiments/stringmol/runs/global-positive-control/mixed/seed_202608322,2500,1600,959,0.599375,138
202608322,experiments/stringmol/runs/global-positive-control/mixed/seed_202608322,2600,1600,984,0.615,138
202608322,experiments/stringmol/runs/global-positive-control/mixed/seed_202608322,2700,1600,1014,0.63375,138
202608322,experiments/stringmol/runs/global-positive-control/mixed/seed_202608322,2800,1600,1041,0.650625,138
202608322,experiments/stringmol/runs/global-positive-control/mixed/seed_202608322,2900,1597,1064,0.6662492172824045,138
202608322,experiments/stringmol/runs/global-positive-control/mixed/seed_202608322,3000,1600,1088,0.68,138
202608322,experiments/stringmol/runs/global-positive-control/mixed/seed_202608322,3100,1599,1103,0.6898061288305191,138
202608322,experiments/stringmol/runs/global-positive-control/mixed/seed_202608322,3200,1598,1113,0.6964956195244055,138
202608322,experiments/stringmol/runs/global-positive-control/mixed/seed_202608322,3300,1600,1135,0.709375,138
202608322,experiments/stringmol/runs/global-positive-control/mixed/seed_202608322,3400,1600,1157,0.723125,138
202608322,experiments/stringmol/runs/global-positive-control/mixed/seed_202608322,3500,1600,1179,0.736875,138
202608322,experiments/stringmol/runs/global-positive-control/mixed/seed_202608322,3600,1600,1191,0.744375,138
202608322,experiments/stringmol/runs/global-positive-control/mixed/seed_202608322,3700,1600,1204,0.7525,138
202608322,experiments/stringmol/runs/global-positive-control/mixed/seed_202608322,3800,1600,1216,0.76,138
202608322,experiments/stringmol/runs/global-positive-control/mixed/seed_202608322,3900,1600,1228,0.7675,138
202608322,experiments/stringmol/runs/global-positive-control/mixed/seed_202608322,4000,1600,1239,0.774375,138
202608322,experiments/stringmol/runs/global-positive-control/mixed/seed_202608322,4100,1600,1249,0.780625,138
202608322,experiments/stringmol/runs/global-positive-control/mixed/seed_202608322,4200,1592,1270,0.7977386934673367,138
202608322,experiments/stringmol/runs/global-positive-control/mixed/seed_202608322,4300,1600,1295,0.809375,138
202608322,experiments/stringmol/runs/global-positive-control/mixed/seed_202608322,4400,1599,1301,0.8136335209505942,138
202608322,experiments/stringmol/runs/global-positive-control/mixed/seed_202608322,4500,1599,1308,0.8180112570356473,138
202608322,experiments/stringmol/runs/global-positive-control/mixed/seed_202608322,4600,1598,1320,0.8260325406758448,138
202608322,experiments/stringmol/runs/global-positive-control/mixed/seed_202608322,4700,1598,1337,0.8366708385481852,138
202608322,experiments/stringmol/runs/global-positive-control/mixed/seed_202608322,4800,1600,1349,0.843125,138
202608322,experiments/stringmol/runs/global-positive-control/mixed/seed_202608322,4900,1600,1356,0.8475,138
202608322,experiments/stringmol/runs/global-positive-control/mixed/seed_202608322,5000,1600,1363,0.851875,138
202608322,experiments/stringmol/runs/global-positive-control/mixed/seed_202608322,5100,1592,1365,0.8574120603015075,138
202608322,experiments/stringmol/runs/global-positive-control/mixed/seed_202608322,5200,1600,1382,0.86375,138
202608322,experiments/stringmol/runs/global-positive-control/mixed/seed_202608322,5300,1600,1395,0.871875,138
202608322,experiments/stringmol/runs/global-positive-control/mixed/seed_202608322,5400,1600,1402,0.87625,138
202608322,experiments/stringmol/runs/global-positive-control/mixed/seed_202608322,5500,1594,1406,0.8820577164366374,138
202608322,experiments/stringmol/runs/global-positive-control/mixed/seed_202608322,5600,1593,1424,0.8939108600125549,138
202608322,experiments/stringmol/runs/global-positive-control/mixed/seed_202608322,5700,1600,1440,0.9,138
202608322,experiments/stringmol/runs/global-positive-control/mixed/seed_202608322,5800,1585,1432,0.9034700315457413,138
202608322,experiments/stringmol/runs/global-positive-control/mixed/seed_202608322,5900,1580,1434,0.9075949367088607,138
202608322,experiments/stringmol/runs/global-positive-control/mixed/seed_202608322,6000,1589,1451,0.9131529263687854,138
202608322,experiments/stringmol/runs/global-positive-control/mixed/seed_202608322,6100,1576,1445,0.9168781725888325,138
202608322,experiments/stringmol/runs/global-positive-control/mixed/seed_202608322,6200,1587,1460,0.9199747952110902,138
202608322,experiments/stringmol/runs/global-positive-control/mixed/seed_202608322,6300,1574,1455,0.9243964421855146,138
202608322,experiments/stringmol/runs/global-positive-control/mixed/seed_202608322,6400,1564,1446,0.9245524296675192,138
202608322,experiments/stringmol/runs/global-positive-control/mixed/seed_202608322,6500,1552,1438,0.9265463917525774,138
202608322,experiments/stringmol/runs/global-positive-control/mixed/seed_202608322,6600,1541,1430,0.9279688513951979,138
202608322,experiments/stringmol/runs/global-positive-control/mixed/seed_202608322,6700,1514,1412,0.9326287978863936,138
202608322,experiments/stringmol/runs/global-positive-control/mixed/seed_202608322,6800,1517,1419,0.9353988134475939,138
202608322,experiments/stringmol/runs/global-positive-control/mixed/seed_202608322,6900,1507,1415,0.9389515593895156,138
202608322,experiments/stringmol/runs/global-positive-control/mixed/seed_202608322,7000,1494,1404,0.9397590361445783,138
202608322,experiments/stringmol/runs/global-positive-control/mixed/seed_202608322,7100,1476,1389,0.9410569105691057,138
202608322,experiments/stringmol/runs/global-positive-control/mixed/seed_202608322,7200,1449,1366,0.9427191166321601,138
202608322,experiments/stringmol/runs/global-positive-control/mixed/seed_202608322,7300,1439,1361,0.9457956914523975,138
202608322,experiments/stringmol/runs/global-positive-control/mixed/seed_202608322,7400,1427,1352,0.9474421864050455,138
202608322,experiments/stringmol/runs/global-positive-control/mixed/seed_202608322,7500,1385,1317,0.9509025270758122,138
202608322,experiments/stringmol/runs/global-positive-control/mixed/seed_202608322,7600,1358,1294,0.9528718703976435,138
202608322,experiments/stringmol/runs/global-positive-control/mixed/seed_202608322,7700,1339,1279,0.9551904406273338,138
202608322,experiments/stringmol/runs/global-positive-control/mixed/seed_202608322,7800,1311,1255,0.9572845156369184,138
202608322,experiments/stringmol/runs/global-positive-control/mixed/seed_202608322,7900,1291,1237,0.9581719597211464,138
202608322,experiments/stringmol/runs/global-positive-control/mixed/seed_202608322,8000,1259,1208,0.9594916600476568,138
202608322,experiments/stringmol/runs/global-positive-control/mixed/seed_202608322,8100,1229,1180,0.9601301871440195,138
202608322,experiments/stringmol/runs/global-positive-control/mixed/seed_202608322,8200,1188,1140,0.9595959595959596,138
202608322,experiments/stringmol/runs/global-positive-control/mixed/seed_202608322,8300,1166,1121,0.9614065180102916,138
202608322,experiments/stringmol/runs/global-positive-control/mixed/seed_202608322,8400,1131,1088,0.9619805481874447,138
202608322,experiments/stringmol/runs/global-positive-control/mixed/seed_202608322,8500,1089,1047,0.9614325068870524,138
202608322,experiments/stringmol/runs/global-positive-control/mixed/seed_202608322,8600,1078,1038,0.9628942486085343,138
202608322,experiments/stringmol/runs/global-positive-control/mixed/seed_202608322,8700,1054,1014,0.9620493358633776,138
202608322,experiments/stringmol/runs/global-positive-control/mixed/seed_202608322,8800,1039,1002,0.9643888354186718,138
202608322,experiments/stringmol/runs/global-positive-control/mixed/seed_202608322,8900,1014,979,0.965483234714004,138
202608322,experiments/stringmol/runs/global-positive-control/mixed/seed_202608322,9000,981,948,0.9663608562691132,138
202608322,experiments/stringmol/runs/global-positive-control/mixed/seed_202608322,9100,949,917,0.9662802950474183,138
202608322,experiments/stringmol/runs/global-positive-control/mixed/seed_202608322,9200,926,894,0.9654427645788337,138
202608322,experiments/stringmol/runs/global-positive-control/mixed/seed_202608322,9300,895,864,0.9653631284916201,138
202608322,experiments/stringmol/runs/global-positive-control/mixed/seed_202608322,9400,868,838,0.9654377880184332,138
202608322,experiments/stringmol/runs/global-positive-control/mixed/seed_202608322,9500,845,818,0.9680473372781065,138
202608322,experiments/stringmol/runs/global-positive-control/mixed/seed_202608322,9600,814,791,0.9717444717444718,138
202608322,experiments/stringmol/runs/global-positive-control/mixed/seed_202608322,9700,792,770,0.9722222222222222,138
202608322,experiments/stringmol/runs/global-positive-control/mixed/seed_202608322,9800,760,741,0.975,138
202608322,experiments/stringmol/runs/global-positive-control/mixed/seed_202608322,9900,747,729,0.9759036144578314,138
202608323,experiments/stringmol/runs/global-positive-control/mixed/seed_202608323,0,150,10,0.06666666666666667,147
202608323,experiments/stringmol/runs/global-positive-control/mixed/seed_202608323,100,142,10,0.07042253521126761,147
202608323,experiments/stringmol/runs/global-positive-control/mixed/seed_202608323,200,149,18,0.12080536912751678,147
202608323,experiments/stringmol/runs/global-positive-control/mixed/seed_202608323,300,202,18,0.0891089108910891,147
202608323,experiments/stringmol/runs/global-positive-control/mixed/seed_202608323,400,202,21,0.10396039603960396,147
202608323,experiments/stringmol/runs/global-positive-control/mixed/seed_202608323,500,292,30,0.10273972602739725,147
202608323,experiments/stringmol/runs/global-positive-control/mixed/seed_202608323,600,287,38,0.13240418118466898,147
202608323,experiments/stringmol/runs/global-positive-control/mixed/seed_202608323,700,398,48,0.12060301507537688,147
202608323,experiments/stringmol/runs/global-positive-control/mixed/seed_202608323,800,384,54,0.140625,147
202608323,experiments/stringmol/runs/global-positive-control/mixed/seed_202608323,900,397,82,0.20654911838790932,147
202608323,experiments/stringmol/runs/global-positive-control/mixed/seed_202608323,1000,516,88,0.17054263565891473,147
202608323,experiments/stringmol/runs/global-positive-control/mixed/seed_202608323,1100,531,113,0.2128060263653484,147
202608323,experiments/stringmol/runs/global-positive-control/mixed/seed_202608323,1200,694,140,0.2017291066282421,147
202608323,experiments/stringmol/runs/global-positive-control/mixed/seed_202608323,1300,699,174,0.24892703862660945,147
202608323,experiments/stringmol/runs/global-positive-control/mixed/seed_202608323,1400,901,224,0.2486126526082131,147
202608323,experiments/stringmol/runs/global-positive-control/mixed/seed_202608323,1500,911,262,0.287596048298573,147
202608323,experiments/stringmol/runs/global-positive-control/mixed/seed_202608323,1600,1053,412,0.3912630579297246,147
202608323,experiments/stringmol/runs/global-positive-control/mixed/seed_202608323,1700,1254,462,0.3684210526315789,147
202608323,experiments/stringmol/runs/global-positive-control/mixed/seed_202608323,1800,1375,602,0.43781818181818183,147
202608323,experiments/stringmol/runs/global-positive-control/mixed/seed_202608323,1900,1592,704,0.44221105527638194,147
202608323,experiments/stringmol/runs/global-positive-control/mixed/seed_202608323,2000,1597,743,0.4652473387601753,147
202608323,experiments/stringmol/runs/global-positive-control/mixed/seed_202608323,2100,1600,755,0.471875,147
202608323,experiments/stringmol/runs/global-positive-control/mixed/seed_202608323,2200,1588,776,0.48866498740554154,147
202608323,experiments/stringmol/runs/global-positive-control/mixed/seed_202608323,2300,1595,810,0.5078369905956113,147
202608323,experiments/stringmol/runs/global-positive-control/mixed/seed_202608323,2400,1600,831,0.519375,147
202608323,experiments/stringmol/runs/global-positive-control/mixed/seed_202608323,2500,1600,869,0.543125,147
202608323,experiments/stringmol/runs/global-positive-control/mixed/seed_202608323,2600,1592,887,0.5571608040201005,147
202608323,experiments/stringmol/runs/global-positive-control/mixed/seed_202608323,2700,1600,925,0.578125,147
202608323,experiments/stringmol/runs/global-positive-control/mixed/seed_202608323,2800,1600,952,0.595,147
202608323,experiments/stringmol/runs/global-positive-control/mixed/seed_202608323,2900,1600,985,0.615625,147
202608323,experiments/stringmol/runs/global-positive-control/mixed/seed_202608323,3000,1596,1000,0.6265664160401002,147
202608323,experiments/stringmol/runs/global-positive-control/mixed/seed_202608323,3100,1599,1029,0.6435272045028143,147
202608323,experiments/stringmol/runs/global-positive-control/mixed/seed_202608323,3200,1600,1058,0.66125,147
202608323,experiments/stringmol/runs/global-positive-control/mixed/seed_202608323,3300,1594,1072,0.6725219573400251,147
202608323,experiments/stringmol/runs/global-positive-control/mixed/seed_202608323,3400,1600,1104,0.69,147
202608323,experiments/stringmol/runs/global-positive-control/mixed/seed_202608323,3500,1600,1125,0.703125,147
202608323,experiments/stringmol/runs/global-positive-control/mixed/seed_202608323,3600,1599,1144,0.7154471544715447,147
202608323,experiments/stringmol/runs/global-positive-control/mixed/seed_202608323,3700,1600,1165,0.728125,147
202608323,experiments/stringmol/runs/global-positive-control/mixed/seed_202608323,3800,1597,1180,0.73888541014402,147
202608323,experiments/stringmol/runs/global-positive-control/mixed/seed_202608323,3900,1596,1198,0.7506265664160401,147
202608323,experiments/stringmol/runs/global-positive-control/mixed/seed_202608323,4000,1600,1213,0.758125,147
202608323,experiments/stringmol/runs/global-positive-control/mixed/seed_202608323,4100,1599,1232,0.7704815509693559,147
202608323,experiments/stringmol/runs/global-positive-control/mixed/seed_202608323,4200,1598,1249,0.781602002503129,147
202608323,experiments/stringmol/runs/global-positive-control/mixed/seed_202608323,4300,1593,1266,0.7947269303201506,147
202608323,experiments/stringmol/runs/global-positive-control/mixed/seed_202608323,4400,1600,1282,0.80125,147
202608323,experiments/stringmol/runs/global-positive-control/mixed/seed_202608323,4500,1600,1291,0.806875,147
202608323,experiments/stringmol/runs/global-positive-control/mixed/seed_202608323,4600,1598,1301,0.814142678347935,147
202608323,experiments/stringmol/runs/global-positive-control/mixed/seed_202608323,4700,1600,1316,0.8225,147
202608323,experiments/stringmol/runs/global-positive-control/mixed/seed_202608323,4800,1600,1328,0.83,147
202608323,experiments/stringmol/runs/global-positive-control/mixed/seed_202608323,4900,1600,1341,0.838125,147
202608323,experiments/stringmol/runs/global-positive-control/mixed/seed_202608323,5000,1598,1351,0.8454317897371715,147
202608323,experiments/stringmol/runs/global-positive-control/mixed/seed_202608323,5100,1600,1367,0.854375,147
202608323,experiments/stringmol/runs/global-positive-control/mixed/seed_202608323,5200,1595,1370,0.8589341692789969,147
202608323,experiments/stringmol/runs/global-positive-control/mixed/seed_202608323,5300,1591,1378,0.8661219358893778,147
202608323,experiments/stringmol/runs/global-positive-control/mixed/seed_202608323,5400,1594,1393,0.8739021329987453,147
202608323,experiments/stringmol/runs/global-positive-control/mixed/seed_202608323,5500,1597,1406,0.8804007514088916,147
202608323,experiments/stringmol/runs/global-positive-control/mixed/seed_202608323,5600,1600,1416,0.885,147
202608323,experiments/stringmol/runs/global-positive-control/mixed/seed_202608323,5700,1600,1419,0.886875,147
202608323,experiments/stringmol/runs/global-positive-control/mixed/seed_202608323,5800,1596,1422,0.8909774436090225,147
202608323,experiments/stringmol/runs/global-positive-control/mixed/seed_202608323,5900,1591,1425,0.8956631049654306,147
202608323,experiments/stringmol/runs/global-positive-control/mixed/seed_202608323,6000,1567,1419,0.9055520102105935,147
202608323,experiments/stringmol/runs/global-positive-control/mixed/seed_202608323,6100,1581,1436,0.9082858950031626,147
202608323,experiments/stringmol/runs/global-positive-control/mixed/seed_202608323,6200,1583,1446,0.9134554643082754,147
202608323,experiments/stringmol/runs/global-positive-control/mixed/seed_202608323,6300,1580,1446,0.9151898734177215,147
202608323,experiments/stringmol/runs/global-positive-control/mixed/seed_202608323,6400,1587,1455,0.9168241965973535,147
202608323,experiments/stringmol/runs/global-positive-control/mixed/seed_202608323,6500,1590,1465,0.9213836477987422,147
202608323,experiments/stringmol/runs/global-positive-control/mixed/seed_202608323,6600,1577,1452,0.9207355738744452,147
202608323,experiments/stringmol/runs/global-positive-control/mixed/seed_202608323,6700,1591,1471,0.9245757385292269,147
202608323,experiments/stringmol/runs/global-positive-control/mixed/seed_202608323,6800,1567,1456,0.9291640076579452,147
202608323,experiments/stringmol/runs/global-positive-control/mixed/seed_202608323,6900,1540,1436,0.9324675324675324,147
202608323,experiments/stringmol/runs/global-positive-control/mixed/seed_202608323,7000,1513,1414,0.9345670852610707,147
202608323,experiments/stringmol/runs/global-positive-control/mixed/seed_202608323,7100,1497,1404,0.9378757515030061,147
202608323,experiments/stringmol/runs/global-positive-control/mixed/seed_202608323,7200,1464,1378,0.9412568306010929,147
202608323,experiments/stringmol/runs/global-positive-control/mixed/seed_202608323,7300,1453,1371,0.9435650378527185,147
202608323,experiments/stringmol/runs/global-positive-control/mixed/seed_202608323,7400,1422,1342,0.9437412095639943,147
202608323,experiments/stringmol/runs/global-positive-control/mixed/seed_202608323,7500,1407,1334,0.9481165600568585,147
202608323,experiments/stringmol/runs/global-positive-control/mixed/seed_202608323,7600,1392,1321,0.9489942528735632,147
202608323,experiments/stringmol/runs/global-positive-control/mixed/seed_202608323,7700,1361,1293,0.9500367376928729,147
202608323,experiments/stringmol/runs/global-positive-control/mixed/seed_202608323,7800,1335,1268,0.949812734082397,147
202608323,experiments/stringmol/runs/global-positive-control/mixed/seed_202608323,7900,1315,1250,0.9505703422053232,147
202608323,experiments/stringmol/runs/global-positive-control/mixed/seed_202608323,8000,1288,1226,0.9518633540372671,147
202608323,experiments/stringmol/runs/global-positive-control/mixed/seed_202608323,8100,1243,1183,0.9517296862429606,147
202608323,experiments/stringmol/runs/global-positive-control/mixed/seed_202608323,8200,1202,1145,0.9525790349417638,147
202608323,experiments/stringmol/runs/global-positive-control/mixed/seed_202608323,8300,1173,1120,0.9548167092924126,147
202608323,experiments/stringmol/runs/global-positive-control/mixed/seed_202608323,8400,1142,1092,0.9562171628721541,147
202608323,experiments/stringmol/runs/global-positive-control/mixed/seed_202608323,8500,1131,1087,0.9610963748894783,147
202608323,experiments/stringmol/runs/global-positive-control/mixed/seed_202608323,8600,1108,1064,0.9602888086642599,147
202608323,experiments/stringmol/runs/global-positive-control/mixed/seed_202608323,8700,1068,1026,0.9606741573033708,147
202608323,experiments/stringmol/runs/global-positive-control/mixed/seed_202608323,8800,1051,1014,0.9647954329210275,147
202608323,experiments/stringmol/runs/global-positive-control/mixed/seed_202608323,8900,1013,976,0.9634748272458046,147
202608323,experiments/stringmol/runs/global-positive-control/mixed/seed_202608323,9000,987,951,0.9635258358662614,147
202608323,experiments/stringmol/runs/global-positive-control/mixed/seed_202608323,9100,969,935,0.9649122807017544,147
202608323,experiments/stringmol/runs/global-positive-control/mixed/seed_202608323,9200,942,910,0.9660297239915074,147
202608323,experiments/stringmol/runs/global-positive-control/mixed/seed_202608323,9300,918,886,0.9651416122004357,147
202608323,experiments/stringmol/runs/global-positive-control/mixed/seed_202608323,9400,895,866,0.9675977653631285,147
202608323,experiments/stringmol/runs/global-positive-control/mixed/seed_202608323,9500,866,839,0.9688221709006929,147
202608323,experiments/stringmol/runs/global-positive-control/mixed/seed_202608323,9600,843,816,0.9679715302491103,147
202608323,experiments/stringmol/runs/global-positive-control/mixed/seed_202608323,9700,826,800,0.9685230024213075,147
202608323,experiments/stringmol/runs/global-positive-control/mixed/seed_202608323,9800,815,790,0.9693251533742331,147
202608323,experiments/stringmol/runs/global-positive-control/mixed/seed_202608323,9900,787,762,0.9682337992376112,147
202608324,experiments/stringmol/runs/global-positive-control/mixed/seed_202608324,0,150,10,0.06666666666666667,430
202608324,experiments/stringmol/runs/global-positive-control/mixed/seed_202608324,100,144,8,0.05555555555555555,430
202608324,experiments/stringmol/runs/global-positive-control/mixed/seed_202608324,200,142,14,0.09859154929577464,430
202608324,experiments/stringmol/runs/global-positive-control/mixed/seed_202608324,300,186,14,0.07526881720430108,430
202608324,experiments/stringmol/runs/global-positive-control/mixed/seed_202608324,400,181,17,0.09392265193370165,430
202608324,experiments/stringmol/runs/global-positive-control/mixed/seed_202608324,500,258,26,0.10077519379844961,430
202608324,experiments/stringmol/runs/global-positive-control/mixed/seed_202608324,600,255,37,0.1450980392156863,430
202608324,experiments/stringmol/runs/global-positive-control/mixed/seed_202608324,700,349,51,0.14613180515759314,430
202608324,experiments/stringmol/runs/global-positive-control/mixed/seed_202608324,800,352,65,0.1846590909090909,430
202608324,experiments/stringmol/runs/global-positive-control/mixed/seed_202608324,900,371,91,0.24528301886792453,430
202608324,experiments/stringmol/runs/global-positive-control/mixed/seed_202608324,1000,470,98,0.20851063829787234,430
202608324,experiments/stringmol/runs/global-positive-control/mixed/seed_202608324,1100,476,126,0.2647058823529412,430
202608324,experiments/stringmol/runs/global-positive-control/mixed/seed_202608324,1200,605,152,0.2512396694214876,430
202608324,experiments/stringmol/runs/global-positive-control/mixed/seed_202608324,1300,626,182,0.29073482428115016,430
202608324,experiments/stringmol/runs/global-positive-control/mixed/seed_202608324,1400,806,243,0.3014888337468983,430
202608324,experiments/stringmol/runs/global-positive-control/mixed/seed_202608324,1500,813,280,0.34440344403444034,430
202608324,experiments/stringmol/runs/global-positive-control/mixed/seed_202608324,1600,932,411,0.4409871244635193,430
202608324,experiments/stringmol/runs/global-positive-control/mixed/seed_202608324,1700,1073,447,0.41658900279589933,430
202608324,experiments/stringmol/runs/global-positive-control/mixed/seed_202608324,1800,1177,563,0.47833474936278675,430
202608324,experiments/stringmol/runs/global-positive-control/mixed/seed_202608324,1900,1437,713,0.49617258176757134,430
202608324,experiments/stringmol/runs/global-positive-control/mixed/seed_202608324,2000,1597,889,0.5566687539135879,430
202608324,experiments/stringmol/runs/global-positive-control/mixed/seed_202608324,2100,1598,917,0.5738423028785983,430
202608324,experiments/stringmol/runs/global-positive-control/mixed/seed_202608324,2200,1599,942,0.5891181988742964,430
202608324,experiments/stringmol/runs/global-positive-control/mixed/seed_202608324,2300,1600,976,0.61,430
202608324,experiments/stringmol/runs/global-positive-control/mixed/seed_202608324,2400,1600,992,0.62,430
202608324,experiments/stringmol/runs/global-positive-control/mixed/seed_202608324,2500,1600,1030,0.64375,430
202608324,experiments/stringmol/runs/global-positive-control/mixed/seed_202608324,2600,1597,1049,0.656856606136506,430
202608324,experiments/stringmol/runs/global-positive-control/mixed/seed_202608324,2700,1600,1080,0.675,430
202608324,experiments/stringmol/runs/global-positive-control/mixed/seed_202608324,2800,1600,1097,0.685625,430
202608324,experiments/stringmol/runs/global-positive-control/mixed/seed_202608324,2900,1600,1110,0.69375,430
202608324,experiments/stringmol/runs/global-positive-control/mixed/seed_202608324,3000,1600,1126,0.70375,430
202608324,experiments/stringmol/runs/global-positive-control/mixed/seed_202608324,3100,1597,1144,0.7163431433938635,430
202608324,experiments/stringmol/runs/global-positive-control/mixed/seed_202608324,3200,1600,1165,0.728125,430
202608324,experiments/stringmol/runs/global-positive-control/mixed/seed_202608324,3300,1600,1185,0.740625,430
202608324,experiments/stringmol/runs/global-positive-control/mixed/seed_202608324,3400,1600,1203,0.751875,430
202608324,experiments/stringmol/runs/global-positive-control/mixed/seed_202608324,3500,1600,1219,0.761875,430
202608324,experiments/stringmol/runs/global-positive-control/mixed/seed_202608324,3600,1600,1239,0.774375,430
202608324,experiments/stringmol/runs/global-positive-control/mixed/seed_202608324,3700,1600,1257,0.785625,430
202608324,experiments/stringmol/runs/global-positive-control/mixed/seed_202608324,3800,1598,1273,0.7966207759699625,430
202608324,experiments/stringmol/runs/global-positive-control/mixed/seed_202608324,3900,1595,1285,0.8056426332288401,430
202608324,experiments/stringmol/runs/global-positive-control/mixed/seed_202608324,4000,1598,1304,0.8160200250312891,430
202608324,experiments/stringmol/runs/global-positive-control/mixed/seed_202608324,4100,1600,1313,0.820625,430
202608324,experiments/stringmol/runs/global-positive-control/mixed/seed_202608324,4200,1600,1328,0.83,430
202608324,experiments/stringmol/runs/global-positive-control/mixed/seed_202608324,4300,1600,1335,0.834375,430
202608324,experiments/stringmol/runs/global-positive-control/mixed/seed_202608324,4400,1600,1347,0.841875,430
202608324,experiments/stringmol/runs/global-positive-control/mixed/seed_202608324,4500,1599,1374,0.8592870544090057,430
202608324,experiments/stringmol/runs/global-positive-control/mixed/seed_202608324,4600,1596,1417,0.8878446115288221,430
202608324,experiments/stringmol/runs/global-positive-control/mixed/seed_202608324,4700,1600,1450,0.90625,430
202608324,experiments/stringmol/runs/global-positive-control/mixed/seed_202608324,4800,1600,1501,0.938125,430
202608324,experiments/stringmol/runs/global-positive-control/mixed/seed_202608324,4900,1600,1528,0.955,430
202608324,experiments/stringmol/runs/global-positive-control/mixed/seed_202608324,5000,1600,1551,0.969375,430
202608324,experiments/stringmol/runs/global-positive-control/mixed/seed_202608324,5100,1595,1568,0.9830721003134796,430
202608324,experiments/stringmol/runs/global-positive-control/mixed/seed_202608324,5200,1573,1559,0.9910998092816274,430
202608324,experiments/stringmol/runs/global-positive-control/mixed/seed_202608324,5300,1518,1507,0.9927536231884058,430
202608324,experiments/stringmol/runs/global-positive-control/mixed/seed_202608324,5400,1466,1459,0.995225102319236,430
202608324,experiments/stringmol/runs/global-positive-control/mixed/seed_202608324,5500,1391,1387,0.9971243709561467,430
202608324,experiments/stringmol/runs/global-positive-control/mixed/seed_202608324,5600,1341,1338,0.9977628635346756,430
202608324,experiments/stringmol/runs/global-positive-control/mixed/seed_202608324,5700,1282,1279,0.9976599063962559,430
202608324,experiments/stringmol/runs/global-positive-control/mixed/seed_202608324,5800,1209,1207,0.9983457402812241,430
202608324,experiments/stringmol/runs/global-positive-control/mixed/seed_202608324,5900,1166,1164,0.9982847341337907,430
202608324,experiments/stringmol/runs/global-positive-control/mixed/seed_202608324,6000,1108,1106,0.9981949458483754,430
202608324,experiments/stringmol/runs/global-positive-control/mixed/seed_202608324,6100,1052,1050,0.9980988593155894,430
202608324,experiments/stringmol/runs/global-positive-control/mixed/seed_202608324,6200,985,983,0.9979695431472081,430
202608324,experiments/stringmol/runs/global-positive-control/mixed/seed_202608324,6300,947,945,0.9978880675818373,430
202608324,experiments/stringmol/runs/global-positive-control/mixed/seed_202608324,6400,905,903,0.9977900552486187,430
202608324,experiments/stringmol/runs/global-positive-control/mixed/seed_202608324,6500,855,853,0.9976608187134502,430
202608324,experiments/stringmol/runs/global-positive-control/mixed/seed_202608324,6600,815,813,0.9975460122699387,430
202608324,experiments/stringmol/runs/global-positive-control/mixed/seed_202608324,6700,772,771,0.9987046632124352,430
202608324,experiments/stringmol/runs/global-positive-control/mixed/seed_202608324,6800,727,726,0.9986244841815681,430
202608324,experiments/stringmol/runs/global-positive-control/mixed/seed_202608324,6900,695,694,0.9985611510791367,430
202608324,experiments/stringmol/runs/global-positive-control/mixed/seed_202608324,7000,656,655,0.9984756097560976,430
202608324,experiments/stringmol/runs/global-positive-control/mixed/seed_202608324,7100,633,632,0.9984202211690363,430
202608324,experiments/stringmol/runs/global-positive-control/mixed/seed_202608324,7200,615,614,0.9983739837398374,430
202608324,experiments/stringmol/runs/global-positive-control/mixed/seed_202608324,7300,578,577,0.9982698961937716,430
202608324,experiments/stringmol/runs/global-positive-control/mixed/seed_202608324,7400,546,545,0.9981684981684982,430
202608324,experiments/stringmol/runs/global-positive-control/mixed/seed_202608324,7500,507,506,0.9980276134122288,430
202608324,experiments/stringmol/runs/global-positive-control/mixed/seed_202608324,7600,476,475,0.9978991596638656,430
202608324,experiments/stringmol/runs/global-positive-control/mixed/seed_202608324,7700,459,458,0.9978213507625272,430
202608324,experiments/stringmol/runs/global-positive-control/mixed/seed_202608324,7800,439,438,0.9977220956719818,430
202608324,experiments/stringmol/runs/global-positive-control/mixed/seed_202608324,7900,413,412,0.9975786924939467,430
202608324,experiments/stringmol/runs/global-positive-control/mixed/seed_202608324,8000,388,387,0.9974226804123711,430
202608324,experiments/stringmol/runs/global-positive-control/mixed/seed_202608324,8100,370,369,0.9972972972972973,430
202608324,experiments/stringmol/runs/global-positive-control/mixed/seed_202608324,8200,352,351,0.9971590909090909,430
202608324,experiments/stringmol/runs/global-positive-control/mixed/seed_202608324,8300,336,335,0.9970238095238095,430
202608324,experiments/stringmol/runs/global-positive-control/mixed/seed_202608324,8400,319,318,0.9968652037617555,430
202608324,experiments/stringmol/runs/global-positive-control/mixed/seed_202608324,8500,298,297,0.9966442953020134,430
202608324,experiments/stringmol/runs/global-positive-control/mixed/seed_202608324,8600,271,270,0.996309963099631,430
202608324,experiments/stringmol/runs/global-positive-control/mixed/seed_202608324,8700,255,254,0.996078431372549,430
202608324,experiments/stringmol/runs/global-positive-control/mixed/seed_202608324,8800,253,252,0.9960474308300395,430
202608324,experiments/stringmol/runs/global-positive-control/mixed/seed_202608324,8900,243,242,0.9958847736625515,430
202608324,experiments/stringmol/runs/global-positive-control/mixed/seed_202608324,9000,225,224,0.9955555555555555,430
202608324,experiments/stringmol/runs/global-positive-control/mixed/seed_202608324,9100,212,211,0.9952830188679245,430
202608324,experiments/stringmol/runs/global-positive-control/mixed/seed_202608324,9200,208,207,0.9951923076923077,430
202608324,experiments/stringmol/runs/global-positive-control/mixed/seed_202608324,9300,199,198,0.9949748743718593,430
202608324,experiments/stringmol/runs/global-positive-control/mixed/seed_202608324,9400,182,181,0.9945054945054945,430
202608324,experiments/stringmol/runs/global-positive-control/mixed/seed_202608324,9500,170,169,0.9941176470588236,430
202608324,experiments/stringmol/runs/global-positive-control/mixed/seed_202608324,9600,166,165,0.9939759036144579,430
202608324,experiments/stringmol/runs/global-positive-control/mixed/seed_202608324,9700,160,159,0.99375,430
202608324,experiments/stringmol/runs/global-positive-control/mixed/seed_202608324,9800,152,151,0.993421052631579,430
202608324,experiments/stringmol/runs/global-positive-control/mixed/seed_202608324,9900,148,147,0.9932432432432432,430
202608325,experiments/stringmol/runs/global-positive-control/mixed/seed_202608325,0,150,10,0.06666666666666667,146
202608325,experiments/stringmol/runs/global-positive-control/mixed/seed_202608325,100,142,10,0.07042253521126761,146
202608325,experiments/stringmol/runs/global-positive-control/mixed/seed_202608325,200,148,20,0.13513513513513514,146
202608325,experiments/stringmol/runs/global-positive-control/mixed/seed_202608325,300,205,20,0.0975609756097561,146
202608325,experiments/stringmol/runs/global-positive-control/mixed/seed_202608325,400,203,26,0.12807881773399016,146
202608325,experiments/stringmol/runs/global-positive-control/mixed/seed_202608325,500,284,34,0.11971830985915492,146
202608325,experiments/stringmol/runs/global-positive-control/mixed/seed_202608325,600,293,48,0.16382252559726962,146
202608325,experiments/stringmol/runs/global-positive-control/mixed/seed_202608325,700,373,59,0.1581769436997319,146
202608325,experiments/stringmol/runs/global-positive-control/mixed/seed_202608325,800,362,69,0.19060773480662985,146
202608325,experiments/stringmol/runs/global-positive-control/mixed/seed_202608325,900,396,103,0.2601010101010101,146
202608325,experiments/stringmol/runs/global-positive-control/mixed/seed_202608325,1000,508,113,0.22244094488188976,146
202608325,experiments/stringmol/runs/global-positive-control/mixed/seed_202608325,1100,520,138,0.2653846153846154,146
202608325,experiments/stringmol/runs/global-positive-control/mixed/seed_202608325,1200,688,181,0.26308139534883723,146
202608325,experiments/stringmol/runs/global-positive-control/mixed/seed_202608325,1300,713,233,0.3267882187938289,146
202608325,experiments/stringmol/runs/global-positive-control/mixed/seed_202608325,1400,907,291,0.32083792723263505,146
202608325,experiments/stringmol/runs/global-positive-control/mixed/seed_202608325,1500,914,325,0.35557986870897157,146
202608325,experiments/stringmol/runs/global-positive-control/mixed/seed_202608325,1600,1083,489,0.4515235457063712,146
202608325,experiments/stringmol/runs/global-positive-control/mixed/seed_202608325,1700,1263,550,0.43547110055423593,146
202608325,experiments/stringmol/runs/global-positive-control/mixed/seed_202608325,1800,1372,681,0.4963556851311953,146
202608325,experiments/stringmol/runs/global-positive-control/mixed/seed_202608325,1900,1586,784,0.4943253467843632,146
202608325,experiments/stringmol/runs/global-positive-control/mixed/seed_202608325,2000,1600,838,0.52375,146
202608325,experiments/stringmol/runs/global-positive-control/mixed/seed_202608325,2100,1591,831,0.5223130106851037,146
202608325,experiments/stringmol/runs/global-positive-control/mixed/seed_202608325,2200,1593,872,0.5473948524795983,146
202608325,experiments/stringmol/runs/global-positive-control/mixed/seed_202608325,2300,1597,897,0.5616781465247339,146
202608325,experiments/stringmol/runs/global-positive-control/mixed/seed_202608325,2400,1600,916,0.5725,146
202608325,experiments/stringmol/runs/global-positive-control/mixed/seed_202608325,2500,1600,951,0.594375,146
202608325,experiments/stringmol/runs/global-positive-control/mixed/seed_202608325,2600,1597,966,0.6048841577958672,146
202608325,experiments/stringmol/runs/global-positive-control/mixed/seed_202608325,2700,1600,994,0.62125,146
202608325,experiments/stringmol/runs/global-positive-control/mixed/seed_202608325,2800,1600,1016,0.635,146
202608325,experiments/stringmol/runs/global-positive-control/mixed/seed_202608325,2900,1600,1051,0.656875,146
202608325,experiments/stringmol/runs/global-positive-control/mixed/seed_202608325,3000,1598,1067,0.6677096370463079,146
202608325,experiments/stringmol/runs/global-positive-control/mixed/seed_202608325,3100,1600,1092,0.6825,146
202608325,experiments/stringmol/runs/global-positive-control/mixed/seed_202608325,3200,1597,1116,0.6988102692548529,146
202608325,experiments/stringmol/runs/global-positive-control/mixed/seed_202608325,3300,1597,1139,0.7132122730118973,146
202608325,experiments/stringmol/runs/global-positive-control/mixed/seed_202608325,3400,1600,1162,0.72625,146
202608325,experiments/stringmol/runs/global-positive-control/mixed/seed_202608325,3500,1599,1190,0.7442151344590369,146
202608325,experiments/stringmol/runs/global-positive-control/mixed/seed_202608325,3600,1594,1209,0.7584692597239648,146
202608325,experiments/stringmol/runs/global-positive-control/mixed/seed_202608325,3700,1600,1225,0.765625,146
202608325,experiments/stringmol/runs/global-positive-control/mixed/seed_202608325,3800,1600,1239,0.774375,146
202608325,experiments/stringmol/runs/global-positive-control/mixed/seed_202608325,3900,1596,1251,0.7838345864661654,146
202608325,experiments/stringmol/runs/global-positive-control/mixed/seed_202608325,4000,1600,1271,0.794375,146
202608325,experiments/stringmol/runs/global-positive-control/mixed/seed_202608325,4100,1597,1281,0.802128991859737,146
202608325,experiments/stringmol/runs/global-positive-control/mixed/seed_202608325,4200,1599,1294,0.809255784865541,146
202608325,experiments/stringmol/runs/global-positive-control/mixed/seed_202608325,4300,1598,1309,0.8191489361702128,146
202608325,experiments/stringmol/runs/global-positive-control/mixed/seed_202608325,4400,1600,1321,0.825625,146
202608325,experiments/stringmol/runs/global-positive-control/mixed/seed_202608325,4500,1592,1325,0.832286432160804,146
202608325,experiments/stringmol/runs/global-positive-control/mixed/seed_202608325,4600,1600,1346,0.84125,146
202608325,experiments/stringmol/runs/global-positive-control/mixed/seed_202608325,4700,1600,1357,0.848125,146
202608325,experiments/stringmol/runs/global-positive-control/mixed/seed_202608325,4800,1600,1364,0.8525,146
202608325,experiments/stringmol/runs/global-positive-control/mixed/seed_202608325,4900,1597,1372,0.8591108328115216,146
202608325,experiments/stringmol/runs/global-positive-control/mixed/seed_202608325,5000,1597,1382,0.8653725735754539,146
202608325,experiments/stringmol/runs/global-positive-control/mixed/seed_202608325,5100,1600,1390,0.86875,146
202608325,experiments/stringmol/runs/global-positive-control/mixed/seed_202608325,5200,1600,1397,0.873125,146
202608325,experiments/stringmol/runs/global-positive-control/mixed/seed_202608325,5300,1599,1410,0.8818011257035647,146
202608325,experiments/stringmol/runs/global-positive-control/mixed/seed_202608325,5400,1590,1413,0.8886792452830189,146
202608325,experiments/stringmol/runs/global-positive-control/mixed/seed_202608325,5500,1595,1427,0.8946708463949843,146
202608325,experiments/stringmol/runs/global-positive-control/mixed/seed_202608325,5600,1594,1434,0.8996235884567126,146
202608325,experiments/stringmol/runs/global-positive-control/mixed/seed_202608325,5700,1583,1430,0.903348073278585,146
202608325,experiments/stringmol/runs/global-positive-control/mixed/seed_202608325,5800,1578,1439,0.9119138149556401,146
202608325,experiments/stringmol/runs/global-positive-control/mixed/seed_202608325,5900,1587,1454,0.9161940768746062,146
202608325,experiments/stringmol/runs/global-positive-control/mixed/seed_202608325,6000,1592,1467,0.9214824120603015,146
202608325,experiments/stringmol/runs/global-positive-control/mixed/seed_202608325,6100,1582,1461,0.9235145385587863,146
202608325,experiments/stringmol/runs/global-positive-control/mixed/seed_202608325,6200,1588,1474,0.9282115869017632,146
202608325,experiments/stringmol/runs/global-positive-control/mixed/seed_202608325,6300,1559,1451,0.930724823604875,146
202608325,experiments/stringmol/runs/global-positive-control/mixed/seed_202608325,6400,1549,1445,0.9328599096191091,146
202608325,experiments/stringmol/runs/global-positive-control/mixed/seed_202608325,6500,1549,1453,0.9380245319561007,146
202608325,experiments/stringmol/runs/global-positive-control/mixed/seed_202608325,6600,1534,1442,0.940026075619296,146
202608325,experiments/stringmol/runs/global-positive-control/mixed/seed_202608325,6700,1512,1423,0.9411375661375662,146
202608325,experiments/stringmol/runs/global-positive-control/mixed/seed_202608325,6800,1484,1396,0.9407008086253369,146
202608325,experiments/stringmol/runs/global-positive-control/mixed/seed_202608325,6900,1465,1381,0.9426621160409556,146
202608325,experiments/stringmol/runs/global-positive-control/mixed/seed_202608325,7000,1429,1347,0.9426172148355494,146
202608325,experiments/stringmol/runs/global-positive-control/mixed/seed_202608325,7100,1400,1320,0.9428571428571428,146
202608325,experiments/stringmol/runs/global-positive-control/mixed/seed_202608325,7200,1374,1297,0.9439592430858806,146
202608325,experiments/stringmol/runs/global-positive-control/mixed/seed_202608325,7300,1366,1289,0.9436310395314788,146
202608325,experiments/stringmol/runs/global-positive-control/mixed/seed_202608325,7400,1349,1278,0.9473684210526315,146
202608325,experiments/stringmol/runs/global-positive-control/mixed/seed_202608325,7500,1320,1256,0.9515151515151515,146
202608325,experiments/stringmol/runs/global-positive-control/mixed/seed_202608325,7600,1304,1243,0.9532208588957055,146
202608325,experiments/stringmol/runs/global-positive-control/mixed/seed_202608325,7700,1265,1206,0.9533596837944665,146
202608325,experiments/stringmol/runs/global-positive-control/mixed/seed_202608325,7800,1244,1186,0.9533762057877814,146
202608325,experiments/stringmol/runs/global-positive-control/mixed/seed_202608325,7900,1218,1161,0.9532019704433498,146
202608325,experiments/stringmol/runs/global-positive-control/mixed/seed_202608325,8000,1196,1141,0.9540133779264214,146
202608325,experiments/stringmol/runs/global-positive-control/mixed/seed_202608325,8100,1184,1131,0.9552364864864865,146
202608325,experiments/stringmol/runs/global-positive-control/mixed/seed_202608325,8200,1153,1102,0.955767562879445,146
202608325,experiments/stringmol/runs/global-positive-control/mixed/seed_202608325,8300,1137,1089,0.9577836411609498,146
202608325,experiments/stringmol/runs/global-positive-control/mixed/seed_202608325,8400,1133,1086,0.9585172109443955,146
202608325,experiments/stringmol/runs/global-positive-control/mixed/seed_202608325,8500,1096,1052,0.9598540145985401,146
202608325,experiments/stringmol/runs/global-positive-control/mixed/seed_202608325,8600,1079,1036,0.9601482854494903,146
202608325,experiments/stringmol/runs/global-positive-control/mixed/seed_202608325,8700,1061,1019,0.9604147031102733,146
202608325,experiments/stringmol/runs/global-positive-control/mixed/seed_202608325,8800,1032,991,0.9602713178294574,146
202608325,experiments/stringmol/runs/global-positive-control/mixed/seed_202608325,8900,1000,964,0.964,146
202608325,experiments/stringmol/runs/global-positive-control/mixed/seed_202608325,9000,990,954,0.9636363636363636,146
202608325,experiments/stringmol/runs/global-positive-control/mixed/seed_202608325,9100,940,908,0.9659574468085106,146
202608325,experiments/stringmol/runs/global-positive-control/mixed/seed_202608325,9200,932,901,0.9667381974248928,146
202608325,experiments/stringmol/runs/global-positive-control/mixed/seed_202608325,9300,917,888,0.9683751363140676,146
202608325,experiments/stringmol/runs/global-positive-control/mixed/seed_202608325,9400,905,877,0.969060773480663,146
202608325,experiments/stringmol/runs/global-positive-control/mixed/seed_202608325,9500,877,850,0.9692132269099202,146
202608325,experiments/stringmol/runs/global-positive-control/mixed/seed_202608325,9600,846,819,0.9680851063829787,146
202608325,experiments/stringmol/runs/global-positive-control/mixed/seed_202608325,9700,813,788,0.9692496924969249,146
202608325,experiments/stringmol/runs/global-positive-control/mixed/seed_202608325,9800,798,773,0.968671679197995,146
202608325,experiments/stringmol/runs/global-positive-control/mixed/seed_202608325,9900,770,747,0.9701298701298702,146
202608326,experiments/stringmol/runs/global-positive-control/mixed/seed_202608326,0,150,150,1.0,195
202608326,experiments/stringmol/runs/global-positive-control/mixed/seed_202608326,100,144,144,1.0,195
202608326,experiments/stringmol/runs/global-positive-control/mixed/seed_202608326,200,142,142,1.0,195
202608326,experiments/stringmol/runs/global-positive-control/mixed/seed_202608326,300,194,194,1.0,195
202608326,experiments/stringmol/runs/global-positive-control/mixed/seed_202608326,400,187,187,1.0,195
202608326,experiments/stringmol/runs/global-positive-control/mixed/seed_202608326,500,264,264,1.0,195
202608326,experiments/stringmol/runs/global-positive-control/mixed/seed_202608326,600,265,265,1.0,195
202608326,experiments/stringmol/runs/global-positive-control/mixed/seed_202608326,700,372,372,1.0,195
202608326,experiments/stringmol/runs/global-positive-control/mixed/seed_202608326,800,363,363,1.0,195
202608326,experiments/stringmol/runs/global-positive-control/mixed/seed_202608326,900,371,371,1.0,195
202608326,experiments/stringmol/runs/global-positive-control/mixed/seed_202608326,1000,492,492,1.0,195
202608326,experiments/stringmol/runs/global-positive-control/mixed/seed_202608326,1100,484,484,1.0,195
202608326,experiments/stringmol/runs/global-positive-control/mixed/seed_202608326,1200,653,653,1.0,195
202608326,experiments/stringmol/runs/global-positive-control/mixed/seed_202608326,1300,666,666,1.0,195
202608326,experiments/stringmol/runs/global-positive-control/mixed/seed_202608326,1400,898,898,1.0,195
202608326,experiments/stringmol/runs/global-positive-control/mixed/seed_202608326,1500,888,888,1.0,195
202608326,experiments/stringmol/runs/global-positive-control/mixed/seed_202608326,1600,984,984,1.0,195
202608326,experiments/stringmol/runs/global-positive-control/mixed/seed_202608326,1700,1184,1184,1.0,195
202608326,experiments/stringmol/runs/global-positive-control/mixed/seed_202608326,1800,1250,1250,1.0,195
202608326,experiments/stringmol/runs/global-positive-control/mixed/seed_202608326,1900,1523,1523,1.0,195
202608326,experiments/stringmol/runs/global-positive-control/mixed/seed_202608326,2000,1593,1593,1.0,195
202608326,experiments/stringmol/runs/global-positive-control/mixed/seed_202608326,2100,1600,1600,1.0,195
202608326,experiments/stringmol/runs/global-positive-control/mixed/seed_202608326,2200,1582,1582,1.0,195
202608326,experiments/stringmol/runs/global-positive-control/mixed/seed_202608326,2300,1598,1598,1.0,195
202608326,experiments/stringmol/runs/global-positive-control/mixed/seed_202608326,2400,1600,1600,1.0,195
202608326,experiments/stringmol/runs/global-positive-control/mixed/seed_202608326,2500,1600,1600,1.0,195
202608326,experiments/stringmol/runs/global-positive-control/mixed/seed_202608326,2600,1596,1596,1.0,195
202608326,experiments/stringmol/runs/global-positive-control/mixed/seed_202608326,2700,1600,1600,1.0,195
202608326,experiments/stringmol/runs/global-positive-control/mixed/seed_202608326,2800,1600,1600,1.0,195
202608326,experiments/stringmol/runs/global-positive-control/mixed/seed_202608326,2900,1593,1593,1.0,195
202608326,experiments/stringmol/runs/global-positive-control/mixed/seed_202608326,3000,1600,1600,1.0,195
202608326,experiments/stringmol/runs/global-positive-control/mixed/seed_202608326,3100,1600,1600,1.0,195
202608326,experiments/stringmol/runs/global-positive-control/mixed/seed_202608326,3200,1599,1599,1.0,195
202608326,experiments/stringmol/runs/global-positive-control/mixed/seed_202608326,3300,1599,1599,1.0,195
202608326,experiments/stringmol/runs/global-positive-control/mixed/seed_202608326,3400,1600,1600,1.0,195
202608326,experiments/stringmol/runs/global-positive-control/mixed/seed_202608326,3500,1600,1600,1.0,195
202608326,experiments/stringmol/runs/global-positive-control/mixed/seed_202608326,3600,1600,1600,1.0,195
202608326,experiments/stringmol/runs/global-positive-control/mixed/seed_202608326,3700,1599,1599,1.0,195
202608326,experiments/stringmol/runs/global-positive-control/mixed/seed_202608326,3800,1600,1600,1.0,195
202608326,experiments/stringmol/runs/global-positive-control/mixed/seed_202608326,3900,1597,1597,1.0,195
202608326,experiments/stringmol/runs/global-positive-control/mixed/seed_202608326,4000,1600,1600,1.0,195
202608326,experiments/stringmol/runs/global-positive-control/mixed/seed_202608326,4100,1600,1600,1.0,195
202608326,experiments/stringmol/runs/global-positive-control/mixed/seed_202608326,4200,1591,1591,1.0,195
202608326,experiments/stringmol/runs/global-positive-control/mixed/seed_202608326,4300,1599,1599,1.0,195
202608326,experiments/stringmol/runs/global-positive-control/mixed/seed_202608326,4400,1598,1598,1.0,195
202608326,experiments/stringmol/runs/global-positive-control/mixed/seed_202608326,4500,1598,1598,1.0,195
202608326,experiments/stringmol/runs/global-positive-control/mixed/seed_202608326,4600,1599,1599,1.0,195
202608326,experiments/stringmol/runs/global-positive-control/mixed/seed_202608326,4700,1600,1600,1.0,195
202608326,experiments/stringmol/runs/global-positive-control/mixed/seed_202608326,4800,1596,1596,1.0,195
202608326,experiments/stringmol/runs/global-positive-control/mixed/seed_202608326,4900,1600,1600,1.0,195
202608326,experiments/stringmol/runs/global-positive-control/mixed/seed_202608326,5000,1600,1600,1.0,195
202608326,experiments/stringmol/runs/global-positive-control/mixed/seed_202608326,5100,1599,1599,1.0,195
202608326,experiments/stringmol/runs/global-positive-control/mixed/seed_202608326,5200,1592,1592,1.0,195
202608326,experiments/stringmol/runs/global-positive-control/mixed/seed_202608326,5300,1598,1598,1.0,195
202608326,experiments/stringmol/runs/global-positive-control/mixed/seed_202608326,5400,1590,1590,1.0,195
202608326,experiments/stringmol/runs/global-positive-control/mixed/seed_202608326,5500,1595,1595,1.0,195
202608326,experiments/stringmol/runs/global-positive-control/mixed/seed_202608326,5600,1597,1597,1.0,195
202608326,experiments/stringmol/runs/global-positive-control/mixed/seed_202608326,5700,1600,1600,1.0,195
202608326,experiments/stringmol/runs/global-positive-control/mixed/seed_202608326,5800,1589,1589,1.0,195
202608326,experiments/stringmol/runs/global-positive-control/mixed/seed_202608326,5900,1596,1596,1.0,195
202608326,experiments/stringmol/runs/global-positive-control/mixed/seed_202608326,6000,1591,1591,1.0,195
202608326,experiments/stringmol/runs/global-positive-control/mixed/seed_202608326,6100,1576,1576,1.0,195
202608326,experiments/stringmol/runs/global-positive-control/mixed/seed_202608326,6200,1600,1600,1.0,195
202608326,experiments/stringmol/runs/global-positive-control/mixed/seed_202608326,6300,1565,1565,1.0,195
202608326,experiments/stringmol/runs/global-positive-control/mixed/seed_202608326,6400,1559,1559,1.0,195
202608326,experiments/stringmol/runs/global-positive-control/mixed/seed_202608326,6500,1544,1544,1.0,195
202608326,experiments/stringmol/runs/global-positive-control/mixed/seed_202608326,6600,1539,1539,1.0,195
202608326,experiments/stringmol/runs/global-positive-control/mixed/seed_202608326,6700,1511,1511,1.0,195
202608326,experiments/stringmol/runs/global-positive-control/mixed/seed_202608326,6800,1487,1487,1.0,195
202608326,experiments/stringmol/runs/global-positive-control/mixed/seed_202608326,6900,1483,1483,1.0,195
202608326,experiments/stringmol/runs/global-positive-control/mixed/seed_202608326,7000,1436,1436,1.0,195
202608326,experiments/stringmol/runs/global-positive-control/mixed/seed_202608326,7100,1416,1416,1.0,195
202608326,experiments/stringmol/runs/global-positive-control/mixed/seed_202608326,7200,1380,1380,1.0,195
202608326,experiments/stringmol/runs/global-positive-control/mixed/seed_202608326,7300,1371,1371,1.0,195
202608326,experiments/stringmol/runs/global-positive-control/mixed/seed_202608326,7400,1343,1343,1.0,195
202608326,experiments/stringmol/runs/global-positive-control/mixed/seed_202608326,7500,1324,1324,1.0,195
202608326,experiments/stringmol/runs/global-positive-control/mixed/seed_202608326,7600,1304,1304,1.0,195
202608326,experiments/stringmol/runs/global-positive-control/mixed/seed_202608326,7700,1260,1260,1.0,195
202608326,experiments/stringmol/runs/global-positive-control/mixed/seed_202608326,7800,1235,1235,1.0,195
202608326,experiments/stringmol/runs/global-positive-control/mixed/seed_202608326,7900,1204,1204,1.0,195
202608326,experiments/stringmol/runs/global-positive-control/mixed/seed_202608326,8000,1189,1189,1.0,195
202608326,experiments/stringmol/runs/global-positive-control/mixed/seed_202608326,8100,1165,1165,1.0,195
202608326,experiments/stringmol/runs/global-positive-control/mixed/seed_202608326,8200,1138,1138,1.0,195
202608326,experiments/stringmol/runs/global-positive-control/mixed/seed_202608326,8300,1110,1110,1.0,195
202608326,experiments/stringmol/runs/global-positive-control/mixed/seed_202608326,8400,1096,1096,1.0,195
202608326,experiments/stringmol/runs/global-positive-control/mixed/seed_202608326,8500,1074,1074,1.0,195
202608326,experiments/stringmol/runs/global-positive-control/mixed/seed_202608326,8600,1033,1033,1.0,195
202608326,experiments/stringmol/runs/global-positive-control/mixed/seed_202608326,8700,1016,1016,1.0,195
202608326,experiments/stringmol/runs/global-positive-control/mixed/seed_202608326,8800,978,978,1.0,195
202608326,experiments/stringmol/runs/global-positive-control/mixed/seed_202608326,8900,941,941,1.0,195
202608326,experiments/stringmol/runs/global-positive-control/mixed/seed_202608326,9000,929,929,1.0,195
202608326,experiments/stringmol/runs/global-positive-control/mixed/seed_202608326,9100,902,902,1.0,195
202608326,experiments/stringmol/runs/global-positive-control/mixed/seed_202608326,9200,866,866,1.0,195
202608326,experiments/stringmol/runs/global-positive-control/mixed/seed_202608326,9300,846,846,1.0,195
202608326,experiments/stringmol/runs/global-positive-control/mixed/seed_202608326,9400,833,833,1.0,195
202608326,experiments/stringmol/runs/global-positive-control/mixed/seed_202608326,9500,809,809,1.0,195
202608326,experiments/stringmol/runs/global-positive-control/mixed/seed_202608326,9600,788,788,1.0,195
202608326,experiments/stringmol/runs/global-positive-control/mixed/seed_202608326,9700,748,748,1.0,195
202608326,experiments/stringmol/runs/global-positive-control/mixed/seed_202608326,9800,728,728,1.0,195
202608326,experiments/stringmol/runs/global-positive-control/mixed/seed_202608326,9900,690,690,1.0,195
202608327,experiments/stringmol/runs/global-positive-control/mixed/seed_202608327,0,150,10,0.06666666666666667,142
202608327,experiments/stringmol/runs/global-positive-control/mixed/seed_202608327,100,144,10,0.06944444444444445,142
202608327,experiments/stringmol/runs/global-positive-control/mixed/seed_202608327,200,152,19,0.125,142
202608327,experiments/stringmol/runs/global-positive-control/mixed/seed_202608327,300,193,19,0.09844559585492228,142
202608327,experiments/stringmol/runs/global-positive-control/mixed/seed_202608327,400,186,22,0.11827956989247312,142
202608327,experiments/stringmol/runs/global-positive-control/mixed/seed_202608327,500,264,33,0.125,142
202608327,experiments/stringmol/runs/global-positive-control/mixed/seed_202608327,600,259,44,0.16988416988416988,142
202608327,experiments/stringmol/runs/global-positive-control/mixed/seed_202608327,700,352,57,0.16193181818181818,142
202608327,experiments/stringmol/runs/global-positive-control/mixed/seed_202608327,800,340,59,0.17352941176470588,142
202608327,experiments/stringmol/runs/global-positive-control/mixed/seed_202608327,900,368,100,0.2717391304347826,142
202608327,experiments/stringmol/runs/global-positive-control/mixed/seed_202608327,1000,458,109,0.23799126637554585,142
202608327,experiments/stringmol/runs/global-positive-control/mixed/seed_202608327,1100,467,130,0.278372591006424,142
202608327,experiments/stringmol/runs/global-positive-control/mixed/seed_202608327,1200,609,169,0.277504105090312,142
202608327,experiments/stringmol/runs/global-positive-control/mixed/seed_202608327,1300,645,209,0.324031007751938,142
202608327,experiments/stringmol/runs/global-positive-control/mixed/seed_202608327,1400,820,262,0.3195121951219512,142
202608327,experiments/stringmol/runs/global-positive-control/mixed/seed_202608327,1500,840,309,0.3678571428571429,142
202608327,experiments/stringmol/runs/global-positive-control/mixed/seed_202608327,1600,968,444,0.45867768595041325,142
202608327,experiments/stringmol/runs/global-positive-control/mixed/seed_202608327,1700,1124,479,0.4261565836298932,142
202608327,experiments/stringmol/runs/global-positive-control/mixed/seed_202608327,1800,1227,602,0.4906275468622657,142
202608327,experiments/stringmol/runs/global-positive-control/mixed/seed_202608327,1900,1495,754,0.5043478260869565,142
202608327,experiments/stringmol/runs/global-positive-control/mixed/seed_202608327,2000,1600,880,0.55,142
202608327,experiments/stringmol/runs/global-positive-control/mixed/seed_202608327,2100,1596,891,0.5582706766917294,142
202608327,experiments/stringmol/runs/global-positive-control/mixed/seed_202608327,2200,1595,925,0.5799373040752351,142
202608327,experiments/stringmol/runs/global-positive-control/mixed/seed_202608327,2300,1593,949,0.5957313245448839,142
202608327,experiments/stringmol/runs/global-positive-control/mixed/seed_202608327,2400,1600,978,0.61125,142
202608327,experiments/stringmol/runs/global-positive-control/mixed/seed_202608327,2500,1600,1003,0.626875,142
202608327,experiments/stringmol/runs/global-positive-control/mixed/seed_202608327,2600,1598,1025,0.6414267834793492,142
202608327,experiments/stringmol/runs/global-positive-control/mixed/seed_202608327,2700,1600,1042,0.65125,142
202608327,experiments/stringmol/runs/global-positive-control/mixed/seed_202608327,2800,1600,1069,0.668125,142
202608327,experiments/stringmol/runs/global-positive-control/mixed/seed_202608327,2900,1599,1086,0.6791744840525328,142
202608327,experiments/stringmol/runs/global-positive-control/mixed/seed_202608327,3000,1599,1104,0.6904315196998124,142
202608327,experiments/stringmol/runs/global-positive-control/mixed/seed_202608327,3100,1600,1125,0.703125,142
202608327,experiments/stringmol/runs/global-positive-control/mixed/seed_202608327,3200,1590,1142,0.7182389937106918,142
202608327,experiments/stringmol/runs/global-positive-control/mixed/seed_202608327,3300,1598,1163,0.727784730913642,142
202608327,experiments/stringmol/runs/global-positive-control/mixed/seed_202608327,3400,1598,1179,0.7377972465581978,142
202608327,experiments/stringmol/runs/global-positive-control/mixed/seed_202608327,3500,1595,1197,0.7504702194357367,142
202608327,experiments/stringmol/runs/global-positive-control/mixed/seed_202608327,3600,1600,1214,0.75875,142
202608327,experiments/stringmol/runs/global-positive-control/mixed/seed_202608327,3700,1598,1230,0.769712140175219,142
202608327,experiments/stringmol/runs/global-positive-control/mixed/seed_202608327,3800,1592,1244,0.7814070351758794,142
202608327,experiments/stringmol/runs/global-positive-control/mixed/seed_202608327,3900,1597,1264,0.7914840325610519,142
202608327,experiments/stringmol/runs/global-positive-control/mixed/seed_202608327,4000,1600,1281,0.800625,142
202608327,experiments/stringmol/runs/global-positive-control/mixed/seed_202608327,4100,1600,1298,0.81125,142
202608327,experiments/stringmol/runs/global-positive-control/mixed/seed_202608327,4200,1597,1311,0.8209142141515341,142
202608327,experiments/stringmol/runs/global-positive-control/mixed/seed_202608327,4300,1600,1322,0.82625,142
202608327,experiments/stringmol/runs/global-positive-control/mixed/seed_202608327,4400,1600,1332,0.8325,142
202608327,experiments/stringmol/runs/global-positive-control/mixed/seed_202608327,4500,1600,1349,0.843125,142
202608327,experiments/stringmol/runs/global-positive-control/mixed/seed_202608327,4600,1598,1353,0.8466833541927409,142
202608327,experiments/stringmol/runs/global-positive-control/mixed/seed_202608327,4700,1596,1366,0.8558897243107769,142
202608327,experiments/stringmol/runs/global-positive-control/mixed/seed_202608327,4800,1600,1376,0.86,142
202608327,experiments/stringmol/runs/global-positive-control/mixed/seed_202608327,4900,1596,1379,0.8640350877192983,142
202608327,experiments/stringmol/runs/global-positive-control/mixed/seed_202608327,5000,1598,1394,0.8723404255319149,142
202608327,experiments/stringmol/runs/global-positive-control/mixed/seed_202608327,5100,1594,1401,0.8789209535759097,142
202608327,experiments/stringmol/runs/global-positive-control/mixed/seed_202608327,5200,1599,1418,0.8868042526579112,142
202608327,experiments/stringmol/runs/global-positive-control/mixed/seed_202608327,5300,1593,1422,0.8926553672316384,142
202608327,experiments/stringmol/runs/global-positive-control/mixed/seed_202608327,5400,1600,1436,0.8975,142
202608327,experiments/stringmol/runs/global-positive-control/mixed/seed_202608327,5500,1598,1442,0.9023779724655819,142
202608327,experiments/stringmol/runs/global-positive-control/mixed/seed_202608327,5600,1600,1458,0.91125,142
202608327,experiments/stringmol/runs/global-positive-control/mixed/seed_202608327,5700,1600,1469,0.918125,142
202608327,experiments/stringmol/runs/global-positive-control/mixed/seed_202608327,5800,1597,1468,0.9192235441452724,142
202608327,experiments/stringmol/runs/global-positive-control/mixed/seed_202608327,5900,1600,1475,0.921875,142
202608327,experiments/stringmol/runs/global-positive-control/mixed/seed_202608327,6000,1597,1480,0.9267376330619912,142
202608327,experiments/stringmol/runs/global-positive-control/mixed/seed_202608327,6100,1600,1489,0.930625,142
202608327,experiments/stringmol/runs/global-positive-control/mixed/seed_202608327,6200,1591,1487,0.9346323067253299,142
202608327,experiments/stringmol/runs/global-positive-control/mixed/seed_202608327,6300,1600,1501,0.938125,142
202608327,experiments/stringmol/runs/global-positive-control/mixed/seed_202608327,6400,1600,1503,0.939375,142
202608327,experiments/stringmol/runs/global-positive-control/mixed/seed_202608327,6500,1598,1505,0.94180225281602,142
202608327,experiments/stringmol/runs/global-positive-control/mixed/seed_202608327,6600,1598,1512,0.9461827284105131,142
202608327,experiments/stringmol/runs/global-positive-control/mixed/seed_202608327,6700,1599,1516,0.9480925578486554,142
202608327,experiments/stringmol/runs/global-positive-control/mixed/seed_202608327,6800,1594,1516,0.9510664993726474,142
202608327,experiments/stringmol/runs/global-positive-control/mixed/seed_202608327,6900,1591,1514,0.9516027655562539,142
202608327,experiments/stringmol/runs/global-positive-control/mixed/seed_202608327,7000,1584,1513,0.9551767676767676,142
202608327,experiments/stringmol/runs/global-positive-control/mixed/seed_202608327,7100,1555,1491,0.9588424437299036,142
202608327,experiments/stringmol/runs/global-positive-control/mixed/seed_202608327,7200,1561,1498,0.9596412556053812,142
202608327,experiments/stringmol/runs/global-positive-control/mixed/seed_202608327,7300,1562,1504,0.9628681177976952,142
202608327,experiments/stringmol/runs/global-positive-control/mixed/seed_202608327,7400,1536,1481,0.9641927083333334,142
202608327,experiments/stringmol/runs/global-positive-control/mixed/seed_202608327,7500,1516,1464,0.9656992084432717,142
202608327,experiments/stringmol/runs/global-positive-control/mixed/seed_202608327,7600,1511,1463,0.9682329583057577,142
202608327,experiments/stringmol/runs/global-positive-control/mixed/seed_202608327,7700,1497,1452,0.969939879759519,142
202608327,experiments/stringmol/runs/global-positive-control/mixed/seed_202608327,7800,1478,1435,0.9709066305818674,142
202608327,experiments/stringmol/runs/global-positive-control/mixed/seed_202608327,7900,1457,1420,0.9746053534660261,142
202608327,experiments/stringmol/runs/global-positive-control/mixed/seed_202608327,8000,1439,1403,0.9749826268241835,142
202608327,experiments/stringmol/runs/global-positive-control/mixed/seed_202608327,8100,1435,1400,0.975609756097561,142
202608327,experiments/stringmol/runs/global-positive-control/mixed/seed_202608327,8200,1434,1401,0.9769874476987448,142
202608327,experiments/stringmol/runs/global-positive-control/mixed/seed_202608327,8300,1415,1385,0.9787985865724381,142
202608327,experiments/stringmol/runs/global-positive-control/mixed/seed_202608327,8400,1401,1374,0.9807280513918629,142
202608327,experiments/stringmol/runs/global-positive-control/mixed/seed_202608327,8500,1375,1350,0.9818181818181818,142
202608327,experiments/stringmol/runs/global-positive-control/mixed/seed_202608327,8600,1360,1335,0.9816176470588235,142
202608327,experiments/stringmol/runs/global-positive-control/mixed/seed_202608327,8700,1337,1313,0.9820493642483171,142
202608327,experiments/stringmol/runs/global-positive-control/mixed/seed_202608327,8800,1320,1296,0.9818181818181818,142
202608327,experiments/stringmol/runs/global-positive-control/mixed/seed_202608327,8900,1298,1275,0.9822804314329738,142
202608327,experiments/stringmol/runs/global-positive-control/mixed/seed_202608327,9000,1276,1254,0.9827586206896551,142
202608327,experiments/stringmol/runs/global-positive-control/mixed/seed_202608327,9100,1255,1234,0.9832669322709163,142
202608327,experiments/stringmol/runs/global-positive-control/mixed/seed_202608327,9200,1236,1217,0.9846278317152104,142
202608327,experiments/stringmol/runs/global-positive-control/mixed/seed_202608327,9300,1226,1207,0.9845024469820555,142
202608327,experiments/stringmol/runs/global-positive-control/mixed/seed_202608327,9400,1208,1189,0.984271523178808,142
202608327,experiments/stringmol/runs/global-positive-control/mixed/seed_202608327,9500,1193,1174,0.9840737636211232,142
202608327,experiments/stringmol/runs/global-positive-control/mixed/seed_202608327,9600,1168,1149,0.9837328767123288,142
202608327,experiments/stringmol/runs/global-positive-control/mixed/seed_202608327,9700,1152,1134,0.984375,142
202608327,experiments/stringmol/runs/global-positive-control/mixed/seed_202608327,9800,1141,1123,0.9842243645924628,142
202608327,experiments/stringmol/runs/global-positive-control/mixed/seed_202608327,9900,1129,1111,0.9840566873339238,142
202608328,experiments/stringmol/runs/global-positive-control/mixed/seed_202608328,0,150,10,0.06666666666666667,136
202608328,experiments/stringmol/runs/global-positive-control/mixed/seed_202608328,100,146,9,0.06164383561643835,136
202608328,experiments/stringmol/runs/global-positive-control/mixed/seed_202608328,200,147,18,0.12244897959183673,136
202608328,experiments/stringmol/runs/global-positive-control/mixed/seed_202608328,300,192,16,0.08333333333333333,136
202608328,experiments/stringmol/runs/global-positive-control/mixed/seed_202608328,400,189,19,0.10052910052910052,136
202608328,experiments/stringmol/runs/global-positive-control/mixed/seed_202608328,500,269,26,0.09665427509293681,136
202608328,experiments/stringmol/runs/global-positive-control/mixed/seed_202608328,600,270,38,0.14074074074074075,136
202608328,experiments/stringmol/runs/global-positive-control/mixed/seed_202608328,700,357,44,0.12324929971988796,136
202608328,experiments/stringmol/runs/global-positive-control/mixed/seed_202608328,800,341,51,0.1495601173020528,136
202608328,experiments/stringmol/runs/global-positive-control/mixed/seed_202608328,900,363,80,0.22038567493112948,136
202608328,experiments/stringmol/runs/global-positive-control/mixed/seed_202608328,1000,466,88,0.1888412017167382,136
202608328,experiments/stringmol/runs/global-positive-control/mixed/seed_202608328,1100,466,99,0.21244635193133046,136
202608328,experiments/stringmol/runs/global-positive-control/mixed/seed_202608328,1200,633,142,0.22432859399684044,136
202608328,experiments/stringmol/runs/global-positive-control/mixed/seed_202608328,1300,656,183,0.27896341463414637,136
202608328,experiments/stringmol/runs/global-positive-control/mixed/seed_202608328,1400,853,228,0.2672919109026964,136
202608328,experiments/stringmol/runs/global-positive-control/mixed/seed_202608328,1500,841,245,0.291319857312723,136
202608328,experiments/stringmol/runs/global-positive-control/mixed/seed_202608328,1600,933,365,0.3912111468381565,136
202608328,experiments/stringmol/runs/global-positive-control/mixed/seed_202608328,1700,1113,391,0.35130278526504943,136
202608328,experiments/stringmol/runs/global-positive-control/mixed/seed_202608328,1800,1187,491,0.413647851727043,136
202608328,experiments/stringmol/runs/global-positive-control/mixed/seed_202608328,1900,1460,617,0.4226027397260274,136
202608328,experiments/stringmol/runs/global-positive-control/mixed/seed_202608328,2000,1591,773,0.48585795097423007,136
202608328,experiments/stringmol/runs/global-positive-control/mixed/seed_202608328,2100,1600,787,0.491875,136
202608328,experiments/stringmol/runs/global-positive-control/mixed/seed_202608328,2200,1587,809,0.5097668557025835,136
202608328,experiments/stringmol/runs/global-positive-control/mixed/seed_202608328,2300,1599,852,0.5328330206378987,136
202608328,experiments/stringmol/runs/global-positive-control/mixed/seed_202608328,2400,1598,878,0.5494367959949937,136
202608328,experiments/stringmol/runs/global-positive-control/mixed/seed_202608328,2500,1600,909,0.568125,136
202608328,experiments/stringmol/runs/global-positive-control/mixed/seed_202608328,2600,1600,924,0.5775,136
202608328,experiments/stringmol/runs/global-positive-control/mixed/seed_202608328,2700,1598,947,0.5926157697121401,136
202608328,experiments/stringmol/runs/global-positive-control/mixed/seed_202608328,2800,1600,973,0.608125,136
202608328,experiments/stringmol/runs/global-positive-control/mixed/seed_202608328,2900,1593,989,0.6208411801632141,136
202608328,experiments/stringmol/runs/global-positive-control/mixed/seed_202608328,3000,1600,1028,0.6425,136
202608328,experiments/stringmol/runs/global-positive-control/mixed/seed_202608328,3100,1599,1047,0.6547842401500938,136
202608328,experiments/stringmol/runs/global-positive-control/mixed/seed_202608328,3200,1595,1062,0.6658307210031348,136
202608328,experiments/stringmol/runs/global-positive-control/mixed/seed_202608328,3300,1600,1095,0.684375,136
202608328,experiments/stringmol/runs/global-positive-control/mixed/seed_202608328,3400,1600,1113,0.695625,136
202608328,experiments/stringmol/runs/global-positive-control/mixed/seed_202608328,3500,1600,1133,0.708125,136
202608328,experiments/stringmol/runs/global-positive-control/mixed/seed_202608328,3600,1596,1148,0.7192982456140351,136
202608328,experiments/stringmol/runs/global-positive-control/mixed/seed_202608328,3700,1598,1164,0.7284105131414268,136
202608328,experiments/stringmol/runs/global-positive-control/mixed/seed_202608328,3800,1589,1182,0.7438640654499685,136
202608328,experiments/stringmol/runs/global-positive-control/mixed/seed_202608328,3900,1600,1204,0.7525,136
202608328,experiments/stringmol/runs/global-positive-control/mixed/seed_202608328,4000,1600,1218,0.76125,136
202608328,experiments/stringmol/runs/global-positive-control/mixed/seed_202608328,4100,1598,1230,0.769712140175219,136
202608328,experiments/stringmol/runs/global-positive-control/mixed/seed_202608328,4200,1600,1255,0.784375,136
202608328,experiments/stringmol/runs/global-positive-control/mixed/seed_202608328,4300,1599,1270,0.7942464040025016,136
202608328,experiments/stringmol/runs/global-positive-control/mixed/seed_202608328,4400,1598,1286,0.804755944931164,136
202608328,experiments/stringmol/runs/global-positive-control/mixed/seed_202608328,4500,1598,1295,0.8103879849812266,136
202608328,experiments/stringmol/runs/global-positive-control/mixed/seed_202608328,4600,1600,1310,0.81875,136
202608328,experiments/stringmol/runs/global-positive-control/mixed/seed_202608328,4700,1598,1322,0.8272841051314143,136
202608328,experiments/stringmol/runs/global-positive-control/mixed/seed_202608328,4800,1598,1336,0.8360450563204005,136
202608328,experiments/stringmol/runs/global-positive-control/mixed/seed_202608328,4900,1596,1343,0.8414786967418546,136
202608328,experiments/stringmol/runs/global-positive-control/mixed/seed_202608328,5000,1599,1357,0.8486554096310194,136
202608328,experiments/stringmol/runs/global-positive-control/mixed/seed_202608328,5100,1592,1361,0.8548994974874372,136
202608328,experiments/stringmol/runs/global-positive-control/mixed/seed_202608328,5200,1597,1375,0.8609893550407013,136
202608328,experiments/stringmol/runs/global-positive-control/mixed/seed_202608328,5300,1600,1389,0.868125,136
202608328,experiments/stringmol/runs/global-positive-control/mixed/seed_202608328,5400,1598,1396,0.8735919899874843,136
202608328,experiments/stringmol/runs/global-positive-control/mixed/seed_202608328,5500,1594,1405,0.8814303638644918,136
202608328,experiments/stringmol/runs/global-positive-control/mixed/seed_202608328,5600,1597,1421,0.8897933625547902,136
202608328,experiments/stringmol/runs/global-positive-control/mixed/seed_202608328,5700,1594,1426,0.8946047678795483,136
202608328,experiments/stringmol/runs/global-positive-control/mixed/seed_202608328,5800,1597,1435,0.8985597996242956,136
202608328,experiments/stringmol/runs/global-positive-control/mixed/seed_202608328,5900,1600,1444,0.9025,136
202608328,experiments/stringmol/runs/global-positive-control/mixed/seed_202608328,6000,1597,1451,0.9085785848465874,136
202608328,experiments/stringmol/runs/global-positive-control/mixed/seed_202608328,6100,1574,1434,0.9110546378653113,136
202608328,experiments/stringmol/runs/global-positive-control/mixed/seed_202608328,6200,1563,1428,0.9136276391554703,136
202608328,experiments/stringmol/runs/global-positive-control/mixed/seed_202608328,6300,1552,1424,0.9175257731958762,136
202608328,experiments/stringmol/runs/global-positive-control/mixed/seed_202608328,6400,1532,1413,0.9223237597911227,136
202608328,experiments/stringmol/runs/global-positive-control/mixed/seed_202608328,6500,1501,1390,0.9260493004663558,136
202608328,experiments/stringmol/runs/global-positive-control/mixed/seed_202608328,6600,1465,1360,0.9283276450511946,136
202608328,experiments/stringmol/runs/global-positive-control/mixed/seed_202608328,6700,1461,1359,0.9301848049281314,136
202608328,experiments/stringmol/runs/global-positive-control/mixed/seed_202608328,6800,1442,1346,0.9334257975034674,136
202608328,experiments/stringmol/runs/global-positive-control/mixed/seed_202608328,6900,1420,1327,0.9345070422535211,136
202608328,experiments/stringmol/runs/global-positive-control/mixed/seed_202608328,7000,1396,1309,0.9376790830945558,136
202608328,experiments/stringmol/runs/global-positive-control/mixed/seed_202608328,7100,1383,1298,0.9385394070860448,136
202608328,experiments/stringmol/runs/global-positive-control/mixed/seed_202608328,7200,1360,1280,0.9411764705882353,136
202608328,experiments/stringmol/runs/global-positive-control/mixed/seed_202608328,7300,1334,1258,0.9430284857571214,136
202608328,experiments/stringmol/runs/global-positive-control/mixed/seed_202608328,7400,1318,1243,0.9430955993930197,136
202608328,experiments/stringmol/runs/global-positive-control/mixed/seed_202608328,7500,1307,1234,0.9441469013006886,136
202608328,experiments/stringmol/runs/global-positive-control/mixed/seed_202608328,7600,1283,1213,0.9454403741231489,136
202608328,experiments/stringmol/runs/global-positive-control/mixed/seed_202608328,7700,1269,1202,0.9472025216706068,136
202608328,experiments/stringmol/runs/global-positive-control/mixed/seed_202608328,7800,1249,1185,0.9487590072057646,136
202608328,experiments/stringmol/runs/global-positive-control/mixed/seed_202608328,7900,1230,1166,0.9479674796747968,136
202608328,experiments/stringmol/runs/global-positive-control/mixed/seed_202608328,8000,1221,1160,0.95004095004095,136
202608328,experiments/stringmol/runs/global-positive-control/mixed/seed_202608328,8100,1210,1151,0.9512396694214876,136
202608328,experiments/stringmol/runs/global-positive-control/mixed/seed_202608328,8200,1187,1130,0.9519797809604044,136
202608328,experiments/stringmol/runs/global-positive-control/mixed/seed_202608328,8300,1158,1104,0.9533678756476683,136
202608328,experiments/stringmol/runs/global-positive-control/mixed/seed_202608328,8400,1128,1077,0.9547872340425532,136
202608328,experiments/stringmol/runs/global-positive-control/mixed/seed_202608328,8500,1113,1064,0.9559748427672956,136
202608328,experiments/stringmol/runs/global-positive-control/mixed/seed_202608328,8600,1094,1046,0.9561243144424132,136
202608328,experiments/stringmol/runs/global-positive-control/mixed/seed_202608328,8700,1066,1020,0.9568480300187617,136
202608328,experiments/stringmol/runs/global-positive-control/mixed/seed_202608328,8800,1052,1008,0.9581749049429658,136
202608328,experiments/stringmol/runs/global-positive-control/mixed/seed_202608328,8900,1033,992,0.9603097773475314,136
202608328,experiments/stringmol/runs/global-positive-control/mixed/seed_202608328,9000,1019,980,0.9617271835132483,136
202608328,experiments/stringmol/runs/global-positive-control/mixed/seed_202608328,9100,986,947,0.960446247464503,136
202608328,experiments/stringmol/runs/global-positive-control/mixed/seed_202608328,9200,966,928,0.9606625258799172,136
202608328,experiments/stringmol/runs/global-positive-control/mixed/seed_202608328,9300,930,897,0.964516129032258,136
202608328,experiments/stringmol/runs/global-positive-control/mixed/seed_202608328,9400,910,877,0.9637362637362638,136
202608328,experiments/stringmol/runs/global-positive-control/mixed/seed_202608328,9500,880,848,0.9636363636363636,136
202608328,experiments/stringmol/runs/global-positive-control/mixed/seed_202608328,9600,865,835,0.9653179190751445,136
202608328,experiments/stringmol/runs/global-positive-control/mixed/seed_202608328,9700,860,830,0.9651162790697675,136
202608328,experiments/stringmol/runs/global-positive-control/mixed/seed_202608328,9800,834,805,0.9652278177458034,136
202608328,experiments/stringmol/runs/global-positive-control/mixed/seed_202608328,9900,830,801,0.9650602409638555,136
202608329,experiments/stringmol/runs/global-positive-control/mixed/seed_202608329,0,150,10,0.06666666666666667,395
202608329,experiments/stringmol/runs/global-positive-control/mixed/seed_202608329,100,144,10,0.06944444444444445,395
202608329,experiments/stringmol/runs/global-positive-control/mixed/seed_202608329,200,150,20,0.13333333333333333,395
202608329,experiments/stringmol/runs/global-positive-control/mixed/seed_202608329,300,203,20,0.09852216748768473,395
202608329,experiments/stringmol/runs/global-positive-control/mixed/seed_202608329,400,195,21,0.1076923076923077,395
202608329,experiments/stringmol/runs/global-positive-control/mixed/seed_202608329,500,274,28,0.10218978102189781,395
202608329,experiments/stringmol/runs/global-positive-control/mixed/seed_202608329,600,267,30,0.11235955056179775,395
202608329,experiments/stringmol/runs/global-positive-control/mixed/seed_202608329,700,366,41,0.11202185792349727,395
202608329,experiments/stringmol/runs/global-positive-control/mixed/seed_202608329,800,348,41,0.11781609195402298,395
202608329,experiments/stringmol/runs/global-positive-control/mixed/seed_202608329,900,359,67,0.18662952646239556,395
202608329,experiments/stringmol/runs/global-positive-control/mixed/seed_202608329,1000,469,65,0.13859275053304904,395
202608329,experiments/stringmol/runs/global-positive-control/mixed/seed_202608329,1100,475,85,0.17894736842105263,395
202608329,experiments/stringmol/runs/global-positive-control/mixed/seed_202608329,1200,638,117,0.1833855799373041,395
202608329,experiments/stringmol/runs/global-positive-control/mixed/seed_202608329,1300,653,164,0.25114854517611024,395
202608329,experiments/stringmol/runs/global-positive-control/mixed/seed_202608329,1400,854,201,0.23536299765807964,395
202608329,experiments/stringmol/runs/global-positive-control/mixed/seed_202608329,1500,845,222,0.26272189349112424,395
202608329,experiments/stringmol/runs/global-positive-control/mixed/seed_202608329,1600,964,342,0.35477178423236516,395
202608329,experiments/stringmol/runs/global-positive-control/mixed/seed_202608329,1700,1178,383,0.32512733446519526,395
202608329,experiments/stringmol/runs/global-positive-control/mixed/seed_202608329,1800,1247,489,0.3921411387329591,395
202608329,experiments/stringmol/runs/global-positive-control/mixed/seed_202608329,1900,1554,590,0.37966537966537967,395
202608329,experiments/stringmol/runs/global-positive-control/mixed/seed_202608329,2000,1600,675,0.421875,395
202608329,experiments/stringmol/runs/global-positive-control/mixed/seed_202608329,2100,1600,700,0.4375,395
202608329,experiments/stringmol/runs/global-positive-control/mixed/seed_202608329,2200,1594,726,0.45545796737766625,395
202608329,experiments/stringmol/runs/global-positive-control/mixed/seed_202608329,2300,1591,764,0.48020113136392206,395
202608329,experiments/stringmol/runs/global-positive-control/mixed/seed_202608329,2400,1600,799,0.499375,395
202608329,experiments/stringmol/runs/global-positive-control/mixed/seed_202608329,2500,1600,834,0.52125,395
202608329,experiments/stringmol/runs/global-positive-control/mixed/seed_202608329,2600,1592,850,0.5339195979899497,395
202608329,experiments/stringmol/runs/global-positive-control/mixed/seed_202608329,2700,1600,890,0.55625,395
202608329,experiments/stringmol/runs/global-positive-control/mixed/seed_202608329,2800,1600,901,0.563125,395
202608329,experiments/stringmol/runs/global-positive-control/mixed/seed_202608329,2900,1600,932,0.5825,395
202608329,experiments/stringmol/runs/global-positive-control/mixed/seed_202608329,3000,1600,954,0.59625,395
202608329,experiments/stringmol/runs/global-positive-control/mixed/seed_202608329,3100,1600,969,0.605625,395
202608329,experiments/stringmol/runs/global-positive-control/mixed/seed_202608329,3200,1600,1007,0.629375,395
202608329,experiments/stringmol/runs/global-positive-control/mixed/seed_202608329,3300,1600,1031,0.644375,395
202608329,experiments/stringmol/runs/global-positive-control/mixed/seed_202608329,3400,1599,1052,0.6579111944965603,395
202608329,experiments/stringmol/runs/global-positive-control/mixed/seed_202608329,3500,1600,1068,0.6675,395
202608329,experiments/stringmol/runs/global-positive-control/mixed/seed_202608329,3600,1600,1093,0.683125,395
202608329,experiments/stringmol/runs/global-positive-control/mixed/seed_202608329,3700,1600,1124,0.7025,395
202608329,experiments/stringmol/runs/global-positive-control/mixed/seed_202608329,3800,1600,1163,0.726875,395
202608329,experiments/stringmol/runs/global-positive-control/mixed/seed_202608329,3900,1600,1186,0.74125,395
202608329,experiments/stringmol/runs/global-positive-control/mixed/seed_202608329,4000,1600,1219,0.761875,395
202608329,experiments/stringmol/runs/global-positive-control/mixed/seed_202608329,4100,1600,1242,0.77625,395
202608329,experiments/stringmol/runs/global-positive-control/mixed/seed_202608329,4200,1600,1275,0.796875,395
202608329,experiments/stringmol/runs/global-positive-control/mixed/seed_202608329,4300,1600,1307,0.816875,395
202608329,experiments/stringmol/runs/global-positive-control/mixed/seed_202608329,4400,1600,1355,0.846875,395
202608329,experiments/stringmol/runs/global-positive-control/mixed/seed_202608329,4500,1600,1404,0.8775,395
202608329,experiments/stringmol/runs/global-positive-control/mixed/seed_202608329,4600,1598,1451,0.9080100125156445,395
202608329,experiments/stringmol/runs/global-positive-control/mixed/seed_202608329,4700,1600,1500,0.9375,395
202608329,experiments/stringmol/runs/global-positive-control/mixed/seed_202608329,4800,1600,1542,0.96375,395
202608329,experiments/stringmol/runs/global-positive-control/mixed/seed_202608329,4900,1594,1562,0.9799247176913425,395
202608329,experiments/stringmol/runs/global-positive-control/mixed/seed_202608329,5000,1597,1575,0.9862241703193487,395
202608329,experiments/stringmol/runs/global-positive-control/mixed/seed_202608329,5100,1600,1588,0.9925,395
202608329,experiments/stringmol/runs/global-positive-control/mixed/seed_202608329,5200,1600,1594,0.99625,395
202608329,experiments/stringmol/runs/global-positive-control/mixed/seed_202608329,5300,1595,1591,0.9974921630094044,395
202608329,experiments/stringmol/runs/global-positive-control/mixed/seed_202608329,5400,1597,1596,0.9993738259236068,395
202608329,experiments/stringmol/runs/global-positive-control/mixed/seed_202608329,5500,1598,1597,0.9993742177722152,395
202608329,experiments/stringmol/runs/global-positive-control/mixed/seed_202608329,5600,1597,1597,1.0,395
202608329,experiments/stringmol/runs/global-positive-control/mixed/seed_202608329,5700,1598,1598,1.0,395
202608329,experiments/stringmol/runs/global-positive-control/mixed/seed_202608329,5800,1593,1593,1.0,395
202608329,experiments/stringmol/runs/global-positive-control/mixed/seed_202608329,5900,1596,1596,1.0,395
202608329,experiments/stringmol/runs/global-positive-control/mixed/seed_202608329,6000,1584,1584,1.0,395
202608329,experiments/stringmol/runs/global-positive-control/mixed/seed_202608329,6100,1540,1540,1.0,395
202608329,experiments/stringmol/runs/global-positive-control/mixed/seed_202608329,6200,1481,1481,1.0,395
202608329,experiments/stringmol/runs/global-positive-control/mixed/seed_202608329,6300,1400,1400,1.0,395
202608329,experiments/stringmol/runs/global-positive-control/mixed/seed_202608329,6400,1329,1329,1.0,395
202608329,experiments/stringmol/runs/global-positive-control/mixed/seed_202608329,6500,1261,1261,1.0,395
202608329,experiments/stringmol/runs/global-positive-control/mixed/seed_202608329,6600,1217,1217,1.0,395
202608329,experiments/stringmol/runs/global-positive-control/mixed/seed_202608329,6700,1168,1168,1.0,395
202608329,experiments/stringmol/runs/global-positive-control/mixed/seed_202608329,6800,1129,1129,1.0,395
202608329,experiments/stringmol/runs/global-positive-control/mixed/seed_202608329,6900,1068,1068,1.0,395
202608329,experiments/stringmol/runs/global-positive-control/mixed/seed_202608329,7000,1017,1017,1.0,395
202608329,experiments/stringmol/runs/global-positive-control/mixed/seed_202608329,7100,976,976,1.0,395
202608329,experiments/stringmol/runs/global-positive-control/mixed/seed_202608329,7200,930,930,1.0,395
202608329,experiments/stringmol/runs/global-positive-control/mixed/seed_202608329,7300,892,892,1.0,395
202608329,experiments/stringmol/runs/global-positive-control/mixed/seed_202608329,7400,848,848,1.0,395
202608329,experiments/stringmol/runs/global-positive-control/mixed/seed_202608329,7500,809,809,1.0,395
202608329,experiments/stringmol/runs/global-positive-control/mixed/seed_202608329,7600,768,768,1.0,395
202608329,experiments/stringmol/runs/global-positive-control/mixed/seed_202608329,7700,746,746,1.0,395
202608329,experiments/stringmol/runs/global-positive-control/mixed/seed_202608329,7800,699,699,1.0,395
202608329,experiments/stringmol/runs/global-positive-control/mixed/seed_202608329,7900,674,674,1.0,395
202608329,experiments/stringmol/runs/global-positive-control/mixed/seed_202608329,8000,633,633,1.0,395
202608329,experiments/stringmol/runs/global-positive-control/mixed/seed_202608329,8100,608,608,1.0,395
202608329,experiments/stringmol/runs/global-positive-control/mixed/seed_202608329,8200,583,583,1.0,395
202608329,experiments/stringmol/runs/global-positive-control/mixed/seed_202608329,8300,560,560,1.0,395
202608329,experiments/stringmol/runs/global-positive-control/mixed/seed_202608329,8400,535,535,1.0,395
202608329,experiments/stringmol/runs/global-positive-control/mixed/seed_202608329,8500,503,503,1.0,395
202608329,experiments/stringmol/runs/global-positive-control/mixed/seed_202608329,8600,478,478,1.0,395
202608329,experiments/stringmol/runs/global-positive-control/mixed/seed_202608329,8700,462,462,1.0,395
202608329,experiments/stringmol/runs/global-positive-control/mixed/seed_202608329,8800,445,445,1.0,395
202608329,experiments/stringmol/runs/global-positive-control/mixed/seed_202608329,8900,430,430,1.0,395
202608329,experiments/stringmol/runs/global-positive-control/mixed/seed_202608329,9000,410,410,1.0,395
202608329,experiments/stringmol/runs/global-positive-control/mixed/seed_202608329,9100,386,386,1.0,395
202608329,experiments/stringmol/runs/global-positive-control/mixed/seed_202608329,9200,368,368,1.0,395
202608329,experiments/stringmol/runs/global-positive-control/mixed/seed_202608329,9300,349,349,1.0,395
202608329,experiments/stringmol/runs/global-positive-control/mixed/seed_202608329,9400,333,333,1.0,395
202608329,experiments/stringmol/runs/global-positive-control/mixed/seed_202608329,9500,313,313,1.0,395
202608329,experiments/stringmol/runs/global-positive-control/mixed/seed_202608329,9600,297,297,1.0,395
202608329,experiments/stringmol/runs/global-positive-control/mixed/seed_202608329,9700,282,282,1.0,395
202608329,experiments/stringmol/runs/global-positive-control/mixed/seed_202608329,9800,269,269,1.0,395
202608329,experiments/stringmol/runs/global-positive-control/mixed/seed_202608329,9900,252,252,1.0,395
