path,bytes,sha256
experiments/phase1_runs/batch2_scale/p1_m16_n16384_s0/aggregate.csv,129277,3b8b33d219526ab312af5e4339829e11a18b999733f95b66af2429d1b6e51af7
experiments/phase1_runs/batch2_scale/p1_m16_n16384_s0/config.json,313,06bc55bd77913297835117de3c78feb4990618b9ffc83f4cc3bc4517427a3cee
experiments/phase1_runs/batch2_scale/p1_m16_n16384_s0/manifest.json,776,cffd3378e04c521561ad2eea3c742907dbd64151c0133739781069ee59d00d0d
experiments/phase1_runs/batch2_scale/p1_m16_n16384_s0/symbols.csv,7079834,4a69588dee1a68bcbcc54073f396978add2e43c9a89a4ba07d5ab740be55c687
experiments/phase1_runs/batch2_scale/p1_m16_n16384_s0/writes.csv,3047820,132a6e46fee2f2181b0548cf7a0188aead1ffe401a799e6e692f36e110f0c047
experiments/phase1_runs/batch2_scale/p1_m16_n16384_s1/aggregate.csv,127122,24fd02af0eeb759d5087b9650a1acfdbaf1b24678824628abdd79e8a72d10b0a
experiments/phase1_runs/batch2_scale/p1_m16_n16384_s1/config.json,313,c6ddfb2055961dc3296026a213e32ad5ed9c17c6b6d2d8484c4fb67b70cd61e0
experiments/phase1_runs/batch2_scale/p1_m16_n16384_s1/manifest.json,776,335c08ec39f8e8fe499effb281282e7620f4f9f2227e35e328a739ea0143f154
experiments/phase1_runs/batch2_scale/p1_m16_n16384_s1/symbols.csv,7087069,6bf72a727179d2c5175a1eb43225d197e911abcb0620e6ec53cca52aaefc41c4
experiments/phase1_runs/batch2_scale/p1_m16_n16384_s1/writes.csv,3044964,d29e263a04d6aa23a3be0b54b14fa9ad8b411e63874fc08547dc745b538f83a9
experiments/phase1_runs/batch2_scale/p1_m16_n16384_s2/aggregate.csv,129431,055d07b6ac1f2af46a42b859c7f4af87c5c3f64526fd8b5710de2fd26c468519
experiments/phase1_runs/batch2_scale/p1_m16_n16384_s2/config.json,313,61cc3e7d9822adcbeeaf25d15db3c1d26064a3ea109fee3eba0d7f32c513d0c2
experiments/phase1_runs/batch2_scale/p1_m16_n16384_s2/manifest.json,775,25520bb50204d5ff4f669a67a8981bec7b3acfd69182fc2e5755e73e568a882e
experiments/phase1_runs/batch2_scale/p1_m16_n16384_s2/symbols.csv,7084579,b573a698d9525737603e22d99b227c02ca891c5fe05012d1035e822e88523938
experiments/phase1_runs/batch2_scale/p1_m16_n16384_s2/writes.csv,3045416,482043c3c23c697c1fa066f36d4af3ca55e8e6d3fdddb861041901bc0ac425ea
experiments/phase1_runs/batch2_scale/p1_m16_n16384_s3/aggregate.csv,129952,7795568833068d4b71da110852dfa7af59ccbfc8d7397ef30fb428d8c416c01e
experiments/phase1_runs/batch2_scale/p1_m16_n16384_s3/config.json,313,b7d0279209a55eb9cd5e12e54804a06b0db73fb02225c26a3e9d80118cf1d588
experiments/phase1_runs/batch2_scale/p1_m16_n16384_s3/manifest.json,776,8a4528f64c271b75adf9760e0886d8e786b6fd34177a8835c3925588acf7636b
experiments/phase1_runs/batch2_scale/p1_m16_n16384_s3/symbols.csv,7262310,f0d5516cb1cfc9e6fd73e62b513ab082966e17bd5e74acce07340aa7f8378771
experiments/phase1_runs/batch2_scale/p1_m16_n16384_s3/writes.csv,3159026,2441b90ed79938b2d0468d3a6cecd56b041f56b7b7184ed3cf14750d500ce4e9
experiments/phase1_runs/batch2_scale/p1_m16_n16384_s4/aggregate.csv,126713,fba4e6dea0f747a28312c20b02ad3d700f87db6e4d7450ccec5939e573ad031a
experiments/phase1_runs/batch2_scale/p1_m16_n16384_s4/config.json,313,5963e252756a34207a3926f4b62e8ff830e93b6d7586fbfad07c8d4401db0324
experiments/phase1_runs/batch2_scale/p1_m16_n16384_s4/manifest.json,774,8002ad97fadcc5d127d69267db9b4f54ab05616b4dbcc65c43e70d0c1868fcc9
experiments/phase1_runs/batch2_scale/p1_m16_n16384_s4/symbols.csv,7087996,7579f03c4e26ba312e73556a6451b2005ed3cd420cefa294d1dd012b00259a60
experiments/phase1_runs/batch2_scale/p1_m16_n16384_s4/writes.csv,3041713,edf8c35f58b1d05475075d00098a3044513ed04a4ecf459553fa41040e452bb4
experiments/phase1_runs/batch3_scale/p1_m16_n32768_s0/aggregate.csv,262100,d3f5b39f9a8880731cc2491f946db4b0df3fa4da6f498bfd3c7f3873545685c4
experiments/phase1_runs/batch3_scale/p1_m16_n32768_s0/config.json,314,7a19ce227408907851e40937bbfb4455cb6e129b0101f70cfa61712e82fc11ce
experiments/phase1_runs/batch3_scale/p1_m16_n32768_s0/manifest.json,777,48ba4dffde499ff62f172050a4f0d404391cdc1cfdab2675aba865c4737f5668
experiments/phase1_runs/batch3_scale/p1_m16_n32768_s0/symbols.csv,15315315,e55c83d697cd610222e4e8f5736edbcd33d1166ab3233f523111ee4bbcee4c46
experiments/phase1_runs/batch3_scale/p1_m16_n32768_s0/writes.csv,6296479,2db7a9248d7a964fe270aa6d70423a91d71e90768d6eb4258fb31c6a854101aa
experiments/phase1_runs/batch3_scale/p1_m16_n32768_s1/aggregate.csv,257353,02f41b06fb70924e182368d0a08c65c7356aa8af37bac0f79c8c892da6415b82
experiments/phase1_runs/batch3_scale/p1_m16_n32768_s1/config.json,314,2caa527a7d1704e4887d0a4ff964a1a818cea8889ba9a5d99b585f6190895932
experiments/phase1_runs/batch3_scale/p1_m16_n32768_s1/manifest.json,778,722df40f207feca0c97dedc5fd56619e1bc122875565388b17511ce12d2386f9
experiments/phase1_runs/batch3_scale/p1_m16_n32768_s1/symbols.csv,15304036,e33afe30eac4a5145c290d4caf269a413578921597048d65f05093d55899e3ef
experiments/phase1_runs/batch3_scale/p1_m16_n32768_s1/writes.csv,6274323,f0fc8e3840a8ecda02b09b39ad6d03e1eac757a1254a8fe40b3beaffb340b94c
experiments/phase1_runs/batch3_scale/p1_m16_n32768_s2/aggregate.csv,262975,0375c7172b60090904796b2416494c8a8a2e247138d40d63db1d560cfe441c0c
experiments/phase1_runs/batch3_scale/p1_m16_n32768_s2/config.json,314,18f38afef41b9f47e97bda414e8cf2395003124079981bb3c98a6ba5bceb1535
experiments/phase1_runs/batch3_scale/p1_m16_n32768_s2/manifest.json,778,2e94baf80a9c7bb8351160c48c9b54e54ddfd0b808664e8bd603b00d455e1136
experiments/phase1_runs/batch3_scale/p1_m16_n32768_s2/symbols.csv,15293277,f196b200de955338d0e98174e410dcf557f28a9625f121664adb083ed34c6eb1
experiments/phase1_runs/batch3_scale/p1_m16_n32768_s2/writes.csv,6265692,ec4221b436e0f81684c4cf7cdced369bb9127d8e357142c1c4a4ce04215ab13f
experiments/phase1_runs/batch3_scale/p1_m16_n32768_s3/aggregate.csv,262068,4db09b30245937a44208ff3e3978ef11ae9fde69ef5281c5804264d866dc5d38
experiments/phase1_runs/batch3_scale/p1_m16_n32768_s3/config.json,314,e61c44d2ab848bef42722808daf6c1843927feaec1edc3c7fbb6d2a2e6a4c511
experiments/phase1_runs/batch3_scale/p1_m16_n32768_s3/manifest.json,777,094b19d7b22bfe0f2a1ae65a2dc7d04dc119d6585fc8a7f13730818cb303f0a7
experiments/phase1_runs/batch3_scale/p1_m16_n32768_s3/symbols.csv,15321273,0c0e9d41e196f9cf9cdd85316c82d6182a0d764606c7e42048cad460d6a16ea6
experiments/phase1_runs/batch3_scale/p1_m16_n32768_s3/writes.csv,6313841,2b783571fcfb921d5e5b1eb7a2877baff38f1f4378d2b28ac97aa2577aea8c5a
experiments/phase1_runs/batch3_scale/p1_m16_n32768_s4/aggregate.csv,262936,a898d60028b69cce2feaa6284af8b630e8d8eec77436e6d1f96c018e6ed28028
experiments/phase1_runs/batch3_scale/p1_m16_n32768_s4/config.json,314,ebe7d37971f44ab1fef859fe30e34bf7b501d34939d91ea7aa486f0daefc9066
experiments/phase1_runs/batch3_scale/p1_m16_n32768_s4/manifest.json,778,82f78c83b86ffb0194f33041314ed3f0f4fb563d343118721f9723de4eff2e43
experiments/phase1_runs/batch3_scale/p1_m16_n32768_s4/symbols.csv,15290271,060857f0c58d0c928cda6286d70bdcdc0d8fe8c12c1e5314e0c5024c55959e97
experiments/phase1_runs/batch3_scale/p1_m16_n32768_s4/writes.csv,6276231,d7e47076865dbff6b5ca267648c9a93fa1e7d6a840d3eef797bfee2f3dbff482
experiments/phase1_runs/batch4_mismatch/p1_m0p5_n131072_s0_uniform_cont/aggregate.csv,25318,aee902a317af2cc8cd47fb5ce4d057fa87f0aec5ff19e44fb57834d4ff2c3e86
experiments/phase1_runs/batch4_mismatch/p1_m0p5_n131072_s0_uniform_cont/config.json,421,293025fa7556bb9fe13bb8cf4ee1437896edbb928df35f687a035f1875d2b945
experiments/phase1_runs/batch4_mismatch/p1_m0p5_n131072_s0_uniform_cont/manifest.json,904,3339b257fd67ba9dd7c79db99442586f7d6d4c14c38551467caac570b7236e03
experiments/phase1_runs/batch4_mismatch/p1_m0p5_n131072_s0_uniform_cont/symbols.csv,1224281,12df9bd725ff05671b990ef234bbb66f9ab3b6d6f133371b5d0e89c395408b0a
experiments/phase1_runs/batch4_mismatch/p1_m0p5_n131072_s0_uniform_cont/writes.csv,594851,3b4288046151a64853c31e66ab73854516795b6e6a16c3f253766058f5a1c571
experiments/phase1_runs/batch4_mismatch/p1_m16_n131072_s0_uniform_cont/aggregate.csv,24810,869d632364c2e036745b4ec6e6a95dcff21c01882548878f63ac4e037b67c8b4
experiments/phase1_runs/batch4_mismatch/p1_m16_n131072_s0_uniform_cont/config.json,422,7ae1b1ad43bff2e70ec0079b505ba2cc0c51b7a1641395c6568493deb7a6c7c7
experiments/phase1_runs/batch4_mismatch/p1_m16_n131072_s0_uniform_cont/manifest.json,907,dc283fb7368adca86a94b6132fe3ebd195b4e7d40abc3e052defe8a1c2c17e0e
experiments/phase1_runs/batch4_mismatch/p1_m16_n131072_s0_uniform_cont/symbols.csv,1265255,366a928b7b6138e22e44a0a8d69fffd7e077d27512efbf077372c36f2427a8da
experiments/phase1_runs/batch4_mismatch/p1_m16_n131072_s0_uniform_cont/writes.csv,543219,ae2f8db75cdf94192e0c8aebb9ee354a29c05fe8c1273f3bd55a8c08ca07803b
experiments/phase1_runs/batch4_mismatch/p1_m16_n32768_s0_uniform/aggregate.csv,302782,166c728991e122e785846244fa50f39020153ea0fab0a14a76a1652a4ca34468
experiments/phase1_runs/batch4_mismatch/p1_m16_n32768_s0_uniform/config.json,340,ad7525e1a728f10872ab1900bba9d74cb1734749a900a3e314e6c5f0e2159f52
experiments/phase1_runs/batch4_mismatch/p1_m16_n32768_s0_uniform/manifest.json,814,6b2c6e2ea229a3cda07ad130145a176cecb9faa7ce9b41670ff23f86a88f479c
experiments/phase1_runs/batch4_mismatch/p1_m16_n32768_s0_uniform/symbols.csv,15293737,37ac192b32807d9a7c05a0091bf3b9ce611b43f6c62b2398774fbcd88d0d97a9
experiments/phase1_runs/batch4_mismatch/p1_m16_n32768_s0_uniform/writes.csv,6279019,514e1aa893ce631f0c5201a7675b3f4f998bdc4b7a07177467a6018bfd2afb5d
experiments/phase1_runs/batch4_mismatch/p1_m16_n32768_s1_uniform/aggregate.csv,305075,2b845ab548d59d7ac8285441d6fc4ab65aaf2ac91a1ea25210154f209313671f
experiments/phase1_runs/batch4_mismatch/p1_m16_n32768_s1_uniform/config.json,340,d92ff93981f275a2bda693b88d0a66c6eb071a9583d1d37e3edbe87f7cb28d8a
experiments/phase1_runs/batch4_mismatch/p1_m16_n32768_s1_uniform/manifest.json,810,ee21bdbec82d6d27761e0aebca52944f1d0da97a001eae40ec67fbe880bd8a94
experiments/phase1_runs/batch4_mismatch/p1_m16_n32768_s1_uniform/symbols.csv,15686132,478f9039e8fec9bf43ece79e626655e9196eb154aec39d9b65577d9c5b4f20b0
experiments/phase1_runs/batch4_mismatch/p1_m16_n32768_s1_uniform/writes.csv,6485002,84cf8eda6b7e8cef776649b2066881f60fbb1f7287edfc61702fb4b43990c7fc
experiments/phase1_runs/batch4_mismatch/p1_m16_n32768_s2_uniform/aggregate.csv,307410,673089a0a6ff52aad86c599329516b9961b57b6616a27f54d39415b029dcb61f
experiments/phase1_runs/batch4_mismatch/p1_m16_n32768_s2_uniform/config.json,340,5a4a70c17382e657114bcd8b1afaf0eb5eb36e3715244195eab2ca5ed7c4ceef
experiments/phase1_runs/batch4_mismatch/p1_m16_n32768_s2_uniform/manifest.json,814,c85f275fa7dfdbc6ffcb5cd7aa8a07964053fd6190060188265acac666b80909
experiments/phase1_runs/batch4_mismatch/p1_m16_n32768_s2_uniform/symbols.csv,16044530,447cf416974a39758da03b3173bdc593a9248f2ee39ffcb4ef30e897f34ee031
experiments/phase1_runs/batch4_mismatch/p1_m16_n32768_s2_uniform/writes.csv,6557752,75756632e748cf806cac816f38de50981785eaf1611cc44068701612bd1ab113
experiments/phase1_runs/batch4_mismatch/p1_m2_n131072_s0_uniform_cont/aggregate.csv,25282,d14f77c3261344b4d7a7bbbe15dbf80f357d2433d7d69078037f2e68ffa87960
experiments/phase1_runs/batch4_mismatch/p1_m2_n131072_s0_uniform_cont/config.json,421,9388272b7d23937d1162898ff5cbe70c594f2c24f7fe5a1f30db0daafc4779dd
experiments/phase1_runs/batch4_mismatch/p1_m2_n131072_s0_uniform_cont/manifest.json,903,3ceb641ac3650dee2c6c882df9d9dcce59329e606d577a52693ccdee315694fb
experiments/phase1_runs/batch4_mismatch/p1_m2_n131072_s0_uniform_cont/symbols.csv,1222368,f8dc3714885b8911b9eaab82357664159a9d41d4e2d5caf751df18d7bfe8f94f
experiments/phase1_runs/batch4_mismatch/p1_m2_n131072_s0_uniform_cont/writes.csv,636909,4563d7bb6dbcb832f1e9578eff50a2b6acb8eba5299b7bda84e8aaf3ffcd2565
experiments/phase1_runs/batch4_mismatch/p1_m2_n32768_s0/aggregate.csv,310248,4d6358fba58dcfc04fb416fc749076fe83c44d33eef80ef2c2245262ec838403
experiments/phase1_runs/batch4_mismatch/p1_m2_n32768_s0/config.json,313,1faa373f120b283c13ea41de741c28c4904e4bbc8b50261cd81889a8cefeb90c
experiments/phase1_runs/batch4_mismatch/p1_m2_n32768_s0/manifest.json,774,4a8836b5773cd951ab322a22a71775934bd821b9e903e9c8b7a6e6ffa40ab4f2
experiments/phase1_runs/batch4_mismatch/p1_m2_n32768_s0/symbols.csv,14427845,37cad618fff176badb7c48848520e0aaf595cfca3d6f20a04231cc9c8a67dfa4
experiments/phase1_runs/batch4_mismatch/p1_m2_n32768_s0/writes.csv,8165192,72982c21ab7d2a40349e6a20704f0db7bcbc1bd3d07053736dd8d648468a7439
experiments/phase1_runs/batch4_mismatch/p1_m2_n32768_s0_uniform/aggregate.csv,310381,6500bced76741da4eec8f23fecc5a5ca88f251a8fa3ea7b246f1d66d0c1d249c
experiments/phase1_runs/batch4_mismatch/p1_m2_n32768_s0_uniform/config.json,339,bcb30a8989460de54e0bd3b2e89107c0c508d241b1ad556fb239cd57d326f68d
experiments/phase1_runs/batch4_mismatch/p1_m2_n32768_s0_uniform/manifest.json,811,3461ed955615581b2c34ee881b2fcf974e420eba16f91de1db8c2abf1896ef08
experiments/phase1_runs/batch4_mismatch/p1_m2_n32768_s0_uniform/symbols.csv,14483750,9289e0a04b8bf4dd1812aad8a13c49a5bd7bcd1489582b3516594ed9b6c5ce5a
experiments/phase1_runs/batch4_mismatch/p1_m2_n32768_s0_uniform/writes.csv,8259742,8fa256d54e6e370d5554ce5ee08c5f7f004b0e68736e653358dc0bd0e8903482
experiments/phase1_runs/batch4_mismatch/p1_m2_n32768_s1/aggregate.csv,310254,85741c8cf1e1cc3e7d0f9a1d37ba06dbe6762bba0c2828e7379d94ceeb798606
experiments/phase1_runs/batch4_mismatch/p1_m2_n32768_s1/config.json,313,2722c1843c3701c06c252b3bc6bc62c53fed3d27979dbbdc0ec1c98bf25a03e1
experiments/phase1_runs/batch4_mismatch/p1_m2_n32768_s1/manifest.json,774,1f5601b6d6e0b891ca3b7bf98daa5257a3a22af52edf9559693b1c4a893e9d93
experiments/phase1_runs/batch4_mismatch/p1_m2_n32768_s1/symbols.csv,14408316,28737a7ab269c5b6b6157d2e8356292ea7463ab836afe5f9f1842dd0b06633f2
experiments/phase1_runs/batch4_mismatch/p1_m2_n32768_s1/writes.csv,8125533,90cfb01a2527476439a48a9a638cf3b86a8ca3858356b3ce3f206623994162cf
experiments/phase1_runs/batch4_mismatch/p1_m2_n32768_s1_uniform/aggregate.csv,310309,6a0ec8e5d0f46788335d3a2326037279022db58569ccc7e875759f19e88efb8f
experiments/phase1_runs/batch4_mismatch/p1_m2_n32768_s1_uniform/config.json,339,ee3e42c455ebc6c61c63b33014f63c520a3a17a312c0c09a198b225201dd8bd6
experiments/phase1_runs/batch4_mismatch/p1_m2_n32768_s1_uniform/manifest.json,811,c058d3ec4c315332d6539740c3fd048b18f35e95410cf9085731a4248336ce45
experiments/phase1_runs/batch4_mismatch/p1_m2_n32768_s1_uniform/symbols.csv,14462545,79eac0cfb382f9081fadfc331a62d3d9a1585d17468f93436659ca1b27f12f28
experiments/phase1_runs/batch4_mismatch/p1_m2_n32768_s1_uniform/writes.csv,8169001,6b3fa90440c27cd7ba405deb296d49f40c939c0a0e7befa8e070beb0f90b9ebe
experiments/phase1_runs/batch4_mismatch/p1_m2_n32768_s2/aggregate.csv,310403,fd6d9acc795047933ac610e48d5372bf90762488098daa123b5a2c2b40797173
experiments/phase1_runs/batch4_mismatch/p1_m2_n32768_s2/config.json,313,82d3a582a8b051138f7a581e593a222d9aebd0faa92f0929e5082c79990d657a
experiments/phase1_runs/batch4_mismatch/p1_m2_n32768_s2/manifest.json,774,9f5f635e5d111fda4966d7e1f79181fe1f5bf4449fa394660d63d697e5b23410
experiments/phase1_runs/batch4_mismatch/p1_m2_n32768_s2/symbols.csv,14417467,f491f1e06c5d836c6fe55e79924285d525047e72f12cdd134f716036582dae56
experiments/phase1_runs/batch4_mismatch/p1_m2_n32768_s2/writes.csv,8128958,310e1b05b645f1e9d7c5255194eb1d6e7ccd791208269957510ac952ee24d0ec
experiments/phase1_runs/batch4_mismatch/p1_m2_n32768_s2_uniform/aggregate.csv,310191,c6e5f610482870a6aea625f540568d69bbb818e3a7407aa617ea83a0b60deb3a
experiments/phase1_runs/batch4_mismatch/p1_m2_n32768_s2_uniform/config.json,339,f306a18e5a744f034edba4e871bf4f157e0c05367a637dcebad37890c53a1a2b
experiments/phase1_runs/batch4_mismatch/p1_m2_n32768_s2_uniform/manifest.json,811,89c041d028f72156edf84bcd33a572e638db49389a204ca86f42892031ce0313
experiments/phase1_runs/batch4_mismatch/p1_m2_n32768_s2_uniform/symbols.csv,14430067,2580fe4d1f620b3c5634071dbb8a7607053de5adc87339ff17905d8f969cb0c3
experiments/phase1_runs/batch4_mismatch/p1_m2_n32768_s2_uniform/writes.csv,8140936,27d6e49544a81fd503739983aafcabd1cf369cf191b6f9ef4babb25bb7dc33b4
experiments/phase1_runs/batch5_exclusion/p1_m0p05_n131072_s0_uniform_cont/aggregate.csv,25598,ee3e52c83d7ac913930d0555f7f889ef6cd0a289f83d94f9508c2ab4888de6aa
experiments/phase1_runs/batch5_exclusion/p1_m0p05_n131072_s0_uniform_cont/config.json,422,44de5a6df60866e0b3d5ebc58cbaf25efa68dc1042e39326b8c6ad835fcbe7d8
experiments/phase1_runs/batch5_exclusion/p1_m0p05_n131072_s0_uniform_cont/manifest.json,905,fa46c96662e0440194e790d961520cc5fbd519c509c661524c6d770dceec028e
experiments/phase1_runs/batch5_exclusion/p1_m0p05_n131072_s0_uniform_cont/symbols.csv,1268719,3e50122d44db4f50b11ce2e5704b32e9b5f3320188b36a8c1b3624dd8cab55db
experiments/phase1_runs/batch5_exclusion/p1_m0p05_n131072_s0_uniform_cont/writes.csv,739723,bb9ed578540d89e5ceef902ec152b00122b4f89f77294df8a04b667830025c7a
experiments/phase1_runs/batch5_exclusion/p1_m0p1_n131072_s0_uniform_cont/aggregate.csv,25526,69b67603d4f815edd22dac6ba764f5ef50db841c1d0353f473faee13c3a25f42
experiments/phase1_runs/batch5_exclusion/p1_m0p1_n131072_s0_uniform_cont/config.json,421,65d6ef9a8c8c062854b70ea3df7169dc7b23ffd4ad87d8353ddb37bfbf573460
experiments/phase1_runs/batch5_exclusion/p1_m0p1_n131072_s0_uniform_cont/manifest.json,903,c0e5f76a30c5348cabba231daa331a3c095af7378ccd33b7c74a196b879128f2
experiments/phase1_runs/batch5_exclusion/p1_m0p1_n131072_s0_uniform_cont/symbols.csv,1242399,32a230b6cc90b936e0f6774196c4d14554bf87fb547b2ef4d1119cddd9221b26
experiments/phase1_runs/batch5_exclusion/p1_m0p1_n131072_s0_uniform_cont/writes.csv,731383,962d574d21559712559ea821d9660c4372d84c1138a72b8501f06cef7a39da5a
experiments/phase1_runs/batch5_exclusion/p1_m16_n32768_s3_uniform/aggregate.csv,295247,2b262b49acead0a783764c078059397cd349cfe1975336869b537542635c93a6
experiments/phase1_runs/batch5_exclusion/p1_m16_n32768_s3_uniform/config.json,340,ffc78c705aa71ac26ef88d1a0860e879012ab6afd7ce3118ee1c28d1cece240f
experiments/phase1_runs/batch5_exclusion/p1_m16_n32768_s3_uniform/manifest.json,813,b632606f4534d376870eca2a207283794b4eccf3bfe01684978028a71b85329b
experiments/phase1_runs/batch5_exclusion/p1_m16_n32768_s3_uniform/symbols.csv,15290781,01cb0de7831be77707bc3d388f4cb46e9661269fb3cb42cf40ea35639dbe3a41
experiments/phase1_runs/batch5_exclusion/p1_m16_n32768_s3_uniform/writes.csv,6275486,7e09738ed07f5323db9fbf2635f38de4306d2b793e03ef4a782843a1c1557262
experiments/phase1_runs/batch5_exclusion/p1_m16_n32768_s4_uniform/aggregate.csv,302805,fa6ba0b9a3d5561826801f38f825c25e1a7984761fa1a71e5962faf21e6bd443
experiments/phase1_runs/batch5_exclusion/p1_m16_n32768_s4_uniform/config.json,340,07c7dc228d88569762e172f93bccc701bb50c0c16351fb57941d967e79864cae
experiments/phase1_runs/batch5_exclusion/p1_m16_n32768_s4_uniform/manifest.json,814,1c4f6f58f5014b087bafb912f011d4ca119ead4089c499d542186178bb366763
experiments/phase1_runs/batch5_exclusion/p1_m16_n32768_s4_uniform/symbols.csv,15299532,080f496a8ab3432b40df400988ebbea0f8eda28eaaa2aa4b3e341d287b2d07e8
experiments/phase1_runs/batch5_exclusion/p1_m16_n32768_s4_uniform/writes.csv,6282931,b413f8d38ec3e3e2fff91935d8be93319116bff1bcaac4eba350094c14a5016d
experiments/phase1_runs/batch5_exclusion/p1_m2_n131072_s0_excl1_cont/aggregate.csv,25583,cd7f598fd09ee7e2942315a8cec0f9b00153043e8b700b9834233266a1084eb9
experiments/phase1_runs/batch5_exclusion/p1_m2_n131072_s0_excl1_cont/config.json,451,79f35aa221cb5d6a43c3d75da6ea8d5e64ad40e88d7830c1eb99554d06ddde70
experiments/phase1_runs/batch5_exclusion/p1_m2_n131072_s0_excl1_cont/manifest.json,933,aa37956ab53cdeb041deb160e99a5ffeed169bf5fdf58048b77d88eaf26471e2
experiments/phase1_runs/batch5_exclusion/p1_m2_n131072_s0_excl1_cont/symbols.csv,1221580,b2243cc97b66d41c771020264e5674fc53b24fe0d6c124d8e781c339a5082bb8
experiments/phase1_runs/batch5_exclusion/p1_m2_n131072_s0_excl1_cont/writes.csv,568478,f2c70f1a17dc6d3a8c4159b460c9469f172134fbcf907a2d49e5790c687cb5da
experiments/phase1_runs/batch5_exclusion/p1_m2_n131072_s0_excl6_cont/aggregate.csv,25648,1602546877c81fe7b9ca971e3e73b47ad5cd4199695f3c5cfd0010c6d6df54f0
experiments/phase1_runs/batch5_exclusion/p1_m2_n131072_s0_excl6_cont/config.json,451,85b9f8b93df15bf997a7963610691707a005119fd01bc734115a85a307a0ed68
experiments/phase1_runs/batch5_exclusion/p1_m2_n131072_s0_excl6_cont/manifest.json,933,dad536bf6220cf92a74073ee1be7bf46d61bc18191c0bc0c3c064fb9e380df9f
experiments/phase1_runs/batch5_exclusion/p1_m2_n131072_s0_excl6_cont/symbols.csv,1223300,cda7981f01cd7574659240626f7f8619ea5f7045b722a67adc380b26e6196e3c
experiments/phase1_runs/batch5_exclusion/p1_m2_n131072_s0_excl6_cont/writes.csv,592235,17f445c0eaa440379cfb44e0adc3d7398d310e32eeec2fa6188eb87c40e6689d
experiments/phase1_runs/batch6_origin/p1_m2_n32768_s0_exlist1_d202ef8d/aggregate.csv,311453,a155c5c58826c5f0a6d3d1eafab808ef6c563752d2f2ba0ee5204c7982bec55d
experiments/phase1_runs/batch6_origin/p1_m2_n32768_s0_exlist1_d202ef8d/config.json,456,2daec53a4153a6266b00d0737e1c5a197fb41eb13a4308c19388e6cce0528b14
experiments/phase1_runs/batch6_origin/p1_m2_n32768_s0_exlist1_d202ef8d/manifest.json,968,7119301293170a81a3404f9fd5d280a03e0881eef577aa59a4a0d24aa0d2d80e
experiments/phase1_runs/batch6_origin/p1_m2_n32768_s0_exlist1_d202ef8d/symbols.csv,14708937,23d51906028a36cc3b35bc051f35da65b5ffd57d5927ffe1a6d2315f6b91ebca
experiments/phase1_runs/batch6_origin/p1_m2_n32768_s0_exlist1_d202ef8d/writes.csv,8255721,c3e1ed52a0e9de2f595fa89ed519e6a4b13893fffeef19ae19c61116841ace51
experiments/phase1_runs/batch6_origin/p1_m2_n32768_s0_exlist6_4e46cb76/aggregate.csv,312238,ea9fc3300a9c89766c4452ab8f4e5824778403cecad76a07d7f0c2c4a9a59e7d
experiments/phase1_runs/batch6_origin/p1_m2_n32768_s0_exlist6_4e46cb76/config.json,497,8e5605f1f1be7cd7916970c7e90cbd1890e89db1ae2acab8d982d2954fabb6d8
experiments/phase1_runs/batch6_origin/p1_m2_n32768_s0_exlist6_4e46cb76/manifest.json,1019,671a24b2810c0ea9299c1bea0611967e271da8d2f236eff44e06ec96f77979be
experiments/phase1_runs/batch6_origin/p1_m2_n32768_s0_exlist6_4e46cb76/symbols.csv,14446481,4282b811f91f38315fa1e1e7ece29099944b89bbbaade9db793e79df29c703c3
experiments/phase1_runs/batch6_origin/p1_m2_n32768_s0_exlist6_4e46cb76/writes.csv,8149906,8533ffd2181b0aa920e18b78c92c75c2f4227c833780b1ef6052831f9731e43f
experiments/phase1_runs/batch6_origin/p1_m2_n32768_s1_exlist1_d202ef8d/aggregate.csv,310375,7a5d8577da6d6f00379f345454cae2c10526a4f261db270a9c8366da773302cd
experiments/phase1_runs/batch6_origin/p1_m2_n32768_s1_exlist1_d202ef8d/config.json,456,dcf7e002a7375408745ea23450517e63e1cf6706df52e489b1ba9b5fe12a411c
experiments/phase1_runs/batch6_origin/p1_m2_n32768_s1_exlist1_d202ef8d/manifest.json,968,19269bba4048468423bb8cb517bfdaaa50e2209b60706899bb53ab7cd9bd82a3
experiments/phase1_runs/batch6_origin/p1_m2_n32768_s1_exlist1_d202ef8d/symbols.csv,14406661,6639927033fee114ce55007f823f359b31e57d41a4de2b3f2078e38bc60f6dc9
experiments/phase1_runs/batch6_origin/p1_m2_n32768_s1_exlist1_d202ef8d/writes.csv,8134548,a7cfeda00f78b323f24d68a7eec2bb43812aa5ce3472b4fcd23f769510da1cdd
experiments/phase1_runs/batch6_origin/p1_m2_n32768_s1_exlist6_4e46cb76/aggregate.csv,312330,972a75b4af279985f920505525ca252198b0dfbc4d63665a722f9d0fe928495a
experiments/phase1_runs/batch6_origin/p1_m2_n32768_s1_exlist6_4e46cb76/config.json,497,7b192c9dcd2d2291a755b2b8dfebd71efe29f282def88616dd830e9c8833ad6a
experiments/phase1_runs/batch6_origin/p1_m2_n32768_s1_exlist6_4e46cb76/manifest.json,1018,bd782da19dfa47d036b2ee8d1619714662fb7a1d808dfb7076fd46d3735cdfdb
experiments/phase1_runs/batch6_origin/p1_m2_n32768_s1_exlist6_4e46cb76/symbols.csv,14426814,7946ff804fbe240bc4b447e471b3d3dbb365ef89d4636706beacab58cddcb0b7
experiments/phase1_runs/batch6_origin/p1_m2_n32768_s1_exlist6_4e46cb76/writes.csv,8087450,fe95dbd11a4d0f7317851d975973d0ae02abab8a59d9fd52688090f707cc0e4f
experiments/phase1_runs/batch6_origin/p1_m2_n32768_s2_exlist1_d202ef8d/aggregate.csv,310616,10a3c894c68a553b7454cd6f51382de3f4138362fb4cbf4c9ee0374a45c74cdb
experiments/phase1_runs/batch6_origin/p1_m2_n32768_s2_exlist1_d202ef8d/config.json,456,b42926c66160d280789863d24dff8c287d17159db4b7be2a2353e23b5271d81c
experiments/phase1_runs/batch6_origin/p1_m2_n32768_s2_exlist1_d202ef8d/manifest.json,968,92744bdb963616f8bcb036b2fb6cc21c94cc42bc2659de779eb6434bf4d99d4c
experiments/phase1_runs/batch6_origin/p1_m2_n32768_s2_exlist1_d202ef8d/symbols.csv,14417516,46deb2b4fb09cd0b097cb73a7e0b3705e892e3f37cd213bd8b0f753a63e9a6c7
experiments/phase1_runs/batch6_origin/p1_m2_n32768_s2_exlist1_d202ef8d/writes.csv,8130372,5bc579f7b6d1e3be06067bac6b36a9bf5e3dc0b14b27e0094fedbf5a98921987
experiments/phase1_runs/batch6_origin/p1_m2_n32768_s2_exlist6_4e46cb76/aggregate.csv,312387,cc6a5b550b5356ba6c3a82a40ab44b4967a1fc1cd1d06867eac2101eb2b3b217
experiments/phase1_runs/batch6_origin/p1_m2_n32768_s2_exlist6_4e46cb76/config.json,497,e7d6accdcee57de8cceebae8d3343889bf77e6b900fa605e3cfe1b9318f124c5
experiments/phase1_runs/batch6_origin/p1_m2_n32768_s2_exlist6_4e46cb76/manifest.json,1018,b1cd3e74f98358d7e412e881622e9f9676d41d9dd3eada549210b0d8a2496e98
experiments/phase1_runs/batch6_origin/p1_m2_n32768_s2_exlist6_4e46cb76/symbols.csv,14444555,918ca216890bd0ffd6ef5600f1de5be08e29189a27f61e9a4079c9c1fa1cf60e
experiments/phase1_runs/batch6_origin/p1_m2_n32768_s2_exlist6_4e46cb76/writes.csv,8123652,86dbdc2ccd29234fc9fc425f6ade9b8239d5a903bb4399ac41dc28a0553dd150
experiments/phase1_runs/batch6_origin/p1_m2_n32768_s3_exlist6_4e46cb76/aggregate.csv,312168,31f6551fd15a218913b274f6ea4ae7935297186b7bae1eec7a075531c564ebba
experiments/phase1_runs/batch6_origin/p1_m2_n32768_s3_exlist6_4e46cb76/config.json,497,393e6e951dbe22a82391138a0af3128a22d364384154d3c1cdff423794e26201
experiments/phase1_runs/batch6_origin/p1_m2_n32768_s3_exlist6_4e46cb76/manifest.json,1019,1c81f70d0a96b2282a91b32ec541c0bba351c2def6c52b4072b9934ec973b381
experiments/phase1_runs/batch6_origin/p1_m2_n32768_s3_exlist6_4e46cb76/symbols.csv,14425351,8dff10e771e01b6128771a4b982c7ea0072917be447676d1168b7587b467ed82
experiments/phase1_runs/batch6_origin/p1_m2_n32768_s3_exlist6_4e46cb76/writes.csv,8093146,d4b2e540f120e4e55675b4aa44d710974a2326f98f9a2420aa3a12baa1957411
experiments/phase1_runs/batch6_origin/p1_m2_n32768_s4_exlist6_4e46cb76/aggregate.csv,311759,f474430ee4be6156b4f58a3a4023e9ecc20f6d7734f11a1945b83dff4302f360
experiments/phase1_runs/batch6_origin/p1_m2_n32768_s4_exlist6_4e46cb76/config.json,497,688906eac76d226b4c50a1d7721f086282ed6a1735db4dcf8695286069e48c13
experiments/phase1_runs/batch6_origin/p1_m2_n32768_s4_exlist6_4e46cb76/manifest.json,1018,697f2df656c21ae2dafdc7993868d3edbb4abfb188c7b474119a0dfdb902f465
experiments/phase1_runs/batch6_origin/p1_m2_n32768_s4_exlist6_4e46cb76/symbols.csv,14278828,3dc17e5d5d90042db9aed429e0d27f9ec596946fd290dd763c0a1534fe424fb0
experiments/phase1_runs/batch6_origin/p1_m2_n32768_s4_exlist6_4e46cb76/writes.csv,8037627,22c5997b85921b2886d3c5c9234cc859c03f0f7bae0d3853d7cf2a23228627cd
experiments/phase1_runs/batch6_soups/h1_s0_final.npy,2097280,9ca8b3bcc77630625500d59458da0141589c651364de7ef2fe68a50b15e58551
experiments/phase1_runs/batch6_soups/h1_s1_final.npy,2097280,04c52b92a6b268f3a3b9e8eac65fcfc07e426ebf4ae8dd74798d9c33d85d9c81
experiments/phase1_runs/batch6_soups/h1_s2_final.npy,2097280,a38327e47ed9c3425b41f83e98f371828ad70b95fec5bf0dcc6fb3e15248b223
experiments/phase1_runs/batch6_soups/h1_s3_final.npy,2097280,04965d66f07eb03c84a5d1b6a3dba9300a1ba577ea0d91f9b880d6a5dc81380a
experiments/phase1_runs/batch6_soups/h1_s4_final.npy,2097280,b32f357ed648858e33d11287bec6e4ff72733b26070788dcee29f716de920876
experiments/phase1_runs/batch6_soups/h2_s0_final.npy,2097280,12a18f6a9c0c5ba5340d56004141ed1d236815167844a552571e1a60ef0584d4
experiments/phase1_runs/batch6_soups/h2_s1_final.npy,2097280,dcb87a364b7ea6a3f79dda8319bf0f88df306c5500647324065c5bac7d53921b
experiments/phase1_runs/batch6_soups/h2_s2_final.npy,2097280,88ca9a991e811c618dbf8b26d4b3d62087f3335c88aad53ac4e720158115e927
experiments/phase1_runs/batch7_soups/i1_s0_final.npy,2097280,c6a7c47d42d769b7aff8ff6eee3e97635c1a924b33790915298c57c32765d00e
experiments/phase1_runs/batch7_soups/i1_s1_final.npy,2097280,7e7f3446854943135b3668813b27ee5f70b07c5a36dfb9b72ec5847d313cc04a
experiments/phase1_runs/batch7_soups/i1_s2_final.npy,2097280,130b303dff4e573caffaabeaf02c98020e1f5d0aa02b24633623d84136e79253
experiments/phase1_runs/batch7_soups/i1_s3_final.npy,2097280,52ed0420ee7188aa9255ff646cd3cf97d327ac6f7a426edabff28102fce8057e
experiments/phase1_runs/batch7_soups/i1_s4_final.npy,2097280,dc7f9b00a69439621977ea27b751850da06cd977e47bfe8329bf228863c40fed
experiments/phase1_runs/batch7_soups/i2_s0_final.npy,2097280,9dbc0e0f9064e4543cb3815ea1f7a6f34cf812345b8dfe520c9a6800f5cb0343
experiments/phase1_runs/batch7_soups/i2_s1_final.npy,2097280,5d093e007b9c918590febedb889bc17b3e37fdade0805d5b69ae033dbeb8eab3
experiments/phase1_runs/batch7_soups/i2_s2_final.npy,2097280,8fe76d3edbbb04b82eac3f5e18bf5c301ec8e80732c0677943fed0966632e3c4
experiments/phase1_runs/batch7_specificity/p1_m2_n32768_s0_exlist1_09b9265b/aggregate.csv,310328,32b933895647385420e538fa7626e68a9ed3da8307582852a5fde1af1366efa2
experiments/phase1_runs/batch7_specificity/p1_m2_n32768_s0_exlist1_09b9265b/config.json,457,fb8ce7a93a46c0499568670ccbd43af8aa56eceb54f1437ffd933b46d63adcf0
experiments/phase1_runs/batch7_specificity/p1_m2_n32768_s0_exlist1_09b9265b/manifest.json,969,1335fa3c5c4ec48255f4d06c20b37176b890459c5d9c86435585b05b7e9b7d08
experiments/phase1_runs/batch7_specificity/p1_m2_n32768_s0_exlist1_09b9265b/symbols.csv,14407976,0543c93376ab9050af22a8cd68a543063fef23635f0f6e3d322c33aeaf06aec4
experiments/phase1_runs/batch7_specificity/p1_m2_n32768_s0_exlist1_09b9265b/writes.csv,8122395,eca4b58cae03e7d681745c8cc53ab268624e9a87d0a5ae274e920cbe20400ee7
experiments/phase1_runs/batch7_specificity/p1_m2_n32768_s0_exlist6_aeece65c/aggregate.csv,310053,d2a334069f44c78953834199fc4cdfac2c81a3e8b71e7519d4f6de96dba7d0c6
experiments/phase1_runs/batch7_specificity/p1_m2_n32768_s0_exlist6_aeece65c/config.json,503,f3e45d796b9e1e737b6b46a49dc52c4eb51cb442a6a845ea80fa559b352cb522
experiments/phase1_runs/batch7_specificity/p1_m2_n32768_s0_exlist6_aeece65c/manifest.json,1025,fa03be833dc3cfd310354e5ab8c2c4bd9d3f6a1c241c1de6d35127ca125dc484
experiments/phase1_runs/batch7_specificity/p1_m2_n32768_s0_exlist6_aeece65c/symbols.csv,14439861,2b5fdf288845daa7bde691191bd2c479ffbef9813507278cec4f5d7994f1f37c
experiments/phase1_runs/batch7_specificity/p1_m2_n32768_s0_exlist6_aeece65c/writes.csv,8124888,a6dfa1307ef002d023a263c9d529c92fab31d7d5abde569ce66726f74db87bd0
experiments/phase1_runs/batch7_specificity/p1_m2_n32768_s1_exlist1_09b9265b/aggregate.csv,310165,9b98a69f32bf29cfbfa724d64d4cdaeb9981f89898a9acf9e1837af6c31c4cb2
experiments/phase1_runs/batch7_specificity/p1_m2_n32768_s1_exlist1_09b9265b/config.json,457,7592acbbfe7b24cdfc4bfa7168b857b91e4950829ddd09cf919a72d74c5d3510
experiments/phase1_runs/batch7_specificity/p1_m2_n32768_s1_exlist1_09b9265b/manifest.json,969,b76a6440603da3e553bf85b99b1f3ba33739a25a90765a2cc47c631ba6c39391
experiments/phase1_runs/batch7_specificity/p1_m2_n32768_s1_exlist1_09b9265b/symbols.csv,14426277,3f73fe39f9b013a9caee76354faf613e72b00fd6a72b5e67fd6d1543746bfb80
experiments/phase1_runs/batch7_specificity/p1_m2_n32768_s1_exlist1_09b9265b/writes.csv,8132823,756e2b956f2a7f432381d8244490cde6a57fe1b56898ce63750460e3f8cddfed
experiments/phase1_runs/batch7_specificity/p1_m2_n32768_s1_exlist6_aeece65c/aggregate.csv,310327,fbf75de15f2e4af66637f51e8867ad5831096e0db0c5d687fd2fa930fe61e6f2
experiments/phase1_runs/batch7_specificity/p1_m2_n32768_s1_exlist6_aeece65c/config.json,503,3a499abf69c78238429dd1b0bca23f9fe0712a78034e25571089ab445cc0099f
experiments/phase1_runs/batch7_specificity/p1_m2_n32768_s1_exlist6_aeece65c/manifest.json,1025,450c9e0e63fa714ef4f832bfe91d8d6591b65b1f829556ce9311c995887a801e
experiments/phase1_runs/batch7_specificity/p1_m2_n32768_s1_exlist6_aeece65c/symbols.csv,14705193,f16d1a9f371deb3f54eebfeee302c1cdb134c1ba4344a020d0ebe2f4dcff249f
experiments/phase1_runs/batch7_specificity/p1_m2_n32768_s1_exlist6_aeece65c/writes.csv,8292789,f4ba2a2aa4c275110d8fb0f86df593df24cb5666e9e14013256bed4f2d6ee545
experiments/phase1_runs/batch7_specificity/p1_m2_n32768_s2_exlist1_09b9265b/aggregate.csv,313560,175571f93333954f56e7fca22d2c46dfc49bba93c24f2263e739e2b83d43b171
experiments/phase1_runs/batch7_specificity/p1_m2_n32768_s2_exlist1_09b9265b/config.json,457,86695f044cd79bf0e77a1c757acff8dd3b69359b3a22030b847a721b2feccb8e
experiments/phase1_runs/batch7_specificity/p1_m2_n32768_s2_exlist1_09b9265b/manifest.json,968,76d19cf7984004af2a6b0cf37fbd59ccdcbf2d9754633fdc264c90cd3d53d978
experiments/phase1_runs/batch7_specificity/p1_m2_n32768_s2_exlist1_09b9265b/symbols.csv,15208523,616e526b5e28761636330dd2d5b187bda9afc7c22af67ca2cf3655260cb5f91e
experiments/phase1_runs/batch7_specificity/p1_m2_n32768_s2_exlist1_09b9265b/writes.csv,8618218,4592665f476545a9227257c083e0a12d96390d04394f838024690ad318646139
experiments/phase1_runs/batch7_specificity/p1_m2_n32768_s2_exlist6_aeece65c/aggregate.csv,309956,8fd7c9c4d6a113ffed67be2a0bb2a3159081336f6f1671c7b329c846400f7513
experiments/phase1_runs/batch7_specificity/p1_m2_n32768_s2_exlist6_aeece65c/config.json,503,f23f5c227aed7b51544891cbed7477ee443a543f897b81f6ab4590c7619cf17c
experiments/phase1_runs/batch7_specificity/p1_m2_n32768_s2_exlist6_aeece65c/manifest.json,1024,b20a2c57417c02450e2fba0650b4e36e40223a6d8e9108b4b72b32d4ed85131b
experiments/phase1_runs/batch7_specificity/p1_m2_n32768_s2_exlist6_aeece65c/symbols.csv,14449136,cff92a6953cef4aa99838f8211da740cfd34ec9e931f60760e20cd78fb68c1ff
experiments/phase1_runs/batch7_specificity/p1_m2_n32768_s2_exlist6_aeece65c/writes.csv,8160996,c8b437328ae42cc678a732de74b596481ca8c2c7a99a9d294a2f18a35b872586
experiments/phase1_runs/batch7_specificity/p1_m2_n32768_s3_exlist6_aeece65c/aggregate.csv,310103,45acddcbd71c51d11fd64ac1e91c7c697d4c0950a25d6495b9e35c5862996d84
experiments/phase1_runs/batch7_specificity/p1_m2_n32768_s3_exlist6_aeece65c/config.json,503,882739c4a1ea17026616de77d18364d15d8fccce7fa93339863e29d203941195
experiments/phase1_runs/batch7_specificity/p1_m2_n32768_s3_exlist6_aeece65c/manifest.json,1025,da7f2a2fde84c6b17c28371433a66959a08d9abfa97ba3de8f150f436049b22c
experiments/phase1_runs/batch7_specificity/p1_m2_n32768_s3_exlist6_aeece65c/symbols.csv,14445163,c92603ac184f21068a52e70bee127d3b50e54ce3b3f197f9665bf356d1155c80
experiments/phase1_runs/batch7_specificity/p1_m2_n32768_s3_exlist6_aeece65c/writes.csv,8232636,ebb9c18dc6a6674467592d7d04afac4c62c4b427293fbe301216df0abd7d0ca6
experiments/phase1_runs/batch7_specificity/p1_m2_n32768_s4_exlist6_aeece65c/aggregate.csv,310169,e20997b478a886f85de5cc84e14fda7ee0aa9d06c765d9add7477ba584823dc6
experiments/phase1_runs/batch7_specificity/p1_m2_n32768_s4_exlist6_aeece65c/config.json,503,aad5bc8a368233265513eb0b91d8d2cdb453f60549695c341a34f5873317e2d2
experiments/phase1_runs/batch7_specificity/p1_m2_n32768_s4_exlist6_aeece65c/manifest.json,1025,89fb0052519c46c28cc10a2524c3d6f9707338d9c369c1d842d9179052715c55
experiments/phase1_runs/batch7_specificity/p1_m2_n32768_s4_exlist6_aeece65c/symbols.csv,14545915,36aea10c8457ef342e2a1177799b898764221ca256398521f8fe0b05917a860a
experiments/phase1_runs/batch7_specificity/p1_m2_n32768_s4_exlist6_aeece65c/writes.csv,8297463,dbe28b4c77176898c2688dd73d33d20db2acbfc1e338ba2debd2f43ab0515f5d
experiments/phase1_runs/continuation/p1_m0p5_n131072_s0_cont/aggregate.csv,22289,76d118284f98e497a1e36bab9ee0bd247f36158df34aa7f5d4adeaba92f89285
experiments/phase1_runs/continuation/p1_m0p5_n131072_s0_cont/config.json,395,9701b3bb953ec760011dc5af4d90401be63a9a07aaef7d34a97386244a88ea11
experiments/phase1_runs/continuation/p1_m0p5_n131072_s0_cont/manifest.json,868,0189eb1c17ba77e61d502f98331e106646d53dedd786bd91a691dac7d6d570d8
experiments/phase1_runs/continuation/p1_m0p5_n131072_s0_cont/symbols.csv,1222102,abca94e038027a331aae2832092d55ca9b5f6019f7c28fbe7a6d62bb092aebfa
experiments/phase1_runs/continuation/p1_m0p5_n131072_s0_cont/writes.csv,689257,5ae4808644ec0bd7d9cf0c27b6fee2a9267dcc5fbc74121f535ac74e1734e132
experiments/phase1_runs/continuation/p1_m16_n131072_s0_cont/aggregate.csv,21586,2cb301bae4cebc20e4683a510a6fa6c421a4fdf8b8830f11b18da2c24a6c0f72
experiments/phase1_runs/continuation/p1_m16_n131072_s0_cont/config.json,396,d9402036a699c3dd85733c82ce90f50c3f652ab2f0d405ff35489f33e7be2524
experiments/phase1_runs/continuation/p1_m16_n131072_s0_cont/manifest.json,870,6e733a4ea7945cabb42933c7203ac770f7e7e300e4f294a0eb541fe3f081b7e6
experiments/phase1_runs/continuation/p1_m16_n131072_s0_cont/symbols.csv,1265417,3409c6d6ef0e79dd19b6f467c521415a0a413c7b4054736bcc2f6496f08ac1fd
experiments/phase1_runs/continuation/p1_m16_n131072_s0_cont/writes.csv,543187,2f24f942696bf197c18be8490dc2abc290a2a08fd4ec89d3592682d3ef72f36b
experiments/phase1_runs/continuation/p1_m2_n131072_s0/aggregate.csv,22112,e285b379662fa2b3f03d26fa817afdfdf2e3cd997bb80a57455d59e81303984f
experiments/phase1_runs/continuation/p1_m2_n131072_s0/config.json,312,6fb5b3767d9811a523398a56769d4ad717b80a38aeb89042e5c7e562061ef3cf
experiments/phase1_runs/continuation/p1_m2_n131072_s0/manifest.json,775,9b67382918a3821939d25e7b043f3778011240c88d4ba8eba6fd0fbd4b421bba
experiments/phase1_runs/continuation/p1_m2_n131072_s0/symbols.csv,1111215,4a7803489ad53d2f5d0848cb4f9e6f7503a9566cb96e490399b1a8a4f92e4290
experiments/phase1_runs/continuation/p1_m2_n131072_s0/writes.csv,671386,054bc887395226871aabe8e6ebfe8eae580424ce834ecc15e57ed01f14b44792
experiments/phase1_runs/continuation/p1_m2_n131072_s0_cont/aggregate.csv,22150,e7f305cfe0d1589a06e886a6741d4b881527a0862247dee336826e5353bbe02b
experiments/phase1_runs/continuation/p1_m2_n131072_s0_cont/config.json,395,9dedbfd7b1d6a79c7db157270dc5db58d8bbce4b9a692c8184cff2e1191b393a
experiments/phase1_runs/continuation/p1_m2_n131072_s0_cont/manifest.json,867,4c4440176f81c3db96a5824546ddd4a82517a8cac836a4c15f6023ba6dc61932
experiments/phase1_runs/continuation/p1_m2_n131072_s0_cont/symbols.csv,1223789,539e714c70f5d143e274b74c02cb626702282b2e8af980d2bf87bad8fd661c84
experiments/phase1_runs/continuation/p1_m2_n131072_s0_cont/writes.csv,571082,74de3de82a18ea7a9a9400801bb37a806a9ccdf0bf95b5f7bc05a7a7af72bec9
experiments/phase1_runs/longwindow/p1_m0p5_n4096_s0/aggregate.csv,257639,be7a38ef242541b65599bf99b5fa15788f2f8e45b5412c99d4569619c1a8a1fd
experiments/phase1_runs/longwindow/p1_m0p5_n4096_s0/config.json,312,8a674f2a7ff3a9790f6f7c3b15d3a7073a44785d53bc1ee8146fa52c722afe75
experiments/phase1_runs/longwindow/p1_m0p5_n4096_s0/manifest.json,773,722f7c090aed2ba6c32f16b2c423f6860cfc4a4fba361b11506ca8ec046c93fc
experiments/phase1_runs/longwindow/p1_m0p5_n4096_s0/symbols.csv,12774938,4bddddb00248d3941f77f8bc1abdf2d83a9f21248ea345af7f7821e6c7e3e9b3
experiments/phase1_runs/longwindow/p1_m0p5_n4096_s0/writes.csv,7397002,b186d5ec4b5e1bd5eaac9fd67aa464cba7cc11123e42eb68deaf46701210af4c
experiments/phase1_runs/longwindow/p1_m0p5_n4096_s1/aggregate.csv,257867,d3215023c1899b0f6481b98b5e1a899996258c0be9d05f52bda94f853be0803d
experiments/phase1_runs/longwindow/p1_m0p5_n4096_s1/config.json,312,39f6b7fd622a1f35cadf5864c726d07919078c9b041cce8b78c6f028e6dbf763
experiments/phase1_runs/longwindow/p1_m0p5_n4096_s1/manifest.json,774,a862b6da7794afce269c6b02077a9ef5998916ade42249287ea3bdcc437718c9
experiments/phase1_runs/longwindow/p1_m0p5_n4096_s1/symbols.csv,12858819,56703dc32ddc5fa853e21661260e3b78617c3cefe309a0efd26171e30f501c03
experiments/phase1_runs/longwindow/p1_m0p5_n4096_s1/writes.csv,7395098,387be76787c2b7995fe580b60d5af727159c9ba2de648e1028b9af1f76cf483e
experiments/phase1_runs/longwindow/p1_m0p5_n4096_s2/aggregate.csv,257822,0008c601940f56a637d7825c104244d4d17dd7884fc3971e57adadd97f9a7cbd
experiments/phase1_runs/longwindow/p1_m0p5_n4096_s2/config.json,312,e4ae0626c7039606fb1af109f0f81b406de721fb12caa1ed55b97f855a69f37e
experiments/phase1_runs/longwindow/p1_m0p5_n4096_s2/manifest.json,773,450d3cfc009ec209c40b0b8242b3694c30f8bf52daecaf0eaed716af8808ec09
experiments/phase1_runs/longwindow/p1_m0p5_n4096_s2/symbols.csv,12788124,9e8b64db07886f8f6e961806b7cdc96d6ef5d7779a2fcc7a286d11e9cd3ddfd3
experiments/phase1_runs/longwindow/p1_m0p5_n4096_s2/writes.csv,7407299,1f6b847c1698def20863245af3651f6b968232dd61977221f0b618a01ca102dc
experiments/phase1_runs/longwindow/p1_m0p5_n4096_s3/aggregate.csv,258074,ff8001e131cbeedabf600fb4aefaf543c795181433f8877730807df913c0a89b
experiments/phase1_runs/longwindow/p1_m0p5_n4096_s3/config.json,312,d92be913715a9aaf73efb3f6d5536a240270e9f6fe0b7d355798fe7bb3f474d6
experiments/phase1_runs/longwindow/p1_m0p5_n4096_s3/manifest.json,774,fb722a5b11bffa3383bae0bdd70a6f9377b750ed818e7239feea3e765a3aa7de
experiments/phase1_runs/longwindow/p1_m0p5_n4096_s3/symbols.csv,12801633,b14fcf84860fb5acf48d5d63122aff0b3795e52b75335665164689208bc39d04
experiments/phase1_runs/longwindow/p1_m0p5_n4096_s3/writes.csv,7407122,4e19208262b92c970dac0576e7b8abe8201aa7eabb3e338354c58ed864197265
experiments/phase1_runs/longwindow/p1_m0p5_n4096_s4/aggregate.csv,257738,3e10685ebbba0239c8f556b2682c9919c58df7ad9d9fd9c9737b4e733d1f427b
experiments/phase1_runs/longwindow/p1_m0p5_n4096_s4/config.json,312,fcd59541089f7e56326737b986869c6ffeef88c2c6701c66b6b4b368238c256e
experiments/phase1_runs/longwindow/p1_m0p5_n4096_s4/manifest.json,774,6c91fd250c7224fae8d73d34c692c2b7d60ad876b476ecba4af4e4646cf79569
experiments/phase1_runs/longwindow/p1_m0p5_n4096_s4/symbols.csv,12774414,a4136f7600b1e3769f3abe5e3bc55c7dd56a06ec0ada3a55387e48c4bb7e90d5
experiments/phase1_runs/longwindow/p1_m0p5_n4096_s4/writes.csv,7368799,eae7cdd0548a823ad18f853060a1ae666ae1bfbc0060664e7b9812f8944be2f3
experiments/phase1_runs/longwindow/p1_m16_n4096_s0/aggregate.csv,255849,211a6c924cb7af7fd3359316022a49b189d67d863cfdf7c610ce1098da2a2e56
experiments/phase1_runs/longwindow/p1_m16_n4096_s0/config.json,313,94ffcddebec541a4f87bf7d7bc878e41fa54d7d5cd3b187b9fe07febd06091bd
experiments/phase1_runs/longwindow/p1_m16_n4096_s0/manifest.json,774,6ac4c11f924cb9f7b61010c5d441691bc5c181cee35a8b0fc3b85d8e70295a37
experiments/phase1_runs/longwindow/p1_m16_n4096_s0/symbols.csv,13879749,32493ea447beae3a08207b240e0e1672bc77dfc32390bb81da4ffa305b5bbf8c
experiments/phase1_runs/longwindow/p1_m16_n4096_s0/writes.csv,6080577,5ac24cf8533a8b3a8b0084378c36b25a9febbda41431e7f50c1fa2d777e6524c
experiments/phase1_runs/longwindow/p1_m16_n4096_s1/aggregate.csv,255393,a344576eb1290f476ebf3224c91f38ea0f7bc64348fb9878397db949946d56c1
experiments/phase1_runs/longwindow/p1_m16_n4096_s1/config.json,313,2ebf482b3aef2bffb121e293240d907eab77f9272063126b5a7b63c3265f5b05
experiments/phase1_runs/longwindow/p1_m16_n4096_s1/manifest.json,775,4439431d8da34aeee22bd4476973177bfa333ddacf581c9f2e00b22731f324f1
experiments/phase1_runs/longwindow/p1_m16_n4096_s1/symbols.csv,13901689,badbb9cb11ec9ffb09be8137159deca8f20a8c4d010b656996033fe52878eb90
experiments/phase1_runs/longwindow/p1_m16_n4096_s1/writes.csv,5925253,0d88136d69131200630e119f2abba8f7917ea3122191d17efe5362fe8beb31d3
experiments/phase1_runs/longwindow/p1_m16_n4096_s2/aggregate.csv,254943,118f938c4ef6cad1a13be7a9272e8d38bb1bdf09fa9ae0c4f1481f40239504d2
experiments/phase1_runs/longwindow/p1_m16_n4096_s2/config.json,313,4d08fd0672f6ce37676dcd4b7134c84a7ee2b8d4c0cb35102c82a4d24ee621fe
experiments/phase1_runs/longwindow/p1_m16_n4096_s2/manifest.json,774,94b0246c504f9c9a741e868d6ac2928b65ed3a1a488e89a6db92d7395ca59868
experiments/phase1_runs/longwindow/p1_m16_n4096_s2/symbols.csv,13914803,c17901951f7d9d4389ebbd5256bac2f557f37124485a4238d806261afef497c3
experiments/phase1_runs/longwindow/p1_m16_n4096_s2/writes.csv,5943902,c02a45b7534134772623b82375ce438dad25deb7bf738757c9544a56906d0892
experiments/phase1_runs/longwindow/p1_m16_n4096_s3/aggregate.csv,253992,f54fb291028f80b97fca99c1fe047cbc83d262217239d604a2fde12684d1124f
experiments/phase1_runs/longwindow/p1_m16_n4096_s3/config.json,313,3a9215b49965d6852ddde5c02c864a2de99a6e133028d107681057e739a7699f
experiments/phase1_runs/longwindow/p1_m16_n4096_s3/manifest.json,774,d91917f971879e8292be3e4a7565136cde98990ff461e5fbbbfdfb624994bcc4
experiments/phase1_runs/longwindow/p1_m16_n4096_s3/symbols.csv,13896520,1f1a9de2eb16feb379eb74b848c3cf3e9955709f6e58591637f3a6525f0dcbb8
experiments/phase1_runs/longwindow/p1_m16_n4096_s3/writes.csv,5915074,bf141936efdd1bf42e33f6a43944655047b8ea7d73e14393ecd17712862ea39b
experiments/phase1_runs/longwindow/p1_m16_n4096_s4/aggregate.csv,252889,9258116e9891a19fdcd432cd0b3d3d3d5fb140fb0d751053c56335fb9dde3e2f
experiments/phase1_runs/longwindow/p1_m16_n4096_s4/config.json,313,d5e2398459548cd5c2314ac85d8b73e3776ba0dde5184c35031004f9558849cd
experiments/phase1_runs/longwindow/p1_m16_n4096_s4/manifest.json,774,17ab2faaa1ab582fe4de03fb873b77766a80737fb67904df1163c54891a7c82b
experiments/phase1_runs/longwindow/p1_m16_n4096_s4/symbols.csv,13900231,6c5a9240c1cfdaac6b5d1cd203ebe424adb241f0c98b96137ff495e13854956d
experiments/phase1_runs/longwindow/p1_m16_n4096_s4/writes.csv,5897611,838d354c0e2ad8bb6f09681ad768c4a9da034ec01a7924b4ddcb5f15db22ba58
experiments/phase1_runs/longwindow/p1_m2_n4096_s0/aggregate.csv,257503,dc06e4bf476d8450d74b862f429ec8f4a2790d4e6d4fe17e7bdda9cb465ee118
experiments/phase1_runs/longwindow/p1_m2_n4096_s0/config.json,312,8465f20e5a7fce7c848402ee9c12ac132f8864d1e43394bd1ef516dfb5952dd0
experiments/phase1_runs/longwindow/p1_m2_n4096_s0/manifest.json,771,5aadb970ca3f8270bf437ca3c5fc67858973a5f44c2fffa1a245b2dfde626f74
experiments/phase1_runs/longwindow/p1_m2_n4096_s0/symbols.csv,12998906,150ab2e544ce529079f6e6652164b6f8c10b50319f77497f09c540d2909e05c1
experiments/phase1_runs/longwindow/p1_m2_n4096_s0/writes.csv,7632585,1b66f938c7fa12163816cd39f05d7e8cb59069b6a4b647861706b9bba00f5903
experiments/phase1_runs/longwindow/p1_m2_n4096_s1/aggregate.csv,257045,de528d221940a3adf244b505b121dd3dad248662925e9e461c8ff62f9042a578
experiments/phase1_runs/longwindow/p1_m2_n4096_s1/config.json,312,109294954be7a04743749ecb13ed94b53bf83f48256729a0f997b7b06ac1d6a5
experiments/phase1_runs/longwindow/p1_m2_n4096_s1/manifest.json,772,cb02dbada47fa0a48a9b5486158706829d60b8b6e9a8ff660d4a1b37d9f13ba5
experiments/phase1_runs/longwindow/p1_m2_n4096_s1/symbols.csv,12942931,57f915b4dc2219f140969b590c2afa3575805bf0f8540b1015947ec1f6e5c713
experiments/phase1_runs/longwindow/p1_m2_n4096_s1/writes.csv,7444358,cfd50d356f403294cff9b22d81200becb912435f837eb6fe3b7ed3c14064aa26
experiments/phase1_runs/longwindow/p1_m2_n4096_s2/aggregate.csv,257092,c56a6b826569da3be0d67709073f998a81f3c3503408b83d3481e52365997ec8
experiments/phase1_runs/longwindow/p1_m2_n4096_s2/config.json,312,5a715d0b1201a89a7a36d70515fd5af3d7e6ca2f3754d90a3513d4aa34e45bb0
experiments/phase1_runs/longwindow/p1_m2_n4096_s2/manifest.json,772,d372c9358648de01b12a09f850948e481bbf7cb8dff6d4efba54f4414c18448b
experiments/phase1_runs/longwindow/p1_m2_n4096_s2/symbols.csv,12945936,b2d2f944ec40356f392e181e2db7efd3297ee82e9dd61c05acd077debf9ece26
experiments/phase1_runs/longwindow/p1_m2_n4096_s2/writes.csv,7463425,eb9eba50b8faa7c4480299e483dc4edbe562e5078319dd40393dfdd0bbd86130
experiments/phase1_runs/longwindow/p1_m2_n4096_s3/aggregate.csv,256748,1762049f6f032b7c1ffe30f75251917a168b6a483d04306ebe80bf46c1a86744
experiments/phase1_runs/longwindow/p1_m2_n4096_s3/config.json,312,f8aaa46d1e90e62ee6431675544f9877b92cf3be39468cc8bd66a0b815819bc3
experiments/phase1_runs/longwindow/p1_m2_n4096_s3/manifest.json,770,40b083991211e85caeae6aff6771e76fb568fc0935146e615d8d1b27a98d99f1
experiments/phase1_runs/longwindow/p1_m2_n4096_s3/symbols.csv,12940129,876a2dd808d2524db20acf1d9e8dca9a893751a8cbab6ab41f7ac2b0d340b930
experiments/phase1_runs/longwindow/p1_m2_n4096_s3/writes.csv,7442430,c7b5ed9636e788e84ecd51ed264ca88afc8ca95c7f96ff412f39bf60c8ddb178
experiments/phase1_runs/longwindow/p1_m2_n4096_s4/aggregate.csv,257073,9898305e258f7a034c0c13742f2f0ece8f3665d1556a62f4e1b6b1a7cd653275
experiments/phase1_runs/longwindow/p1_m2_n4096_s4/config.json,312,bac8692648f570982e7a1e84ee8c641054c7333c205417cb2c89d8defc4f1dc6
experiments/phase1_runs/longwindow/p1_m2_n4096_s4/manifest.json,772,e93097c2768b7d7a0851b5ff4951d0e24996e22c4e6aa932f7b460c16b0ae157
experiments/phase1_runs/longwindow/p1_m2_n4096_s4/symbols.csv,12957523,d61b9d0bbd387f6d9f09009a67f2a9d9375b8b37ddff8eace2b795b6bb6808f4
experiments/phase1_runs/longwindow/p1_m2_n4096_s4/writes.csv,7420841,838955794be59cf6f3fca2e3909738d4b03a0c5347601b2358eb0ec74a0d4d97
experiments/phase1_runs/mechanism/p1_m0p1_n256_s0/aggregate.csv,47274,cc999c380a23891393760ef9dab33024af158afebace025bf45d237c0041f27d
experiments/phase1_runs/mechanism/p1_m0p1_n256_s0/config.json,310,6695fbc743f8f43c4fdb1bddb353d4cc54d1be33c92ff5023106c1ccc65c179c
experiments/phase1_runs/mechanism/p1_m0p1_n256_s0/manifest.json,769,498c8682189e0f9ada9fb7c99b40f13431ac0f7a6306c71d785ea0a815980e4d
experiments/phase1_runs/mechanism/p1_m0p1_n256_s0/symbols.csv,2028973,b4ed843e51466f2a24e06e8b0048088417ba3aa73b2452744d6d5e0da4d45eee
experiments/phase1_runs/mechanism/p1_m0p1_n256_s0/writes.csv,1389300,51ae75835b1bb9d6a27b084453ddcb23269558c0d694a365f8a4f7955f13df3b
experiments/phase1_runs/mechanism/p1_m0p1_n256_s1/aggregate.csv,47251,8ff85d9fd049b119f914d734074405519b0b214e6fbfc8b2f03b96a1fdd2de30
experiments/phase1_runs/mechanism/p1_m0p1_n256_s1/config.json,310,5c17dbfedef646610b9fde10c73219a4d2b1fdacc9fa847ae8f333b84c89cf44
experiments/phase1_runs/mechanism/p1_m0p1_n256_s1/manifest.json,768,cad7c8da13c4ac837c3bda88f8b89f978af98e7bb83ee80efb12382c80f218d1
experiments/phase1_runs/mechanism/p1_m0p1_n256_s1/symbols.csv,2039712,bf23f8c71cc1fe05e25afd74a0d61802d27b18f37dcd5ae43f20109391f41ffd
experiments/phase1_runs/mechanism/p1_m0p1_n256_s1/writes.csv,1391101,bc8937a2720c897a755a97e4e559e23e3bdd496f758e9c85d2f6faf25e6269d5
experiments/phase1_runs/mechanism/p1_m0p1_n256_s2/aggregate.csv,47186,386ba926de3c9cd1e811869fdf7b484883935b814cbfe54f16542961ee934912
experiments/phase1_runs/mechanism/p1_m0p1_n256_s2/config.json,310,0d79bd777b02e37b8afe115f2f83c5e4d1877da46752d0f6fd674ad9c0033d44
experiments/phase1_runs/mechanism/p1_m0p1_n256_s2/manifest.json,769,13b2e0551a5b2d5c36755c0ae15c14a20a5f02a90043e1c3f9d7dfe54d91cc28
experiments/phase1_runs/mechanism/p1_m0p1_n256_s2/symbols.csv,2025421,d47cf881b3170abb2f37aa65ffe0c2e8078e1f1aa839278a21f1f1c3128e7956
experiments/phase1_runs/mechanism/p1_m0p1_n256_s2/writes.csv,1378381,0dea46c7959402fefa050fcb855f6f5dbb2532b936013f675281d030f13fb418
experiments/phase1_runs/mechanism/p1_m0p1_n256_s3/aggregate.csv,47307,75e9f809cbf8bd6beb300da95a2fd27e88f8647cec638a499344b3dbb37b2133
experiments/phase1_runs/mechanism/p1_m0p1_n256_s3/config.json,310,7578d147e473fd4a01555468993756392e1f4452d9381aa4009c5860dc57d346
experiments/phase1_runs/mechanism/p1_m0p1_n256_s3/manifest.json,769,542a91c22bf0a898541daa906c3e708d0785cab3e1e98f6781d9a17ae3e10fb8
experiments/phase1_runs/mechanism/p1_m0p1_n256_s3/symbols.csv,2026378,92baa13845864830ceb37bcafb29a551d9627e4e9d35766b41e1f2b6c141baa6
experiments/phase1_runs/mechanism/p1_m0p1_n256_s3/writes.csv,1391742,07a03406ea7627011b8cee4e82c41ad96e77eba0905094400a1db386f1f5ccf5
experiments/phase1_runs/mechanism/p1_m0p1_n256_s4/aggregate.csv,47247,c7c50930648eb34f02401e8c95698b411c10a18f511a48896624c30ce70a32b0
experiments/phase1_runs/mechanism/p1_m0p1_n256_s4/config.json,310,10823ba2cb19d629c78b5bc774cab5aba61f0e14f9ddd2bdfb9a367fbb0ba13b
experiments/phase1_runs/mechanism/p1_m0p1_n256_s4/manifest.json,768,61298c944ebf45dbbcf0d61a308badf1cc742a106e33d1beac09b7a9a0561796
experiments/phase1_runs/mechanism/p1_m0p1_n256_s4/symbols.csv,2046583,35502fbeb2d0e7e08d43359a10576349563593d1e114e62198fed1be86b8e4d0
experiments/phase1_runs/mechanism/p1_m0p1_n256_s4/writes.csv,1387230,bba3cb3cf67dfb793236c3a120bd46f37ec74ebedf9a04804ccb92234f14a94e
experiments/phase1_runs/mechanism/p1_m0p5_n256_s0/aggregate.csv,46571,173ff9bc9a7be67359ffac39aa150cf88e6f6b380ad643d86adb03d9bf3b0262
experiments/phase1_runs/mechanism/p1_m0p5_n256_s0/config.json,310,b18dd91d3709627646780bbae7271f08f79ffe5d31cc4dacd9dbdacde80a215f
experiments/phase1_runs/mechanism/p1_m0p5_n256_s0/manifest.json,768,97722d51345499eeb0a601983cd0de47d4d105066588c52afc0cbe15b8347ae9
experiments/phase1_runs/mechanism/p1_m0p5_n256_s0/symbols.csv,1999597,1cbecafaf752f1ac409a1c7cd5b2d78dbc8e5357241f6ac283874e056fbc05c3
experiments/phase1_runs/mechanism/p1_m0p5_n256_s0/writes.csv,1308830,cb80453e3eab10b6acf1de19ee579e67497afacd6ca2e68aa648581ff75539fb
experiments/phase1_runs/mechanism/p1_m0p5_n256_s1/aggregate.csv,46938,4102c3642027d494042c3e935331852f96f193bea491aa33737865b90e3c460f
experiments/phase1_runs/mechanism/p1_m0p5_n256_s1/config.json,310,a5c5d3d4a658028aa85d03a3c0e8afb781c94c901c278fd3fe28b3a17500b40c
experiments/phase1_runs/mechanism/p1_m0p5_n256_s1/manifest.json,768,98e47cba5abde5a90da6ef680b1f9bf43c8d08a6ca2e3e7537940a48924e7e82
experiments/phase1_runs/mechanism/p1_m0p5_n256_s1/symbols.csv,2035685,053e9ccf27dcaa60e42d5f5d8eb99fbdcb569b54e400dcbb28e113345e0a77f3
experiments/phase1_runs/mechanism/p1_m0p5_n256_s1/writes.csv,1342930,4006308f6bf8d4596618746dbe2211cb90f567351bb03501626e2615f170a9ec
experiments/phase1_runs/mechanism/p1_m0p5_n256_s2/aggregate.csv,46661,fb522d996603c7c50c1b55fde0a95eb7c59af0b0d2850aacd73ba53c674e139c
experiments/phase1_runs/mechanism/p1_m0p5_n256_s2/config.json,310,7275df842d92a0e566b5fe5381394654c40ebe1ffb916f3491a07777f4db1de1
experiments/phase1_runs/mechanism/p1_m0p5_n256_s2/manifest.json,768,874bbaffc8d15379421de4cc6a694d65c8665133b123a50904d98d919410ce9b
experiments/phase1_runs/mechanism/p1_m0p5_n256_s2/symbols.csv,2010739,6cb8856543c3c052a6ee1a41a6a6c229b945b531abdc5d9dfbe0eecc551e8922
experiments/phase1_runs/mechanism/p1_m0p5_n256_s2/writes.csv,1307445,2d66153c8c0be7b88470aeae9af863284b6476ecf6fd3b26a0ca5d9e77dfaef6
experiments/phase1_runs/mechanism/p1_m0p5_n256_s3/aggregate.csv,46900,b5a8c9cee6c51a654753a9652766eaa7b1cc310bcc7082399816cdb3cbf5c597
experiments/phase1_runs/mechanism/p1_m0p5_n256_s3/config.json,310,033061b7ce1362e220ac04b13ac44f5128666ddb5279f35d30d76ea8b778a87a
experiments/phase1_runs/mechanism/p1_m0p5_n256_s3/manifest.json,769,9ae978450a8754508d68227dd942c63526ad2346efeb2c60a09a847fec1bd7e0
experiments/phase1_runs/mechanism/p1_m0p5_n256_s3/symbols.csv,2045390,f2cd56cad7ae3f9914ab0a44cab03261b6e63ba3541e50793e941663401ff9b2
experiments/phase1_runs/mechanism/p1_m0p5_n256_s3/writes.csv,1318989,91a1b7185c8a2f4806e32871939a3064bb8bfee5da31e4515cbc8ab2a7e3fe3d
experiments/phase1_runs/mechanism/p1_m0p5_n256_s4/aggregate.csv,46847,70084cdadac8387e9b3dc56f05d7c01e40e33ef418ed1392e88b09ca88e9712e
experiments/phase1_runs/mechanism/p1_m0p5_n256_s4/config.json,310,cbba5a448e06206458173d883d8940db09a0576896f3a172a5a67f778720a5d7
experiments/phase1_runs/mechanism/p1_m0p5_n256_s4/manifest.json,769,0bcfada1d59fca7d63b2c2b9451930cae8fa9d0039c1e486fe08bdd9b85700f7
experiments/phase1_runs/mechanism/p1_m0p5_n256_s4/symbols.csv,2060586,21c503015a5378dc56d6e354665e24042698184990577eaf056678efe741f438
experiments/phase1_runs/mechanism/p1_m0p5_n256_s4/writes.csv,1339354,89d2e4cf81d546c6552e00ba30f0d08c424bf8a884723e192372beff564425f4
experiments/phase1_runs/mechanism/p1_m16_n256_s0/aggregate.csv,46264,f21c95a815896acb94ea602dd0e04e6601bfe958e8c570a34b4d6e5b505f716f
experiments/phase1_runs/mechanism/p1_m16_n256_s0/config.json,311,bd64ff1bb7b1defef0917e91af6c865ab429cf2d3512ddbc2fdda2c1b8f4b209
experiments/phase1_runs/mechanism/p1_m16_n256_s0/manifest.json,771,09b38c3926b3f61c7d2c98f9868f13bd9be4b1dd9f5c95c2fb0a7bde3eff4e5a
experiments/phase1_runs/mechanism/p1_m16_n256_s0/symbols.csv,2155426,abeea73c11618ca46fff096a8adb7a1c991b6f0dc22beefe75df6e780e8e73b2
experiments/phase1_runs/mechanism/p1_m16_n256_s0/writes.csv,1062579,c1748eb0fbf64c4d12ffca2b96f3e8ace50fcb9d2944fd298405af00ecc1b5a1
experiments/phase1_runs/mechanism/p1_m16_n256_s1/aggregate.csv,45900,fbda33155bd8afaca9d598af20fd2393b7dd35e2ccc29fe3532febaaf1c2da27
experiments/phase1_runs/mechanism/p1_m16_n256_s1/config.json,311,6c6306281ca01f29d630a4d2417811732cb37169400070f4b33366c27ae4a286
experiments/phase1_runs/mechanism/p1_m16_n256_s1/manifest.json,770,e792df8d81dfd7c5f9b20b9ba45dfd153e165bba27a8e4075125caf31e589b38
experiments/phase1_runs/mechanism/p1_m16_n256_s1/symbols.csv,2140997,6fddb39b365074992eca859cad1e37e56e232e067e41191c275571d676631daa
experiments/phase1_runs/mechanism/p1_m16_n256_s1/writes.csv,1057435,3a91b0c7d35014035fb02ae07d7545c033d4f2e360d55d72c347a02740fcbfaa
experiments/phase1_runs/mechanism/p1_m16_n256_s2/aggregate.csv,46625,f8ca5d896b5c043fdf7e693e14974f64b21699883ded57ef939bca4fd179621d
experiments/phase1_runs/mechanism/p1_m16_n256_s2/config.json,311,08f5df4907e5c24888623d4e908a04df15b0d07cf36a194f34f9dd89c89f5aba
experiments/phase1_runs/mechanism/p1_m16_n256_s2/manifest.json,770,9a05ae8ed669c8862017086d445e2e8c1fced84794caebcb25c22a9b8a15c2e2
experiments/phase1_runs/mechanism/p1_m16_n256_s2/symbols.csv,2177101,9dc6189de9a9ad07daf096e24391507b92f4e2d1a77ac0bc16be4529e4c0c591
experiments/phase1_runs/mechanism/p1_m16_n256_s2/writes.csv,1075662,49b317122813f1e0d85eb9c4bfefab03e9f13c25f407bcd35ed54b4d135dcb7a
experiments/phase1_runs/mechanism/p1_m16_n256_s3/aggregate.csv,45282,4b0f1366ada49107d956847e3d82d646805d3cae245d36b28b448606964d6625
experiments/phase1_runs/mechanism/p1_m16_n256_s3/config.json,311,9e128d8d6e29739453129337ce8a041ae03e3653c76ab9b60d574aec54fe29c6
experiments/phase1_runs/mechanism/p1_m16_n256_s3/manifest.json,769,717e2e63c8cf8e0ba01c9d820650c5e58b42ac6b38162c735b2443e9f8705cd9
experiments/phase1_runs/mechanism/p1_m16_n256_s3/symbols.csv,2164585,49910bf3b0e673a8f4687bf1adecc177d4fcc5d63ca5fc76f984bbea35fe76d0
experiments/phase1_runs/mechanism/p1_m16_n256_s3/writes.csv,1038814,496cd54a66c89c0e4cf4cc0307b379f72e47184c10129f468c727f7a6b9e10a1
experiments/phase1_runs/mechanism/p1_m16_n256_s4/aggregate.csv,46118,351319a8eb446fde74daf0ef20692099006e34d11e6f48c309499e6e7fd59b72
experiments/phase1_runs/mechanism/p1_m16_n256_s4/config.json,311,9d204ebfc1f7168e165144052a32aa7dae4c7e21032affeb352504b53ef154f3
experiments/phase1_runs/mechanism/p1_m16_n256_s4/manifest.json,770,ff097893e89e7f52b199e0a8008a4d56c2e7819ce3e004eb6dcfcc06b1a67163
experiments/phase1_runs/mechanism/p1_m16_n256_s4/symbols.csv,2152778,8dc698e2877b6e76da83ecf2584787ac6075a76c112a4706e8a5ba7a1d1707c8
experiments/phase1_runs/mechanism/p1_m16_n256_s4/writes.csv,1067035,77e26b2c279e388b98decde2fd769a5b58d9ed8641fa88bd90f079df2714dc4f
experiments/phase1_runs/mechanism/p1_m256_n256_s0/aggregate.csv,45381,8fc1808024ee92f122c4ef2c77deaa1160bd4f47eef888c8daf884682425061a
experiments/phase1_runs/mechanism/p1_m256_n256_s0/config.json,312,b8da261dff11d190541cd977835084c352d0973f6908b1e36211e0eb1c5352bf
experiments/phase1_runs/mechanism/p1_m256_n256_s0/manifest.json,773,8c2561accb6ab746d7353ef57e4c752b5df77e79dfc5eb050658b171cf863e69
experiments/phase1_runs/mechanism/p1_m256_n256_s0/symbols.csv,2289190,e750003d745842045ddac869caf513cd4bffda41ff646f112a0941696fbec814
experiments/phase1_runs/mechanism/p1_m256_n256_s0/writes.csv,1053651,85a48f51282922c51254806a77de22c76cf1b9a1128c83b723fdad3c4b7c0ddf
experiments/phase1_runs/mechanism/p1_m256_n256_s1/aggregate.csv,45367,daa2b7cdc673ebf946fc355484fa14b67073ed43efb4129f8858b74a42b6b1ff
experiments/phase1_runs/mechanism/p1_m256_n256_s1/config.json,312,f3e5a8db5e5dc6cd2e5342770312e5502f34765f11eb9f18b41c4398ecd973f1
experiments/phase1_runs/mechanism/p1_m256_n256_s1/manifest.json,773,66cc57d059c181aa35302dc0d7fc6ff993a3b8954cd10f7f9bba0b497ed192c9
experiments/phase1_runs/mechanism/p1_m256_n256_s1/symbols.csv,2292543,b6ccf5dab024aa7beff26badb973ad8f89d42fdb70509f81b76f47b51e42d188
experiments/phase1_runs/mechanism/p1_m256_n256_s1/writes.csv,1041543,2688b5f3980cae7ef2a309e69ef5cba5afab4fdecbde2c45085fe6e3d5ff3b3e
experiments/phase1_runs/mechanism/p1_m256_n256_s2/aggregate.csv,45422,2e93b1dea5a87caa62354a38b4a148dfc7d7d4ef7fb9f5005c23d210ea25d0e7
experiments/phase1_runs/mechanism/p1_m256_n256_s2/config.json,312,d30790a92c4bd73840c7e7104c5d4e34bb67c6987d0241cb80c1e9b03170fa16
experiments/phase1_runs/mechanism/p1_m256_n256_s2/manifest.json,773,0709c62763124dca1e6a92b8a9704033d827d0ca397e7a5087a4ebe30e7db577
experiments/phase1_runs/mechanism/p1_m256_n256_s2/symbols.csv,2359750,76104d00df8262fffa35d3bcf1e1402a3ed3b78a5e20de5b6993cb0db7befc08
experiments/phase1_runs/mechanism/p1_m256_n256_s2/writes.csv,1069641,7c2f8548070f5a1be87c859607bc2ac2b999f4857fcffedb737f6fffaf66c447
experiments/phase1_runs/mechanism/p1_m256_n256_s3/aggregate.csv,45240,5572b370ef5f8888db55b24924d0b92780353a7fc2fb955141125bc60dea8d38
experiments/phase1_runs/mechanism/p1_m256_n256_s3/config.json,312,daef7ad26e2cdc95e9711274de976b8d3eb6ed04560c203da5ab418ec05d0477
experiments/phase1_runs/mechanism/p1_m256_n256_s3/manifest.json,772,8a27be3f5a3f5ba04c2d919f0a5a24ddd32a67833befc0eaa49af88a8f078b1a
experiments/phase1_runs/mechanism/p1_m256_n256_s3/symbols.csv,2311391,02231952df62aa03f9aa4919ed4395cbf18715db75720648cf8f6c6b34242d34
experiments/phase1_runs/mechanism/p1_m256_n256_s3/writes.csv,1038738,5c4c1101ba0f6e3fafd99244cdc166bf4b5a2ae9119f882ee356ee9d6a811684
experiments/phase1_runs/mechanism/p1_m256_n256_s4/aggregate.csv,45677,60fabbb346d61f4fc7e85892add42e74811e4d8b7d7cee692e7a88c91efa2539
experiments/phase1_runs/mechanism/p1_m256_n256_s4/config.json,312,9f50945f39f3739d9cd8d49551c253e5b56ec39f7985ec91719b4559348a33b9
experiments/phase1_runs/mechanism/p1_m256_n256_s4/manifest.json,773,b1591c2649feff9fc57f0e407505d34db5c4fd2bda56e9e8b8c3dadc4e2ec841
experiments/phase1_runs/mechanism/p1_m256_n256_s4/symbols.csv,2305252,afdc79bcf7768f88790c804f89151fe5c4b611a44685d16ce0db7edaaa8984b0
experiments/phase1_runs/mechanism/p1_m256_n256_s4/writes.csv,1045134,2c8b1a00aa0572d1ffd456552db84b5a6bacb640961530c22727a0a4bbb49b8f
experiments/phase1_runs/mechanism/p1_m2_n256_s0/aggregate.csv,46369,97c65d06f0da92646d197b334794b27375f79ed79c05d029ef8c994c253bcb9d
experiments/phase1_runs/mechanism/p1_m2_n256_s0/config.json,310,b1e66e41c0d19a4bf2947578d00fbd9439c78b6e69bd6314cdbb8fd8e374b803
experiments/phase1_runs/mechanism/p1_m2_n256_s0/manifest.json,767,047168232559ae5393eaca10485b34e07794e1744b32f42af7b86c6788197bae
experiments/phase1_runs/mechanism/p1_m2_n256_s0/symbols.csv,2051882,d0fc63bae76eab65b401cee157373d72a52bad663528b621b179bbb11caead37
experiments/phase1_runs/mechanism/p1_m2_n256_s0/writes.csv,1129459,ad4429c38b11823d3cb275c49b64d76bacbd6131e9eebcacc628b41827f4ab24
experiments/phase1_runs/mechanism/p1_m2_n256_s1/aggregate.csv,46472,5b25bff51397b51d918bb2f2f1e0382f5e8de36ebba24a081b07beadd243b3ac
experiments/phase1_runs/mechanism/p1_m2_n256_s1/config.json,310,98859f9cf1ec4079f7228661bac6f1ee4da8a0b774386f638a0ffeefd3b045f7
experiments/phase1_runs/mechanism/p1_m2_n256_s1/manifest.json,768,22c31773363f00518d7598db4886f640923fc124be2a7d702fb4a4c6f6318634
experiments/phase1_runs/mechanism/p1_m2_n256_s1/symbols.csv,2051271,3b6d6ca046bddbe691467ac219a9db7880218e88c889617bcc7f0c10dfc2d028
experiments/phase1_runs/mechanism/p1_m2_n256_s1/writes.csv,1140633,419e81ea51f84de25da17da35df03f0bcbad4a73bfc4d7855e282f2ff12ac1f3
experiments/phase1_runs/mechanism/p1_m2_n256_s2/aggregate.csv,46438,599bb387ad81f44def867c4de85a294fb252e3b62425f58e161e0524a060ed3e
experiments/phase1_runs/mechanism/p1_m2_n256_s2/config.json,310,08934d7f5047afe8f4b83b15c542b905e092ed66a8837f2d1ed421d0750523d0
experiments/phase1_runs/mechanism/p1_m2_n256_s2/manifest.json,767,4465989d8e08668b8f1b1b7b3d97cdcbe4a6c1b5f9511666c7344a95733ee83e
experiments/phase1_runs/mechanism/p1_m2_n256_s2/symbols.csv,2045992,a4f179489cf5bfc0d4eab5c77a66814873e2388729ef842afd0e19242dfc60ca
experiments/phase1_runs/mechanism/p1_m2_n256_s2/writes.csv,1141306,5f7e71eb904f2f5ef52b996ec87caa7c49218d2cba88446672f93aee51e2fa08
experiments/phase1_runs/mechanism/p1_m2_n256_s3/aggregate.csv,46594,e6b929f63744f8bf16dd6db2443d65cced701132a249cbb3598c377b6b3ef9fb
experiments/phase1_runs/mechanism/p1_m2_n256_s3/config.json,310,41c92602679f93a1adef8402efd817b7dc8fb82570c5e29849476749a040c5ee
experiments/phase1_runs/mechanism/p1_m2_n256_s3/manifest.json,768,b2ae9db8593f63f5e5ba437ab49405963016d10791315cd22503774f063cd42f
experiments/phase1_runs/mechanism/p1_m2_n256_s3/symbols.csv,2115771,bb1fc208f2063095152a19b508ba45ed8b9fa8d313d2f51020ffe5395b171cce
experiments/phase1_runs/mechanism/p1_m2_n256_s3/writes.csv,1146912,3faf4e46f194eb56b813dbd446783369661d1ad72c378ff1037914d86cf2410a
experiments/phase1_runs/mechanism/p1_m2_n256_s4/aggregate.csv,46513,01d31576dc50907c3b36a7af4dddeb6167626c3a8eba90424eb1a9863763a44a
experiments/phase1_runs/mechanism/p1_m2_n256_s4/config.json,310,b76c9a85ee15f3adc68e87b1016dfd2732bebf309f73584e12a9578959ab3932
experiments/phase1_runs/mechanism/p1_m2_n256_s4/manifest.json,768,f7d840fb471edc1257cc8c55262286c768116b261340296f22a0cab4b1475ce8
experiments/phase1_runs/mechanism/p1_m2_n256_s4/symbols.csv,2052433,a9a039983a30184e34b1b4ffc0d6d3c22fbdc2707d1a5a659c5f56e8580284eb
experiments/phase1_runs/mechanism/p1_m2_n256_s4/writes.csv,1149334,2442a04977bbf9bce3e5835cd95320edba5ed4813c57f65534acbcad49dfa7f5
experiments/phase1_runs/metabolic_trace/trace_m0p5_n256_s0/aggregate.csv,34928,51bc328d4ce669683e779858e1fad3f52fc77e3c3b68c882d9f0b1751c959776
experiments/phase1_runs/metabolic_trace/trace_m0p5_n256_s0/blocked_symbols.csv,2852,fc24257fcdff195cf100f1334167ebf4dbd6d2bdf1e92af153c37545a76105da
experiments/phase1_runs/metabolic_trace/trace_m0p5_n256_s0/config.json,316,a9b4d09a0e56e254a5ff22427ad77d93c4a800b9bb614236b3c87c7553379f46
experiments/phase1_runs/metabolic_trace/trace_m0p5_n256_s0/epochs.csv,1708227,249d921e1ffdc3ca539b116b0b101650fcedfd4796574420517ce3cf9d477461
experiments/phase1_runs/metabolic_trace/trace_m0p5_n256_s0/flow_edges.csv,717190,2a5cf8a1b52cc443a60d1ed2c4ad6bce597091a983ed3997eb3a7742b8b28fbe
experiments/phase1_runs/metabolic_trace/trace_m0p5_n256_s0/manifest.json,1055,7d17ae08c8a7ad34251adb4a12b6bcf8504cde3b8814a863ca530caacc139e75
experiments/phase1_runs/metabolic_trace/trace_m0p5_n256_s0/sampled_token_events.csv,1253366,43b593bb1563b7967049096b86870095c663b6d5d87b4db2f8f8030b6ec6c513
experiments/phase1_runs/metabolic_trace/trace_m0p5_n256_s0/token_summary.csv,400327,3ec1d12d7aeb15f975f5bf6020a95e45711bee0dfb71384a20f20747750d57ed
experiments/phase1_runs/metabolic_trace/trace_m0p5_n256_s1/aggregate.csv,35037,fe0a6e105fddb894c58068b8d791bc9b3c4065053724f3389d608ac61daae92a
experiments/phase1_runs/metabolic_trace/trace_m0p5_n256_s1/blocked_symbols.csv,2872,bffd3eecebbbd0915096951c90f6ffda7dd72259909b84c61ace93851398458d
experiments/phase1_runs/metabolic_trace/trace_m0p5_n256_s1/config.json,316,4ab6f5a3d581ad07fd4ff861c587198c29979a8e3371a2e55af183a72d968a45
experiments/phase1_runs/metabolic_trace/trace_m0p5_n256_s1/epochs.csv,1751765,b6d6d0b78e61d68b06335af881b561ef63719d0364cbee5e6884825765f1dc23
experiments/phase1_runs/metabolic_trace/trace_m0p5_n256_s1/flow_edges.csv,723124,516fc9b1972fbb833cc19b955dac8107f9eb85b8df59176130aae8387e38eb61
experiments/phase1_runs/metabolic_trace/trace_m0p5_n256_s1/manifest.json,1054,ab2a4e3a73d07dabf3b15d571c6dbab22f68979b0da4c67b0cc326f59d859682
experiments/phase1_runs/metabolic_trace/trace_m0p5_n256_s1/sampled_token_events.csv,1532817,a8e29a011e3ee12524628bd70918ed8009208952529f43443ac85de6db0a25e9
experiments/phase1_runs/metabolic_trace/trace_m0p5_n256_s1/token_summary.csv,407007,e77ff69bc7a6fafac60e57c4010db1e6daaf41fdfe30d72398d9a8d0c73a6c77
experiments/phase1_runs/metabolic_trace/trace_m0p5_n256_s2/aggregate.csv,35114,4217f4c5ebe96af0bef513af1f80fcd76d2374c6a7ebaea2b4a0f59a6e792e9c
experiments/phase1_runs/metabolic_trace/trace_m0p5_n256_s2/blocked_symbols.csv,2832,ef54cb9897376db40f581f76cb1a4d7427f18492d287dc7fc7fa4e30148f30ba
experiments/phase1_runs/metabolic_trace/trace_m0p5_n256_s2/config.json,316,2111b7f42264a2e7b33e35fb0e5a15314c23c8f90e93a45ec9fbc85876f59527
experiments/phase1_runs/metabolic_trace/trace_m0p5_n256_s2/epochs.csv,1718976,edfc0702a53d6b66098baee1b784e5bf9d9de8c7e097a7a79edc54cda1687c57
experiments/phase1_runs/metabolic_trace/trace_m0p5_n256_s2/flow_edges.csv,714501,d29077fa660866dce840f1c476ddbc656ce549ff85f73742d564b7db9276a0f0
experiments/phase1_runs/metabolic_trace/trace_m0p5_n256_s2/manifest.json,1055,af285b5df16bd0c67d9ecc7dec857658f19794c2e72b228494560b068b46dd05
experiments/phase1_runs/metabolic_trace/trace_m0p5_n256_s2/sampled_token_events.csv,2048624,0cdf825f0ac5a4aaecb852e252840073cb576737a623e46c9b3155a856876d8b
experiments/phase1_runs/metabolic_trace/trace_m0p5_n256_s2/token_summary.csv,397237,349ce6d5d6e2dd7d22097ada46f0b395a967357cbb1b91a1a5eeff3cb33f229d
experiments/phase1_runs/metabolic_trace/trace_m16_n256_s0/aggregate.csv,35880,2fda4d3ece04f9a1029d814ef077fc6224a451c04941131a1a614a9b3a24c3db
experiments/phase1_runs/metabolic_trace/trace_m16_n256_s0/blocked_symbols.csv,2241,8c744334b9f972900b23189b04adfa21f8b4a96cc78886848a86ea005c67725d
experiments/phase1_runs/metabolic_trace/trace_m16_n256_s0/config.json,317,6d329910da0da0bb45e8464a652e91a766c206273af62fdf989d8120cb88011e
experiments/phase1_runs/metabolic_trace/trace_m16_n256_s0/epochs.csv,1554500,4e92e0a2d5bf5f0c08b34e2a59cd85e3e67b9ee5786a3ab83f1e8bb644fa3ef3
experiments/phase1_runs/metabolic_trace/trace_m16_n256_s0/flow_edges.csv,735473,f37c88e65d1481f6398728ea0bd28d84d29201329000fc9882d06e0d0ef9bbd7
experiments/phase1_runs/metabolic_trace/trace_m16_n256_s0/manifest.json,1057,a63a97161f14f05432d65c6e48321daf65eedc8d0f3e27755fcefb904879a809
experiments/phase1_runs/metabolic_trace/trace_m16_n256_s0/sampled_token_events.csv,4965655,f9392497b71e4e6b5df956c073d84424e12badad95b540e59fc0e865157d877b
experiments/phase1_runs/metabolic_trace/trace_m16_n256_s0/token_summary.csv,866755,1e95554db648922ad190263dc18010c7ff2e467807677ed1b50f962ae279a9a8
experiments/phase1_runs/metabolic_trace/trace_m16_n256_s1/aggregate.csv,35926,2507725e062bd1f668ceb082d54d4ccb94247b668f7d56d2f6bd8ce24dbad083
experiments/phase1_runs/metabolic_trace/trace_m16_n256_s1/blocked_symbols.csv,2241,938eda9d1f9c1ccf1eaf512e0d448eca0c9dc8c6e9405cbb9bc9a94a608e2022
experiments/phase1_runs/metabolic_trace/trace_m16_n256_s1/config.json,317,43c5ab18a6e62f0b5d8f0f5a832313e682fa76e3f911e17a912d58a6186e97a0
experiments/phase1_runs/metabolic_trace/trace_m16_n256_s1/epochs.csv,1548305,11480f80d2d2e2d17e726f76b16d08157b6f782f440fbd0c726bf0f15866ffcf
experiments/phase1_runs/metabolic_trace/trace_m16_n256_s1/flow_edges.csv,732873,e435ac0936a12dfb89d6781809f01dfc4ff73669f991e742cfc4e2dba69145c0
experiments/phase1_runs/metabolic_trace/trace_m16_n256_s1/manifest.json,1056,dec81d4494f7a20065d85663015230288e36e7cbfd40f7ca60c4100e73681a10
experiments/phase1_runs/metabolic_trace/trace_m16_n256_s1/sampled_token_events.csv,2937898,2e6400549f4b7ecc9c8220c784023e5bb046b165942da8099c1002b2abe9bb10
experiments/phase1_runs/metabolic_trace/trace_m16_n256_s1/token_summary.csv,818525,ad674808fd8766bea77d50545960890f4c330050b3a359c0e3fcf70efdb2507e
experiments/phase1_runs/metabolic_trace/trace_m16_n256_s2/aggregate.csv,36002,70ad443ba38d4fbc8cf8aae8ee4dd3dcc4ae1d8fb667c7e671bd6f522463d512
experiments/phase1_runs/metabolic_trace/trace_m16_n256_s2/blocked_symbols.csv,2243,4354cd0ba1bb03c7aacad099d345435897c18a4ca67e0220c0f51326afcc7e04
experiments/phase1_runs/metabolic_trace/trace_m16_n256_s2/config.json,317,0cd4b725e22daf33e977675ce11d5a6649bef2563011cbe0d9d85d6fced1fca4
experiments/phase1_runs/metabolic_trace/trace_m16_n256_s2/epochs.csv,1568914,68ac1c5546368b4ea2e007e74784cbd4cc4710cd555ec28cc544002e637798bd
experiments/phase1_runs/metabolic_trace/trace_m16_n256_s2/flow_edges.csv,733882,6e878d06c7c55f9b6c5068e0965432ed7dd9a1f5ebbead58918552b6d4f7f065
experiments/phase1_runs/metabolic_trace/trace_m16_n256_s2/manifest.json,1055,f0d26e18b5090d7cfccdbc273172abe6077e7026831a303fe72ade6d66a1cc6e
experiments/phase1_runs/metabolic_trace/trace_m16_n256_s2/sampled_token_events.csv,3894805,483d2ae0b830cf3e2dfd609caa87e3b163ab5656faedc8b090b10e8f4aead50c
experiments/phase1_runs/metabolic_trace/trace_m16_n256_s2/token_summary.csv,816339,0c8fd0f445c4652e15be923758a535dfa3beaf5cb087ea45b588d0b5abe92174
experiments/phase1_runs/metabolic_trace/trace_m2_n256_s0/aggregate.csv,35338,2a28b4cd39872ae2f78b585e9f2ca5760f0739eb81f68590d41845f2c83972b8
experiments/phase1_runs/metabolic_trace/trace_m2_n256_s0/blocked_symbols.csv,2404,9f4f37960c1d86ac644310839ff97bf6dcde05007e789569f45931a7e364d34d
experiments/phase1_runs/metabolic_trace/trace_m2_n256_s0/config.json,316,98a90a438a7a04df9565675a2a3bc717ea593a2f3158180929235b9b09d58624
experiments/phase1_runs/metabolic_trace/trace_m2_n256_s0/epochs.csv,1569950,b766e9998918973cd53fbc827f1f8a4f878d3569ac034bc2f52506e834ba8747
experiments/phase1_runs/metabolic_trace/trace_m2_n256_s0/flow_edges.csv,724372,98c7edc39256ede56271675969d8b98049413984aafea5d761c9143ee99bfd10
experiments/phase1_runs/metabolic_trace/trace_m2_n256_s0/manifest.json,1054,7e50d04ed8face63ae8383ae0baf4ad771ef1901ef19e41bde3823401b4085c6
experiments/phase1_runs/metabolic_trace/trace_m2_n256_s0/sampled_token_events.csv,1469818,4d2e9b0e30c64083b1dd6cbd8faad6b544a700f988c733be18cadd2d9fe1c795
experiments/phase1_runs/metabolic_trace/trace_m2_n256_s0/token_summary.csv,580471,209835d022b646670c5dc67689587c943587e9cdc9e562777ec4435dfd30e221
experiments/phase1_runs/metabolic_trace/trace_m2_n256_s1/aggregate.csv,35256,597c964707b3b1371181e9ce1a6a4e892b8f0c28b460fc20da503ff903705c5c
experiments/phase1_runs/metabolic_trace/trace_m2_n256_s1/blocked_symbols.csv,2391,90e15d03993979bca64df29ff3ff4583af02a07e7e667e62ae22344ab1e52314
experiments/phase1_runs/metabolic_trace/trace_m2_n256_s1/config.json,316,4fd946a8e520a8d0501ffc66cf91138d77c07bc7320915b8f3a5c337f56a0430
experiments/phase1_runs/metabolic_trace/trace_m2_n256_s1/epochs.csv,1570241,c51cb9f5e82dd475052b30f5f28f04fbc135cc8d73bca38bbe41b367c6ee8a50
experiments/phase1_runs/metabolic_trace/trace_m2_n256_s1/flow_edges.csv,723868,7664e2187777befe3f2d9a4c3ccaafd903e1b5b841b69407ca740a6017b49cd1
experiments/phase1_runs/metabolic_trace/trace_m2_n256_s1/manifest.json,1054,4a7bba76af2d6a00fd53ddc3dc3ecfb2085bff83ec85a5fb6cc32ec263980f6e
experiments/phase1_runs/metabolic_trace/trace_m2_n256_s1/sampled_token_events.csv,1555697,6e2dd3f4bcbf54c63f783a1f05e2e1ad366df33ae909b4deb8d004e69abf3f2d
experiments/phase1_runs/metabolic_trace/trace_m2_n256_s1/token_summary.csv,567614,d8234ee2a6dfacb3219a71fa82d3c9b3ab4197a7ce57566a1f1d78e88c36776a
experiments/phase1_runs/metabolic_trace/trace_m2_n256_s2/aggregate.csv,35287,9b386808dffc0202b64fadb7ccf05f8c2c0bfb927b8fcaedae04745a44f101a7
experiments/phase1_runs/metabolic_trace/trace_m2_n256_s2/blocked_symbols.csv,2416,c1c741639ac0c4198d7bab578c1e5320f815bddbcb96d1c10c1459332aa1a94d
experiments/phase1_runs/metabolic_trace/trace_m2_n256_s2/config.json,316,7b2da778897f72b7bc72b101e4daf055ed1a51f57660b02fc3aa128fcf8482cd
experiments/phase1_runs/metabolic_trace/trace_m2_n256_s2/epochs.csv,1574165,f504fcaf313942253723544ac2fadd8c35b2776e475c2a6956177202e660ff59
experiments/phase1_runs/metabolic_trace/trace_m2_n256_s2/flow_edges.csv,723675,85d6e132c75e4b808cc7f07c5f3a98f8b9cd2b7ddc6a4e631378400342219f71
experiments/phase1_runs/metabolic_trace/trace_m2_n256_s2/manifest.json,1053,b19aaf0216ddba812f0035b6079dab24a7b22036233238877f585e1246fefbdb
experiments/phase1_runs/metabolic_trace/trace_m2_n256_s2/sampled_token_events.csv,1514493,1676a63d6a22759b7e1e659db7b3f91634437ce46406635aa16e23f23de1bb7a
experiments/phase1_runs/metabolic_trace/trace_m2_n256_s2/token_summary.csv,571163,76799055860fd79d7e13b0a43653b4316f4eb3b518dd8dbde8dec8211bccef3a
experiments/phase1_runs/metabolic_trace_benchmark/trace_m2_n256_s0/aggregate.csv,3864,5922b05489b1dadc2c7aec4933c1cffd5573252b8684ec8d649d58c928de2ec8
experiments/phase1_runs/metabolic_trace_benchmark/trace_m2_n256_s0/blocked_symbols.csv,2256,de7abde15d2cde0bc071eadf10408d9ebfdda3c9a5ff19d457c06adad19e4532
experiments/phase1_runs/metabolic_trace_benchmark/trace_m2_n256_s0/config.json,315,519200240f5b2834a5d6fa07fa38fb238b8355ccbcaddea87088b7afc30e24d6
experiments/phase1_runs/metabolic_trace_benchmark/trace_m2_n256_s0/epochs.csv,151283,534ec7225109cf3eafc8762a32a23db54b5832c047c877c5c516c498e643125a
experiments/phase1_runs/metabolic_trace_benchmark/trace_m2_n256_s0/flow_edges.csv,527938,592596356fefb8664fb9ae0549048a6293e498d127e80c90c7241708365ca9ed
experiments/phase1_runs/metabolic_trace_benchmark/trace_m2_n256_s0/manifest.json,1049,dbf49a3de92642551e3e9955ee802fd20775873d841dc20337897011a48f7e48
experiments/phase1_runs/metabolic_trace_benchmark/trace_m2_n256_s0/sampled_token_events.csv,172942,5c0ab0290e8da85327ef47903f736452f1d645a7738ffdf6104e3923d2aafeca
experiments/phase1_runs/metabolic_trace_benchmark/trace_m2_n256_s0/token_summary.csv,246243,bae4afcc42c04f07a9d11e72b39dbfecdb1c2659a6302ada36ac6a4ab38bf600
experiments/phase1_runs/metabolic_trace_windows/trace_m0p5_n256_s0/aggregate.csv,34919,a1e81a9fc8eda1bfc958a7dba114417c766ef6d0fbda157f598464575a934c40
experiments/phase1_runs/metabolic_trace_windows/trace_m0p5_n256_s0/blocked_symbols.csv,2852,fc24257fcdff195cf100f1334167ebf4dbd6d2bdf1e92af153c37545a76105da
experiments/phase1_runs/metabolic_trace_windows/trace_m0p5_n256_s0/config.json,339,567c4a88a37174e7650f4188a0ad9c0f30f744df26d536d3648eee8c91bad893
experiments/phase1_runs/metabolic_trace_windows/trace_m0p5_n256_s0/epochs.csv,1708227,249d921e1ffdc3ca539b116b0b101650fcedfd4796574420517ce3cf9d477461
experiments/phase1_runs/metabolic_trace_windows/trace_m0p5_n256_s0/flow_edges.csv,717190,2a5cf8a1b52cc443a60d1ed2c4ad6bce597091a983ed3997eb3a7742b8b28fbe
experiments/phase1_runs/metabolic_trace_windows/trace_m0p5_n256_s0/flow_edges_windows.csv,9113389,25ee6cc8aea80575b44b7c6507efab9ba370041e4ae09cb19c7aad2100279d3f
experiments/phase1_runs/metabolic_trace_windows/trace_m0p5_n256_s0/manifest.json,1110,158fe675b3431b32cfd9e3fcd906959825bd4013dbeb71d60f1ee6b6a8c5cc99
experiments/phase1_runs/metabolic_trace_windows/trace_m0p5_n256_s0/sampled_token_events.csv,1253366,43b593bb1563b7967049096b86870095c663b6d5d87b4db2f8f8030b6ec6c513
experiments/phase1_runs/metabolic_trace_windows/trace_m0p5_n256_s0/token_summary.csv,400327,3ec1d12d7aeb15f975f5bf6020a95e45711bee0dfb71384a20f20747750d57ed
experiments/phase1_runs/metabolic_trace_windows/trace_m0p5_n256_s1/aggregate.csv,35088,7f051179499e275788c5cffed847555f49354c45340c7ff7f168756661b89a9d
experiments/phase1_runs/metabolic_trace_windows/trace_m0p5_n256_s1/blocked_symbols.csv,2872,bffd3eecebbbd0915096951c90f6ffda7dd72259909b84c61ace93851398458d
experiments/phase1_runs/metabolic_trace_windows/trace_m0p5_n256_s1/config.json,339,866f913c722b003b2a06185890c27879f85b4e7810d9a9f3f58c7e265f5c09b0
experiments/phase1_runs/metabolic_trace_windows/trace_m0p5_n256_s1/epochs.csv,1751765,b6d6d0b78e61d68b06335af881b561ef63719d0364cbee5e6884825765f1dc23
experiments/phase1_runs/metabolic_trace_windows/trace_m0p5_n256_s1/flow_edges.csv,723124,516fc9b1972fbb833cc19b955dac8107f9eb85b8df59176130aae8387e38eb61
experiments/phase1_runs/metabolic_trace_windows/trace_m0p5_n256_s1/flow_edges_windows.csv,10019604,e4ecece5a8e2e3c9e33e9d69e32fad7e83d17e139d8e4f89a24cd6166d83b246
experiments/phase1_runs/metabolic_trace_windows/trace_m0p5_n256_s1/manifest.json,1110,1a540c6bb9470d7c2e31e566cf08071c51c15a8ad718f74eb9137014675eded4
experiments/phase1_runs/metabolic_trace_windows/trace_m0p5_n256_s1/sampled_token_events.csv,1532817,a8e29a011e3ee12524628bd70918ed8009208952529f43443ac85de6db0a25e9
experiments/phase1_runs/metabolic_trace_windows/trace_m0p5_n256_s1/token_summary.csv,407007,e77ff69bc7a6fafac60e57c4010db1e6daaf41fdfe30d72398d9a8d0c73a6c77
experiments/phase1_runs/metabolic_trace_windows/trace_m0p5_n256_s2/aggregate.csv,35113,3d85bd1f05da23766d1cef3f6d9c78b2aee88509d6f874f6393435d2bc6b1a13
experiments/phase1_runs/metabolic_trace_windows/trace_m0p5_n256_s2/blocked_symbols.csv,2832,ef54cb9897376db40f581f76cb1a4d7427f18492d287dc7fc7fa4e30148f30ba
experiments/phase1_runs/metabolic_trace_windows/trace_m0p5_n256_s2/config.json,339,1e654da0c387dac169ae9d8adc322702fbe2fe2ecc5551e670ce128475003fd9
experiments/phase1_runs/metabolic_trace_windows/trace_m0p5_n256_s2/epochs.csv,1718976,edfc0702a53d6b66098baee1b784e5bf9d9de8c7e097a7a79edc54cda1687c57
experiments/phase1_runs/metabolic_trace_windows/trace_m0p5_n256_s2/flow_edges.csv,714501,d29077fa660866dce840f1c476ddbc656ce549ff85f73742d564b7db9276a0f0
experiments/phase1_runs/metabolic_trace_windows/trace_m0p5_n256_s2/flow_edges_windows.csv,8729658,6b28af6cb706f938f01705925a758bdf2dad3402cf7176be99acd71ee439c6fe
experiments/phase1_runs/metabolic_trace_windows/trace_m0p5_n256_s2/manifest.json,1111,0600809170d19657acd25776f59caa468df7b4ad5fbd891a13d6587884347aaa
experiments/phase1_runs/metabolic_trace_windows/trace_m0p5_n256_s2/sampled_token_events.csv,2048624,0cdf825f0ac5a4aaecb852e252840073cb576737a623e46c9b3155a856876d8b
experiments/phase1_runs/metabolic_trace_windows/trace_m0p5_n256_s2/token_summary.csv,397237,349ce6d5d6e2dd7d22097ada46f0b395a967357cbb1b91a1a5eeff3cb33f229d
experiments/phase1_runs/metabolic_trace_windows/trace_m16_n256_s0/aggregate.csv,35883,92979842e691d8318a6bfd238e850b09fe5f698fcc142218a37a5d9272c06c44
experiments/phase1_runs/metabolic_trace_windows/trace_m16_n256_s0/blocked_symbols.csv,2241,8c744334b9f972900b23189b04adfa21f8b4a96cc78886848a86ea005c67725d
experiments/phase1_runs/metabolic_trace_windows/trace_m16_n256_s0/config.json,340,0bef851ebc8c3b468588ef5d9764110bfbef60f24b76d164a562d6a878a7d8e8
experiments/phase1_runs/metabolic_trace_windows/trace_m16_n256_s0/epochs.csv,1554500,4e92e0a2d5bf5f0c08b34e2a59cd85e3e67b9ee5786a3ab83f1e8bb644fa3ef3
experiments/phase1_runs/metabolic_trace_windows/trace_m16_n256_s0/flow_edges.csv,735473,f37c88e65d1481f6398728ea0bd28d84d29201329000fc9882d06e0d0ef9bbd7
experiments/phase1_runs/metabolic_trace_windows/trace_m16_n256_s0/flow_edges_windows.csv,14441375,5a1aaaf3b18880672ad53f16794f5b21ea2963338e94b6bec8c49ee52ac41134
experiments/phase1_runs/metabolic_trace_windows/trace_m16_n256_s0/manifest.json,1111,970d054a2d83a9f0d10d58f9fd2d713bfa89bb13aa94b21a911fad116e9f7eb6
experiments/phase1_runs/metabolic_trace_windows/trace_m16_n256_s0/sampled_token_events.csv,4965655,f9392497b71e4e6b5df956c073d84424e12badad95b540e59fc0e865157d877b
experiments/phase1_runs/metabolic_trace_windows/trace_m16_n256_s0/token_summary.csv,866755,1e95554db648922ad190263dc18010c7ff2e467807677ed1b50f962ae279a9a8
experiments/phase1_runs/metabolic_trace_windows/trace_m16_n256_s1/aggregate.csv,35894,86dd340949a6163155364ab1a9895a5d5cad1b426f796d11a67d1c3411c674e1
experiments/phase1_runs/metabolic_trace_windows/trace_m16_n256_s1/blocked_symbols.csv,2241,938eda9d1f9c1ccf1eaf512e0d448eca0c9dc8c6e9405cbb9bc9a94a608e2022
experiments/phase1_runs/metabolic_trace_windows/trace_m16_n256_s1/config.json,340,a381dccebb09cc8fd4bfefee59afbb298e101ee9ad66e585dff23eae1b67471f
experiments/phase1_runs/metabolic_trace_windows/trace_m16_n256_s1/epochs.csv,1548305,11480f80d2d2e2d17e726f76b16d08157b6f782f440fbd0c726bf0f15866ffcf
experiments/phase1_runs/metabolic_trace_windows/trace_m16_n256_s1/flow_edges.csv,732873,e435ac0936a12dfb89d6781809f01dfc4ff73669f991e742cfc4e2dba69145c0
experiments/phase1_runs/metabolic_trace_windows/trace_m16_n256_s1/flow_edges_windows.csv,13552641,a9c2350637288a01a5aae0f17b820fc1293dfdc7044187e57701dbdcfebd1a91
experiments/phase1_runs/metabolic_trace_windows/trace_m16_n256_s1/manifest.json,1110,c2e262d730d39d87d1f93949eb3966c82ee934ea8c11c0ef46c4909c97853ba3
experiments/phase1_runs/metabolic_trace_windows/trace_m16_n256_s1/sampled_token_events.csv,2937898,2e6400549f4b7ecc9c8220c784023e5bb046b165942da8099c1002b2abe9bb10
experiments/phase1_runs/metabolic_trace_windows/trace_m16_n256_s1/token_summary.csv,818525,ad674808fd8766bea77d50545960890f4c330050b3a359c0e3fcf70efdb2507e
experiments/phase1_runs/metabolic_trace_windows/trace_m16_n256_s2/aggregate.csv,35994,4c50fae3ab8255da66890911a42c4e0b4ba50e019197c6b16fa121addbff53b9
experiments/phase1_runs/metabolic_trace_windows/trace_m16_n256_s2/blocked_symbols.csv,2243,4354cd0ba1bb03c7aacad099d345435897c18a4ca67e0220c0f51326afcc7e04
experiments/phase1_runs/metabolic_trace_windows/trace_m16_n256_s2/config.json,340,c99f85d9f4d3751b7398071c7d7aa3e2f45e37294be860ef44c2874f9afaf7da
experiments/phase1_runs/metabolic_trace_windows/trace_m16_n256_s2/epochs.csv,1568914,68ac1c5546368b4ea2e007e74784cbd4cc4710cd555ec28cc544002e637798bd
experiments/phase1_runs/metabolic_trace_windows/trace_m16_n256_s2/flow_edges.csv,733882,6e878d06c7c55f9b6c5068e0965432ed7dd9a1f5ebbead58918552b6d4f7f065
experiments/phase1_runs/metabolic_trace_windows/trace_m16_n256_s2/flow_edges_windows.csv,14257442,b3ad7847ce6d7a26029cb7462ddb99e473583807fb705b19e5b2b2207cf1ef79
experiments/phase1_runs/metabolic_trace_windows/trace_m16_n256_s2/manifest.json,1111,cc99139e2bdb5ccc26deb8293c8767d2d31952d214295353cf76b5502264a2c9
experiments/phase1_runs/metabolic_trace_windows/trace_m16_n256_s2/sampled_token_events.csv,3894805,483d2ae0b830cf3e2dfd609caa87e3b163ab5656faedc8b090b10e8f4aead50c
experiments/phase1_runs/metabolic_trace_windows/trace_m16_n256_s2/token_summary.csv,816339,0c8fd0f445c4652e15be923758a535dfa3beaf5cb087ea45b588d0b5abe92174
experiments/phase1_runs/metabolic_trace_windows/trace_m2_n256_s0/aggregate.csv,35374,f6422ee83d53b139c2271c839c39d741be3c2bc1a7354d6bf3e521a844c022ba
experiments/phase1_runs/metabolic_trace_windows/trace_m2_n256_s0/blocked_symbols.csv,2404,9f4f37960c1d86ac644310839ff97bf6dcde05007e789569f45931a7e364d34d
experiments/phase1_runs/metabolic_trace_windows/trace_m2_n256_s0/config.json,339,6af7bfcdf0c137145a8f52d88f61ced0e3362a33fb76b13262ccc2a741484da7
experiments/phase1_runs/metabolic_trace_windows/trace_m2_n256_s0/epochs.csv,1569950,b766e9998918973cd53fbc827f1f8a4f878d3569ac034bc2f52506e834ba8747
experiments/phase1_runs/metabolic_trace_windows/trace_m2_n256_s0/flow_edges.csv,724372,98c7edc39256ede56271675969d8b98049413984aafea5d761c9143ee99bfd10
experiments/phase1_runs/metabolic_trace_windows/trace_m2_n256_s0/flow_edges_windows.csv,10323932,ee6e2f8d5af44c134d783fe7787f7317256d596c16c10b7aa277310c2b72f7a4
experiments/phase1_runs/metabolic_trace_windows/trace_m2_n256_s0/manifest.json,1109,fff63f7aae6d223bb9dafb7cacb155dbb1af90ffe10914657cdcf3f674ccf026
experiments/phase1_runs/metabolic_trace_windows/trace_m2_n256_s0/sampled_token_events.csv,1469818,4d2e9b0e30c64083b1dd6cbd8faad6b544a700f988c733be18cadd2d9fe1c795
experiments/phase1_runs/metabolic_trace_windows/trace_m2_n256_s0/token_summary.csv,580471,209835d022b646670c5dc67689587c943587e9cdc9e562777ec4435dfd30e221
experiments/phase1_runs/metabolic_trace_windows/trace_m2_n256_s1/aggregate.csv,35272,9e1bed5d9b5b29cce1d56c4aa4ed7218e70971d5a9e3fb94637d6d61e671b676
experiments/phase1_runs/metabolic_trace_windows/trace_m2_n256_s1/blocked_symbols.csv,2391,90e15d03993979bca64df29ff3ff4583af02a07e7e667e62ae22344ab1e52314
experiments/phase1_runs/metabolic_trace_windows/trace_m2_n256_s1/config.json,339,50b63473d9fdffbecb6f058fdcba1e04430d9167e2adfa3b55c7375e5f49471b
experiments/phase1_runs/metabolic_trace_windows/trace_m2_n256_s1/epochs.csv,1570241,c51cb9f5e82dd475052b30f5f28f04fbc135cc8d73bca38bbe41b367c6ee8a50
experiments/phase1_runs/metabolic_trace_windows/trace_m2_n256_s1/flow_edges.csv,723868,7664e2187777befe3f2d9a4c3ccaafd903e1b5b841b69407ca740a6017b49cd1
experiments/phase1_runs/metabolic_trace_windows/trace_m2_n256_s1/flow_edges_windows.csv,10179189,657ae37dccb0b3d22f7f0871666da0721a05bc01a43f5ad8bf46dd4d01a06088
experiments/phase1_runs/metabolic_trace_windows/trace_m2_n256_s1/manifest.json,1109,198e84da938529dde2ffb7183e480a4278b5bd1d462273a8e8d84303e0b9ac6a
experiments/phase1_runs/metabolic_trace_windows/trace_m2_n256_s1/sampled_token_events.csv,1555697,6e2dd3f4bcbf54c63f783a1f05e2e1ad366df33ae909b4deb8d004e69abf3f2d
experiments/phase1_runs/metabolic_trace_windows/trace_m2_n256_s1/token_summary.csv,567614,d8234ee2a6dfacb3219a71fa82d3c9b3ab4197a7ce57566a1f1d78e88c36776a
experiments/phase1_runs/metabolic_trace_windows/trace_m2_n256_s2/aggregate.csv,35314,80931c1a493cd5be9b111efa5301fd5c6a97996be6363829a82965319837b7d5
experiments/phase1_runs/metabolic_trace_windows/trace_m2_n256_s2/blocked_symbols.csv,2416,c1c741639ac0c4198d7bab578c1e5320f815bddbcb96d1c10c1459332aa1a94d
experiments/phase1_runs/metabolic_trace_windows/trace_m2_n256_s2/config.json,339,9be26e0d9364f49465d3945d64bb515fb20358fdcc2e4e0a6ee0444b713283d2
experiments/phase1_runs/metabolic_trace_windows/trace_m2_n256_s2/epochs.csv,1574165,f504fcaf313942253723544ac2fadd8c35b2776e475c2a6956177202e660ff59
experiments/phase1_runs/metabolic_trace_windows/trace_m2_n256_s2/flow_edges.csv,723675,85d6e132c75e4b808cc7f07c5f3a98f8b9cd2b7ddc6a4e631378400342219f71
experiments/phase1_runs/metabolic_trace_windows/trace_m2_n256_s2/flow_edges_windows.csv,10061032,adc92e91ef3c6ad8b943d6a28f63fa4cd6e459177692738282ac5ba5b1971aec
experiments/phase1_runs/metabolic_trace_windows/trace_m2_n256_s2/manifest.json,1109,7d406c51850cfa50fbe5e6689c914ee369f285b10e55a89c6a4c9e1193ecfd4c
experiments/phase1_runs/metabolic_trace_windows/trace_m2_n256_s2/sampled_token_events.csv,1514493,1676a63d6a22759b7e1e659db7b3f91634437ce46406635aa16e23f23de1bb7a
experiments/phase1_runs/metabolic_trace_windows/trace_m2_n256_s2/token_summary.csv,571163,76799055860fd79d7e13b0a43653b4316f4eb3b518dd8dbde8dec8211bccef3a
experiments/phase1_runs/pool_initialization/p1_m0p1_n256_s0_uniform/aggregate.csv,47263,ba4a8fa8b98f28b049e29a75cf0835374a958c432c2c4538426432226f308fc0
experiments/phase1_runs/pool_initialization/p1_m0p1_n256_s0_uniform/config.json,336,8b8063796d0007d1a5084464205770f61a060636e79f03f4e3991673853b4b97
experiments/phase1_runs/pool_initialization/p1_m0p1_n256_s0_uniform/manifest.json,804,968513d576aa81c7a73960aaca70fbf40b1cdaeb47a2404f1b8090f31e13d93b
experiments/phase1_runs/pool_initialization/p1_m0p1_n256_s0_uniform/symbols.csv,2020854,a23539e9103dc445a309d3d6666befcd78bc4de517a1003a1bac19323645de85
experiments/phase1_runs/pool_initialization/p1_m0p1_n256_s0_uniform/writes.csv,1396842,74bca2bc855a910a5a8804d12b4ee259f1b3568e064a45810de353de20c8efc6
experiments/phase1_runs/pool_initialization/p1_m0p1_n256_s1_uniform/aggregate.csv,47221,52051c899c68d6366ccd2e9e98a4d85bd3b48fb31f11ea69fa4a063e94ae5e1b
experiments/phase1_runs/pool_initialization/p1_m0p1_n256_s1_uniform/config.json,336,c0c168d6bee5f8a6a776f2b693c3ede28eca8caaa15f79a1dca51791dc9abaf3
experiments/phase1_runs/pool_initialization/p1_m0p1_n256_s1_uniform/manifest.json,805,966ac379f7d923d841584ed06033a5d70f2a94d548797cab17f389b9da210de5
experiments/phase1_runs/pool_initialization/p1_m0p1_n256_s1_uniform/symbols.csv,2014483,e2fa70fddbbbb46570733062888cbb8a3c66e9a161a3f8373e2e510c7b21a067
experiments/phase1_runs/pool_initialization/p1_m0p1_n256_s1_uniform/writes.csv,1386458,e7e9e7d7e2516aef5b824d5b83e2d17edf775f1d441402cdee9a18e8e1f760c6
experiments/phase1_runs/pool_initialization/p1_m0p1_n256_s2_uniform/aggregate.csv,47208,5d8da6bedec2067c4500ae3fd0bab284e7fbbaef66bbbaf8f7a124adb16dc5ed
experiments/phase1_runs/pool_initialization/p1_m0p1_n256_s2_uniform/config.json,336,d0b4090e20c058e18540f8b44fdb11a82506c737b9f40a212a33ae517b595231
experiments/phase1_runs/pool_initialization/p1_m0p1_n256_s2_uniform/manifest.json,805,4a893b3b6d71dca8557c64b0d82e55daaac908b364424d938295bfeb014052f0
experiments/phase1_runs/pool_initialization/p1_m0p1_n256_s2_uniform/symbols.csv,2043714,7b086ae3f2ee8328656073cdab80d2947011844bb1eb7e64cec95b2d6cb19b8e
experiments/phase1_runs/pool_initialization/p1_m0p1_n256_s2_uniform/writes.csv,1381014,73a2fe8ea7b87f718af116d0e0567e2e62d0bd076f3d382a925314cf84e25341
experiments/phase1_runs/pool_initialization/p1_m0p1_n256_s3_uniform/aggregate.csv,47210,bb1013d168c34c11f2730cc61f444040b8cdcea90871972aff15aaa3006b7b7e
experiments/phase1_runs/pool_initialization/p1_m0p1_n256_s3_uniform/config.json,336,80cc1acd90effc31009b24e6b1d8be8a7c5ab50f661b540f6d18011aa2dcc1d0
experiments/phase1_runs/pool_initialization/p1_m0p1_n256_s3_uniform/manifest.json,805,efc79d7fb45bf41014d5b0a9bd6037e1e088d73082e4233d85a287162ce81057
experiments/phase1_runs/pool_initialization/p1_m0p1_n256_s3_uniform/symbols.csv,2028703,7465dc70ad87fa7dfeabdd36f5782d805ff8f248eba275d37439fa78e0901179
experiments/phase1_runs/pool_initialization/p1_m0p1_n256_s3_uniform/writes.csv,1388731,48c2f00892bccceeda741b4e130f01808fc7448cc2f8f60e00e77378b837e877
experiments/phase1_runs/pool_initialization/p1_m0p1_n256_s4_uniform/aggregate.csv,47277,ea1aa5ccadcc1895ccfb55e464f8a089080902f24b1a34378198c764ff5af3f9
experiments/phase1_runs/pool_initialization/p1_m0p1_n256_s4_uniform/config.json,336,9b29844d6840c4f3dc12a18073b2723ead3aac15cb59b5b4e5e49e3f9806ea55
experiments/phase1_runs/pool_initialization/p1_m0p1_n256_s4_uniform/manifest.json,805,3e0b14f2bf9b37a98aeefe15548b63d9aaea81ec560a6f1fd0436115c5a01846
experiments/phase1_runs/pool_initialization/p1_m0p1_n256_s4_uniform/symbols.csv,2038970,34cfa577b22b7b193f31ef897ecbcc562474a85905ced589e2dd529fa243e4c1
experiments/phase1_runs/pool_initialization/p1_m0p1_n256_s4_uniform/writes.csv,1386521,75fb87688152fdbaf97ef16da34b2cc345938b198ab9c59f5f9f9913a9af676d
experiments/phase1_runs/pool_initialization/p1_m0p5_n256_s0_uniform/aggregate.csv,46597,78750e891c651b90be3e19a436222859a6d73fd5574a3365edb3d649c17413ce
experiments/phase1_runs/pool_initialization/p1_m0p5_n256_s0_uniform/config.json,336,a209ba64453b38ef227ea6c57e3e882eeb42f2a18753b819af308d4d032524e2
experiments/phase1_runs/pool_initialization/p1_m0p5_n256_s0_uniform/manifest.json,803,a5d36f156c59ccafe4f363fdd3f8cd0f2c0b5b0e7f16b585c1d3e0f99dd548d9
experiments/phase1_runs/pool_initialization/p1_m0p5_n256_s0_uniform/symbols.csv,2028982,f9937f03945a3145a96f341784772e3d1dd9ec059188b35f02bfd6616cf7b887
experiments/phase1_runs/pool_initialization/p1_m0p5_n256_s0_uniform/writes.csv,1312745,fdc807a65de420ac4f25a471a09eac6935b6a4ba3caeeed7417d3421aeeb6c31
experiments/phase1_runs/pool_initialization/p1_m0p5_n256_s1_uniform/aggregate.csv,46637,cef3a1838a002a60fbb48e8b077343e7e033cad1aa6c3b12a5818fff3cbe0f9a
experiments/phase1_runs/pool_initialization/p1_m0p5_n256_s1_uniform/config.json,336,bff3eb1bc2f494611ecd1bcf4f6378a4c41bc80cd68901c56b3cb3a21bbadd73
experiments/phase1_runs/pool_initialization/p1_m0p5_n256_s1_uniform/manifest.json,804,3509ee5f34752eec944716feeccc924334c5d90a4003df8ecea2ebe75b9a09bd
experiments/phase1_runs/pool_initialization/p1_m0p5_n256_s1_uniform/symbols.csv,1995899,21d21e1c1bf2686f9ea519052044c527aebe6a2d8dcf1b84fdffbbd07b2a4597
experiments/phase1_runs/pool_initialization/p1_m0p5_n256_s1_uniform/writes.csv,1294609,03d96e5b496946d6e5a87924eb4ded009f2209d406a2babcc1c7969aa299ca0d
experiments/phase1_runs/pool_initialization/p1_m0p5_n256_s2_uniform/aggregate.csv,46582,3697d3b3597579307da9d790cf4ec7d582739ba9baf54cec9f5c5b6504d598d0
experiments/phase1_runs/pool_initialization/p1_m0p5_n256_s2_uniform/config.json,336,7546f86a011eed41eb3b131489d0f0cb013d552a64be6b70ef5d007dcae858ee
experiments/phase1_runs/pool_initialization/p1_m0p5_n256_s2_uniform/manifest.json,804,5da60221fdaa1e5c633e09ff15b4e69acf36b2f06f21e5489a2b1c4e1349052d
experiments/phase1_runs/pool_initialization/p1_m0p5_n256_s2_uniform/symbols.csv,2023104,31838d80514ee56dc037d021506d54e48404e38314066faa6073a457ce83a8d6
experiments/phase1_runs/pool_initialization/p1_m0p5_n256_s2_uniform/writes.csv,1283953,915f69bfdad04e5e74e94d9560edec2e15dbb6d3160e560b8e489b7a438f08f7
experiments/phase1_runs/pool_initialization/p1_m0p5_n256_s3_uniform/aggregate.csv,46823,974c1c6540be77d847dceb9b4eb971495dcf515b666e955ac459b8e3d2909417
experiments/phase1_runs/pool_initialization/p1_m0p5_n256_s3_uniform/config.json,336,bdc4618fcb882320974bad8590fd282c25c4bc039d7cd1113f4b7c3a70087a9c
experiments/phase1_runs/pool_initialization/p1_m0p5_n256_s3_uniform/manifest.json,805,cf5eabb7707814a76295c12e43c91defdaf68a3ff64ddec6f79e66d664ad8fb7
experiments/phase1_runs/pool_initialization/p1_m0p5_n256_s3_uniform/symbols.csv,2038822,b1b7af68db084e669ba28e8c949f189bd6538e5e93d9c0ad76b9df0cf8d12ef8
experiments/phase1_runs/pool_initialization/p1_m0p5_n256_s3_uniform/writes.csv,1315584,436073c73fdf903b167caf003b0813f3859de95d7c328ce0786476fb68d1379f
experiments/phase1_runs/pool_initialization/p1_m0p5_n256_s4_uniform/aggregate.csv,46583,30ba5f32ef21fec3277b26b606bd9ebe517afb28a8a4e450378b13d2a25c3835
experiments/phase1_runs/pool_initialization/p1_m0p5_n256_s4_uniform/config.json,336,b542bb9d44b7424f98bca874d8e3a4ad3cbb7745461310e4f803c28298e1809c
experiments/phase1_runs/pool_initialization/p1_m0p5_n256_s4_uniform/manifest.json,804,b5afd5a64b4d1e48804a24f5e1ddb1c4d21b9ebdb77bf5ae0dbcd2be00965e01
experiments/phase1_runs/pool_initialization/p1_m0p5_n256_s4_uniform/symbols.csv,2013280,caf38a8342e437f157cd1b2fc9665030634199ea72130bd7ef287f2ed1c5652d
experiments/phase1_runs/pool_initialization/p1_m0p5_n256_s4_uniform/writes.csv,1316368,6c0f8c9672db845dac9cffb3eb4d7df3674b929b7864bb14c515df3ddfb6f8ae
experiments/phase1_runs/scale/p1_m0p5_n4096_s0/aggregate.csv,50969,ed1fdd7f297941d50956e800d9fffb32ace52a46ab5c4d2986a8fb1e1cc35e1d
experiments/phase1_runs/scale/p1_m0p5_n4096_s0/config.json,311,bf3d18af0028acc8c57d24ab362c8a3b450b4db3384fdbc79ab04319ad233030
experiments/phase1_runs/scale/p1_m0p5_n4096_s0/manifest.json,773,65a00e75877eaf627acff6f7c887da851392b2e09e7ce0509b76f73a18e1d234
experiments/phase1_runs/scale/p1_m0p5_n4096_s0/symbols.csv,2319132,f8193fe215b2f01f67cfa9c4c505f7cebc572a67d017828c2e4cde29f9251166
experiments/phase1_runs/scale/p1_m0p5_n4096_s0/writes.csv,1463294,5cff7472c4950d871acbcfc444d1fe2464b4a78a7bdbec5dc86e5f015fbd9298
experiments/phase1_runs/scale/p1_m0p5_n4096_s1/aggregate.csv,51015,a139901836b854724394403acfdf076960e1b1aa9ad17046242e174c4e4375c3
experiments/phase1_runs/scale/p1_m0p5_n4096_s1/config.json,311,60ba13ea6b9b10a8a7a76a267a829805fc8863ff243c15b2335a286427333c99
experiments/phase1_runs/scale/p1_m0p5_n4096_s1/manifest.json,772,86d3bda6d4bb216bea80d59b6466dfa204ac9e8f24e067e0a8eabbb0516a6494
experiments/phase1_runs/scale/p1_m0p5_n4096_s1/symbols.csv,2349363,e09ace6f12e33928471d70fa12e82a62d300f9c417395217c7f0386e81145c49
experiments/phase1_runs/scale/p1_m0p5_n4096_s1/writes.csv,1469915,ee1a9d604f55747f2ce8c3e3ef691992abb5ede641c296553f3fdf19f2d4cb01
experiments/phase1_runs/scale/p1_m0p5_n4096_s2/aggregate.csv,51079,93803e1294240e28d854ac8625c525ed47deeaa39dd27c4c46b79eb008b5b3ab
experiments/phase1_runs/scale/p1_m0p5_n4096_s2/config.json,311,d18d62a48e2cdec0be22222e5ca515aa1ee2a02cf5d84c20601a1dac33f51073
experiments/phase1_runs/scale/p1_m0p5_n4096_s2/manifest.json,772,51786d5988bea069b473c048c851e4bf97e35a10afa4cdc02b097a0863ac44c4
experiments/phase1_runs/scale/p1_m0p5_n4096_s2/symbols.csv,2332629,86a8a127624c62b7e82db60ec5247b0d625fad395383945f2388829de06a9173
experiments/phase1_runs/scale/p1_m0p5_n4096_s2/writes.csv,1470175,cfc9c1a852b341fa5ac0d70d7e2279a04327e550f07c2945d229f29c0bd9fb98
experiments/phase1_runs/scale/p1_m16_n4096_s0/aggregate.csv,50470,88fcc66be81dc3189df680529ed41a97ea507d130a087dfaa16ba89d129f1f1a
experiments/phase1_runs/scale/p1_m16_n4096_s0/config.json,312,c40abb148e315be4e5faa6fc1f9402cfc4c91e79f66ffc0648ae3e2168892d7a
experiments/phase1_runs/scale/p1_m16_n4096_s0/manifest.json,774,ce5953b201506571fbf74c32d9a915bdde4d74cc15f7eac2b0c9bf3ad2a78db7
experiments/phase1_runs/scale/p1_m16_n4096_s0/symbols.csv,2599951,05b3e6e45ce6748460f60dd024b9b34c23b8e399f3f57eb1dfa1fe7620fa60f2
experiments/phase1_runs/scale/p1_m16_n4096_s0/writes.csv,1187427,be81d5f46ff44960f31d9d9ea98fabae69b242d93fe60c3c19d0f9b5ebb94da7
experiments/phase1_runs/scale/p1_m16_n4096_s1/aggregate.csv,50260,24b995ec1156d2a862552bd6aa623c16b78e8071f5fe72af7d18ed255b318aee
experiments/phase1_runs/scale/p1_m16_n4096_s1/config.json,312,a8a47602dbd29d728336bfdb1e2d5d302299818cb5c983b1ae2f0916c463d311
experiments/phase1_runs/scale/p1_m16_n4096_s1/manifest.json,773,f5c8e32f10801d72ab651a08fd5c5c444518170611968df019afa77b593a03b9
experiments/phase1_runs/scale/p1_m16_n4096_s1/symbols.csv,2604499,11c3ef25918b1166d434c9b59bea1994e0d197ed8299325f7854ca2b6b23fc05
experiments/phase1_runs/scale/p1_m16_n4096_s1/writes.csv,1179522,ca7a34686d8123814ba91c5fe0a1d3bc337de4323e6f8323c308b8e3560ab671
experiments/phase1_runs/scale/p1_m16_n4096_s2/aggregate.csv,50168,2a17cfa231ca068449943e747d2af4578d7d62b9f5fb7b6a5dab94084f20b384
experiments/phase1_runs/scale/p1_m16_n4096_s2/config.json,312,54603aa94b8a77f39656e01d0abbc6b17239a1e1603f8fa18fee1c27e5ca119e
experiments/phase1_runs/scale/p1_m16_n4096_s2/manifest.json,773,35b16f5ff209185d47a93667fe85e8f61eb0fbc0f7c004c8316155e4fb6b6a2b
experiments/phase1_runs/scale/p1_m16_n4096_s2/symbols.csv,2609343,a31e204a3128672f1fe389618faa020140a11f4d71497cf0c65764745ae6d1d2
experiments/phase1_runs/scale/p1_m16_n4096_s2/writes.csv,1177408,dcd3c6094b190725cc4960b6dfce871ca17fc7bbce0ce332225b0b5560739ecd
experiments/phase1_runs/scale/p1_m2_n4096_s0/aggregate.csv,50959,bbab46fa72fbc6f81accf2e6192ea03ee429b5f248c1da687e8401b6240e0c32
experiments/phase1_runs/scale/p1_m2_n4096_s0/config.json,311,b83cc11cdaca9c9c1989141590eefce9391c780c56f078a0bd8ce92650301feb
experiments/phase1_runs/scale/p1_m2_n4096_s0/manifest.json,770,b7f5aa113ef745757c7a41c0159172082bff4d8df0a1feebf4dfd9dea5c84a44
experiments/phase1_runs/scale/p1_m2_n4096_s0/symbols.csv,2439583,374dd607068d6a5283e78d6c046642a005391a265783d593c6f17dbcd4e55b4a
experiments/phase1_runs/scale/p1_m2_n4096_s0/writes.csv,1480975,dc1681bc16487333939e0d7107a8b1aced08134757609f12fd68aac8a1e68b25
experiments/phase1_runs/scale/p1_m2_n4096_s1/aggregate.csv,50989,f02d9abf88f758da4c55c839ea120746dc061302439a74e36d82d3262aed6186
experiments/phase1_runs/scale/p1_m2_n4096_s1/config.json,311,6dd7067b08ea12532bb96642b3bedaf09ff907ddd1d4321e3f26519f13b91bb5
experiments/phase1_runs/scale/p1_m2_n4096_s1/manifest.json,771,76fc848141f176f8eeaef5f1d82040019b3049d384de66fdea010dc6ec12a754
experiments/phase1_runs/scale/p1_m2_n4096_s1/symbols.csv,2446843,c2ed08c32fc0199c566ac459d17928c5430921b22ae543a4c7f6b52adba1816d
experiments/phase1_runs/scale/p1_m2_n4096_s1/writes.csv,1472433,a5cb2028a1dac432160776a490fca0e2c887e7feb68469853451f9440cca0a7f
experiments/phase1_runs/scale/p1_m2_n4096_s2/aggregate.csv,50928,f2e3ee54e62d9f750eeb5990723c46074ab6dfc90a1b3886f58d084b4a44f511
experiments/phase1_runs/scale/p1_m2_n4096_s2/config.json,311,fc828eceb08a4c63bf6c6d8e1cf3d490322ef076932dfcf63533a9fbcee13578
experiments/phase1_runs/scale/p1_m2_n4096_s2/manifest.json,770,e9e18b803223c7efc75d0caf782b50a59670aae10658dbf930850faf8f17e20c
experiments/phase1_runs/scale/p1_m2_n4096_s2/symbols.csv,2449012,c63f4dad4bf1b88a450f7f0f956406a432cb390819ae6f95857d35fdc73e2376
experiments/phase1_runs/scale/p1_m2_n4096_s2/writes.csv,1468412,ed8235141d0ad9bfc6dd3178e3a03dc095caed759c4ebc8c6d4d18ef55e11561
experiments/phase1_runs/scale_benchmark/p1_m2_n4096_s0/aggregate.csv,5536,2eb195ac464826f864d0d6af4e6161324220a4df56a419cc492b99ef5b4bbacd
experiments/phase1_runs/scale_benchmark/p1_m2_n4096_s0/config.json,310,d7d4da9f78c3ccb5574c1f2dcfd2ebab0c47776e1ce459894eddb7c2afd2556b
experiments/phase1_runs/scale_benchmark/p1_m2_n4096_s0/manifest.json,769,4d99835c0891edbd2c43342a695ac376f30c9e9e3d0977b90dfe9f0f34c05c81
experiments/phase1_runs/scale_benchmark/p1_m2_n4096_s0/symbols.csv,228698,41c4051a21a27dd148e961f7b633cf51570e69241e9bdfb572783befc67e3a1b
experiments/phase1_runs/scale_benchmark/p1_m2_n4096_s0/writes.csv,133553,f6191529d794155282ef2f244eacdff7def14ae10cd3450320d614ce774f8681
experiments/phase1_runs/ski/20260812T063849.748013Z_e837341d07a8_0/analysis_conservation.parquet,3708,9917f323d7093daa999bca0125b695b9fd7f43d83a62a1ca375fb6fa18fc5a96
experiments/phase1_runs/ski/20260812T063849.748013Z_e837341d07a8_0/config.toml,2052,e837341d07a832bc1ac848765ae257f88d6be623fbd36115b2b9b66bc96270b6
experiments/phase1_runs/ski/20260812T063849.748013Z_e837341d07a8_0/effective_config.toml,2052,e837341d07a832bc1ac848765ae257f88d6be623fbd36115b2b9b66bc96270b6
experiments/phase1_runs/ski/20260812T063849.748013Z_e837341d07a8_0/events.parquet,2053,ea7d6ae192663ab40f9e70ea1eb36bf547bad21fabc55c508fccae0ea9f5a2c3
experiments/phase1_runs/ski/20260812T063849.748013Z_e837341d07a8_0/interactions.parquet,347590,b6fe70e705852add1a09f658ba8fc242220c599e2d7ed8d8fcee574275e9b88e
experiments/phase1_runs/ski/20260812T063849.748013Z_e837341d07a8_0/invariant_log.jsonl,0,e3b0c44298fc1c149afbf4c8996fb92427ae41e4649b934ca495991b7852b855
experiments/phase1_runs/ski/20260812T063849.748013Z_e837341d07a8_0/lineage.parquet,3786,1ec8e0ae9982e423c22dc3ce943d31d72953f444ea7bbae86f711c3b7dbd8d75
experiments/phase1_runs/ski/20260812T063849.748013Z_e837341d07a8_0/manifest.json,518,4315b2a4526cd81f8bb9b8b3070b73df10add45179f94162c7dc92fca3eba385
experiments/phase1_runs/ski/20260812T063849.748013Z_e837341d07a8_0/parameter_changes.jsonl,0,e3b0c44298fc1c149afbf4c8996fb92427ae41e4649b934ca495991b7852b855
experiments/phase1_runs/ski/20260812T063849.748013Z_e837341d07a8_0/population.parquet,318564,5d59558b2513e2d4d675deb82d10f8b0600f1a39f57778e1fa3d126fcfa0a587
experiments/phase1_runs/ski/20260812T063849.748013Z_e837341d07a8_0/stage1_report.md,547,705c1cb718f8be0c13e3e53ed14fcd063e94ca3301c4dd7022294da07f8096bc
experiments/phase1_runs/ski/20260812T063849.748013Z_e837341d07a8_0/tapes.parquet,301299,e66ccede4abc382a610edd8fb9ea572138e71484892f703da8582e60180bb767
experiments/phase1_runs/ski/20260812T063849.748013Z_e837341d07a8_0/ticks.parquet,209826,fe043cca5910f930b838c49e42cd7fb9a5e8e8571c347b5fa777a7c43715fcf4
experiments/phase1_runs/ski_determinism/first/config.toml,2048,08db1fcf0bd4c4ec2593ce1e0f1cca6a438d5486aa422cfaa19f41b7d4a25d29
experiments/phase1_runs/ski_determinism/first/effective_config.toml,2048,08db1fcf0bd4c4ec2593ce1e0f1cca6a438d5486aa422cfaa19f41b7d4a25d29
experiments/phase1_runs/ski_determinism/first/events.parquet,2053,ea7d6ae192663ab40f9e70ea1eb36bf547bad21fabc55c508fccae0ea9f5a2c3
experiments/phase1_runs/ski_determinism/first/interactions.parquet,235587,64d7ab4fad91093d5bfd8d81ba53f114753d15203c93aa21d1aa5f109eaee204
experiments/phase1_runs/ski_determinism/first/invariant_log.jsonl,0,e3b0c44298fc1c149afbf4c8996fb92427ae41e4649b934ca495991b7852b855
experiments/phase1_runs/ski_determinism/first/lineage.parquet,3786,1ec8e0ae9982e423c22dc3ce943d31d72953f444ea7bbae86f711c3b7dbd8d75
experiments/phase1_runs/ski_determinism/first/manifest.json,518,ed609332054deb0a8eaebb84d2e45d0d9496cb5fac0711eba77472d41ae4a5ed
experiments/phase1_runs/ski_determinism/first/parameter_changes.jsonl,0,e3b0c44298fc1c149afbf4c8996fb92427ae41e4649b934ca495991b7852b855
experiments/phase1_runs/ski_determinism/first/population.parquet,50270,da2933a28b6e718e45d0ff1516a46e8f597dd6866e658ff3bc2c01972398ce85
experiments/phase1_runs/ski_determinism/first/tapes.parquet,49095,44b52be0529ad10444a8da5bb79868e98cd8fbda39c1c7a2f055b6344afd7b16
experiments/phase1_runs/ski_determinism/first/ticks.parquet,7832,543ea13f7e4def330c173563eba4fd6511c306fab0e507834800b0145a6b2a88
experiments/phase1_runs/ski_determinism/second/config.toml,2048,08db1fcf0bd4c4ec2593ce1e0f1cca6a438d5486aa422cfaa19f41b7d4a25d29
experiments/phase1_runs/ski_determinism/second/effective_config.toml,2048,08db1fcf0bd4c4ec2593ce1e0f1cca6a438d5486aa422cfaa19f41b7d4a25d29
experiments/phase1_runs/ski_determinism/second/events.parquet,2053,ea7d6ae192663ab40f9e70ea1eb36bf547bad21fabc55c508fccae0ea9f5a2c3
experiments/phase1_runs/ski_determinism/second/interactions.parquet,235587,64d7ab4fad91093d5bfd8d81ba53f114753d15203c93aa21d1aa5f109eaee204
experiments/phase1_runs/ski_determinism/second/invariant_log.jsonl,0,e3b0c44298fc1c149afbf4c8996fb92427ae41e4649b934ca495991b7852b855
experiments/phase1_runs/ski_determinism/second/lineage.parquet,3786,1ec8e0ae9982e423c22dc3ce943d31d72953f444ea7bbae86f711c3b7dbd8d75
experiments/phase1_runs/ski_determinism/second/manifest.json,518,36b98b2ec2505647cfa57af105603d56c262a1d9f26df0d638552a001cfe9599
experiments/phase1_runs/ski_determinism/second/parameter_changes.jsonl,0,e3b0c44298fc1c149afbf4c8996fb92427ae41e4649b934ca495991b7852b855
experiments/phase1_runs/ski_determinism/second/population.parquet,50270,da2933a28b6e718e45d0ff1516a46e8f597dd6866e658ff3bc2c01972398ce85
experiments/phase1_runs/ski_determinism/second/tapes.parquet,49095,44b52be0529ad10444a8da5bb79868e98cd8fbda39c1c7a2f055b6344afd7b16
experiments/phase1_runs/ski_determinism/second/ticks.parquet,7832,543ea13f7e4def330c173563eba4fd6511c306fab0e507834800b0145a6b2a88
experiments/phase1_runs/validation_100k/p1_m2_n256_s0/aggregate.csv,47626,5b6e990f6b29cb19b86409f8817f0c47ba716256f1f7475a4ccbccc903f94806
experiments/phase1_runs/validation_100k/p1_m2_n256_s0/config.json,311,d78f83f4f5b49a825274ae517033fd253e5a6a229398b769aa0568b73c71e2eb
experiments/phase1_runs/validation_100k/p1_m2_n256_s0/manifest.json,769,21b1108f51120da235731e40d735be5265f7ecb801bd5042e7ee8850b4de78e3
experiments/phase1_runs/validation_100k/p1_m2_n256_s0/symbols.csv,2289783,29c967b9ac76065b13dfe6c462b417d58eef3ea8940d604b9d0ece1fd575e6f8
experiments/phase1_runs/validation_100k/p1_m2_n256_s0/writes.csv,5824539,c1f140da3cf046af87c14045d2c6376fc811a9354eeba5f250f7d3faf87f5cdc
experiments/replicator_length_study/results/forth-upstream-131072-seed-0/metrics.csv,534,a5f43ca98bae1700f6665f54ffb2fdd1442252397693b682fe875c3319e5710c
experiments/replicator_length_study/results/forth-upstream-default-131072-seed-0/metrics.csv,1155,44cc746d0c0d7816c64a942c5df6ac95988ee89a1cbc5d6b9d2d0cbce56aa943
experiments/replicator_length_study/results/forth-upstream-default-131072-seed-1/metrics.csv,1194,f957d1575cad95c4ea7f1f5976156c48f94e55f42bbf72a753d30c6aa4099235
experiments/replicator_length_study/results/forth-upstream-default-131072-seed-2/metrics.csv,1206,134b67179edec3a204aa640a0522864ed83ce6060d5940526a8f6db0fd597da1
experiments/replicator_length_study/results/forth-upstream-smoke/metrics.csv,90,7bed435dc34539b9766e95f613d01cecaf25a9289584e5965b160e9350880bab
experiments/replicator_length_study/results/guarded-copier-v1/INTERPRETATION.md,4626,aa968f9d9b7ba98f4e184fe9ca3d2fa2427a04db269b9e1ddcbcac8d4b15b176
experiments/replicator_length_study/results/guarded-copier-v1/RANDOM_RESULTS.md,1099,fe198356c82ff5ce76767f87416b18e00ba4e66070e1d8c1c9725674afd33d09
experiments/replicator_length_study/results/guarded-copier-v1/manifest.json,77,4221a55032a1d8fe130781ae90f9847864fc8753ed3a85f3fda54ace06f2110c
experiments/replicator_length_study/results/guarded-copier-v1/random/credential-2-seed-0/manifest.json,892,9da4cab0b12f36faf204bebb3da95e21aae21c34f7acc6e1ec7b0ecc37f7a242
experiments/replicator_length_study/results/guarded-copier-v1/random/credential-2-seed-0/metrics.csv,15315,dcadedd96386a3564fcdf49612987f953812bac4607bf1da809a6342a370a422
experiments/replicator_length_study/results/guarded-copier-v1/random/credential-2-seed-0/protocol.json,563,5032665d0cb826a04c3974e2d56e93eb920b851d62a7c436c85297c703f666cc
experiments/replicator_length_study/results/guarded-copier-v1/random/credential-2-seed-0/summary.json,869,3f9bbea67056ac4a2a01189256f1f951c898303b3881b5710bea722790c08225
experiments/replicator_length_study/results/guarded-copier-v1/random/credential-2-seed-1/manifest.json,893,a0fa202e6c59e17b1edf23324d069d23012b238bb4e850ab99b448bb176b7020
experiments/replicator_length_study/results/guarded-copier-v1/random/credential-2-seed-1/metrics.csv,15453,c2261bc765fb96f05e2e86a3d23f45dc3ecfad298f6e6ab4d53741b1e6832321
experiments/replicator_length_study/results/guarded-copier-v1/random/credential-2-seed-1/protocol.json,563,0d66de6d60a6a13e3140508c992bb3186bc0f78d7a2eb494e2098252f00cec6c
experiments/replicator_length_study/results/guarded-copier-v1/random/credential-2-seed-1/summary.json,870,a0e9d6ca84deb456de04bb0b572df76c81576223a87123de2162c4ad2c06d96a
experiments/replicator_length_study/results/guarded-copier-v1/random/credential-2-seed-10/manifest.json,894,288a8de7ef11156ee01d3bcb4e6a06c0aa564f8578421a72d751d90e30832097
experiments/replicator_length_study/results/guarded-copier-v1/random/credential-2-seed-10/metrics.csv,15407,e16e9fd944761ade4c6deb789f9b2985bcf3f366d1736f386d642391ecf9f616
experiments/replicator_length_study/results/guarded-copier-v1/random/credential-2-seed-10/protocol.json,564,276535d7158389ea8bad8d9cf51a42cec05e0a11a49ea7864f364877c5e5f9be
experiments/replicator_length_study/results/guarded-copier-v1/random/credential-2-seed-10/summary.json,871,827f4d6917b7e3b93d9f1ef0a562a36bdd5309b4c4e675b402eb7cb299d37d62
experiments/replicator_length_study/results/guarded-copier-v1/random/credential-2-seed-11/manifest.json,893,12110d45961747f0d807f01be7373ee361ff003291122f8da14dbada0329e339
experiments/replicator_length_study/results/guarded-copier-v1/random/credential-2-seed-11/metrics.csv,15397,beb61ed7d296ee92c297c979192dd04083d11f032b360a38c034f93a3003f02d
experiments/replicator_length_study/results/guarded-copier-v1/random/credential-2-seed-11/protocol.json,564,6de66d2249bcb15593ae802161e93e1d6aa7689f668cfd448eb7a7729331d9b9
experiments/replicator_length_study/results/guarded-copier-v1/random/credential-2-seed-11/summary.json,870,aea701ddab70814c605dbf919703ff3af7754f0706fa16e30edd4a79aef3ea4f
experiments/replicator_length_study/results/guarded-copier-v1/random/credential-2-seed-12/manifest.json,894,35809b81b1a697164a9d9320e46232da7f476fc404da1e50a2804c72d571a59a
experiments/replicator_length_study/results/guarded-copier-v1/random/credential-2-seed-12/metrics.csv,15436,4f0993a8bededc227d0516617ec646fb497114c843a0b7a1f64fe05f8a3dea2a
experiments/replicator_length_study/results/guarded-copier-v1/random/credential-2-seed-12/protocol.json,564,b9253c8b308eff66774826992b4a7aa6a934d4a0bc5492ae1d716ebfe6a28cd4
experiments/replicator_length_study/results/guarded-copier-v1/random/credential-2-seed-12/summary.json,871,3c7b8a1b692ee7cf82c2f5d0511fd231118b34f2c1943e9719f20a78497afdcc
experiments/replicator_length_study/results/guarded-copier-v1/random/credential-2-seed-13/manifest.json,893,741a0dcc4669ab6fdeb7d9c7e092e99d2d727ad5a93aedf6cd9bf60e5742b1a3
experiments/replicator_length_study/results/guarded-copier-v1/random/credential-2-seed-13/metrics.csv,15356,009ec678e378d80593975638ba9ac36bc90957a97103a2f6075479b664c9cc7a
experiments/replicator_length_study/results/guarded-copier-v1/random/credential-2-seed-13/protocol.json,564,d9b4fd5e7ca39ba07ea0be76e52a3f5036904cc68e5d72257dbd24d33ea91a7a
experiments/replicator_length_study/results/guarded-copier-v1/random/credential-2-seed-13/summary.json,870,7635cdbf7194664d0b39922465b8c6cfff2fd94faca7ab5a2b5bf421327581e7
experiments/replicator_length_study/results/guarded-copier-v1/random/credential-2-seed-14/manifest.json,894,cd6a5dfd366dd1facc762abd39f51cf224248c879b86e49fb2215826cf9d5c27
experiments/replicator_length_study/results/guarded-copier-v1/random/credential-2-seed-14/metrics.csv,15328,0ec3a987fd5d356e4a4a97700a932f2d86f6af3fe515e6e082650e3b64717461
experiments/replicator_length_study/results/guarded-copier-v1/random/credential-2-seed-14/protocol.json,564,7d9e2b19bae8b4c9f18708a45d3678be1ba4f1b0dec6be50707d6c75156731f9
experiments/replicator_length_study/results/guarded-copier-v1/random/credential-2-seed-14/summary.json,871,652c8ae4d7a634cd9bdd408414fa62964f3185cd19bbf2183fc2a91cd45e15c5
experiments/replicator_length_study/results/guarded-copier-v1/random/credential-2-seed-15/manifest.json,893,829b374a2b1e86cec938bc1c4ef76aab016677952da7c8aec2bf86969bc6bc7d
experiments/replicator_length_study/results/guarded-copier-v1/random/credential-2-seed-15/metrics.csv,15217,bb884ec0053901c71aaa4290d2ded17deb72d8cc79bbb781b2b7f8716164da73
experiments/replicator_length_study/results/guarded-copier-v1/random/credential-2-seed-15/protocol.json,564,f3b109791f1bc5965596923bf8515411d9968d58342ec2a6160e082a24f9810f
experiments/replicator_length_study/results/guarded-copier-v1/random/credential-2-seed-15/summary.json,870,1db39f1420aeb7dcb860a31f388d0daebc5bee36514142ce5d069f3efac0e280
experiments/replicator_length_study/results/guarded-copier-v1/random/credential-2-seed-16/manifest.json,894,954dc8c0206e96488eff0127758d8ad31c6f4f91550ce67949fce39a04154aea
experiments/replicator_length_study/results/guarded-copier-v1/random/credential-2-seed-16/metrics.csv,15401,17d8d7f92582a05b4a7b4d72a2679c1bc2a46219c6f9fee5e81176614726acc8
experiments/replicator_length_study/results/guarded-copier-v1/random/credential-2-seed-16/protocol.json,564,65662e1295d9b0b6e23f402ad64315460d2e1a78c92d3726026b59a9b026bb30
experiments/replicator_length_study/results/guarded-copier-v1/random/credential-2-seed-16/summary.json,871,c9ee980bd2c2f39518277ea68806b9463b769732a109b07225b55310ca715c3d
experiments/replicator_length_study/results/guarded-copier-v1/random/credential-2-seed-17/manifest.json,894,cefd67ebf7fdaccddbfbab1f2c1d1bcfa305d9f1cdacc4765523e56dbd97d567
experiments/replicator_length_study/results/guarded-copier-v1/random/credential-2-seed-17/metrics.csv,15360,11998ea9ee5cfc8df15b1cc0b38932f54091a3ea16f42ae5bc73792dd16b7b41
experiments/replicator_length_study/results/guarded-copier-v1/random/credential-2-seed-17/protocol.json,564,b002de8c32a1a915e9e9a2aa02aaf68a387b44a8b2361b1bcb42988162c667cf
experiments/replicator_length_study/results/guarded-copier-v1/random/credential-2-seed-17/summary.json,871,8e99aa23750f7ea88673d380d88ff6e6c8c2123757385fcde2cac5b57c196f9f
experiments/replicator_length_study/results/guarded-copier-v1/random/credential-2-seed-18/manifest.json,894,a9a66d52c59b9c7f550efb4dd18058957f51b86d81f95113c8be34ab3189baf7
experiments/replicator_length_study/results/guarded-copier-v1/random/credential-2-seed-18/metrics.csv,15564,2195f29765a53f393800eadf9fdfe6f0f09d697d4b19cfca24be8f710649c171
experiments/replicator_length_study/results/guarded-copier-v1/random/credential-2-seed-18/protocol.json,564,ac1649a97cdc027c84ad0c0c2a381ffe8f88e5e474471658f207d2fe419e5a43
experiments/replicator_length_study/results/guarded-copier-v1/random/credential-2-seed-18/summary.json,871,6de1c9086b8b30b86a35b7369d0451a6dfe93c82d197a95268114d352c3befec
experiments/replicator_length_study/results/guarded-copier-v1/random/credential-2-seed-19/manifest.json,894,557362d8d0506466fa205479f02919312b7b69db8ecd955c6084665e9ac27d4f
experiments/replicator_length_study/results/guarded-copier-v1/random/credential-2-seed-19/metrics.csv,15352,88b0d59a63909718ab95fde8f9d2292363475e71fcde0f7cc61a902abf6f2dbc
experiments/replicator_length_study/results/guarded-copier-v1/random/credential-2-seed-19/protocol.json,564,11bdc8152b394c4d9f2e61b9d9c19f28f0a1f4a7a9925b9c7298d2551df8e3a7
experiments/replicator_length_study/results/guarded-copier-v1/random/credential-2-seed-19/summary.json,871,2c700da019757b198dd953c26cc058db9155b2e02d2800583efa12b566f5701c
experiments/replicator_length_study/results/guarded-copier-v1/random/credential-2-seed-2/manifest.json,892,a7f8330da1aaede1007a2c5d74d451c82995a3b3ac1d02a4015dd91086ef5b1e
experiments/replicator_length_study/results/guarded-copier-v1/random/credential-2-seed-2/metrics.csv,15485,a93ed4af1c13cc903c8068208b0171a01d92003d9e1b3e9f9da95b6277374572
experiments/replicator_length_study/results/guarded-copier-v1/random/credential-2-seed-2/protocol.json,563,a5d5050b063bbf339d9ff778ed9dadf18f36798fdda4874822e64ec65ace0661
experiments/replicator_length_study/results/guarded-copier-v1/random/credential-2-seed-2/summary.json,869,b92a0d8b3d2e5e9b3785b093ee5e9100a82d1365575e02bcf984b75f2244432b
experiments/replicator_length_study/results/guarded-copier-v1/random/credential-2-seed-3/manifest.json,893,926d1febed40b7827199bbccde7309b2dcf7a84c49970bb4db0d9693d10a01c9
experiments/replicator_length_study/results/guarded-copier-v1/random/credential-2-seed-3/metrics.csv,15471,9dbb8a91cb3beee5c08248eb424be8dd304b7208537cef53bffad0fac535ad5a
experiments/replicator_length_study/results/guarded-copier-v1/random/credential-2-seed-3/protocol.json,563,62f5dc7925a5658c96e45aad085cfa9b2f1b5fbf36bd0952eb65e393b037f798
experiments/replicator_length_study/results/guarded-copier-v1/random/credential-2-seed-3/summary.json,870,d697c7cb677584a75fcff5ba9e522637cf66dae09edb8bcdb141d71477956c94
experiments/replicator_length_study/results/guarded-copier-v1/random/credential-2-seed-4/manifest.json,893,f152e75b643682b809d2ea72aa65fdacc2e8add9b233854edee93ce9efdd25c4
experiments/replicator_length_study/results/guarded-copier-v1/random/credential-2-seed-4/metrics.csv,15278,cc587dd8c844ce193b9d7028d9a25ea2f35fd48a49f71f55fdec2444c390132c
experiments/replicator_length_study/results/guarded-copier-v1/random/credential-2-seed-4/protocol.json,563,427fb7df20e95cb428d5df0ac1ef5079bb26f73fbfc1e52658c234e7a1e2ac92
experiments/replicator_length_study/results/guarded-copier-v1/random/credential-2-seed-4/summary.json,870,376fc711a737fef57a9a816e06a97065ec8b471c63d3bcdf33cb735fa6e9e775
experiments/replicator_length_study/results/guarded-copier-v1/random/credential-2-seed-5/manifest.json,892,6ec91a8ed5613858a3c85bbd4937b73d1f7cb3b2afc2a8a16b296370b2e2fec5
experiments/replicator_length_study/results/guarded-copier-v1/random/credential-2-seed-5/metrics.csv,15334,3461f4a4f6daafe8cf603c7ab3464430c908cfc976dd53b05d9366d5d46da375
experiments/replicator_length_study/results/guarded-copier-v1/random/credential-2-seed-5/protocol.json,563,45cf200b04f03de0a1cd970c6f624fdc2add42b348b2e6681ceffcd840970e85
experiments/replicator_length_study/results/guarded-copier-v1/random/credential-2-seed-5/summary.json,869,9b7613d8bf408d18b04579fa282fbae842909c889565341b59e81277e0da6118
experiments/replicator_length_study/results/guarded-copier-v1/random/credential-2-seed-6/manifest.json,892,51b14f1d566a367ae9d9e7aa0fbc19b3ea529cec90ce8b9256f5b88ada1b6a28
experiments/replicator_length_study/results/guarded-copier-v1/random/credential-2-seed-6/metrics.csv,15380,fc01998054173c7cacbdea85534f01cb694f3eb36802ef09174a800989e8f6df
experiments/replicator_length_study/results/guarded-copier-v1/random/credential-2-seed-6/protocol.json,563,ae5d63b26b6cb29913ffb1ffedd95648306d634e92421d4f1806495909e98390
experiments/replicator_length_study/results/guarded-copier-v1/random/credential-2-seed-6/summary.json,869,2e4a07f1b5a543ca5eda6ce618c25923d36da5c3f81e78498f89076376e4e328
experiments/replicator_length_study/results/guarded-copier-v1/random/credential-2-seed-7/manifest.json,893,1d23a6d9728a46cc6e940c046314452b95138cb1e9d9f3d15cbe49045fc2e8bb
experiments/replicator_length_study/results/guarded-copier-v1/random/credential-2-seed-7/metrics.csv,15369,6d5b19cd2ee7cf7516a9de8082e8f8484030a2b9ab0b1c84a67bb7228bc234a8
experiments/replicator_length_study/results/guarded-copier-v1/random/credential-2-seed-7/protocol.json,563,edd449402d5ed4fa6bcf02233c8431236cded090c31c4cd7530e5bd66c090c99
experiments/replicator_length_study/results/guarded-copier-v1/random/credential-2-seed-7/summary.json,870,bc51266b4346dcadbd4886ab2618b1142e1f89e18056df27fe04d27d66d9335b
experiments/replicator_length_study/results/guarded-copier-v1/random/credential-2-seed-8/manifest.json,893,13deacfdb70616cced7da7d689eb32c204fa0a5ceb3b67b529ac6dffd21f5f37
experiments/replicator_length_study/results/guarded-copier-v1/random/credential-2-seed-8/metrics.csv,15639,ec6d6d53951f9aa0938a513b2ba60995338dc3dfd66f793e78bae34391737c27
experiments/replicator_length_study/results/guarded-copier-v1/random/credential-2-seed-8/protocol.json,563,97c567c7c7df1ac3402b026dcdbb0eda18cc204c62ae3a6262f1decb7460a449
experiments/replicator_length_study/results/guarded-copier-v1/random/credential-2-seed-8/summary.json,870,6903d076d70c133841b5f3b4305800d322eb337d2efb14303014c518567837e4
experiments/replicator_length_study/results/guarded-copier-v1/random/credential-2-seed-9/manifest.json,893,a28db308b704c795f4e6043af07d74e4db0fa007ade13963572db524506551ff
experiments/replicator_length_study/results/guarded-copier-v1/random/credential-2-seed-9/metrics.csv,15477,dedb31bfafa8e20c386f3399dfc88d699e2e87f3cef5a9ded63ab099f404da3c
experiments/replicator_length_study/results/guarded-copier-v1/random/credential-2-seed-9/protocol.json,563,a375e6ca64067217f0d644e52ef0392d23a6831bb07866356f4399c18d92afe5
experiments/replicator_length_study/results/guarded-copier-v1/random/credential-2-seed-9/summary.json,870,8bc66f319012b4c57829cf83c541c6b8b47ea4c3eaa1d86c246d685e472fd56a
experiments/replicator_length_study/results/guarded-copier-v1/random/credential-4-seed-0/manifest.json,914,8fe675fb23ffc87c921fcd9d930b33c0cdd5c56f90e8e9a1a3b09a28119ddadd
experiments/replicator_length_study/results/guarded-copier-v1/random/credential-4-seed-0/metrics.csv,12825,8bcfceda0a18b1495a633522f481592bc22d79fd5829d9f7a873fe08ecb731c7
experiments/replicator_length_study/results/guarded-copier-v1/random/credential-4-seed-0/protocol.json,582,b77662af61c60288cf8565922532afc53180b73295b2d4e9e0abdf2d688fbaf0
experiments/replicator_length_study/results/guarded-copier-v1/random/credential-4-seed-0/summary.json,891,7ae8649a7c37a7e22b08f39c6cf27442095941a9df5bfe5ef94370829cdae595
experiments/replicator_length_study/results/guarded-copier-v1/random/credential-4-seed-1/manifest.json,914,4723414dca9605ddae1aecaa7eed75e42ef0d0c70fa7a873977f3eae2e08f7c9
experiments/replicator_length_study/results/guarded-copier-v1/random/credential-4-seed-1/metrics.csv,12825,ba2ef7d591f233e1e4a36056c256acea5d0149af8901ce6b5ab60719c89246ca
experiments/replicator_length_study/results/guarded-copier-v1/random/credential-4-seed-1/protocol.json,582,948a04b0894215ca1b4b77191857ffeb88d14735db160f6334455ceb4460e9fc
experiments/replicator_length_study/results/guarded-copier-v1/random/credential-4-seed-1/summary.json,891,67f5da1100dafaa13958ba01e2ce85f587a461571e71a6b507829529c75e601e
experiments/replicator_length_study/results/guarded-copier-v1/random/credential-4-seed-10/manifest.json,919,871523fe5ef48c852dac04d23fb985db8f4ce55d2108b0336adce50ee2b66234
experiments/replicator_length_study/results/guarded-copier-v1/random/credential-4-seed-10/metrics.csv,14986,ac5f6f10b61a434009977d0e12488f68541699b44579373cbe95740325ccedeb
experiments/replicator_length_study/results/guarded-copier-v1/random/credential-4-seed-10/protocol.json,583,886845c1a640e0d0e59112a251fd2c157dfb91f267825649cd5457712e34a8c9
experiments/replicator_length_study/results/guarded-copier-v1/random/credential-4-seed-10/summary.json,896,fa7de71a489306fba02d4c08a6e979a1203ce539b369f0330da32f2e0c60618d
experiments/replicator_length_study/results/guarded-copier-v1/random/credential-4-seed-11/manifest.json,915,5386069998877fb6d3263b401b4fbd29cd9f7114b201179436cd41f822ddc029
experiments/replicator_length_study/results/guarded-copier-v1/random/credential-4-seed-11/metrics.csv,12825,53e79160d7f1aa53f62a791c7823a6cbeca7c02ba41ba232e40fb6ccff333e05
experiments/replicator_length_study/results/guarded-copier-v1/random/credential-4-seed-11/protocol.json,583,bc66edb06dc6dbbe7f719565b6f2cdde9aa5d9da1332a9f60276e97148be24ce
experiments/replicator_length_study/results/guarded-copier-v1/random/credential-4-seed-11/summary.json,892,1f1c6ec9d1742172e61f1e5f240d3f0fd25092bd2003a34ea2c5ddb42dc1b91a
experiments/replicator_length_study/results/guarded-copier-v1/random/credential-4-seed-12/manifest.json,919,55c9d5445699906d7b23dd49e95cb41688a96ba14dd38ff9f08d93806fd8f66f
experiments/replicator_length_study/results/guarded-copier-v1/random/credential-4-seed-12/metrics.csv,15088,f0d278518903898d667d6bbe73140e524e16d613f60a64561bcfc47019980224
experiments/replicator_length_study/results/guarded-copier-v1/random/credential-4-seed-12/protocol.json,583,28cd9da06d114a7ed75208cac47ffca5042906b931ea1f1936654ca137d49650
experiments/replicator_length_study/results/guarded-copier-v1/random/credential-4-seed-12/summary.json,896,90c090cd2a6cf9ea799ee0f4d7f67021c5734aa9cad2061d644ba10894b1b2d4
experiments/replicator_length_study/results/guarded-copier-v1/random/credential-4-seed-13/manifest.json,917,0a8dc83712f11f2a64dd8b118a18d9a04898b561459062fd31322534a02d1e20
experiments/replicator_length_study/results/guarded-copier-v1/random/credential-4-seed-13/metrics.csv,15601,bab3ca7f195cabe08e12b21ba7f7bf49941f9d6e5a3c58fc159f0a146b1dbb0b
experiments/replicator_length_study/results/guarded-copier-v1/random/credential-4-seed-13/protocol.json,583,db969007f0eb084c9f641f9c7898ab01d97fac8dd3dea964ccde1f598961192a
experiments/replicator_length_study/results/guarded-copier-v1/random/credential-4-seed-13/summary.json,894,133c6d91a9367e6410711817809739694998116292e935c2979349507316ca97
experiments/replicator_length_study/results/guarded-copier-v1/random/credential-4-seed-14/manifest.json,917,66efcfc7ef0f011cffe0749248c96972318c9160ab8ae91ffaabe069a6679edb
experiments/replicator_length_study/results/guarded-copier-v1/random/credential-4-seed-14/metrics.csv,15638,70064112052788ab9cfe3ecfad7bd22f5cbfb59f15eec9a8c75270f48867a1a2
experiments/replicator_length_study/results/guarded-copier-v1/random/credential-4-seed-14/protocol.json,583,2b8ffda9f0290934320d8bcaf6220529bf3666acbd0ee2e5a76904434ea3265e
experiments/replicator_length_study/results/guarded-copier-v1/random/credential-4-seed-14/summary.json,894,123bcbf4b4ca847b75037760d7f30ceba91e3476e19188756752d010e6c5d049
experiments/replicator_length_study/results/guarded-copier-v1/random/credential-4-seed-15/manifest.json,915,bfbf3ba9d3ff9e9ee35686b5981496f80e65c60b5f5b43b3c22c60d9bf0eeb08
experiments/replicator_length_study/results/guarded-copier-v1/random/credential-4-seed-15/metrics.csv,12825,f3606c42cd23d621c1f751d37be5d93ab20ca4aa0eb7d1b17b25c2806c3501e7
experiments/replicator_length_study/results/guarded-copier-v1/random/credential-4-seed-15/protocol.json,583,324fbf96dbb1c4b4ac99290412245c324c388ba511ba73cd43773854b86ab20e
experiments/replicator_length_study/results/guarded-copier-v1/random/credential-4-seed-15/summary.json,892,3605794fbb0cbb60c35481cde8f3012c4012ede824b8e5668c2ee2cf08cd105e
experiments/replicator_length_study/results/guarded-copier-v1/random/credential-4-seed-16/manifest.json,915,70c470df82f86ff22669b8eb1b06d92ffb4f9adc7535ccca07064507905ddb7c
experiments/replicator_length_study/results/guarded-copier-v1/random/credential-4-seed-16/metrics.csv,12825,6083916591acf2e393e7d9f5d50bbc7c12733adcd06f8e3ee5023f99cb324e74
experiments/replicator_length_study/results/guarded-copier-v1/random/credential-4-seed-16/protocol.json,583,70fb172bb94c273529b010191a87b5eaf9fd7ca2212e4d7e6d3d82ee50510a73
experiments/replicator_length_study/results/guarded-copier-v1/random/credential-4-seed-16/summary.json,892,d2f3ed0f82bb308e67449d5aa7f6970dcf128a68af694481193d6e8a5e778601
experiments/replicator_length_study/results/guarded-copier-v1/random/credential-4-seed-17/manifest.json,915,143cb9b1383eba86277b7c0b07711cd0d7a4bc6a4c52894c57c17daa466ba162
experiments/replicator_length_study/results/guarded-copier-v1/random/credential-4-seed-17/metrics.csv,12825,bfe921c4348205208e379ce5b351eea36c5c898d4c441fb7274eaa5afdf58c18
experiments/replicator_length_study/results/guarded-copier-v1/random/credential-4-seed-17/protocol.json,583,cf5fd987f4b1a61e4225b2237f91c8385402c917daa735f9eb6ffcef0ef2c2bd
experiments/replicator_length_study/results/guarded-copier-v1/random/credential-4-seed-17/summary.json,892,93a84ee544f05df4a898d1d134291cbe7f3dcfc6a384be85843f111c1e730670
experiments/replicator_length_study/results/guarded-copier-v1/random/credential-4-seed-18/manifest.json,915,9993f477723954536348665cdf78710a1879a9ed1ea6d66dba01d6a414f35e23
experiments/replicator_length_study/results/guarded-copier-v1/random/credential-4-seed-18/metrics.csv,12825,3f5e87a3dc5b598bfb9f67e13d5364d25485bc95a381c2cc72be9add67471be1
experiments/replicator_length_study/results/guarded-copier-v1/random/credential-4-seed-18/protocol.json,583,74e6adf1bc777cc266a97616a4fca18252eadd002c8763aa65344b8a1edcd8bc
experiments/replicator_length_study/results/guarded-copier-v1/random/credential-4-seed-18/summary.json,892,13af4a14ac0f091bca0a6ed4e6ea645e34b76820feb0df710f29ae89e27b2307
experiments/replicator_length_study/results/guarded-copier-v1/random/credential-4-seed-19/manifest.json,915,131328090b956d90cc60f3cab113b3d3092845dc0b49ea6826692ef247ea3e33
experiments/replicator_length_study/results/guarded-copier-v1/random/credential-4-seed-19/metrics.csv,12825,65d15470741964d9ff2ff9d266c62e85d3f599284046417ed5b2d27e1b6f293d
experiments/replicator_length_study/results/guarded-copier-v1/random/credential-4-seed-19/protocol.json,583,e15fccaf0f989ecf25cccc975decd438ed7a90750eff12ea38aceb187bd48bbb
experiments/replicator_length_study/results/guarded-copier-v1/random/credential-4-seed-19/summary.json,892,5183b2b586418efcde9b113b9725f4b065c771aaca33a97b61b4a803dda85d06
experiments/replicator_length_study/results/guarded-copier-v1/random/credential-4-seed-2/manifest.json,914,b51567992de8b17f0012fdf9722d99d283b3fc2b405a455b7e64285caf7b60d3
experiments/replicator_length_study/results/guarded-copier-v1/random/credential-4-seed-2/metrics.csv,12825,2dcd93f6c80eaf90ec4ecc5767e4839663f7d4512decbfa0c38ef1a43a6f6cae
experiments/replicator_length_study/results/guarded-copier-v1/random/credential-4-seed-2/protocol.json,582,84191e744ce9a970827191e6180f60d47203a6274513d294efe411db9419eea4
experiments/replicator_length_study/results/guarded-copier-v1/random/credential-4-seed-2/summary.json,891,4e4f829a93886d1367044cf4185c2a522042912c757b2500fbdfd449a6c7358a
experiments/replicator_length_study/results/guarded-copier-v1/random/credential-4-seed-3/manifest.json,918,4657c0b8cdfef7995f64896d0eac761203345a3e6c8596cb8aa9cf149935b0f2
experiments/replicator_length_study/results/guarded-copier-v1/random/credential-4-seed-3/metrics.csv,14876,3ab1543b531fd7539c64ba9f661c11377746665950dff827394a03c181cf05f5
experiments/replicator_length_study/results/guarded-copier-v1/random/credential-4-seed-3/protocol.json,582,dac65efc92bcb29567a50b6c56903f43b53cd0b4fda65ffb67585f40f84e9a5f
experiments/replicator_length_study/results/guarded-copier-v1/random/credential-4-seed-3/summary.json,895,1ffb4a88f211cfc7bf76dcb446afba0ab5e8937f869d63a28ae2b554d943562e
experiments/replicator_length_study/results/guarded-copier-v1/random/credential-4-seed-4/manifest.json,914,1656fc27431f15ccf7fe2ef3ac847160d72edb8d0f09da3d2700c444921eea0c
experiments/replicator_length_study/results/guarded-copier-v1/random/credential-4-seed-4/metrics.csv,12825,e997124347b7a9b73f5219b3c730cb5b7a36a6214d0cd2e1f397222f0aeaca04
experiments/replicator_length_study/results/guarded-copier-v1/random/credential-4-seed-4/protocol.json,582,a75b2e3d8c041fefc101152a80b68ab9f3e49d43202d46e0d08dc933b16d358a
experiments/replicator_length_study/results/guarded-copier-v1/random/credential-4-seed-4/summary.json,891,8b1a416241701d3e58902e646780dcef4aa5c9454bdee05ae8367b866c0b229f
experiments/replicator_length_study/results/guarded-copier-v1/random/credential-4-seed-5/manifest.json,914,226924b53787c4313a9016fd84a433d100a91cc9714eb672d943ac0d351621e4
experiments/replicator_length_study/results/guarded-copier-v1/random/credential-4-seed-5/metrics.csv,12825,7f366694478b3ce99f44322dd949b8fd8cd06f0a4c48ec107238b3f98b5b4880
experiments/replicator_length_study/results/guarded-copier-v1/random/credential-4-seed-5/protocol.json,582,a63fec96c594dc311dd7f423069c1087d092add6e4f30fcc799245425572a8f3
experiments/replicator_length_study/results/guarded-copier-v1/random/credential-4-seed-5/summary.json,891,0bc9a0b1a669d7aba5755213778e325d8780efb447b3a99b8d41e7d1cb220a49
experiments/replicator_length_study/results/guarded-copier-v1/random/credential-4-seed-6/manifest.json,916,822f1f24d38ed65cb25d82cd18fb7485bcdcd5fd6eb6af0652ca215e0d96513a
experiments/replicator_length_study/results/guarded-copier-v1/random/credential-4-seed-6/metrics.csv,15689,2fed6e4e3ca985455a24ca12733c1d1fc3033b588ecf9e0cab3af8968c35b46e
experiments/replicator_length_study/results/guarded-copier-v1/random/credential-4-seed-6/protocol.json,582,65dbd2a22c02ec96dc3e47cd56a0d4c9b61e25c8fee7e124ec81a4278e6dc3c1
experiments/replicator_length_study/results/guarded-copier-v1/random/credential-4-seed-6/summary.json,893,416417c90e00cacbce61b971422dd3ca8c0f36481ff6dc0c277fe59aba99850b
experiments/replicator_length_study/results/guarded-copier-v1/random/credential-4-seed-7/manifest.json,914,73c2ab69c4e2832f4ebbde7e3fa13ac0a7d626b7319259e4fa57a73b22b5f196
experiments/replicator_length_study/results/guarded-copier-v1/random/credential-4-seed-7/metrics.csv,12825,74c3918681dcdde12979f5f1a95dc3c59dffb66e923b0a62ebf9487da6c8b423
experiments/replicator_length_study/results/guarded-copier-v1/random/credential-4-seed-7/protocol.json,582,3d71e85d81178cdf56b46791f5175c0c96b4cf5c9f2b982f4a7eb573f1866146
experiments/replicator_length_study/results/guarded-copier-v1/random/credential-4-seed-7/summary.json,891,700e8927188a1d501e4e3c44d01c5e8100563eaa237644bb8362f729789bb1d6
experiments/replicator_length_study/results/guarded-copier-v1/random/credential-4-seed-8/manifest.json,914,156087d3028e8bf37631dc6c578da9d99ea9c14f75dc1addaeff4953f65582c5
experiments/replicator_length_study/results/guarded-copier-v1/random/credential-4-seed-8/metrics.csv,12825,e3adf73c9c334a60acb177588df61f51f56cbeacbdfbf716c85944442247f97e
experiments/replicator_length_study/results/guarded-copier-v1/random/credential-4-seed-8/protocol.json,582,3718e30c8990aa64df66f8d809addc511c98ae5b15e44ad24800485ef6881ba6
experiments/replicator_length_study/results/guarded-copier-v1/random/credential-4-seed-8/summary.json,891,ba1b358629d5f41c04f11a7e83111c206e40712c733ab829dd92cb82818fb6d2
experiments/replicator_length_study/results/guarded-copier-v1/random/credential-4-seed-9/manifest.json,914,407c6bf776e0bba099120caef72c34801717bc445cc0f024ec4378b9ceb0ec41
experiments/replicator_length_study/results/guarded-copier-v1/random/credential-4-seed-9/metrics.csv,12825,34f16586df311b45e847144ca54ac5557f7543130005e089e45478abdf23bacf
experiments/replicator_length_study/results/guarded-copier-v1/random/credential-4-seed-9/protocol.json,582,51604e0abd4f94470e0fcf4856bc3ea8a7902a05e09e945b115b00c7eb30c72c
experiments/replicator_length_study/results/guarded-copier-v1/random/credential-4-seed-9/summary.json,891,68b2ed9668393546ae720f31438bbd8b2aa3f9619687fb38f59a1899662c955c
experiments/replicator_length_study/results/guarded-copier-v1/random/credential-6-seed-0/manifest.json,935,47432407e8766b1b0719834716fbdd5d6612f11ef4143368111f750d3cc8709d
experiments/replicator_length_study/results/guarded-copier-v1/random/credential-6-seed-0/metrics.csv,12825,8bcfceda0a18b1495a633522f481592bc22d79fd5829d9f7a873fe08ecb731c7
experiments/replicator_length_study/results/guarded-copier-v1/random/credential-6-seed-0/protocol.json,599,d20a4d26c4c33848de1946d25fae7319d92f98b2c6109c930b1520e6f78984e8
experiments/replicator_length_study/results/guarded-copier-v1/random/credential-6-seed-0/summary.json,912,5fd367b002f1156e7dc19a7c19b58bd2657fd7986dedb6538e4edbc7c0404c92
experiments/replicator_length_study/results/guarded-copier-v1/random/credential-6-seed-1/manifest.json,935,947ee03780f94953ef13b49447ccaac762cc8e1967c36f0a0f352313f9719b13
experiments/replicator_length_study/results/guarded-copier-v1/random/credential-6-seed-1/metrics.csv,12825,ba2ef7d591f233e1e4a36056c256acea5d0149af8901ce6b5ab60719c89246ca
experiments/replicator_length_study/results/guarded-copier-v1/random/credential-6-seed-1/protocol.json,599,c91857024f8f3d22fe7d88ce335df1ab39071057c798252ea3946b53b8c1f229
experiments/replicator_length_study/results/guarded-copier-v1/random/credential-6-seed-1/summary.json,912,c2f5e68a8c60957e86256527b858edf4892499b5701ed75836dd80d3f83cc781
experiments/replicator_length_study/results/guarded-copier-v1/random/credential-6-seed-10/manifest.json,936,c8cee77ecc999c39a6b1348e229b19dbdbd5c771980946265a7caddec2ff1edb
experiments/replicator_length_study/results/guarded-copier-v1/random/credential-6-seed-10/metrics.csv,12825,8792495a9565df428fa85550c8773a3a63dc9c23e25ecaff30e66504b66b64f0
experiments/replicator_length_study/results/guarded-copier-v1/random/credential-6-seed-10/protocol.json,600,c8081790d760057b9a559ae816bbda023dc3933f21b0ed1ff9f0db10352a63d1
experiments/replicator_length_study/results/guarded-copier-v1/random/credential-6-seed-10/summary.json,913,1a39cf305369cfbdb80e168191f8af227a5518fc6c202401852103281b16a049
experiments/replicator_length_study/results/guarded-copier-v1/random/credential-6-seed-11/manifest.json,936,946f827648277d6a145bd22ce6db0cd07087cdeb3aaebc4cb32a8f0031ae1981
experiments/replicator_length_study/results/guarded-copier-v1/random/credential-6-seed-11/metrics.csv,12825,53e79160d7f1aa53f62a791c7823a6cbeca7c02ba41ba232e40fb6ccff333e05
experiments/replicator_length_study/results/guarded-copier-v1/random/credential-6-seed-11/protocol.json,600,c3bcdc90fea5b326d56849c6be975346ff18229afa40b2dfdd7507cd9ffcaa02
experiments/replicator_length_study/results/guarded-copier-v1/random/credential-6-seed-11/summary.json,913,728e2903902455171246af5ad72706fcb54b83f248da96dd91657362df0bc63a
experiments/replicator_length_study/results/guarded-copier-v1/random/credential-6-seed-12/manifest.json,936,8642a8e0eaee86b3a0ca5973fe945378e0ccf2897d1ae01cefc52257a08a61a5
experiments/replicator_length_study/results/guarded-copier-v1/random/credential-6-seed-12/metrics.csv,12825,16943b1dc41c06426f2e6840bf553991188e216c7ad5ffa65c3f0b3f8041fe1b
experiments/replicator_length_study/results/guarded-copier-v1/random/credential-6-seed-12/protocol.json,600,812730bc3b17ce66557db2b68d44c5e9a4d1134bd79131231b55caf1e0ce5be1
experiments/replicator_length_study/results/guarded-copier-v1/random/credential-6-seed-12/summary.json,913,b544cad4c92736e5710c7a63c020c97ac223e4c14854887b5c35d19ff72f608d
experiments/replicator_length_study/results/guarded-copier-v1/random/credential-6-seed-13/manifest.json,936,c17b9df590ead2089eebff2922eb512a67d059aa436d483168fdfc11552a6f4b
experiments/replicator_length_study/results/guarded-copier-v1/random/credential-6-seed-13/metrics.csv,12825,235427c7522ad9ea118ed0acfc6bfe03a0ba4b26d3689ca7952100e10451e7b1
experiments/replicator_length_study/results/guarded-copier-v1/random/credential-6-seed-13/protocol.json,600,f9ed828ad3b6e461e006a847de41caf17dcbfd3e26836de3d1c2837275af8b36
experiments/replicator_length_study/results/guarded-copier-v1/random/credential-6-seed-13/summary.json,913,86505026da50f80cc12f2d6dcae6e1c99db95779d9df7e31d63c98bb60eb88e2
experiments/replicator_length_study/results/guarded-copier-v1/random/credential-6-seed-14/manifest.json,936,7f22e555678cbb3fad2ae32158ce4a368c60259492a1b6699e78a319b604be54
experiments/replicator_length_study/results/guarded-copier-v1/random/credential-6-seed-14/metrics.csv,12825,39610b5e8bdd9a05bafe6499209b6d1cd4cbae4f04420ee8eb129f277ddda90b
experiments/replicator_length_study/results/guarded-copier-v1/random/credential-6-seed-14/protocol.json,600,dee5662367a7056bdff22f5e9e276ee6470e51adebaefe624c78a053aa8dee2f
experiments/replicator_length_study/results/guarded-copier-v1/random/credential-6-seed-14/summary.json,913,8eb80fafd82957240d16dc495712c8816dc8c75c6baa75e7aed9ee5231d8706d
experiments/replicator_length_study/results/guarded-copier-v1/random/credential-6-seed-15/manifest.json,936,42a8f81d565816d47f14250fe338e55f9c4c4d26a5968a6943db644081cdcac5
experiments/replicator_length_study/results/guarded-copier-v1/random/credential-6-seed-15/metrics.csv,12825,f3606c42cd23d621c1f751d37be5d93ab20ca4aa0eb7d1b17b25c2806c3501e7
experiments/replicator_length_study/results/guarded-copier-v1/random/credential-6-seed-15/protocol.json,600,81fc2714065f4bc8226adc07853e2276518f66066796a70a709db54dcee218d4
experiments/replicator_length_study/results/guarded-copier-v1/random/credential-6-seed-15/summary.json,913,8cf0796caca2d586f49bcf6b0d563d3a0987d910c1eb2b32ff26ada15c904991
experiments/replicator_length_study/results/guarded-copier-v1/random/credential-6-seed-16/manifest.json,936,1722b5923c831b34596f4bcedbe0d5d0e93cdada9e5b0bff28d5275f8b206413
experiments/replicator_length_study/results/guarded-copier-v1/random/credential-6-seed-16/metrics.csv,12825,6083916591acf2e393e7d9f5d50bbc7c12733adcd06f8e3ee5023f99cb324e74
experiments/replicator_length_study/results/guarded-copier-v1/random/credential-6-seed-16/protocol.json,600,0119ee8e43efa9465998528aa70e5b091f3e2c71df3c8fad3bc8c9aa1f5467e7
experiments/replicator_length_study/results/guarded-copier-v1/random/credential-6-seed-16/summary.json,913,566369a05acbfa8295db4015905f2e333adb36eb4fdaf939fea1d80e53ef0a16
experiments/replicator_length_study/results/guarded-copier-v1/random/credential-6-seed-17/manifest.json,936,7ebe0991e6a9eeb5b57bb7af27233d00af9dcd68ab66431dc921f003fc3d2535
experiments/replicator_length_study/results/guarded-copier-v1/random/credential-6-seed-17/metrics.csv,12825,bfe921c4348205208e379ce5b351eea36c5c898d4c441fb7274eaa5afdf58c18
experiments/replicator_length_study/results/guarded-copier-v1/random/credential-6-seed-17/protocol.json,600,a7de02c6b414466cb6b55be3aa642727bd1e9a548575f8b84a1f22cd8b2b1de8
experiments/replicator_length_study/results/guarded-copier-v1/random/credential-6-seed-17/summary.json,913,6c9b045db63d51fdcaae71f802e44947be56f1c34699fe1871e83aaed39fc432
experiments/replicator_length_study/results/guarded-copier-v1/random/credential-6-seed-18/manifest.json,936,425e6ae30e480fbcca07e84e50e0ae3822af76210bc016a4bf625181eba2c289
experiments/replicator_length_study/results/guarded-copier-v1/random/credential-6-seed-18/metrics.csv,12825,3f5e87a3dc5b598bfb9f67e13d5364d25485bc95a381c2cc72be9add67471be1
experiments/replicator_length_study/results/guarded-copier-v1/random/credential-6-seed-18/protocol.json,600,8a609015c5315093ef459c174329420b63305452ed7a2bd21abea0541b31aad5
experiments/replicator_length_study/results/guarded-copier-v1/random/credential-6-seed-18/summary.json,913,438f8174ca9f456be4a9ed4d2e45b485be88a9ee39905573aff5c49e189a26f9
experiments/replicator_length_study/results/guarded-copier-v1/random/credential-6-seed-19/manifest.json,936,6c3a66c32ed4d42dc8684bc9151d80129e8b5355d5397192cd97569e59bc8ffd
experiments/replicator_length_study/results/guarded-copier-v1/random/credential-6-seed-19/metrics.csv,12825,65d15470741964d9ff2ff9d266c62e85d3f599284046417ed5b2d27e1b6f293d
experiments/replicator_length_study/results/guarded-copier-v1/random/credential-6-seed-19/protocol.json,600,e0c226e0f68555781f4541b0519e09046db9b0fdb4faec2470616635d022ef48
experiments/replicator_length_study/results/guarded-copier-v1/random/credential-6-seed-19/summary.json,913,ee6c9a701efb2e6f1c6428a7afae574061651596f6ac6714eec023688936bb5c
experiments/replicator_length_study/results/guarded-copier-v1/random/credential-6-seed-2/manifest.json,935,beff3ca8c79063607ed1d31bf19acf52e085fc1a7c5fb087e38b09f1d03199dc
experiments/replicator_length_study/results/guarded-copier-v1/random/credential-6-seed-2/metrics.csv,12825,2dcd93f6c80eaf90ec4ecc5767e4839663f7d4512decbfa0c38ef1a43a6f6cae
experiments/replicator_length_study/results/guarded-copier-v1/random/credential-6-seed-2/protocol.json,599,8bec72ca7ddaa67d1dd040254b6cbc9a75485a7d4d8bcd71b83d36f7e11e3d5d
experiments/replicator_length_study/results/guarded-copier-v1/random/credential-6-seed-2/summary.json,912,6caed1589e18d16a5392eccdaa241ca6720234c4223d5af40317e9849eaec87e
experiments/replicator_length_study/results/guarded-copier-v1/random/credential-6-seed-3/manifest.json,939,b727ab43bfee6838e0cfef624bf0fba1a0c8daa6d1ef78f189fabe233b78d732
experiments/replicator_length_study/results/guarded-copier-v1/random/credential-6-seed-3/metrics.csv,15102,20469997afae6538d62b63765af10c531810fda604f460b5cdee40f728347ed1
experiments/replicator_length_study/results/guarded-copier-v1/random/credential-6-seed-3/protocol.json,599,c631af525ac4dac6c41ec4c44a39ba596280f14bb7eb36c6a58d5b9a8129e23b
experiments/replicator_length_study/results/guarded-copier-v1/random/credential-6-seed-3/summary.json,916,d5ad40e9e69879b9c0ed822383c73bb891c1c02892d79b65a57671677d301abd
experiments/replicator_length_study/results/guarded-copier-v1/random/credential-6-seed-4/manifest.json,935,4c26b1dd235c8cce0cb0e589c3b7cc1be34ee34865c397692766a5ae902194ab
experiments/replicator_length_study/results/guarded-copier-v1/random/credential-6-seed-4/metrics.csv,12825,e997124347b7a9b73f5219b3c730cb5b7a36a6214d0cd2e1f397222f0aeaca04
experiments/replicator_length_study/results/guarded-copier-v1/random/credential-6-seed-4/protocol.json,599,cea965772fc317c9727bbcff9ecf8f2ced81a7d6ea7cc8a933c33f8d5ba4221b
experiments/replicator_length_study/results/guarded-copier-v1/random/credential-6-seed-4/summary.json,912,966008eb79062106c7cb9feb29515f86186e2836ac91205a4a8bd56aba634a8d
experiments/replicator_length_study/results/guarded-copier-v1/random/credential-6-seed-5/manifest.json,935,ffcd23ca92ee59cf7ee77ce26747f21830e6be266cfef78c17b9e1d87e941db8
experiments/replicator_length_study/results/guarded-copier-v1/random/credential-6-seed-5/metrics.csv,12825,7f366694478b3ce99f44322dd949b8fd8cd06f0a4c48ec107238b3f98b5b4880
experiments/replicator_length_study/results/guarded-copier-v1/random/credential-6-seed-5/protocol.json,599,7a8bc85ef2f7d0722e05a015db12780bcc04b2bba22052061893ac6f07f3c995
experiments/replicator_length_study/results/guarded-copier-v1/random/credential-6-seed-5/summary.json,912,83ea0896b5badcf25a56f0efe96f3d676114b74c5e2bec02f4e69696c9fd2a1b
experiments/replicator_length_study/results/guarded-copier-v1/random/credential-6-seed-6/manifest.json,935,ead1115b720d88c8269909efd4d7549c27a7de63dad0f9669ac33917ca2c3dbb
experiments/replicator_length_study/results/guarded-copier-v1/random/credential-6-seed-6/metrics.csv,12825,170379d6c3004f5adcfbbdc11ebb93a95c5470d0ed7c63a0b85d520ea2a7c4c0
experiments/replicator_length_study/results/guarded-copier-v1/random/credential-6-seed-6/protocol.json,599,d8eff8214dc467c8112276a6d4d6afb19694d32e3f7d64fd63e8196d6c2bbb29
experiments/replicator_length_study/results/guarded-copier-v1/random/credential-6-seed-6/summary.json,912,fa1171385b31c805e5d2260cc2497549f98a2d88ce46aa3ac40433c52255a361
experiments/replicator_length_study/results/guarded-copier-v1/random/credential-6-seed-7/manifest.json,935,9fc73367965bdbf66413e993a432eff910c3ae649a484f16840df0ebaa25b896
experiments/replicator_length_study/results/guarded-copier-v1/random/credential-6-seed-7/metrics.csv,12825,74c3918681dcdde12979f5f1a95dc3c59dffb66e923b0a62ebf9487da6c8b423
experiments/replicator_length_study/results/guarded-copier-v1/random/credential-6-seed-7/protocol.json,599,5c2009766ab91c77bcb31bac9c47f9588158ae885bcd91973557866d729ed207
experiments/replicator_length_study/results/guarded-copier-v1/random/credential-6-seed-7/summary.json,912,5291bdd92bbe1cc34fc8fd64a70957b8ff50f3289fb79de6ab1e0519c74eefe2
experiments/replicator_length_study/results/guarded-copier-v1/random/credential-6-seed-8/manifest.json,935,8234dddb17c0debe6ea29ca65d17a8b7540b8a132173ae03139e187b8f5c5b09
experiments/replicator_length_study/results/guarded-copier-v1/random/credential-6-seed-8/metrics.csv,12825,e3adf73c9c334a60acb177588df61f51f56cbeacbdfbf716c85944442247f97e
experiments/replicator_length_study/results/guarded-copier-v1/random/credential-6-seed-8/protocol.json,599,44c009392e1f2c0f8d766d0dd0f86efaceffbd679cf93aebeb618400fdc0ca56
experiments/replicator_length_study/results/guarded-copier-v1/random/credential-6-seed-8/summary.json,912,98fab7e48443f656c0fa5d5bee2c496bc50cbdd32238e9d62c7fb0c30595b07e
experiments/replicator_length_study/results/guarded-copier-v1/random/credential-6-seed-9/manifest.json,935,efcaaf02c9996359917244357f1d243b3e93057352daafd3b4fc16e90c951c23
experiments/replicator_length_study/results/guarded-copier-v1/random/credential-6-seed-9/metrics.csv,12825,34f16586df311b45e847144ca54ac5557f7543130005e089e45478abdf23bacf
experiments/replicator_length_study/results/guarded-copier-v1/random/credential-6-seed-9/protocol.json,599,ef22e5cca4a5370fa67093e04e2aa79f748e5d0421cc236f470c6c52b7a9814a
experiments/replicator_length_study/results/guarded-copier-v1/random/credential-6-seed-9/summary.json,912,20c7f69062398be634cbbdfbbbffed93dd06a99f65b9729867203d896db0c7dc
experiments/replicator_length_study/results/guarded-copier-v1/random/credential-8-seed-0/manifest.json,956,750f0def9bf34692ab3284ddb60b23933c606291776879d4c53e2755d1881a9f
experiments/replicator_length_study/results/guarded-copier-v1/random/credential-8-seed-0/metrics.csv,12825,8bcfceda0a18b1495a633522f481592bc22d79fd5829d9f7a873fe08ecb731c7
experiments/replicator_length_study/results/guarded-copier-v1/random/credential-8-seed-0/protocol.json,616,7bc5f39116b125c6b02c163ca44029dc6294216deaa683451f8f6f996ff4784b
experiments/replicator_length_study/results/guarded-copier-v1/random/credential-8-seed-0/summary.json,933,d39a025ee5f66f4c84c5dded59edb0a33ab820695faf2140f8c0d690aba1737a
experiments/replicator_length_study/results/guarded-copier-v1/random/credential-8-seed-1/manifest.json,956,fa82b5999b7bcde0bea13ae1e4e5c3e7b6564b209fbf8c53093d5af998d8b84a
experiments/replicator_length_study/results/guarded-copier-v1/random/credential-8-seed-1/metrics.csv,12825,ba2ef7d591f233e1e4a36056c256acea5d0149af8901ce6b5ab60719c89246ca
experiments/replicator_length_study/results/guarded-copier-v1/random/credential-8-seed-1/protocol.json,616,3dcf8d36ab631ba5c7f2583117cae0331d4fee82d7cd16cef6cb2f5ad55d172a
experiments/replicator_length_study/results/guarded-copier-v1/random/credential-8-seed-1/summary.json,933,57ff4cf80d7a4dd3785e358a052086faa60b05f1940b74141a69233b6fffb00b
experiments/replicator_length_study/results/guarded-copier-v1/random/credential-8-seed-10/manifest.json,957,38ab5922564d34fd6665a2f27158ea11e657df465104d71247ec9104fa23a743
experiments/replicator_length_study/results/guarded-copier-v1/random/credential-8-seed-10/metrics.csv,12825,8792495a9565df428fa85550c8773a3a63dc9c23e25ecaff30e66504b66b64f0
experiments/replicator_length_study/results/guarded-copier-v1/random/credential-8-seed-10/protocol.json,617,80511ee34e5dda8df6b719d6c35cfd95b85c2eb8fa4a7c525dbe47002c31ddb3
experiments/replicator_length_study/results/guarded-copier-v1/random/credential-8-seed-10/summary.json,934,2f9012aae7daa80cdee33e84cccb8872b5f7d709df7f234814003b0568f71226
experiments/replicator_length_study/results/guarded-copier-v1/random/credential-8-seed-11/manifest.json,957,d3b749c8256302b711e2f942e70e5bc306191c4332b2109e704f0a6ea7c9b395
experiments/replicator_length_study/results/guarded-copier-v1/random/credential-8-seed-11/metrics.csv,12825,53e79160d7f1aa53f62a791c7823a6cbeca7c02ba41ba232e40fb6ccff333e05
experiments/replicator_length_study/results/guarded-copier-v1/random/credential-8-seed-11/protocol.json,617,3ce6ba225e0bdebf89f1fcfea0cd1a7c94697e149a2e99375b20f1142f4c40f1
experiments/replicator_length_study/results/guarded-copier-v1/random/credential-8-seed-11/summary.json,934,25b7dab3f0a41eafa17af521844f908685212866c4429b310c4e05f40e8299bc
experiments/replicator_length_study/results/guarded-copier-v1/random/credential-8-seed-12/manifest.json,957,686d0dc1c7a071322d7560b4dc77a3d6cc0079832d57224af105b44353ba9529
experiments/replicator_length_study/results/guarded-copier-v1/random/credential-8-seed-12/metrics.csv,12825,16943b1dc41c06426f2e6840bf553991188e216c7ad5ffa65c3f0b3f8041fe1b
experiments/replicator_length_study/results/guarded-copier-v1/random/credential-8-seed-12/protocol.json,617,2524897b08c0d8884e59c3aee573f03fc177aa7f0e32b6ea32ae833daf09fecb
experiments/replicator_length_study/results/guarded-copier-v1/random/credential-8-seed-12/summary.json,934,85f64985f8249f75c2c623110814586bbe263fca16795fd357cee8a291d8d052
experiments/replicator_length_study/results/guarded-copier-v1/random/credential-8-seed-13/manifest.json,957,b3094726f968bc2950f0503837a150a6a1dbf4f8c6e3b3759b9dc39efedbff78
experiments/replicator_length_study/results/guarded-copier-v1/random/credential-8-seed-13/metrics.csv,12825,235427c7522ad9ea118ed0acfc6bfe03a0ba4b26d3689ca7952100e10451e7b1
experiments/replicator_length_study/results/guarded-copier-v1/random/credential-8-seed-13/protocol.json,617,fe841c3b9e5655c45269e9f1f40e6f233d733c2d4986b7854fbf27c72157a4ff
experiments/replicator_length_study/results/guarded-copier-v1/random/credential-8-seed-13/summary.json,934,1312a3883e05a0eab6dd83263e7260b5984d04c38ba5659259f9fe0a87b9c1c2
experiments/replicator_length_study/results/guarded-copier-v1/random/credential-8-seed-14/manifest.json,957,b513c2f5d21bf4512bb1e46965fb49522547c850502ded229f028eb18311e45b
experiments/replicator_length_study/results/guarded-copier-v1/random/credential-8-seed-14/metrics.csv,12825,39610b5e8bdd9a05bafe6499209b6d1cd4cbae4f04420ee8eb129f277ddda90b
experiments/replicator_length_study/results/guarded-copier-v1/random/credential-8-seed-14/protocol.json,617,5909b218e1b1cd02f29d6578614e63b5d1edb8321017a916bc5d2884aaf1f727
experiments/replicator_length_study/results/guarded-copier-v1/random/credential-8-seed-14/summary.json,934,aab87293d77076c20b6c0dbee293a8ec25f3321e8b889bc38de9be14a7522625
experiments/replicator_length_study/results/guarded-copier-v1/random/credential-8-seed-15/manifest.json,957,d3ca79f0b6c0ad417ba8d4599a998515a3679865ba2bf115311f26609f2bafd7
experiments/replicator_length_study/results/guarded-copier-v1/random/credential-8-seed-15/metrics.csv,12825,f3606c42cd23d621c1f751d37be5d93ab20ca4aa0eb7d1b17b25c2806c3501e7
experiments/replicator_length_study/results/guarded-copier-v1/random/credential-8-seed-15/protocol.json,617,0b67a1a37d5438b6f84dad99a55e85a1724acc3826f47127b5ae7e0dccac8758
experiments/replicator_length_study/results/guarded-copier-v1/random/credential-8-seed-15/summary.json,934,71999bed8b48de89a23cc7a70dece48a3157ec770606fbee4ed06bf87efcd223
experiments/replicator_length_study/results/guarded-copier-v1/random/credential-8-seed-16/manifest.json,957,1bb92566a196399c01d3b30f065770f9c1c62ebf842b84d65bbb0cd7566b5466
experiments/replicator_length_study/results/guarded-copier-v1/random/credential-8-seed-16/metrics.csv,12825,6083916591acf2e393e7d9f5d50bbc7c12733adcd06f8e3ee5023f99cb324e74
experiments/replicator_length_study/results/guarded-copier-v1/random/credential-8-seed-16/protocol.json,617,1ecf7187bd50768993c775e32b6df12c47d3a4e26296add9b83ea4a0f98f0f0f
experiments/replicator_length_study/results/guarded-copier-v1/random/credential-8-seed-16/summary.json,934,b9ef784138e995b6df14092f8da6df48ddfb13d84f7ef75e7b551a9380f80a65
experiments/replicator_length_study/results/guarded-copier-v1/random/credential-8-seed-17/manifest.json,957,672bee2c07b805ccae948c57d0dcc9d0a51f606f4eac6cc72d8b23cd83f90bc2
experiments/replicator_length_study/results/guarded-copier-v1/random/credential-8-seed-17/metrics.csv,12825,bfe921c4348205208e379ce5b351eea36c5c898d4c441fb7274eaa5afdf58c18
experiments/replicator_length_study/results/guarded-copier-v1/random/credential-8-seed-17/protocol.json,617,9eb505cc0f9416238254e800cc16eefb37200f0cdb4e58e3d6e658b410ecda6b
experiments/replicator_length_study/results/guarded-copier-v1/random/credential-8-seed-17/summary.json,934,cdb4e0010df7b35b6f2da1354ab78494b3a390b40b848f3f70e9a21f48fd0e36
experiments/replicator_length_study/results/guarded-copier-v1/random/credential-8-seed-18/manifest.json,957,b19faa420c38a4e28fb0b85910ad6a006998657e92be52d53bc834253bc82ed3
experiments/replicator_length_study/results/guarded-copier-v1/random/credential-8-seed-18/metrics.csv,12825,3f5e87a3dc5b598bfb9f67e13d5364d25485bc95a381c2cc72be9add67471be1
experiments/replicator_length_study/results/guarded-copier-v1/random/credential-8-seed-18/protocol.json,617,6476651343ae503f58ffe68bea66b8d41b992c579613b78fa4cb6c2f48a7546a
experiments/replicator_length_study/results/guarded-copier-v1/random/credential-8-seed-18/summary.json,934,e3c3e20c54d612fdf7776f4d44474d20459e15adc96f4afb6d6dd68f3d701725
experiments/replicator_length_study/results/guarded-copier-v1/random/credential-8-seed-19/manifest.json,957,e8b882a7d6114d529f25665232af2761d0c4f1eedad17b6b44bd6bd59fb5670d
experiments/replicator_length_study/results/guarded-copier-v1/random/credential-8-seed-19/metrics.csv,12825,65d15470741964d9ff2ff9d266c62e85d3f599284046417ed5b2d27e1b6f293d
experiments/replicator_length_study/results/guarded-copier-v1/random/credential-8-seed-19/protocol.json,617,de1c4669033ac7f0096026407cc2acfc9ad0379ee8923dc698b60ac338d25026
experiments/replicator_length_study/results/guarded-copier-v1/random/credential-8-seed-19/summary.json,934,ad22e926347ef62b2ad9a52d4cfea7591d20057de1c2783b0704f622100d97f1
experiments/replicator_length_study/results/guarded-copier-v1/random/credential-8-seed-2/manifest.json,956,6c1e41c42e582fb6c078f805d8b1baa404c5088acf4a52bde8610158a6e20500
experiments/replicator_length_study/results/guarded-copier-v1/random/credential-8-seed-2/metrics.csv,12825,2dcd93f6c80eaf90ec4ecc5767e4839663f7d4512decbfa0c38ef1a43a6f6cae
experiments/replicator_length_study/results/guarded-copier-v1/random/credential-8-seed-2/protocol.json,616,d2d6a46c17e3d9e2fc4cf548e18d404483380d9c6920b02f54b114e78ba8137e
experiments/replicator_length_study/results/guarded-copier-v1/random/credential-8-seed-2/summary.json,933,2bbe0144076d93ff637d6c9936255c287074936e8b36449d1450afc73e50af82
experiments/replicator_length_study/results/guarded-copier-v1/random/credential-8-seed-3/manifest.json,960,04aa95efac692d18375926f262f0eeb6de7d8b4b2f864ec83cccbaedd6f4a05b
experiments/replicator_length_study/results/guarded-copier-v1/random/credential-8-seed-3/metrics.csv,15278,f533bbcd85028bca2bb68edaac522b410d28106eaa326ecc5f64237b8c04cf4f
experiments/replicator_length_study/results/guarded-copier-v1/random/credential-8-seed-3/protocol.json,616,6b54377a07e674f83fb0d4cb02521298beea767f555b33352b584f9db13e8951
experiments/replicator_length_study/results/guarded-copier-v1/random/credential-8-seed-3/summary.json,937,fdd8abfafb1af84c26935e64b37c48198186e50648cfafa165cce70ab45069d2
experiments/replicator_length_study/results/guarded-copier-v1/random/credential-8-seed-4/manifest.json,956,fef166c49c250a08649a9a806e94980da9d1db812bd480da7a1205041571bea5
experiments/replicator_length_study/results/guarded-copier-v1/random/credential-8-seed-4/metrics.csv,12825,e997124347b7a9b73f5219b3c730cb5b7a36a6214d0cd2e1f397222f0aeaca04
experiments/replicator_length_study/results/guarded-copier-v1/random/credential-8-seed-4/protocol.json,616,273c2507f7c895c5ae7ddfb4ad887446dd89fae403d63a9abf46fca2a28dd7ff
experiments/replicator_length_study/results/guarded-copier-v1/random/credential-8-seed-4/summary.json,933,cb9bffa597c70107eb6cbc020bf27e84c3e66cf3851bf6a950838428c3b197e8
experiments/replicator_length_study/results/guarded-copier-v1/random/credential-8-seed-5/manifest.json,956,e6cadf14b3a2817c8eb8136e07566017e1414ac4493d4a9b89336c073ccafe56
experiments/replicator_length_study/results/guarded-copier-v1/random/credential-8-seed-5/metrics.csv,12825,7f366694478b3ce99f44322dd949b8fd8cd06f0a4c48ec107238b3f98b5b4880
experiments/replicator_length_study/results/guarded-copier-v1/random/credential-8-seed-5/protocol.json,616,e752d2c88684955c64b82589cd45cca08c12d8816ea85c194cd7ac99bc9aac84
experiments/replicator_length_study/results/guarded-copier-v1/random/credential-8-seed-5/summary.json,933,ede7de513ddd711ade990cea47747d0c0531e4ab61984ac6ffc4a92cc2108d0d
experiments/replicator_length_study/results/guarded-copier-v1/random/credential-8-seed-6/manifest.json,956,a655c7946a72305aca5dc3d3978463f201f1dff9cfa08927a2322ff9c536a798
experiments/replicator_length_study/results/guarded-copier-v1/random/credential-8-seed-6/metrics.csv,12825,170379d6c3004f5adcfbbdc11ebb93a95c5470d0ed7c63a0b85d520ea2a7c4c0
experiments/replicator_length_study/results/guarded-copier-v1/random/credential-8-seed-6/protocol.json,616,15e84e842d79b6ee5dbaf92a28809dc7f02558867ff655549e96c5fd32e07608
experiments/replicator_length_study/results/guarded-copier-v1/random/credential-8-seed-6/summary.json,933,6f7b1000044387f637af005f9c938613e6164c662d56aec955d0d858cc975812
experiments/replicator_length_study/results/guarded-copier-v1/random/credential-8-seed-7/manifest.json,956,fb9b1300ce4c74405f3eeec159fa77fe5a7429b7c98bc138e156eaecfcae5619
experiments/replicator_length_study/results/guarded-copier-v1/random/credential-8-seed-7/metrics.csv,12825,74c3918681dcdde12979f5f1a95dc3c59dffb66e923b0a62ebf9487da6c8b423
experiments/replicator_length_study/results/guarded-copier-v1/random/credential-8-seed-7/protocol.json,616,a0df5a8d32fe6f3f63a83f73f767f31e2ecc412ad3c52ed738322b536790ef27
experiments/replicator_length_study/results/guarded-copier-v1/random/credential-8-seed-7/summary.json,933,a25650a255478873e5ad79b68b6662d831263c799436332a14ec973ee745ed43
experiments/replicator_length_study/results/guarded-copier-v1/random/credential-8-seed-8/manifest.json,956,2456c02699f591b31d99e473bdfe50f40fbe10ea932293270f6648da267011ad
experiments/replicator_length_study/results/guarded-copier-v1/random/credential-8-seed-8/metrics.csv,12825,e3adf73c9c334a60acb177588df61f51f56cbeacbdfbf716c85944442247f97e
experiments/replicator_length_study/results/guarded-copier-v1/random/credential-8-seed-8/protocol.json,616,c3f2ade3b65e28cbaef0e30969904e3963fb01776cf72e67d425586aa9a4214b
experiments/replicator_length_study/results/guarded-copier-v1/random/credential-8-seed-8/summary.json,933,cd16db3ac20c7d4494000dcd240ae0f837bf5fcd6a0aa777b05df3953e87950d
experiments/replicator_length_study/results/guarded-copier-v1/random/credential-8-seed-9/manifest.json,956,10bb131517cbf11cd6013c235a5e0f83a7caf748e38f86cc6ad0130004339496
experiments/replicator_length_study/results/guarded-copier-v1/random/credential-8-seed-9/metrics.csv,12825,34f16586df311b45e847144ca54ac5557f7543130005e089e45478abdf23bacf
experiments/replicator_length_study/results/guarded-copier-v1/random/credential-8-seed-9/protocol.json,616,4fcdfbea8b8ee6b53e9e0da82092bed116ec7d476d25e957c286d6790706ee82
experiments/replicator_length_study/results/guarded-copier-v1/random/credential-8-seed-9/summary.json,933,4c3e76fda97b8cd12b5fa0e628baf505175780da55bff1d023604e99879d5bad
experiments/replicator_length_study/results/guarded-copier-v1/random_summary.csv,421,1ccd7f7eff270931b4fa4ce92aea48b2bf0baddd3e3cfb0e4739628196ad3809
experiments/replicator_length_study/results/guarded-copier-v1/seeded/credential-2-seed-0/manifest.json,892,8cc23782a697a64a5300002e0d1892896a4331d63b8957d1f2093957f056b52d
experiments/replicator_length_study/results/guarded-copier-v1/seeded/credential-2-seed-0/metrics.csv,15533,00f29d9097a3002ce3b2a7540ba88dd107e1f35ca2ebe45167050c32c0b3bbad
experiments/replicator_length_study/results/guarded-copier-v1/seeded/credential-2-seed-0/protocol.json,563,fe693a66743775e069e8390ec8df14e2afb148cef43ec07f14310206d78d53ef
experiments/replicator_length_study/results/guarded-copier-v1/seeded/credential-2-seed-0/summary.json,869,2bf1b294fce350e6444c66c1ff56ab9e56d53a180d1256cb37474a82ea700a41
experiments/replicator_length_study/results/guarded-copier-v1/seeded/credential-2-seed-1/manifest.json,892,0ef81b7816aeb0f8e0b9457932c43d339a7d23c4e5dc838b88511a5b9026dd16
experiments/replicator_length_study/results/guarded-copier-v1/seeded/credential-2-seed-1/metrics.csv,15905,a2830bc96a4e0697208a49f2401a9213d43e2d723fd1af9f9a512215e6f765c5
experiments/replicator_length_study/results/guarded-copier-v1/seeded/credential-2-seed-1/protocol.json,563,157cfd183b281e11867a2487d3f36eff110b175cff26b77340dc14b9c299df73
experiments/replicator_length_study/results/guarded-copier-v1/seeded/credential-2-seed-1/summary.json,869,c76179120858b5a7f0e7805a754563a23b42b67f9019b4d2e873beade36997f0
experiments/replicator_length_study/results/guarded-copier-v1/seeded/credential-2-seed-10/manifest.json,893,85204fa84148aa9eef1650ae52285f7f58213a7ffeecaa3206c5ebf68e9d164d
experiments/replicator_length_study/results/guarded-copier-v1/seeded/credential-2-seed-10/metrics.csv,16074,3bff2f8e14dd96f96d6d05a845d8540164053151cb07a143cd56dac09a247033
experiments/replicator_length_study/results/guarded-copier-v1/seeded/credential-2-seed-10/protocol.json,564,18cee2668ba4e34129fd4f5921ba4205e4c0fe66428c6baa8c798866b71f0d74
experiments/replicator_length_study/results/guarded-copier-v1/seeded/credential-2-seed-10/summary.json,870,621d9713ad3fd36a7d6ebba3c5d12a0310b23cea4b90211a397c43563b61d978
experiments/replicator_length_study/results/guarded-copier-v1/seeded/credential-2-seed-11/manifest.json,893,37943c6abd1e7e9cfc10e8d485abac080517431a78f4cb599aa2e11bfdc72f06
experiments/replicator_length_study/results/guarded-copier-v1/seeded/credential-2-seed-11/metrics.csv,15683,c0a50af000a71362107aab4c81bfd1e6c2d8ab99b0b05652703366355d284020
experiments/replicator_length_study/results/guarded-copier-v1/seeded/credential-2-seed-11/protocol.json,564,a0c42e964147630e63bb9724d50d9888da6b346bdc34ed7fa53214cc3ac7f2dd
experiments/replicator_length_study/results/guarded-copier-v1/seeded/credential-2-seed-11/summary.json,870,0ea797314690aa89c4567917d7dbf17d0dfabfd76dfcb3cfee3f1e47e3ca9c8d
experiments/replicator_length_study/results/guarded-copier-v1/seeded/credential-2-seed-12/manifest.json,893,799edf8c8834ac7ca59ff85fb800e713b9c7de872d4ee9b865f6e10d74386206
experiments/replicator_length_study/results/guarded-copier-v1/seeded/credential-2-seed-12/metrics.csv,15671,3b31965c60b554e4054966cfad4b270f67de7f9c4e49aaf0e8b2eb4e89be0493
experiments/replicator_length_study/results/guarded-copier-v1/seeded/credential-2-seed-12/protocol.json,564,38987b4ffbbc197b4b9c738f9a409a01d208d4a9b7367dcab6f0cc49cc5e5f0a
experiments/replicator_length_study/results/guarded-copier-v1/seeded/credential-2-seed-12/summary.json,870,60993afde37d776b6388e544b2924e9a4b837672db69ac86f5ef02a987e63778
experiments/replicator_length_study/results/guarded-copier-v1/seeded/credential-2-seed-13/manifest.json,893,e8d7b93c77848fe03b483268b13b5d154e99d488733193f58d6ce3d852a8357e
experiments/replicator_length_study/results/guarded-copier-v1/seeded/credential-2-seed-13/metrics.csv,15509,63510432585edb7c0691d62f251bb84e1cf7d426ac8405843731a2eb9512f067
experiments/replicator_length_study/results/guarded-copier-v1/seeded/credential-2-seed-13/protocol.json,564,2b260090f1e3641cf70685b6253a02a71817f82e2fe4b2e5df3990f4a2d1d5de
experiments/replicator_length_study/results/guarded-copier-v1/seeded/credential-2-seed-13/summary.json,870,60f7711346e6da6f8b857a044f3affaf6d99109de3c06c067fc146882a82ab53
experiments/replicator_length_study/results/guarded-copier-v1/seeded/credential-2-seed-14/manifest.json,894,9e7a5731349d00d99769690f8466058d4b4979dddc1e060a37041a5055b18da6
experiments/replicator_length_study/results/guarded-copier-v1/seeded/credential-2-seed-14/metrics.csv,15430,2989ab0a85f4b6834db1665663f288500e9022b6feeee3fa3a78931ec26a4107
experiments/replicator_length_study/results/guarded-copier-v1/seeded/credential-2-seed-14/protocol.json,564,05ffb1b275b9730f0c453138695e8069c8a128a3d116f1ecefb86cdd464a94db
experiments/replicator_length_study/results/guarded-copier-v1/seeded/credential-2-seed-14/summary.json,871,3b68ab069afa65269d23499555fafb0b0513ba5e522ca3d731a5496094dcd6cb
experiments/replicator_length_study/results/guarded-copier-v1/seeded/credential-2-seed-15/manifest.json,893,5f4f385a38b4fc4b9d6094bad275a997216d87ed452c1776207f46ac9beb7b1a
experiments/replicator_length_study/results/guarded-copier-v1/seeded/credential-2-seed-15/metrics.csv,16217,6bfe2b9c662df541991106b10c7e07990ef8525fb5bcaeac94faf1beec537b71
experiments/replicator_length_study/results/guarded-copier-v1/seeded/credential-2-seed-15/protocol.json,564,20d4bb8c28e189dccf0d91decc6ad181e040532ed03edf28f33c7663a06849da
experiments/replicator_length_study/results/guarded-copier-v1/seeded/credential-2-seed-15/summary.json,870,a560a9e67927b09d5e41784f3084464922524d1a8f944b3cde44b9e2382f444e
experiments/replicator_length_study/results/guarded-copier-v1/seeded/credential-2-seed-16/manifest.json,893,4eb6f6c3cc137c4938f32820a7d8f08bdb88021f53834a16aed54fd439ea184b
experiments/replicator_length_study/results/guarded-copier-v1/seeded/credential-2-seed-16/metrics.csv,15525,91f398a67c3a7245d0ed8aa213069bbd0d6f6d6647689c157d5c9c92694d97b2
experiments/replicator_length_study/results/guarded-copier-v1/seeded/credential-2-seed-16/protocol.json,564,22c3fe4c10c67e0f26a9d27219c6e48a7232880292f4e8ca2595c25db36e6db0
experiments/replicator_length_study/results/guarded-copier-v1/seeded/credential-2-seed-16/summary.json,870,abb525f39caefbccea436c7e637d4b55f9d68e60d8a725354b653a6b7766f5ce
experiments/replicator_length_study/results/guarded-copier-v1/seeded/credential-2-seed-17/manifest.json,894,0a6952845b4f15e92aeef77461c157458158f1c23456ec41de50ec97f06fe668
experiments/replicator_length_study/results/guarded-copier-v1/seeded/credential-2-seed-17/metrics.csv,15657,9664d164be9fc7aadcd5cf5246991c4737958a46066fd1f44804b969d7c9117a
experiments/replicator_length_study/results/guarded-copier-v1/seeded/credential-2-seed-17/protocol.json,564,75a8738fadb7aab6199139c76533437a9270002efa41637229df2a4e5daaaf33
experiments/replicator_length_study/results/guarded-copier-v1/seeded/credential-2-seed-17/summary.json,871,975d3967347c21c9d3929c24d32027d5699d3341efcc2740c6825e9f215c6fcd
experiments/replicator_length_study/results/guarded-copier-v1/seeded/credential-2-seed-18/manifest.json,894,985f515feee7c7122d127776910d1299934d71fb71cdabd6996f2435401fd183
experiments/replicator_length_study/results/guarded-copier-v1/seeded/credential-2-seed-18/metrics.csv,16560,47f2ecc277c376278a3db9d25a29281f68fe1fc7925035e6c72496fead6b5f3e
experiments/replicator_length_study/results/guarded-copier-v1/seeded/credential-2-seed-18/protocol.json,564,b5be800b50a5876a81764211e3cab4c28ae320ad1f27a9aad7826df6ce00853b
experiments/replicator_length_study/results/guarded-copier-v1/seeded/credential-2-seed-18/summary.json,871,201c3821dd409a91462282de125bcb4599373f6b0f046eaa68e733f5df65e06d
experiments/replicator_length_study/results/guarded-copier-v1/seeded/credential-2-seed-19/manifest.json,894,90e6c55071fb6921c2036769d8b8e89e8829d2684effce2e797166fca528ac0a
experiments/replicator_length_study/results/guarded-copier-v1/seeded/credential-2-seed-19/metrics.csv,15874,48a510d67b2001a375c6585ac6d8ab94f84de698ccd4fa1afdfdbf0dcc168469
experiments/replicator_length_study/results/guarded-copier-v1/seeded/credential-2-seed-19/protocol.json,564,9ff29666d929ccc487eb4bd2340d954b341d44a1b5ee66b4388a6f8d26618839
experiments/replicator_length_study/results/guarded-copier-v1/seeded/credential-2-seed-19/summary.json,871,5b6bf76f4e83b797c8d5a3acc08b18555e65222e7dbf8aa30b15668ce697b4bd
experiments/replicator_length_study/results/guarded-copier-v1/seeded/credential-2-seed-2/manifest.json,892,3fb2d4f441d4606c0d5843ca12b6f2981d9a2afad6a4c101c1b29b778827e5e6
experiments/replicator_length_study/results/guarded-copier-v1/seeded/credential-2-seed-2/metrics.csv,15548,b4606bbbc02a32e16310b90448e46b32fd3e146da689d98d17c01cd1dab6dd97
experiments/replicator_length_study/results/guarded-copier-v1/seeded/credential-2-seed-2/protocol.json,563,906012dbc20f20a088cdf083c346b9e6649407787a0af32c34c6e32c3e3cda12
experiments/replicator_length_study/results/guarded-copier-v1/seeded/credential-2-seed-2/summary.json,869,898b006fc2c5807beee25648f8ff0f84f7ca1255e319b7cf9fd596fe26d5579e
experiments/replicator_length_study/results/guarded-copier-v1/seeded/credential-2-seed-3/manifest.json,893,5d5e76957f6bd371377f346b2c5d5d6b7d08ee0baac6fea83523d9f6ab150e41
experiments/replicator_length_study/results/guarded-copier-v1/seeded/credential-2-seed-3/metrics.csv,15690,4954173975503befee517d88df9d90daccbc61c75986a1819ad12fa0fcc0d7d5
experiments/replicator_length_study/results/guarded-copier-v1/seeded/credential-2-seed-3/protocol.json,563,32db8942713f030eb9fe4bc0d8274190594124ea728823eaab5ed0323a721c41
experiments/replicator_length_study/results/guarded-copier-v1/seeded/credential-2-seed-3/summary.json,870,45756f205065c9f704b1cd4204ff8252c2f69ca888ba62e8463b251cb6397e73
experiments/replicator_length_study/results/guarded-copier-v1/seeded/credential-2-seed-4/manifest.json,892,48f3e5e82847e9608388c1a05c46a429ee1cdbbc5256432ea2aaf4d4d8f4ffe7
experiments/replicator_length_study/results/guarded-copier-v1/seeded/credential-2-seed-4/metrics.csv,15646,74701170ac537a75228310e2fbd54f0b1f3d0507fde6c91336543c918d57aab6
experiments/replicator_length_study/results/guarded-copier-v1/seeded/credential-2-seed-4/protocol.json,563,a074a0e71732d3cef7f069b60b77a5fd911097d78f5ec7beffcca86cae3a0254
experiments/replicator_length_study/results/guarded-copier-v1/seeded/credential-2-seed-4/summary.json,869,f5c2d42afaa8a508e78797b365fa97f2cc8ca522562503773e96b747aaec0d8c
experiments/replicator_length_study/results/guarded-copier-v1/seeded/credential-2-seed-5/manifest.json,892,526761e4a1b85ef5bd49db63e0e5cdb8295098e25e8a28724e525a304bdb64f0
experiments/replicator_length_study/results/guarded-copier-v1/seeded/credential-2-seed-5/metrics.csv,15378,7f0023b0ebc5cb703e521758aebf8a771e9c7632daf911fd593da75215ff297c
experiments/replicator_length_study/results/guarded-copier-v1/seeded/credential-2-seed-5/protocol.json,563,5d5565a896f95d7fde6b4dbd9626465a296ac664a68f375d8decf600eaa9dffc
experiments/replicator_length_study/results/guarded-copier-v1/seeded/credential-2-seed-5/summary.json,869,532c4c0ac843f464b3459a306ab94c23123348fcc8cef99e5359e4011d9517c8
experiments/replicator_length_study/results/guarded-copier-v1/seeded/credential-2-seed-6/manifest.json,892,4917962260c67a7d1fc162decfc121b12b5026041cb8bf9df4196eeb13e611c5
experiments/replicator_length_study/results/guarded-copier-v1/seeded/credential-2-seed-6/metrics.csv,15910,b0ebf881360b6c9ef6a0ef621fe869a9d4b45c3dc82290bae3a72b6842714574
experiments/replicator_length_study/results/guarded-copier-v1/seeded/credential-2-seed-6/protocol.json,563,32f3be07fe6beb6c0089a1f452bc78227a9ea2dca585f1212f07169ed206d428
experiments/replicator_length_study/results/guarded-copier-v1/seeded/credential-2-seed-6/summary.json,869,e5676551af64ecbd321bf4857367539e2c557e790944ad2a9b45e3976fd86320
experiments/replicator_length_study/results/guarded-copier-v1/seeded/credential-2-seed-7/manifest.json,892,8010d3862c6c634f9d8dc1c7169b3e33aced48e1182910ea0c817b3a2ba39a31
experiments/replicator_length_study/results/guarded-copier-v1/seeded/credential-2-seed-7/metrics.csv,16390,df532897dd42542cc114946cca6039cd7c29ea306854164b347cb80ad4f3fdaf
experiments/replicator_length_study/results/guarded-copier-v1/seeded/credential-2-seed-7/protocol.json,563,c89a24fc1833796bfd82128710379101dca742eeacb65c0d928b41919ed59948
experiments/replicator_length_study/results/guarded-copier-v1/seeded/credential-2-seed-7/summary.json,869,d96098792e948d0ea289be26220db2fad07ee3794a426374b80726c98cb617d0
experiments/replicator_length_study/results/guarded-copier-v1/seeded/credential-2-seed-8/manifest.json,893,545aab0ccce4ac2aa3f84d1f5292ec3e417a48a2fb1e0b75ac94dc78f4f91b4c
experiments/replicator_length_study/results/guarded-copier-v1/seeded/credential-2-seed-8/metrics.csv,16556,21b62db6daed1a764b1ded99c41267bd635f536e4552c40aadd10436dd86828e
experiments/replicator_length_study/results/guarded-copier-v1/seeded/credential-2-seed-8/protocol.json,563,254bede388582ecc61eeec9bc93af147bf6166d9dcfffcf10aa1ca661c75d1e2
experiments/replicator_length_study/results/guarded-copier-v1/seeded/credential-2-seed-8/summary.json,870,525c38896e1b54eca661903f739d56be5984dee284f443a7684ef88a8543f660
experiments/replicator_length_study/results/guarded-copier-v1/seeded/credential-2-seed-9/manifest.json,893,f8b9d422671f71f0021d003d1697a166833aa0b9c68b346bcd7d40e2329b0071
experiments/replicator_length_study/results/guarded-copier-v1/seeded/credential-2-seed-9/metrics.csv,16451,f47099205cbc39e1a020f7f4248d79639bc6111b469ebbcdd80378327ff8c657
experiments/replicator_length_study/results/guarded-copier-v1/seeded/credential-2-seed-9/protocol.json,563,63c9f2229f9576cc51031de67499b94b196c7238bafd9b2d09a8a4b68c31f638
experiments/replicator_length_study/results/guarded-copier-v1/seeded/credential-2-seed-9/summary.json,870,6f2d625c429e2ab004e9df4323bc230943a2e7249470c4d2242706a32eaa316b
experiments/replicator_length_study/results/guarded-copier-v1/seeded/credential-4-seed-0/manifest.json,916,e1a4c8d49cc23d2297b5a85edcbc26d22569a91c77472f3283edc962b137bce1
experiments/replicator_length_study/results/guarded-copier-v1/seeded/credential-4-seed-0/metrics.csv,16598,878f92c19b545b411f275c1704fb4580703cec803377487179e2d86de5ca4480
experiments/replicator_length_study/results/guarded-copier-v1/seeded/credential-4-seed-0/protocol.json,582,76bb6af7c9720cee6bb7f6b5b30652ce1609d1061a84168d607f0230b4bfcbdf
experiments/replicator_length_study/results/guarded-copier-v1/seeded/credential-4-seed-0/summary.json,893,cec611b47163869f4336e3298bc685cd624935b6aea4ff7c202fddaf6218e202
experiments/replicator_length_study/results/guarded-copier-v1/seeded/credential-4-seed-1/manifest.json,916,cc46377dbca80939cdbf75d29bda7c67f5a5db83dc4338fe3fa3acc987b8a33a
experiments/replicator_length_study/results/guarded-copier-v1/seeded/credential-4-seed-1/metrics.csv,16557,15604ea337668510c051193ad56a05bed759b49a1c5b1ece4e310a534f2879d1
experiments/replicator_length_study/results/guarded-copier-v1/seeded/credential-4-seed-1/protocol.json,582,21c7e5588c3f7c6564e4a85977915bcfee6ceb1163b51bd2535ca5b72826d26b
experiments/replicator_length_study/results/guarded-copier-v1/seeded/credential-4-seed-1/summary.json,893,6bdbc31b995bc2d938c5278446441bcc5d59412d53d314cd70e5a33572822fec
experiments/replicator_length_study/results/guarded-copier-v1/seeded/credential-4-seed-10/manifest.json,917,ddf7db555d5bad9e945cc57302ea7687be5c8cf47ef99395e5d10af4f782561d
experiments/replicator_length_study/results/guarded-copier-v1/seeded/credential-4-seed-10/metrics.csv,16443,5124aedc5b32243318b7ed023db7250647d3892d94bf59caf1bc352ef0d53e3f
experiments/replicator_length_study/results/guarded-copier-v1/seeded/credential-4-seed-10/protocol.json,583,26e0c9cd5863038257be61761010b40c3428a077866620fecf4a966e1ee1c0c4
experiments/replicator_length_study/results/guarded-copier-v1/seeded/credential-4-seed-10/summary.json,894,06dc7dfab4390e49746a6145361df1731aee5b5e1193526dd43384d659f5a974
experiments/replicator_length_study/results/guarded-copier-v1/seeded/credential-4-seed-11/manifest.json,917,557ef800c2a722fe8b412c1a0a8445afb5c87c0098dae346c62d5067c204f303
experiments/replicator_length_study/results/guarded-copier-v1/seeded/credential-4-seed-11/metrics.csv,15944,a11885761494775841407d980987ee94113fe89dc8c73b2547cfe1cc3cd9ce73
experiments/replicator_length_study/results/guarded-copier-v1/seeded/credential-4-seed-11/protocol.json,583,d2b76e353e13571567f6d16b19522301d203fccbf850a5a1e84159d4a421a0ef
experiments/replicator_length_study/results/guarded-copier-v1/seeded/credential-4-seed-11/summary.json,894,1784d7a3c00d3d5aa1373fa0fd6f5ef9cc1d741a48c9bbfccd55059b26504bfa
experiments/replicator_length_study/results/guarded-copier-v1/seeded/credential-4-seed-12/manifest.json,917,d3e15f6a32f0da9bbc400afa7b08ce0944d6e18caeb03dbc2f2544f5f4b60a71
experiments/replicator_length_study/results/guarded-copier-v1/seeded/credential-4-seed-12/metrics.csv,16835,e29572a2853a7616861294e4034d523428cbe4d7726f9ebed12634d7f9c67d27
experiments/replicator_length_study/results/guarded-copier-v1/seeded/credential-4-seed-12/protocol.json,583,19ffd489571d7c5c5c5850023590101793979790a269139622040f6455cbcf23
experiments/replicator_length_study/results/guarded-copier-v1/seeded/credential-4-seed-12/summary.json,894,5cb484f77bbcad756acb8e533038ffe4a3667a5653e54888599e46daa6ad2cf6
experiments/replicator_length_study/results/guarded-copier-v1/seeded/credential-4-seed-13/manifest.json,917,70274dcc910e87aa70fc08aa7da5a7036646bb3a0c46a49476bbdaa1024338b7
experiments/replicator_length_study/results/guarded-copier-v1/seeded/credential-4-seed-13/metrics.csv,16379,0d31f4471d1f52d4cac235434fef9876939f09289362946b3946fc1edc6d0097
experiments/replicator_length_study/results/guarded-copier-v1/seeded/credential-4-seed-13/protocol.json,583,6a4fe8689fb367cc498318e165c1ba0c8914938593a26f795842105d97dfbe2c
experiments/replicator_length_study/results/guarded-copier-v1/seeded/credential-4-seed-13/summary.json,894,8ff2fb490057dd9930a239969fcb193f2efd892fcd6cd18a9b02cac8723239d9
experiments/replicator_length_study/results/guarded-copier-v1/seeded/credential-4-seed-14/manifest.json,917,d32ca311a674aaa40e8b56ebc35700844637a5b498f4ecbce5181775615780e2
experiments/replicator_length_study/results/guarded-copier-v1/seeded/credential-4-seed-14/metrics.csv,15840,9f4c6dac95efa1889fa49dc47e1b1ba63cc89edb8d33050d8fb0702a41aadcfa
experiments/replicator_length_study/results/guarded-copier-v1/seeded/credential-4-seed-14/protocol.json,583,1c393787a856abe953ad88de1694993b1ca038052309b60d6fa4b13fa513a749
experiments/replicator_length_study/results/guarded-copier-v1/seeded/credential-4-seed-14/summary.json,894,a2ed4169b2d0d06ef36286866c2bb3951c7f4a01dafa1db8ff607f60a5cefd07
experiments/replicator_length_study/results/guarded-copier-v1/seeded/credential-4-seed-15/manifest.json,917,1894eb8c226e1c0550e4ff792a34736304312fd12c79b3442e8f347468f8834b
experiments/replicator_length_study/results/guarded-copier-v1/seeded/credential-4-seed-15/metrics.csv,16489,4e245f510281bf2b437b287f82adeaff13b40f14acb1068fc081dc75161fdfd8
experiments/replicator_length_study/results/guarded-copier-v1/seeded/credential-4-seed-15/protocol.json,583,899757aefd8754ef484836f67a24fb8ee526a25bf7f7cc5a184dac678f47a260
experiments/replicator_length_study/results/guarded-copier-v1/seeded/credential-4-seed-15/summary.json,894,ade6888a854829a63efe2eab107735f89214d0f014a0982e4ef04987255f4088
experiments/replicator_length_study/results/guarded-copier-v1/seeded/credential-4-seed-16/manifest.json,917,24ed657f6327b51a419a59b9369fc19c12c68f8916d14efb839920e23a7282ed
experiments/replicator_length_study/results/guarded-copier-v1/seeded/credential-4-seed-16/metrics.csv,16131,92c7c4477a70bc77c0fe2bf98064c6f81a2d54e6e54e651e23077456b77c9619
experiments/replicator_length_study/results/guarded-copier-v1/seeded/credential-4-seed-16/protocol.json,583,8cb26b9161906867c80916331d38ec679955dbd36efdfb3fc087f8f40dfcb744
experiments/replicator_length_study/results/guarded-copier-v1/seeded/credential-4-seed-16/summary.json,894,c40798c91be649303f0e16446417411179997ff81d8f91242893c9ec011efee5
experiments/replicator_length_study/results/guarded-copier-v1/seeded/credential-4-seed-17/manifest.json,917,a55b85a456e460f637d537308027744a45991d1f830e2885f4c623fec8177a31
experiments/replicator_length_study/results/guarded-copier-v1/seeded/credential-4-seed-17/metrics.csv,16441,21fd42ab554c5a5a269c5bf4113ebdc58569354cc8f4539f9eff55b1472dc994
experiments/replicator_length_study/results/guarded-copier-v1/seeded/credential-4-seed-17/protocol.json,583,1e921a0810561997d401b3bcbe69648633a1972de7db123641a8232854672e95
experiments/replicator_length_study/results/guarded-copier-v1/seeded/credential-4-seed-17/summary.json,894,4af6c7a8b23f5ec06cf2697b4faeb524121db810cd9c02c4b01bee80f7c6d2d9
experiments/replicator_length_study/results/guarded-copier-v1/seeded/credential-4-seed-18/manifest.json,917,2db401622e3eaeaffc53e28a36736e1d8c78d874c73a50242dcaaa0a82d24d7c
experiments/replicator_length_study/results/guarded-copier-v1/seeded/credential-4-seed-18/metrics.csv,16766,720b07418024a13c0fdf1982fd5b875a93b68f842f3cc1d6aacea85702ae0813
experiments/replicator_length_study/results/guarded-copier-v1/seeded/credential-4-seed-18/protocol.json,583,0d672655370af2052daa695832d98e3422647e47353e1e98430cb2bab792547f
experiments/replicator_length_study/results/guarded-copier-v1/seeded/credential-4-seed-18/summary.json,894,102dc535656579b4746ceba20b72c8832a8dcf14b7aa882a2bb46778ea4558be
experiments/replicator_length_study/results/guarded-copier-v1/seeded/credential-4-seed-19/manifest.json,917,049944ef30445723ef72346888eeb4f97053d8b467b92000cc96a86958a065d5
experiments/replicator_length_study/results/guarded-copier-v1/seeded/credential-4-seed-19/metrics.csv,16225,68b7b1952b839a2ecc3321b5cea8e25ae439c7178ce305f8dfb2cb4122d095c6
experiments/replicator_length_study/results/guarded-copier-v1/seeded/credential-4-seed-19/protocol.json,583,08d9f3cbc651c36f5b552ceb68da246b371ca60e8d4e282f610394d7d8b25e93
experiments/replicator_length_study/results/guarded-copier-v1/seeded/credential-4-seed-19/summary.json,894,f7756ca17e822307344696f714e94e27436855d060c676f66e0d965d5d85db24
experiments/replicator_length_study/results/guarded-copier-v1/seeded/credential-4-seed-2/manifest.json,916,986f92b2cd21d83a2c1416191fad2aba0b919684dad76021115150ec210eaf6d
experiments/replicator_length_study/results/guarded-copier-v1/seeded/credential-4-seed-2/metrics.csv,16654,61df0eadc9314e0eb8ed4b4a3b4df8416ad3120487375c0f6df93ac2a01c2303
experiments/replicator_length_study/results/guarded-copier-v1/seeded/credential-4-seed-2/protocol.json,582,ad5fc0d30ec0ce0c2717cc98b645888bc8a4535bf1566d730dd4f556cde27925
experiments/replicator_length_study/results/guarded-copier-v1/seeded/credential-4-seed-2/summary.json,893,c5bfc4d606f5de3966bc1f2208ab8eea5ddf46c01e823c418677cef01cfd080b
experiments/replicator_length_study/results/guarded-copier-v1/seeded/credential-4-seed-3/manifest.json,916,f9a543d5bc726f789fad4401c8bc9795fff474a6585594729673759611958685
experiments/replicator_length_study/results/guarded-copier-v1/seeded/credential-4-seed-3/metrics.csv,16742,0eb331c6cdcefa841d89b6e262dc1c632899d143dc618b144d08be0877a28284
experiments/replicator_length_study/results/guarded-copier-v1/seeded/credential-4-seed-3/protocol.json,582,1e6754a470bdadd3438300b05567bf8ab4af16a1b36736beb0d7cbf507c447bf
experiments/replicator_length_study/results/guarded-copier-v1/seeded/credential-4-seed-3/summary.json,893,68d38e9699a364b9b2a6aba2c72a2c126ad985409810a19f8bba23010afbacd1
experiments/replicator_length_study/results/guarded-copier-v1/seeded/credential-4-seed-4/manifest.json,916,97fbc37308a70d1af1c0416d8b0302da7767ca461bf1ca758a983055d789ffa0
experiments/replicator_length_study/results/guarded-copier-v1/seeded/credential-4-seed-4/metrics.csv,16238,383b2bae8e72f87e820fc8075cc9057475ef4b866b03ca86d44e1d03b12fab76
experiments/replicator_length_study/results/guarded-copier-v1/seeded/credential-4-seed-4/protocol.json,582,23e5adb379feedb5e86d6c37c561f8ffdb1524c3901a6bcf1f884b8237c862d7
experiments/replicator_length_study/results/guarded-copier-v1/seeded/credential-4-seed-4/summary.json,893,3d9f0884915c6029ebc937b9b67226cff0293d154c09652db2fac572fba21a83
experiments/replicator_length_study/results/guarded-copier-v1/seeded/credential-4-seed-5/manifest.json,916,22cbfa7cc6c1597e980d966273eb22f15a9c1d73fa528196122b478096d0ad5c
experiments/replicator_length_study/results/guarded-copier-v1/seeded/credential-4-seed-5/metrics.csv,16662,7d8400552f8a39f74707b25014b5f0df58d759470878d1e7da521ac0b4ce20ec
experiments/replicator_length_study/results/guarded-copier-v1/seeded/credential-4-seed-5/protocol.json,582,fc3b0f842d834cb55124c5e7f9d72161fbfa5c83b96ca40e032ded443a15e7cc
experiments/replicator_length_study/results/guarded-copier-v1/seeded/credential-4-seed-5/summary.json,893,3d6bf3bc8e85f651bc28235e73617ef912f52b220983794524456588f5522bc3
experiments/replicator_length_study/results/guarded-copier-v1/seeded/credential-4-seed-6/manifest.json,915,58484f067ccee6209382af21fe0463470ef2ef8d97adb1de07098755cd611747
experiments/replicator_length_study/results/guarded-copier-v1/seeded/credential-4-seed-6/metrics.csv,16224,ebf7eb584738c6c9df273ea268af59bce59e338c12e7d74bc70de75749e647e3
experiments/replicator_length_study/results/guarded-copier-v1/seeded/credential-4-seed-6/protocol.json,582,b6df65ee0a2e862128ebd1ecb2dc6d32452f90fa78820907f195b0d3eac2c4de
experiments/replicator_length_study/results/guarded-copier-v1/seeded/credential-4-seed-6/summary.json,892,baeb4143fdbe612204d0a6c0e738a0143069f491483361122cee06337bb6e9e6
experiments/replicator_length_study/results/guarded-copier-v1/seeded/credential-4-seed-7/manifest.json,916,6576ee2796f2aed3ad3354a278fdc72d2e0c0cdbe6fd5954805f5747863d32f6
experiments/replicator_length_study/results/guarded-copier-v1/seeded/credential-4-seed-7/metrics.csv,16742,faa5e594503965ce050e4d2b85336229f94e9eaaf580ce1fb43d89123e4091f9
experiments/replicator_length_study/results/guarded-copier-v1/seeded/credential-4-seed-7/protocol.json,582,3738bd13f2b129bc68530384f92e28406446ad7bc49b71c2c9a67cce7402f307
experiments/replicator_length_study/results/guarded-copier-v1/seeded/credential-4-seed-7/summary.json,893,946cc7d9873f498ea6524e018ffec610c29ea51c4dd77da28a6fe94eae671ab3
experiments/replicator_length_study/results/guarded-copier-v1/seeded/credential-4-seed-8/manifest.json,916,e9a953210e84c7c10ed3b0738c1ecb138fcfcbb8186f6c6e6ff7ae7e67073399
experiments/replicator_length_study/results/guarded-copier-v1/seeded/credential-4-seed-8/metrics.csv,16881,6f1cf64b7c7e030d8c321b79c32ac4d0140e003f3a8763356adb6432f83d674e
experiments/replicator_length_study/results/guarded-copier-v1/seeded/credential-4-seed-8/protocol.json,582,befcca86a3971f2a098ead99eab1b8a3fdb8790501036a5c2506d24d7d0058c1
experiments/replicator_length_study/results/guarded-copier-v1/seeded/credential-4-seed-8/summary.json,893,015a674a966dc0ad40a335acab6225e154ce0fc9aea984de05f11f05c9344afb
experiments/replicator_length_study/results/guarded-copier-v1/seeded/credential-4-seed-9/manifest.json,916,71a4009c276cfd08d7fff11c5d6f376d87515cb7baeefe88763da2c31628940e
experiments/replicator_length_study/results/guarded-copier-v1/seeded/credential-4-seed-9/metrics.csv,16792,2dcc08f4da015774aca8a8ce770053677e19de18b67cf69458afaaec3288beca
experiments/replicator_length_study/results/guarded-copier-v1/seeded/credential-4-seed-9/protocol.json,582,cc96994c482b234c99fc0e0254391899fadf7767e495c0ec5dd7d3d00e30c921
experiments/replicator_length_study/results/guarded-copier-v1/seeded/credential-4-seed-9/summary.json,893,23fda1b5b4c7e9f0a7e119322ffddb7231dbb1e075ad0ba60a2b4221032ba0bb
experiments/replicator_length_study/results/guarded-copier-v1/seeded/credential-6-seed-0/manifest.json,937,98a4fa1248d408eb84e227f1fc3eac2b5366f5f4c5a6a8db8e1737fea238c537
experiments/replicator_length_study/results/guarded-copier-v1/seeded/credential-6-seed-0/metrics.csv,16918,d114bbdcf4009ca57520b4739d666c643e040cb668a154f106ab6d0c3a71f061
experiments/replicator_length_study/results/guarded-copier-v1/seeded/credential-6-seed-0/protocol.json,599,c6da4eeaf4c5e2f315538e51083d3ed9f22abd020d85b667effc6461e655d1c7
experiments/replicator_length_study/results/guarded-copier-v1/seeded/credential-6-seed-0/summary.json,914,e91a52885d85f756a1dc8e905921e49c810c75bfc4f688ee6d0632697c9c833a
experiments/replicator_length_study/results/guarded-copier-v1/seeded/credential-6-seed-1/manifest.json,937,9ea0db6e3f92d363d99b914fe0ad96cef600cccb699215d51c2357cb22353d5f
experiments/replicator_length_study/results/guarded-copier-v1/seeded/credential-6-seed-1/metrics.csv,16929,f62eb255ee4f8c8f29a50be85f30f290f3048603ff583cd415e81f8cfeebaf3e
experiments/replicator_length_study/results/guarded-copier-v1/seeded/credential-6-seed-1/protocol.json,599,b5b4135ab2f89afe59f100477361a8e4214da9782ebe077fbf07e2ee84788fd8
experiments/replicator_length_study/results/guarded-copier-v1/seeded/credential-6-seed-1/summary.json,914,0575396e424397b8760c152041146d2be4525ff39d5e010001ee2356eddc24f9
experiments/replicator_length_study/results/guarded-copier-v1/seeded/credential-6-seed-10/manifest.json,938,6df23ec54c3612f14ad7e3b90c75e20bc59692ddf01a32f6622a35211e73913d
experiments/replicator_length_study/results/guarded-copier-v1/seeded/credential-6-seed-10/metrics.csv,16974,048ff2ed6b294581e42e779b7a22b4d3ab8c66068ba6a0c79a3df49429b7d1b9
experiments/replicator_length_study/results/guarded-copier-v1/seeded/credential-6-seed-10/protocol.json,600,3d83079eaa4f2aa2bcea1a62668779d3edb79695ae303a8538d7543e44982e4f
experiments/replicator_length_study/results/guarded-copier-v1/seeded/credential-6-seed-10/summary.json,915,7a8329a6df766a039642653cd5680031029dd891842be5f8bb7c41afcd08bda9
experiments/replicator_length_study/results/guarded-copier-v1/seeded/credential-6-seed-11/manifest.json,938,4acf4eb236babed2d05f46f361e72ae09842529175fc3b1d10790dae1741bac7
experiments/replicator_length_study/results/guarded-copier-v1/seeded/credential-6-seed-11/metrics.csv,16324,cf2ee1695f23e1043441e8f25d3e5a985ffe334affa7e77b4a1daa97272b74f4
experiments/replicator_length_study/results/guarded-copier-v1/seeded/credential-6-seed-11/protocol.json,600,ff04d6f0982884a06dc28333842116e592baf8cdcae371ee3234678642750697
experiments/replicator_length_study/results/guarded-copier-v1/seeded/credential-6-seed-11/summary.json,915,e1bb05c6a1f47a545b1885130d1aea4ba2100715e1b4cf20eb1b61631ce1494d
experiments/replicator_length_study/results/guarded-copier-v1/seeded/credential-6-seed-12/manifest.json,938,8fe6d8efd463c0139ecc80407d513470e0b67c7671596d6d612e6f1c08b678b0
experiments/replicator_length_study/results/guarded-copier-v1/seeded/credential-6-seed-12/metrics.csv,17026,41c587f7366ddf388e26084b3df4d5d92eb52cb9722a1c3422d565808bea2095
experiments/replicator_length_study/results/guarded-copier-v1/seeded/credential-6-seed-12/protocol.json,600,f03574ede3a0f3ee31a122b77c647de5926e6d2bb6af161716f0c41b3db8ab07
experiments/replicator_length_study/results/guarded-copier-v1/seeded/credential-6-seed-12/summary.json,915,5e5df979b7d5b4cb54ebbf6187fd09817e59c4c2faa34cd46192d6d05d45a7b0
experiments/replicator_length_study/results/guarded-copier-v1/seeded/credential-6-seed-13/manifest.json,938,d2f59950159dab1d1cb9ea416dfcde24079cf69b5b7e6f5e6d9b0ab874856c28
experiments/replicator_length_study/results/guarded-copier-v1/seeded/credential-6-seed-13/metrics.csv,16663,99c8215b9a89ddfc282c0d6b57bae892dce3d88df773014b77bb76c6987c262b
experiments/replicator_length_study/results/guarded-copier-v1/seeded/credential-6-seed-13/protocol.json,600,8eacd21e7af399c0a4f2bc965e7bf65b85c114e125c0c570ec9021f65a50b0b7
experiments/replicator_length_study/results/guarded-copier-v1/seeded/credential-6-seed-13/summary.json,915,0ae204e1db2a3ba5ae9be0f783e2bc177606cb54438a6da848380bf54e1fdf70
experiments/replicator_length_study/results/guarded-copier-v1/seeded/credential-6-seed-14/manifest.json,938,d2441661c64223457cfc1f792299ae4cc1f69bf9844c5fe4c58a2ef2f8eb30f2
experiments/replicator_length_study/results/guarded-copier-v1/seeded/credential-6-seed-14/metrics.csv,16984,0104959a85ce0b379d0de4188975b088c1176d3fb92e8bec884707c875c0a7cc
experiments/replicator_length_study/results/guarded-copier-v1/seeded/credential-6-seed-14/protocol.json,600,5f5f8f88d12a010db6ca25ef10b556148e5d7bf10adf2bbacc2a4597973d1baa
experiments/replicator_length_study/results/guarded-copier-v1/seeded/credential-6-seed-14/summary.json,915,af66c676917ef5efdf827ba15326242ff3bd79bb0e757131ccbdf8e41b3f48fb
experiments/replicator_length_study/results/guarded-copier-v1/seeded/credential-6-seed-15/manifest.json,938,f1e11b87733a6ceebc9bc26ff896ea098afa3b83cbff6b7aa539262b95cf5e87
experiments/replicator_length_study/results/guarded-copier-v1/seeded/credential-6-seed-15/metrics.csv,16775,5ec214dce7aef8e8f4100527a4ecbd35383355510951df37dfd4be6dbe65ae39
experiments/replicator_length_study/results/guarded-copier-v1/seeded/credential-6-seed-15/protocol.json,600,67cee811cbe1036a821c863ebf76483c1d790575a4c68d2923c1c0333f2cb221
experiments/replicator_length_study/results/guarded-copier-v1/seeded/credential-6-seed-15/summary.json,915,9cccf6214e4fd1383d18c0f204ff1affdb7497dc8d7f2f7c1b980eb73ad6b37a
experiments/replicator_length_study/results/guarded-copier-v1/seeded/credential-6-seed-16/manifest.json,938,e5f131eac6d53bdcf606ef027b4c60562d82a6f95b6e872fc412052d96821c04
experiments/replicator_length_study/results/guarded-copier-v1/seeded/credential-6-seed-16/metrics.csv,16971,51e635b255e7e6510fba37f5831308f55672a2d4b95adabb1dc6739d063c1b70
experiments/replicator_length_study/results/guarded-copier-v1/seeded/credential-6-seed-16/protocol.json,600,fc38306fc2954bad0c69dc304e4598612aa7ff1b867eafcac2d3a5e00f8ff8cc
experiments/replicator_length_study/results/guarded-copier-v1/seeded/credential-6-seed-16/summary.json,915,1255115ccc1ce0024499e669e149635db4e663d0ce884aa3b2dc7b07394ff890
experiments/replicator_length_study/results/guarded-copier-v1/seeded/credential-6-seed-17/manifest.json,938,8d1e6a2b129cc364252d0511d620e899dc1d0abeb3ab16f43d858310a9960295
experiments/replicator_length_study/results/guarded-copier-v1/seeded/credential-6-seed-17/metrics.csv,16665,9b390362a1c5b36b4439fae5e2e9d0371d6d9f29d98d65d4cd3ac2ecfb0ede35
experiments/replicator_length_study/results/guarded-copier-v1/seeded/credential-6-seed-17/protocol.json,600,0277cf804396134e2146c0b39f25e0bf7c9ea78f7ce295aa1ecec11995bb562e
experiments/replicator_length_study/results/guarded-copier-v1/seeded/credential-6-seed-17/summary.json,915,c02547679b043ddba9ba24825e5d93fe361742632e043cf9973313608e207d49
experiments/replicator_length_study/results/guarded-copier-v1/seeded/credential-6-seed-18/manifest.json,938,140c22813fa9dc3b3b764aceb1db34a1bddf1be8f9867c0e00f29e38a80f9d82
experiments/replicator_length_study/results/guarded-copier-v1/seeded/credential-6-seed-18/metrics.csv,16990,f40f999c0597d9d139ef992995c9d84a0b8e14822c468e7907b8db0b1578c03d
experiments/replicator_length_study/results/guarded-copier-v1/seeded/credential-6-seed-18/protocol.json,600,15df46d55af60794ed0cd05440d1d54b9e07ad56bbf7304b35c075c66b1dd2b2
experiments/replicator_length_study/results/guarded-copier-v1/seeded/credential-6-seed-18/summary.json,915,684d0dec79b83165c5e5339952cac9d4b7f342fca88e7fc1292d1b5bd0b29a2a
experiments/replicator_length_study/results/guarded-copier-v1/seeded/credential-6-seed-19/manifest.json,938,f126918134a3a558c002d7bcfba1dd35906d24d4a0e162eef65e5d16d74977bd
experiments/replicator_length_study/results/guarded-copier-v1/seeded/credential-6-seed-19/metrics.csv,16466,4e50157ed2cdea8fdd357d994d3b2ed1f401e81ed2e4d5d66eac18ac59946e88
experiments/replicator_length_study/results/guarded-copier-v1/seeded/credential-6-seed-19/protocol.json,600,9266799a0233049625205e5216da4cfc3c9b9879de6e50887854b05c8f155387
experiments/replicator_length_study/results/guarded-copier-v1/seeded/credential-6-seed-19/summary.json,915,8ca77f7f8ae140bcd0557c9602ba10e67af33c4a6934cf70e939cdd468bf623e
experiments/replicator_length_study/results/guarded-copier-v1/seeded/credential-6-seed-2/manifest.json,937,9019b1be8f04491050f8b865e2425028308e192d90928f9438351c84f0ef5f5a
experiments/replicator_length_study/results/guarded-copier-v1/seeded/credential-6-seed-2/metrics.csv,16823,7efc18425e714bebbb3d6309e366cb80746ab4ffeb8788337916dc560ad5fa45
experiments/replicator_length_study/results/guarded-copier-v1/seeded/credential-6-seed-2/protocol.json,599,2da22039f212e010a4f97a97646d6eecacf254c9965918e87c520460d1b855c7
experiments/replicator_length_study/results/guarded-copier-v1/seeded/credential-6-seed-2/summary.json,914,c75b1bb6ba923e03121293251a7ce4d4dfbc95197544c97ca75e58d89680306a
experiments/replicator_length_study/results/guarded-copier-v1/seeded/credential-6-seed-3/manifest.json,937,16ed55ce4b0e34e46c1f726ae6ae4eaa48c6086f3010a374399f0c85545a2ba8
experiments/replicator_length_study/results/guarded-copier-v1/seeded/credential-6-seed-3/metrics.csv,17148,4c216c7fbcd23b1ea606d7e00bae4aa6260f88844b3e101b913c2f2c3ac9a259
experiments/replicator_length_study/results/guarded-copier-v1/seeded/credential-6-seed-3/protocol.json,599,e589a3376a19ec9fecf077e4f537eee727586c2dcc8c726ab7837be371fe7b18
experiments/replicator_length_study/results/guarded-copier-v1/seeded/credential-6-seed-3/summary.json,914,28c2a7cfb886834cbde50d87b09bf4b10f6ea3198e2c712551da3c08e4800e69
experiments/replicator_length_study/results/guarded-copier-v1/seeded/credential-6-seed-4/manifest.json,937,94695d5c1aea6cfa134e5fe1b1c344e991493b7ea26a55584aa21f0ee03bf624
experiments/replicator_length_study/results/guarded-copier-v1/seeded/credential-6-seed-4/metrics.csv,16413,9a5010575bb10ee53ed1d3b8078b55c0e957b8e7a8b1d92943328091b784c331
experiments/replicator_length_study/results/guarded-copier-v1/seeded/credential-6-seed-4/protocol.json,599,9d4ee7c68061b62f9478031bca05bfa5a662c4d2feea655fde885cde1f468da6
experiments/replicator_length_study/results/guarded-copier-v1/seeded/credential-6-seed-4/summary.json,914,5563c08c6bb173f714e528fb49624f38a1fbce4d95f4b82eef833899d84c9e4b
experiments/replicator_length_study/results/guarded-copier-v1/seeded/credential-6-seed-5/manifest.json,937,6df9aeb1945530e3347253935a7d61bc29d634119cdf19b95884d874a88e0a8f
experiments/replicator_length_study/results/guarded-copier-v1/seeded/credential-6-seed-5/metrics.csv,16860,a8e0ddc02e43734900e986b69b5485de7d30e68b1146e6a1010b286325b9faeb
experiments/replicator_length_study/results/guarded-copier-v1/seeded/credential-6-seed-5/protocol.json,599,2c4e473109fc9df3abf494cc7fbf454a7745762f2e3fe2b3e4d95a2c4b9d805a
experiments/replicator_length_study/results/guarded-copier-v1/seeded/credential-6-seed-5/summary.json,914,cf79d9f4251390145a3ea3b316ee0b69f8e72ac7a27ccb0c9854c40ae19bd0e3
experiments/replicator_length_study/results/guarded-copier-v1/seeded/credential-6-seed-6/manifest.json,937,b57a06fc3ac356db6bb162f22bac616e6b00e4b319873bea362a21e6cf4cd435
experiments/replicator_length_study/results/guarded-copier-v1/seeded/credential-6-seed-6/metrics.csv,16989,fcb24f341f0bcfa0abce4f468a3f3302b08b4080ecd58b76ed183719d40bb832
experiments/replicator_length_study/results/guarded-copier-v1/seeded/credential-6-seed-6/protocol.json,599,9209ac4fa273e3bdc4adac2e532b35f19150ef0cf1b934447a60967b1d161f28
experiments/replicator_length_study/results/guarded-copier-v1/seeded/credential-6-seed-6/summary.json,914,37c556a5089ed0a23f39cc3a54c2fde525f8b2a4c3c00f64ac85f276cbfa102a
experiments/replicator_length_study/results/guarded-copier-v1/seeded/credential-6-seed-7/manifest.json,937,9c729abfd7d27a421e94eadc2e288ce33f6f827f5a9cbb9866b8dce8a061ea37
experiments/replicator_length_study/results/guarded-copier-v1/seeded/credential-6-seed-7/metrics.csv,17080,6e04612dbe076e4bc2d828690e342083eb8ebc278132b4185ece4b9aed6006e4
experiments/replicator_length_study/results/guarded-copier-v1/seeded/credential-6-seed-7/protocol.json,599,59a2658d172224aae34c0fb01d0f398ae146e673cf88ed7d9116e297070c0ddd
experiments/replicator_length_study/results/guarded-copier-v1/seeded/credential-6-seed-7/summary.json,914,ccc5facfcfd3e13d60240fc2051475bc854d87add9245362be517d1891259973
experiments/replicator_length_study/results/guarded-copier-v1/seeded/credential-6-seed-8/manifest.json,937,7405f53738fcac551c6c9018e76f24897b87e44827da58b5e5fe74cc9d1a507d
experiments/replicator_length_study/results/guarded-copier-v1/seeded/credential-6-seed-8/metrics.csv,17173,f3564975982bb9b20746b7b97d7e4863ad526839167c2125ff9a48b4a68cc0da
experiments/replicator_length_study/results/guarded-copier-v1/seeded/credential-6-seed-8/protocol.json,599,ddd8fc393ea0376462b9f6c74befbdbf797d8576ee6f4f15e513458b87c1c152
experiments/replicator_length_study/results/guarded-copier-v1/seeded/credential-6-seed-8/summary.json,914,ecd6a8f6306a417f14bc9eeaf2ea522bdfaf3e74788deee10baf6183aaf9da17
experiments/replicator_length_study/results/guarded-copier-v1/seeded/credential-6-seed-9/manifest.json,937,5d340f1b1fa2a4a20026a1eba5ffa05d920cfa99173f77e3da8cb2a27c4341cc
experiments/replicator_length_study/results/guarded-copier-v1/seeded/credential-6-seed-9/metrics.csv,16965,443f48cd58db95931bb46e0c6679819e98414678571b71e6dbbe6acaf1f59100
experiments/replicator_length_study/results/guarded-copier-v1/seeded/credential-6-seed-9/protocol.json,599,4af4a66bb46861aa530a60fae83fcbabcab78452818c8ba6df4ede6344ddffdf
experiments/replicator_length_study/results/guarded-copier-v1/seeded/credential-6-seed-9/summary.json,914,9a86e9670c5e2075fd2017bbcb45db2aeb3751d59f902ff0a54b28872ed2f81f
experiments/replicator_length_study/results/guarded-copier-v1/seeded/credential-8-seed-0/manifest.json,958,cba35c418a5b5bd081b6cf3fb4d8124c50900e90499ea8df2186c3ec0afb8ebf
experiments/replicator_length_study/results/guarded-copier-v1/seeded/credential-8-seed-0/metrics.csv,17143,e305a1f8f0dda6012c3342862c48fd8486e8366d0e0836d4d09f92bb8c6552b2
experiments/replicator_length_study/results/guarded-copier-v1/seeded/credential-8-seed-0/protocol.json,616,5d188b604b5d02a9c43ad43698d20d014f95329f9608e3a024a74d15ad7f09fb
experiments/replicator_length_study/results/guarded-copier-v1/seeded/credential-8-seed-0/summary.json,935,a0feef003022a32244a1479d5a0db50e01ae24631264f744311dab36d7f289b6
experiments/replicator_length_study/results/guarded-copier-v1/seeded/credential-8-seed-1/manifest.json,958,e9dc44130d052f9467f644eb02234fa4fdf3d3f970ca41ba0802528f0e39ac38
experiments/replicator_length_study/results/guarded-copier-v1/seeded/credential-8-seed-1/metrics.csv,17130,78665f3f20228b47386fe1a0225b580c4d5d87195355d97f3505dc021ce6264d
experiments/replicator_length_study/results/guarded-copier-v1/seeded/credential-8-seed-1/protocol.json,616,5e6ad0459ea07009effce874d7b202fb41a3d9607ef9d601c2f3d3b36fd42657
experiments/replicator_length_study/results/guarded-copier-v1/seeded/credential-8-seed-1/summary.json,935,9de5a3740c736679e11df96e813997b49d30711a06c4b7bf7b5c9c9a2fde6d3b
experiments/replicator_length_study/results/guarded-copier-v1/seeded/credential-8-seed-10/manifest.json,959,4c5bb3bb2f3da19116a6083ef1396d2109082a6c3b007127c77de22d8b94b89d
experiments/replicator_length_study/results/guarded-copier-v1/seeded/credential-8-seed-10/metrics.csv,17173,dfa7622048c09975e3a16d0387e2fb2f613194299c8d15879d341c5bab6e3a8e
experiments/replicator_length_study/results/guarded-copier-v1/seeded/credential-8-seed-10/protocol.json,617,7ace85335299f95b1c77c2ca1774883ebef2a1cb106c3f4d03c5ae429b131913
experiments/replicator_length_study/results/guarded-copier-v1/seeded/credential-8-seed-10/summary.json,936,badcc43f878cb48f6ff0cc793cb61bd23d070b2c00618cffbeecde5d89dfebd4
experiments/replicator_length_study/results/guarded-copier-v1/seeded/credential-8-seed-11/manifest.json,959,74b83bb8e741cbd4d51ee8eb449b75f1d927df72af06506a5b52f5ba761d3ec6
experiments/replicator_length_study/results/guarded-copier-v1/seeded/credential-8-seed-11/metrics.csv,16738,d167bd0aba68d83d9910e42a4266062f36f52f9269783fbe1ec4467cd9ede8e3
experiments/replicator_length_study/results/guarded-copier-v1/seeded/credential-8-seed-11/protocol.json,617,f47c420ec66e98c333868a2755ee84f40539a6c560b05c900dc5785914dfcf19
experiments/replicator_length_study/results/guarded-copier-v1/seeded/credential-8-seed-11/summary.json,936,ea298bee48a35099e5e1d24a7e5b20b4a26de6a4a3fd5e6aa4c8608c649119c5
experiments/replicator_length_study/results/guarded-copier-v1/seeded/credential-8-seed-12/manifest.json,959,d70f4bee2d0fa167041f36230a64f8161e95cf35aaf7a7d461800033ddad74f1
experiments/replicator_length_study/results/guarded-copier-v1/seeded/credential-8-seed-12/metrics.csv,17239,aa26247ca612c1645060151391563d6f7e7963fd9eee55e7e1b129547a129f4d
experiments/replicator_length_study/results/guarded-copier-v1/seeded/credential-8-seed-12/protocol.json,617,106765ab71abf346dd7046f5c84d6a9bfb737299b51c7c7c06436c81871d2a63
experiments/replicator_length_study/results/guarded-copier-v1/seeded/credential-8-seed-12/summary.json,936,3ec5e1ee85d9953861b605d79fa261bdaac4c226968cceb8edfc3f7d3fded8d9
experiments/replicator_length_study/results/guarded-copier-v1/seeded/credential-8-seed-13/manifest.json,959,60aca405974a90e53dc45218e12c97feb9c82dbe2c5f5bc2230ad263b86ce199
experiments/replicator_length_study/results/guarded-copier-v1/seeded/credential-8-seed-13/metrics.csv,17023,01e1865385df4cb60b7a4fa5fe13f66a041c3625372106ebb63a486edd366703
experiments/replicator_length_study/results/guarded-copier-v1/seeded/credential-8-seed-13/protocol.json,617,10b9f69bc11cbbffa714e1b74098c44859353e6b134c716a50f9e36d1a54cbf2
experiments/replicator_length_study/results/guarded-copier-v1/seeded/credential-8-seed-13/summary.json,936,c22170e3d45756dadac95b7d9268a52f8d2edd499e9c8827c4716c35b3d52876
experiments/replicator_length_study/results/guarded-copier-v1/seeded/credential-8-seed-14/manifest.json,959,8e369c58c4400808f002e0b7919b26816c9a1b9ff5054a91882ac731abbd8166
experiments/replicator_length_study/results/guarded-copier-v1/seeded/credential-8-seed-14/metrics.csv,17167,e069b3fc081b1acdd0377d8935c195dce1e5b55f5a1e79487bbdd7793147ff3f
experiments/replicator_length_study/results/guarded-copier-v1/seeded/credential-8-seed-14/protocol.json,617,80b71bff3e627087e18142a91cb52d504ef7f2367e728540b0726d131da3f714
experiments/replicator_length_study/results/guarded-copier-v1/seeded/credential-8-seed-14/summary.json,936,1d883467e22e089f3840074912961d9751be9d7c0c0119365014816ad96c3717
experiments/replicator_length_study/results/guarded-copier-v1/seeded/credential-8-seed-15/manifest.json,959,6056bd1546875ae9c8489faa8188b13c6471745006c33b48791af5b43385c315
experiments/replicator_length_study/results/guarded-copier-v1/seeded/credential-8-seed-15/metrics.csv,16849,c3b90b06a6c631eb0da3f418933d5afe40c45d0795699e67c05a324405b8af90
experiments/replicator_length_study/results/guarded-copier-v1/seeded/credential-8-seed-15/protocol.json,617,4c742ca947603dcfc500bdaef698e35faa4fba26f8792cdb0a88e99ddb11c486
experiments/replicator_length_study/results/guarded-copier-v1/seeded/credential-8-seed-15/summary.json,936,7e16cedcf8cc1e08ae4084ba8a67b0862f339b785fabb1e38a98ee0999339f30
experiments/replicator_length_study/results/guarded-copier-v1/seeded/credential-8-seed-16/manifest.json,959,ffadcf7d2f96ea580c4892fab7a51812ca881dd3b6397188abd9023cf1d8d82b
experiments/replicator_length_study/results/guarded-copier-v1/seeded/credential-8-seed-16/metrics.csv,17244,17a491b91d871736309625fea8a3c7a4cd0e81b5ba15878ae257e6023b5cd638
experiments/replicator_length_study/results/guarded-copier-v1/seeded/credential-8-seed-16/protocol.json,617,87fc726c5d586130aea4399b78449852843519d6aeabb1af6a5476a344fa4852
experiments/replicator_length_study/results/guarded-copier-v1/seeded/credential-8-seed-16/summary.json,936,d2c3914453026d63f41d394694fb8d5ef9a8c6795a9cbc080bc0281827d76aee
experiments/replicator_length_study/results/guarded-copier-v1/seeded/credential-8-seed-17/manifest.json,959,3c95d24aa5bf72d1cf1d1c23254fa9c725283807dd58f4735b14ce753bdfa24a
experiments/replicator_length_study/results/guarded-copier-v1/seeded/credential-8-seed-17/metrics.csv,16922,0efc823b9aa4928e512f4daf21d199bf3de99462545617253cde7967a9ffe45b
experiments/replicator_length_study/results/guarded-copier-v1/seeded/credential-8-seed-17/protocol.json,617,f099ab199c9d93eff0a2297c0dd22345f3f613c2175af0eb4d82d5984f0948d3
experiments/replicator_length_study/results/guarded-copier-v1/seeded/credential-8-seed-17/summary.json,936,52e987a5229ebc803b6aa57e9aa9b013785aa4162fb533a9b69c57392911ec18
experiments/replicator_length_study/results/guarded-copier-v1/seeded/credential-8-seed-18/manifest.json,959,bb032270f5965e2500083c967927fd4218edb9b8c740524476dbb59bf78e1fb2
experiments/replicator_length_study/results/guarded-copier-v1/seeded/credential-8-seed-18/metrics.csv,17236,f921d8bbb44ae383bfc225f99e7fe5aa3a5905e65e354c8b0506bcab27d47e64
experiments/replicator_length_study/results/guarded-copier-v1/seeded/credential-8-seed-18/protocol.json,617,c369bfdc90561949b63e770707141715ac452eb095c30355106369e1e01cb922
experiments/replicator_length_study/results/guarded-copier-v1/seeded/credential-8-seed-18/summary.json,936,761a62ee1719f963a4950957d21e69ea5edd57eca1904498dc9c0962c686e49c
experiments/replicator_length_study/results/guarded-copier-v1/seeded/credential-8-seed-19/manifest.json,959,d95342c79647781b8ed6808056bbcaab828f9d1bdcb1b3fe3baffb062fbf3395
experiments/replicator_length_study/results/guarded-copier-v1/seeded/credential-8-seed-19/metrics.csv,16663,4bcc3229dd6e05421ac9d34a540493ee38b69a6766b2e5e8c0a265fd9299fad0
experiments/replicator_length_study/results/guarded-copier-v1/seeded/credential-8-seed-19/protocol.json,617,c184e974268c65c93aa9e9c98f3a47ae3d5a52f684d4ed5edf7a59423d1f9bc1
experiments/replicator_length_study/results/guarded-copier-v1/seeded/credential-8-seed-19/summary.json,936,8054e89740ac1e35f7221e1894bd8cc92bb4d74080b83fe5100d8d3a939bcc45
experiments/replicator_length_study/results/guarded-copier-v1/seeded/credential-8-seed-2/manifest.json,958,508d5830f5324fadd43912d1ad88c45bbd925297bcc5f3813fcf00fee7952123
experiments/replicator_length_study/results/guarded-copier-v1/seeded/credential-8-seed-2/metrics.csv,17032,1415e777d412020b2d16c26fd8fdac3fae23cc63e852bc82de99f8d8f625fc45
experiments/replicator_length_study/results/guarded-copier-v1/seeded/credential-8-seed-2/protocol.json,616,cb9658779f1d143afaadc0afda3f3ffceb548216a56c04539559ac738ebf3173
experiments/replicator_length_study/results/guarded-copier-v1/seeded/credential-8-seed-2/summary.json,935,3d38383712204fa7a6e2c70d821bfffc9447bfee3d74c27a447207c4bf4001ff
experiments/replicator_length_study/results/guarded-copier-v1/seeded/credential-8-seed-3/manifest.json,958,0d3bf8184272be390b0ee71068f25dd9f09bafbc7a9027c2b60be4a60c9ac000
experiments/replicator_length_study/results/guarded-copier-v1/seeded/credential-8-seed-3/metrics.csv,17338,08a85c6dd09671ec74aa288775136110c71ed5455693d89b89daec59e1507422
experiments/replicator_length_study/results/guarded-copier-v1/seeded/credential-8-seed-3/protocol.json,616,a31dcbe97e0cd177c0717c1f793763f9c3b76a45e68e4a526cc4c56ae5b0058c
experiments/replicator_length_study/results/guarded-copier-v1/seeded/credential-8-seed-3/summary.json,935,b7d2cced3a3fd4fc5d6ba9204266519239347b8c141cd5644e64d32569aca0e9
experiments/replicator_length_study/results/guarded-copier-v1/seeded/credential-8-seed-4/manifest.json,958,977b2dcbef050b95222fe95d837525fb59f90310c1bff8e90b42bbdc258f4194
experiments/replicator_length_study/results/guarded-copier-v1/seeded/credential-8-seed-4/metrics.csv,16923,37840122e5f6f04f04c0db7a357480abd9ba99c216297caec2a0d3eea0142694
experiments/replicator_length_study/results/guarded-copier-v1/seeded/credential-8-seed-4/protocol.json,616,c2d4ff7b6c5932427aac9b61ef1a435dd7251f0d5d208a72088e75571c481ea7
experiments/replicator_length_study/results/guarded-copier-v1/seeded/credential-8-seed-4/summary.json,935,a4d527f2c7c9cc6afa841fe89590bb57652bcb6c83289e0a470f4f227215133f
experiments/replicator_length_study/results/guarded-copier-v1/seeded/credential-8-seed-5/manifest.json,958,bc715a2d8649102ccab24cdfd8cd6fab0375b3a16d66cb597cbd485c2c9bd9df
experiments/replicator_length_study/results/guarded-copier-v1/seeded/credential-8-seed-5/metrics.csv,17130,9d336717be28e1f4fe9c8c02f3eabd11171bf0548a1984c38b94b6a763a62225
experiments/replicator_length_study/results/guarded-copier-v1/seeded/credential-8-seed-5/protocol.json,616,54f5973bc9946938b5c17e3df363a2842409cc13b3be37f0e0cdb66656758c42
experiments/replicator_length_study/results/guarded-copier-v1/seeded/credential-8-seed-5/summary.json,935,9f572b08a0d58c999d8209941977b690bb23b7e3b488462b8a645981b192d76e
experiments/replicator_length_study/results/guarded-copier-v1/seeded/credential-8-seed-6/manifest.json,958,13911212a8c39f06ac84fc346d701bd53565520e35eb58acaa0d159d2c919e4f
experiments/replicator_length_study/results/guarded-copier-v1/seeded/credential-8-seed-6/metrics.csv,17268,adcadc2e361044e47764cb986948f49910791d247d794a147d3ed9454b3c9128
experiments/replicator_length_study/results/guarded-copier-v1/seeded/credential-8-seed-6/protocol.json,616,45bd65ba971b122d99af5ef3d3919a03d16886b0f3686e11e5561a1cba6cd65e
experiments/replicator_length_study/results/guarded-copier-v1/seeded/credential-8-seed-6/summary.json,935,a63028eb171a3c8d85a06a202d305a81fa4343be945072d88501cc5c8e98ae77
experiments/replicator_length_study/results/guarded-copier-v1/seeded/credential-8-seed-7/manifest.json,958,409072d0ead6e59d10d1363682b6e15e0a20c46df5567d36bcdaeb7078711e00
experiments/replicator_length_study/results/guarded-copier-v1/seeded/credential-8-seed-7/metrics.csv,17275,8db9686fa9d20e0f08cfec5c6a8fec540ba6e0fb97f1b3e3a8cb83ed11801587
experiments/replicator_length_study/results/guarded-copier-v1/seeded/credential-8-seed-7/protocol.json,616,d4038fbc903d5dffed0fbb316b9808dfea8f2b28cab26e2b886f0bbf3d75b66f
experiments/replicator_length_study/results/guarded-copier-v1/seeded/credential-8-seed-7/summary.json,935,12a649f8b7ab19cf3ec7196e4b7d81167bbdf4d3c630454a8886683ab302e1ee
experiments/replicator_length_study/results/guarded-copier-v1/seeded/credential-8-seed-8/manifest.json,958,719dfc5c2e157ec4aef6f08c9bf1a0188d414c5c6b151cc6072811f1a9a6a9da
experiments/replicator_length_study/results/guarded-copier-v1/seeded/credential-8-seed-8/metrics.csv,17287,4203fde2ec4f2f834a87b1c168dcf272c017f457846522bb8bfa0b3f9017555b
experiments/replicator_length_study/results/guarded-copier-v1/seeded/credential-8-seed-8/protocol.json,616,98fda575bef9d6342f23718f05d97e51736e899bd21182b3d44f0d677a37bd1b
experiments/replicator_length_study/results/guarded-copier-v1/seeded/credential-8-seed-8/summary.json,935,26964a2e1c62a588dda7415bc072f8a412f1176f1f7cf5315058caefd766901a
experiments/replicator_length_study/results/guarded-copier-v1/seeded/credential-8-seed-9/manifest.json,958,426b93287168dad0ae1a3ed886483e3aab14baa83a7edde19c219b6be7511e16
experiments/replicator_length_study/results/guarded-copier-v1/seeded/credential-8-seed-9/metrics.csv,17162,ee2be16253a63539474e414ef38de0a0e95c844a5d77aff520a2042c01837389
experiments/replicator_length_study/results/guarded-copier-v1/seeded/credential-8-seed-9/protocol.json,616,f9eff1deb50f49b33b3de2bcf75e17788d73e44039bcfc8c0339bc6768b46007
experiments/replicator_length_study/results/guarded-copier-v1/seeded/credential-8-seed-9/summary.json,935,d229fcb9a6bfa66b6534fa3571837d28e18126f755480c0fde1f7d8852e1f217
experiments/replicator_length_study/results/guarded-copier-v2/RESULTS.md,1521,60f9e274c7aac47ef5afa25124d5a5e1aabf4d755e1234233d39c30d8a0b5e04
experiments/replicator_length_study/results/guarded-copier-v2/credential-2-seed-0/manifest.json,892,9da4cab0b12f36faf204bebb3da95e21aae21c34f7acc6e1ec7b0ecc37f7a242
experiments/replicator_length_study/results/guarded-copier-v2/credential-2-seed-0/metrics.csv,15315,dcadedd96386a3564fcdf49612987f953812bac4607bf1da809a6342a370a422
experiments/replicator_length_study/results/guarded-copier-v2/credential-2-seed-0/protocol.json,563,5032665d0cb826a04c3974e2d56e93eb920b851d62a7c436c85297c703f666cc
experiments/replicator_length_study/results/guarded-copier-v2/credential-2-seed-0/summary.json,869,3f9bbea67056ac4a2a01189256f1f951c898303b3881b5710bea722790c08225
experiments/replicator_length_study/results/guarded-copier-v2/credential-2-seed-1/manifest.json,893,a0fa202e6c59e17b1edf23324d069d23012b238bb4e850ab99b448bb176b7020
experiments/replicator_length_study/results/guarded-copier-v2/credential-2-seed-1/metrics.csv,15453,c2261bc765fb96f05e2e86a3d23f45dc3ecfad298f6e6ab4d53741b1e6832321
experiments/replicator_length_study/results/guarded-copier-v2/credential-2-seed-1/protocol.json,563,0d66de6d60a6a13e3140508c992bb3186bc0f78d7a2eb494e2098252f00cec6c
experiments/replicator_length_study/results/guarded-copier-v2/credential-2-seed-1/summary.json,870,a0e9d6ca84deb456de04bb0b572df76c81576223a87123de2162c4ad2c06d96a
experiments/replicator_length_study/results/guarded-copier-v2/credential-2-seed-10/manifest.json,894,288a8de7ef11156ee01d3bcb4e6a06c0aa564f8578421a72d751d90e30832097
experiments/replicator_length_study/results/guarded-copier-v2/credential-2-seed-10/metrics.csv,15407,e16e9fd944761ade4c6deb789f9b2985bcf3f366d1736f386d642391ecf9f616
experiments/replicator_length_study/results/guarded-copier-v2/credential-2-seed-10/protocol.json,564,276535d7158389ea8bad8d9cf51a42cec05e0a11a49ea7864f364877c5e5f9be
experiments/replicator_length_study/results/guarded-copier-v2/credential-2-seed-10/summary.json,871,827f4d6917b7e3b93d9f1ef0a562a36bdd5309b4c4e675b402eb7cb299d37d62
experiments/replicator_length_study/results/guarded-copier-v2/credential-2-seed-11/manifest.json,893,12110d45961747f0d807f01be7373ee361ff003291122f8da14dbada0329e339
experiments/replicator_length_study/results/guarded-copier-v2/credential-2-seed-11/metrics.csv,15397,beb61ed7d296ee92c297c979192dd04083d11f032b360a38c034f93a3003f02d
experiments/replicator_length_study/results/guarded-copier-v2/credential-2-seed-11/protocol.json,564,6de66d2249bcb15593ae802161e93e1d6aa7689f668cfd448eb7a7729331d9b9
experiments/replicator_length_study/results/guarded-copier-v2/credential-2-seed-11/summary.json,870,aea701ddab70814c605dbf919703ff3af7754f0706fa16e30edd4a79aef3ea4f
experiments/replicator_length_study/results/guarded-copier-v2/credential-2-seed-12/manifest.json,894,35809b81b1a697164a9d9320e46232da7f476fc404da1e50a2804c72d571a59a
experiments/replicator_length_study/results/guarded-copier-v2/credential-2-seed-12/metrics.csv,15436,4f0993a8bededc227d0516617ec646fb497114c843a0b7a1f64fe05f8a3dea2a
experiments/replicator_length_study/results/guarded-copier-v2/credential-2-seed-12/protocol.json,564,b9253c8b308eff66774826992b4a7aa6a934d4a0bc5492ae1d716ebfe6a28cd4
experiments/replicator_length_study/results/guarded-copier-v2/credential-2-seed-12/summary.json,871,3c7b8a1b692ee7cf82c2f5d0511fd231118b34f2c1943e9719f20a78497afdcc
experiments/replicator_length_study/results/guarded-copier-v2/credential-2-seed-13/manifest.json,893,741a0dcc4669ab6fdeb7d9c7e092e99d2d727ad5a93aedf6cd9bf60e5742b1a3
experiments/replicator_length_study/results/guarded-copier-v2/credential-2-seed-13/metrics.csv,15356,009ec678e378d80593975638ba9ac36bc90957a97103a2f6075479b664c9cc7a
experiments/replicator_length_study/results/guarded-copier-v2/credential-2-seed-13/protocol.json,564,d9b4fd5e7ca39ba07ea0be76e52a3f5036904cc68e5d72257dbd24d33ea91a7a
experiments/replicator_length_study/results/guarded-copier-v2/credential-2-seed-13/summary.json,870,7635cdbf7194664d0b39922465b8c6cfff2fd94faca7ab5a2b5bf421327581e7
experiments/replicator_length_study/results/guarded-copier-v2/credential-2-seed-14/manifest.json,894,cd6a5dfd366dd1facc762abd39f51cf224248c879b86e49fb2215826cf9d5c27
experiments/replicator_length_study/results/guarded-copier-v2/credential-2-seed-14/metrics.csv,15328,0ec3a987fd5d356e4a4a97700a932f2d86f6af3fe515e6e082650e3b64717461
experiments/replicator_length_study/results/guarded-copier-v2/credential-2-seed-14/protocol.json,564,7d9e2b19bae8b4c9f18708a45d3678be1ba4f1b0dec6be50707d6c75156731f9
experiments/replicator_length_study/results/guarded-copier-v2/credential-2-seed-14/summary.json,871,652c8ae4d7a634cd9bdd408414fa62964f3185cd19bbf2183fc2a91cd45e15c5
experiments/replicator_length_study/results/guarded-copier-v2/credential-2-seed-15/manifest.json,893,829b374a2b1e86cec938bc1c4ef76aab016677952da7c8aec2bf86969bc6bc7d
experiments/replicator_length_study/results/guarded-copier-v2/credential-2-seed-15/metrics.csv,15217,bb884ec0053901c71aaa4290d2ded17deb72d8cc79bbb781b2b7f8716164da73
experiments/replicator_length_study/results/guarded-copier-v2/credential-2-seed-15/protocol.json,564,f3b109791f1bc5965596923bf8515411d9968d58342ec2a6160e082a24f9810f
experiments/replicator_length_study/results/guarded-copier-v2/credential-2-seed-15/summary.json,870,1db39f1420aeb7dcb860a31f388d0daebc5bee36514142ce5d069f3efac0e280
experiments/replicator_length_study/results/guarded-copier-v2/credential-2-seed-16/manifest.json,894,954dc8c0206e96488eff0127758d8ad31c6f4f91550ce67949fce39a04154aea
experiments/replicator_length_study/results/guarded-copier-v2/credential-2-seed-16/metrics.csv,15401,17d8d7f92582a05b4a7b4d72a2679c1bc2a46219c6f9fee5e81176614726acc8
experiments/replicator_length_study/results/guarded-copier-v2/credential-2-seed-16/protocol.json,564,65662e1295d9b0b6e23f402ad64315460d2e1a78c92d3726026b59a9b026bb30
experiments/replicator_length_study/results/guarded-copier-v2/credential-2-seed-16/summary.json,871,c9ee980bd2c2f39518277ea68806b9463b769732a109b07225b55310ca715c3d
experiments/replicator_length_study/results/guarded-copier-v2/credential-2-seed-17/manifest.json,894,cefd67ebf7fdaccddbfbab1f2c1d1bcfa305d9f1cdacc4765523e56dbd97d567
experiments/replicator_length_study/results/guarded-copier-v2/credential-2-seed-17/metrics.csv,15360,11998ea9ee5cfc8df15b1cc0b38932f54091a3ea16f42ae5bc73792dd16b7b41
experiments/replicator_length_study/results/guarded-copier-v2/credential-2-seed-17/protocol.json,564,b002de8c32a1a915e9e9a2aa02aaf68a387b44a8b2361b1bcb42988162c667cf
experiments/replicator_length_study/results/guarded-copier-v2/credential-2-seed-17/summary.json,871,8e99aa23750f7ea88673d380d88ff6e6c8c2123757385fcde2cac5b57c196f9f
experiments/replicator_length_study/results/guarded-copier-v2/credential-2-seed-18/manifest.json,894,a9a66d52c59b9c7f550efb4dd18058957f51b86d81f95113c8be34ab3189baf7
experiments/replicator_length_study/results/guarded-copier-v2/credential-2-seed-18/metrics.csv,15564,2195f29765a53f393800eadf9fdfe6f0f09d697d4b19cfca24be8f710649c171
experiments/replicator_length_study/results/guarded-copier-v2/credential-2-seed-18/protocol.json,564,ac1649a97cdc027c84ad0c0c2a381ffe8f88e5e474471658f207d2fe419e5a43
experiments/replicator_length_study/results/guarded-copier-v2/credential-2-seed-18/summary.json,871,6de1c9086b8b30b86a35b7369d0451a6dfe93c82d197a95268114d352c3befec
experiments/replicator_length_study/results/guarded-copier-v2/credential-2-seed-19/manifest.json,894,557362d8d0506466fa205479f02919312b7b69db8ecd955c6084665e9ac27d4f
experiments/replicator_length_study/results/guarded-copier-v2/credential-2-seed-19/metrics.csv,15352,88b0d59a63909718ab95fde8f9d2292363475e71fcde0f7cc61a902abf6f2dbc
experiments/replicator_length_study/results/guarded-copier-v2/credential-2-seed-19/protocol.json,564,11bdc8152b394c4d9f2e61b9d9c19f28f0a1f4a7a9925b9c7298d2551df8e3a7
experiments/replicator_length_study/results/guarded-copier-v2/credential-2-seed-19/summary.json,871,2c700da019757b198dd953c26cc058db9155b2e02d2800583efa12b566f5701c
experiments/replicator_length_study/results/guarded-copier-v2/credential-2-seed-2/manifest.json,892,a7f8330da1aaede1007a2c5d74d451c82995a3b3ac1d02a4015dd91086ef5b1e
experiments/replicator_length_study/results/guarded-copier-v2/credential-2-seed-2/metrics.csv,15485,a93ed4af1c13cc903c8068208b0171a01d92003d9e1b3e9f9da95b6277374572
experiments/replicator_length_study/results/guarded-copier-v2/credential-2-seed-2/protocol.json,563,a5d5050b063bbf339d9ff778ed9dadf18f36798fdda4874822e64ec65ace0661
experiments/replicator_length_study/results/guarded-copier-v2/credential-2-seed-2/summary.json,869,b92a0d8b3d2e5e9b3785b093ee5e9100a82d1365575e02bcf984b75f2244432b
experiments/replicator_length_study/results/guarded-copier-v2/credential-2-seed-3/manifest.json,893,926d1febed40b7827199bbccde7309b2dcf7a84c49970bb4db0d9693d10a01c9
experiments/replicator_length_study/results/guarded-copier-v2/credential-2-seed-3/metrics.csv,15471,9dbb8a91cb3beee5c08248eb424be8dd304b7208537cef53bffad0fac535ad5a
experiments/replicator_length_study/results/guarded-copier-v2/credential-2-seed-3/protocol.json,563,62f5dc7925a5658c96e45aad085cfa9b2f1b5fbf36bd0952eb65e393b037f798
experiments/replicator_length_study/results/guarded-copier-v2/credential-2-seed-3/summary.json,870,d697c7cb677584a75fcff5ba9e522637cf66dae09edb8bcdb141d71477956c94
experiments/replicator_length_study/results/guarded-copier-v2/credential-2-seed-4/manifest.json,893,f152e75b643682b809d2ea72aa65fdacc2e8add9b233854edee93ce9efdd25c4
experiments/replicator_length_study/results/guarded-copier-v2/credential-2-seed-4/metrics.csv,15278,cc587dd8c844ce193b9d7028d9a25ea2f35fd48a49f71f55fdec2444c390132c
experiments/replicator_length_study/results/guarded-copier-v2/credential-2-seed-4/protocol.json,563,427fb7df20e95cb428d5df0ac1ef5079bb26f73fbfc1e52658c234e7a1e2ac92
experiments/replicator_length_study/results/guarded-copier-v2/credential-2-seed-4/summary.json,870,376fc711a737fef57a9a816e06a97065ec8b471c63d3bcdf33cb735fa6e9e775
experiments/replicator_length_study/results/guarded-copier-v2/credential-2-seed-5/manifest.json,892,6ec91a8ed5613858a3c85bbd4937b73d1f7cb3b2afc2a8a16b296370b2e2fec5
experiments/replicator_length_study/results/guarded-copier-v2/credential-2-seed-5/metrics.csv,15334,3461f4a4f6daafe8cf603c7ab3464430c908cfc976dd53b05d9366d5d46da375
experiments/replicator_length_study/results/guarded-copier-v2/credential-2-seed-5/protocol.json,563,45cf200b04f03de0a1cd970c6f624fdc2add42b348b2e6681ceffcd840970e85
experiments/replicator_length_study/results/guarded-copier-v2/credential-2-seed-5/summary.json,869,9b7613d8bf408d18b04579fa282fbae842909c889565341b59e81277e0da6118
experiments/replicator_length_study/results/guarded-copier-v2/credential-2-seed-6/manifest.json,892,51b14f1d566a367ae9d9e7aa0fbc19b3ea529cec90ce8b9256f5b88ada1b6a28
experiments/replicator_length_study/results/guarded-copier-v2/credential-2-seed-6/metrics.csv,15380,fc01998054173c7cacbdea85534f01cb694f3eb36802ef09174a800989e8f6df
experiments/replicator_length_study/results/guarded-copier-v2/credential-2-seed-6/protocol.json,563,ae5d63b26b6cb29913ffb1ffedd95648306d634e92421d4f1806495909e98390
experiments/replicator_length_study/results/guarded-copier-v2/credential-2-seed-6/summary.json,869,2e4a07f1b5a543ca5eda6ce618c25923d36da5c3f81e78498f89076376e4e328
experiments/replicator_length_study/results/guarded-copier-v2/credential-2-seed-7/manifest.json,893,1d23a6d9728a46cc6e940c046314452b95138cb1e9d9f3d15cbe49045fc2e8bb
experiments/replicator_length_study/results/guarded-copier-v2/credential-2-seed-7/metrics.csv,15369,6d5b19cd2ee7cf7516a9de8082e8f8484030a2b9ab0b1c84a67bb7228bc234a8
experiments/replicator_length_study/results/guarded-copier-v2/credential-2-seed-7/protocol.json,563,edd449402d5ed4fa6bcf02233c8431236cded090c31c4cd7530e5bd66c090c99
experiments/replicator_length_study/results/guarded-copier-v2/credential-2-seed-7/summary.json,870,bc51266b4346dcadbd4886ab2618b1142e1f89e18056df27fe04d27d66d9335b
experiments/replicator_length_study/results/guarded-copier-v2/credential-2-seed-8/manifest.json,893,13deacfdb70616cced7da7d689eb32c204fa0a5ceb3b67b529ac6dffd21f5f37
experiments/replicator_length_study/results/guarded-copier-v2/credential-2-seed-8/metrics.csv,15639,ec6d6d53951f9aa0938a513b2ba60995338dc3dfd66f793e78bae34391737c27
experiments/replicator_length_study/results/guarded-copier-v2/credential-2-seed-8/protocol.json,563,97c567c7c7df1ac3402b026dcdbb0eda18cc204c62ae3a6262f1decb7460a449
experiments/replicator_length_study/results/guarded-copier-v2/credential-2-seed-8/summary.json,870,6903d076d70c133841b5f3b4305800d322eb337d2efb14303014c518567837e4
experiments/replicator_length_study/results/guarded-copier-v2/credential-2-seed-9/manifest.json,893,a28db308b704c795f4e6043af07d74e4db0fa007ade13963572db524506551ff
experiments/replicator_length_study/results/guarded-copier-v2/credential-2-seed-9/metrics.csv,15477,dedb31bfafa8e20c386f3399dfc88d699e2e87f3cef5a9ded63ab099f404da3c
experiments/replicator_length_study/results/guarded-copier-v2/credential-2-seed-9/protocol.json,563,a375e6ca64067217f0d644e52ef0392d23a6831bb07866356f4399c18d92afe5
experiments/replicator_length_study/results/guarded-copier-v2/credential-2-seed-9/summary.json,870,8bc66f319012b4c57829cf83c541c6b8b47ea4c3eaa1d86c246d685e472fd56a
experiments/replicator_length_study/results/guarded-copier-v2/credential-3-seed-0/manifest.json,904,45edc2419cb805be17c5aa118628aab45129102579d96637e0c18d1c7e2f0adf
experiments/replicator_length_study/results/guarded-copier-v2/credential-3-seed-0/metrics.csv,15521,fb2973094e5d34cdfc46f44d4e25341d651afd01934d5fe8dd49df7126987775
experiments/replicator_length_study/results/guarded-copier-v2/credential-3-seed-0/protocol.json,572,a0af64806ee2bdc94fc200f555264d162b25dc2663afa4991191db90f8488a3b
experiments/replicator_length_study/results/guarded-copier-v2/credential-3-seed-0/summary.json,881,a26e71b92e290d7e45054125c0e63fb398af26fc1ad86b7886f118e366c0c1c0
experiments/replicator_length_study/results/guarded-copier-v2/credential-3-seed-1/manifest.json,904,615b35b57f243afd9fb8b457da52da32ca620592176de516a7f31ccdb649a2df
experiments/replicator_length_study/results/guarded-copier-v2/credential-3-seed-1/metrics.csv,15536,e17a621da57ae2e1bc18a3971cb0465a2f23b265828d669b82065f5c288a6f7b
experiments/replicator_length_study/results/guarded-copier-v2/credential-3-seed-1/protocol.json,572,f936b5a4631c74a0823ca36a2236f979faa88d40b4fe91302977cc0edb7a6e7b
experiments/replicator_length_study/results/guarded-copier-v2/credential-3-seed-1/summary.json,881,6c32c9e059396a2caefa994aacad8783216bead8aa534d5a67201044901ec419
experiments/replicator_length_study/results/guarded-copier-v2/credential-3-seed-10/manifest.json,905,ac65d1aff944f6b6f35896ad0da069b71e6e83f376394047fcec29b5a183de7d
experiments/replicator_length_study/results/guarded-copier-v2/credential-3-seed-10/metrics.csv,15628,b01eb4768ed3c43262ccb1185319194aeae891b53e40ced6ebce3cff231253d8
experiments/replicator_length_study/results/guarded-copier-v2/credential-3-seed-10/protocol.json,573,c2026e6b1045fb9777aadf1f5fb2555651a5860198602d9e7ef7b224738c4ebf
experiments/replicator_length_study/results/guarded-copier-v2/credential-3-seed-10/summary.json,882,8d87bc6d9e9078198cb22150d88c6d5c308bd0f93f3a1ac1f1e58b30def3ab92
experiments/replicator_length_study/results/guarded-copier-v2/credential-3-seed-11/manifest.json,903,41e4eca100f4806de7e1a7b56d8035c747a7ee3184c7e725ff4f799428bd9bcc
experiments/replicator_length_study/results/guarded-copier-v2/credential-3-seed-11/metrics.csv,12825,53e79160d7f1aa53f62a791c7823a6cbeca7c02ba41ba232e40fb6ccff333e05
experiments/replicator_length_study/results/guarded-copier-v2/credential-3-seed-11/protocol.json,573,62e0a688c2d3e74f98841f2eefe91631a1971dbc323044656504d4b812047162
experiments/replicator_length_study/results/guarded-copier-v2/credential-3-seed-11/summary.json,880,919153273ba2885c4a389a86cc2c43201e0a1b5daa2c46c14e9ef0ffdcfb79f6
experiments/replicator_length_study/results/guarded-copier-v2/credential-3-seed-12/manifest.json,907,93ebc8e0b968312b9b39f8dd46b12dde83807ab6521617c76e9822014c39dd22
experiments/replicator_length_study/results/guarded-copier-v2/credential-3-seed-12/metrics.csv,15022,4f217e24db013390560019652b2c489e6f07f2fa86a18adce62fb5b4e5285a33
experiments/replicator_length_study/results/guarded-copier-v2/credential-3-seed-12/protocol.json,573,534328d473d99c48972e52aa9db8e477274794d18fa6313ffccd6751cb4f8185
experiments/replicator_length_study/results/guarded-copier-v2/credential-3-seed-12/summary.json,884,d5256fce047109819cf0be6e05ae9ddd487efa9baa31f9ea115696f8afd1ee22
experiments/replicator_length_study/results/guarded-copier-v2/credential-3-seed-13/manifest.json,905,62cb7e692749acfed9da66844398bfd910e02f37831bc1fded01385bfc4822ff
experiments/replicator_length_study/results/guarded-copier-v2/credential-3-seed-13/metrics.csv,15449,25553c1c5e7f808c5f5903c353fdf95db4702d6eba864f80b35834882d37fd44
experiments/replicator_length_study/results/guarded-copier-v2/credential-3-seed-13/protocol.json,573,f70e62dfc0edc929b50f57e80b892d8c2e7008b22c519c1759b133feec7799e1
experiments/replicator_length_study/results/guarded-copier-v2/credential-3-seed-13/summary.json,882,706a59d0380a5756f0baf51399481398fdc3c4cbac7bd862f89ce4f50465c2c4
experiments/replicator_length_study/results/guarded-copier-v2/credential-3-seed-14/manifest.json,905,9f20301a1d93686a4a31efa5d36ff64d6089c56129fe668c43846c942f9d460a
experiments/replicator_length_study/results/guarded-copier-v2/credential-3-seed-14/metrics.csv,15431,856c656c1eea9312915d2b734f127e31b485370dd25e2191732e090bffada7d4
experiments/replicator_length_study/results/guarded-copier-v2/credential-3-seed-14/protocol.json,573,759cc8188ceb98d5cb64363e7cf3d72c6d22c3893e9e78387057b5983e177c7b
experiments/replicator_length_study/results/guarded-copier-v2/credential-3-seed-14/summary.json,882,d8aa1afddd60034725971ef1342d8dfd7872323f2a6eb760b31edfb37b06cfae
experiments/replicator_length_study/results/guarded-copier-v2/credential-3-seed-15/manifest.json,907,b9983cca63579f5a9de107523bf17c5c27d4122b3e23b198f4846e81fad89f5f
experiments/replicator_length_study/results/guarded-copier-v2/credential-3-seed-15/metrics.csv,14593,16863581998c0360e2d356e7a4d2b4b407e8130cb975e2ee93432e5831b665dd
experiments/replicator_length_study/results/guarded-copier-v2/credential-3-seed-15/protocol.json,573,312532f98a7bc08319567163e43370a50cab93ecfdfb1334e3e3621343a91a60
experiments/replicator_length_study/results/guarded-copier-v2/credential-3-seed-15/summary.json,884,2ae58659bb36e64311778a109e20b2a17c92cd41087116260d716575f98fa879
experiments/replicator_length_study/results/guarded-copier-v2/credential-3-seed-16/manifest.json,905,74803e0bbc9429dfd54530bb0b4fce064406676cae29c985281894ec7bb3d532
experiments/replicator_length_study/results/guarded-copier-v2/credential-3-seed-16/metrics.csv,15534,87e506caae6bc2f14f9b46c97d3cdbdda98a330af5c8fe44e7628060052c1008
experiments/replicator_length_study/results/guarded-copier-v2/credential-3-seed-16/protocol.json,573,3da67d270fd9c67b5e3a87fbc17bb24718a13be748f17ef3a0e0b27a1ffcddd3
experiments/replicator_length_study/results/guarded-copier-v2/credential-3-seed-16/summary.json,882,bf86734c2d90e786fd7a235fe60fbc0bb77456b35e90c310fdb42c4ba80b16c2
experiments/replicator_length_study/results/guarded-copier-v2/credential-3-seed-17/manifest.json,905,2791bb7ef4c17723c454934a3df0476b6af415c3ab4007ba92e8fa793b46adc1
experiments/replicator_length_study/results/guarded-copier-v2/credential-3-seed-17/metrics.csv,15438,c1af0c0cef080c9093f0ea3c7ca2c9d57649b1479f025fa52e1a4b7ad6fb4ac9
experiments/replicator_length_study/results/guarded-copier-v2/credential-3-seed-17/protocol.json,573,b14cc392f99bf35d66a056ca796b93540b0ded9da68345036e4f9a35df80a8df
experiments/replicator_length_study/results/guarded-copier-v2/credential-3-seed-17/summary.json,882,d290b9a8d5bde8047f0ac571b00ef203b6775fa034ca7c99ff38f8b1604b2bd8
experiments/replicator_length_study/results/guarded-copier-v2/credential-3-seed-18/manifest.json,907,c902beb0f293eaafc7ff7fe58d1ac4bffde2afc855e3ac37af211e3680b81fc5
experiments/replicator_length_study/results/guarded-copier-v2/credential-3-seed-18/metrics.csv,14336,ad3d073c794434d0cbc043efc424e999de1586a15300e522b86fc577574e20c6
experiments/replicator_length_study/results/guarded-copier-v2/credential-3-seed-18/protocol.json,573,490d5c0a2d9c35be418c89012b23ad94b2d2acc79a7b29ffd2cd33196a509c5e
experiments/replicator_length_study/results/guarded-copier-v2/credential-3-seed-18/summary.json,884,aaa188abfbd30ec8e0a5f239e8cec1cc90446b5b1fec71979587f1d36aead131
experiments/replicator_length_study/results/guarded-copier-v2/credential-3-seed-19/manifest.json,905,03465da7dfde4f5018e1a118403e87202c13a3bd3f97738f78f8ce438a50f680
experiments/replicator_length_study/results/guarded-copier-v2/credential-3-seed-19/metrics.csv,15505,1364813ab468a12a1212f07280f0e788691eb26a57a8222b3c6a7669f38e9579
experiments/replicator_length_study/results/guarded-copier-v2/credential-3-seed-19/protocol.json,573,65f47fd06d5ae7abc6f49c5cf297078caecdf48e7a02e6b821d1d8fcb118cb41
experiments/replicator_length_study/results/guarded-copier-v2/credential-3-seed-19/summary.json,882,1cca083c9173c9faf0e864505ef4f26a8e4e13d047dd0695f7a13463b715793d
experiments/replicator_length_study/results/guarded-copier-v2/credential-3-seed-2/manifest.json,904,733c8ef995b09942b272aac0aaf4f29dae0612acf5d4f5b8a07ea7c6e6e8b9b0
experiments/replicator_length_study/results/guarded-copier-v2/credential-3-seed-2/metrics.csv,15558,cc78d221d651ccc4707fbde8725170a043000774857d30fbdaadc723f8094adb
experiments/replicator_length_study/results/guarded-copier-v2/credential-3-seed-2/protocol.json,572,87c70c7a51457ea77f67e2a98d867e056be5eb6cb4b8986361f45fc5487cb1d5
experiments/replicator_length_study/results/guarded-copier-v2/credential-3-seed-2/summary.json,881,e475f9a8a9d645aaa1bca83c8296d059b1ae8b750e82b7f571faae76a1235d62
experiments/replicator_length_study/results/guarded-copier-v2/credential-3-seed-3/manifest.json,906,65ab84c4201022a56de34beb681f0bd1a86276ae235c6a963cd1ce2057408527
experiments/replicator_length_study/results/guarded-copier-v2/credential-3-seed-3/metrics.csv,14863,fd76f0814141b4765051806b7809a4647ecbc2c243a188b46fc28da88976c0d1
experiments/replicator_length_study/results/guarded-copier-v2/credential-3-seed-3/protocol.json,572,259a2636adcabc52419493fdaae8997a806eeec6c03f2d307dd07a4f94d7364b
experiments/replicator_length_study/results/guarded-copier-v2/credential-3-seed-3/summary.json,883,28315da24d9ff5aff5d2bdf16ce0ee070cac167f6a8ad86678fbe6487dddbced
experiments/replicator_length_study/results/guarded-copier-v2/credential-3-seed-4/manifest.json,904,ef5c5b1fbe195ac3af1c73fc115527edeae2581fb8f3472f6cd1a90856edb7a1
experiments/replicator_length_study/results/guarded-copier-v2/credential-3-seed-4/metrics.csv,15422,4a796371bb2d774707067497f9b0b92adb0b758c243ef0fdd6389c263873c42c
experiments/replicator_length_study/results/guarded-copier-v2/credential-3-seed-4/protocol.json,572,ff168dc7069376843fa9de1db6cdd4bff067df7b972c2c1cc90e5e127cbfbf7e
experiments/replicator_length_study/results/guarded-copier-v2/credential-3-seed-4/summary.json,881,3d7927c9c2e09ac31384c59f61d2b362f24679ada130e605157255ec00171ca6
experiments/replicator_length_study/results/guarded-copier-v2/credential-3-seed-5/manifest.json,902,00a16336e664582bd96fad71cdbd0106dc44d0551355fc255b5397830001eb33
experiments/replicator_length_study/results/guarded-copier-v2/credential-3-seed-5/metrics.csv,12825,7f366694478b3ce99f44322dd949b8fd8cd06f0a4c48ec107238b3f98b5b4880
experiments/replicator_length_study/results/guarded-copier-v2/credential-3-seed-5/protocol.json,572,e78b9ac492fc4dfb2758745b0729afc97054be84c4a1e10e9edd720aafed5298
experiments/replicator_length_study/results/guarded-copier-v2/credential-3-seed-5/summary.json,879,12f6dd014db691fd409167a3f9b2e0aa005bbfa02b2041f159b9be4122876e09
experiments/replicator_length_study/results/guarded-copier-v2/credential-3-seed-6/manifest.json,903,36fa248d5242d7437995ad73d22c172239a09b5353783f04c09626a40869275f
experiments/replicator_length_study/results/guarded-copier-v2/credential-3-seed-6/metrics.csv,15601,95b008d6d423d288ce46f7eb9aab0548c2e564d55ef6fca34dd752e81abd07eb
experiments/replicator_length_study/results/guarded-copier-v2/credential-3-seed-6/protocol.json,572,4525c0d449e6b649e25a4bf9236ceeffc18272d7717b395f5aa9aa88901b6ff5
experiments/replicator_length_study/results/guarded-copier-v2/credential-3-seed-6/summary.json,880,d062f10a7bdb4414f50b6fd47967a3e89dd4f442ee784bb44090060f05583df5
experiments/replicator_length_study/results/guarded-copier-v2/credential-3-seed-7/manifest.json,904,8a4eab8d95c1e58565bd9d85071ef108fb58710632b1f630be657ce83ab81584
experiments/replicator_length_study/results/guarded-copier-v2/credential-3-seed-7/metrics.csv,15502,04da9afb8da09db124539e53eb6bf3b8c183334b15ff5980de88bff651834dd7
experiments/replicator_length_study/results/guarded-copier-v2/credential-3-seed-7/protocol.json,572,9dd8b71cc1ec9ddc2c70913ccd2a563009762f57b90c5ace88a35d8ef4fca094
experiments/replicator_length_study/results/guarded-copier-v2/credential-3-seed-7/summary.json,881,f85e2824cdc2e98e59466af816ed1dd7a6e1a3ba955aaeccbb55e37c698e2672
experiments/replicator_length_study/results/guarded-copier-v2/credential-3-seed-8/manifest.json,904,7f65cac0794cf2aad2844060138dea697c9a82d34a778f6fe70281ada543fc4d
experiments/replicator_length_study/results/guarded-copier-v2/credential-3-seed-8/metrics.csv,15776,a8cf90d5f9ad02eab02a5d56c8f17510e0cedcfb74c1fc32e1a969c0b64c7655
experiments/replicator_length_study/results/guarded-copier-v2/credential-3-seed-8/protocol.json,572,d461eae86746253dfbae1368343deac2c02f6887f58aca6815df948d52ae26c5
experiments/replicator_length_study/results/guarded-copier-v2/credential-3-seed-8/summary.json,881,0abb9650af5b1bdd1d8503b84406864097c3cd12c1db9479a820e48b9f094d14
experiments/replicator_length_study/results/guarded-copier-v2/credential-3-seed-9/manifest.json,902,d7eb98cb84e390774a71f02fc52bf50ed964bd2c4b9c2701224c5164874cc1ed
experiments/replicator_length_study/results/guarded-copier-v2/credential-3-seed-9/metrics.csv,12825,34f16586df311b45e847144ca54ac5557f7543130005e089e45478abdf23bacf
experiments/replicator_length_study/results/guarded-copier-v2/credential-3-seed-9/protocol.json,572,6eab6492b7c12244c58353be3a834d94a410961dbbd8f755660bd66ee084d0ce
experiments/replicator_length_study/results/guarded-copier-v2/credential-3-seed-9/summary.json,879,de837572483d27c26834d40b777ff8e0b884188ba0c5e1e96285b0e25a9fa5fb
experiments/replicator_length_study/results/guarded-copier-v2/credential-4-seed-0/manifest.json,914,8fe675fb23ffc87c921fcd9d930b33c0cdd5c56f90e8e9a1a3b09a28119ddadd
experiments/replicator_length_study/results/guarded-copier-v2/credential-4-seed-0/metrics.csv,12825,8bcfceda0a18b1495a633522f481592bc22d79fd5829d9f7a873fe08ecb731c7
experiments/replicator_length_study/results/guarded-copier-v2/credential-4-seed-0/protocol.json,582,b77662af61c60288cf8565922532afc53180b73295b2d4e9e0abdf2d688fbaf0
experiments/replicator_length_study/results/guarded-copier-v2/credential-4-seed-0/summary.json,891,7ae8649a7c37a7e22b08f39c6cf27442095941a9df5bfe5ef94370829cdae595
experiments/replicator_length_study/results/guarded-copier-v2/credential-4-seed-1/manifest.json,914,4723414dca9605ddae1aecaa7eed75e42ef0d0c70fa7a873977f3eae2e08f7c9
experiments/replicator_length_study/results/guarded-copier-v2/credential-4-seed-1/metrics.csv,12825,ba2ef7d591f233e1e4a36056c256acea5d0149af8901ce6b5ab60719c89246ca
experiments/replicator_length_study/results/guarded-copier-v2/credential-4-seed-1/protocol.json,582,948a04b0894215ca1b4b77191857ffeb88d14735db160f6334455ceb4460e9fc
experiments/replicator_length_study/results/guarded-copier-v2/credential-4-seed-1/summary.json,891,67f5da1100dafaa13958ba01e2ce85f587a461571e71a6b507829529c75e601e
experiments/replicator_length_study/results/guarded-copier-v2/credential-4-seed-10/manifest.json,919,871523fe5ef48c852dac04d23fb985db8f4ce55d2108b0336adce50ee2b66234
experiments/replicator_length_study/results/guarded-copier-v2/credential-4-seed-10/metrics.csv,14986,ac5f6f10b61a434009977d0e12488f68541699b44579373cbe95740325ccedeb
experiments/replicator_length_study/results/guarded-copier-v2/credential-4-seed-10/protocol.json,583,886845c1a640e0d0e59112a251fd2c157dfb91f267825649cd5457712e34a8c9
experiments/replicator_length_study/results/guarded-copier-v2/credential-4-seed-10/summary.json,896,fa7de71a489306fba02d4c08a6e979a1203ce539b369f0330da32f2e0c60618d
experiments/replicator_length_study/results/guarded-copier-v2/credential-4-seed-11/manifest.json,915,5386069998877fb6d3263b401b4fbd29cd9f7114b201179436cd41f822ddc029
experiments/replicator_length_study/results/guarded-copier-v2/credential-4-seed-11/metrics.csv,12825,53e79160d7f1aa53f62a791c7823a6cbeca7c02ba41ba232e40fb6ccff333e05
experiments/replicator_length_study/results/guarded-copier-v2/credential-4-seed-11/protocol.json,583,bc66edb06dc6dbbe7f719565b6f2cdde9aa5d9da1332a9f60276e97148be24ce
experiments/replicator_length_study/results/guarded-copier-v2/credential-4-seed-11/summary.json,892,1f1c6ec9d1742172e61f1e5f240d3f0fd25092bd2003a34ea2c5ddb42dc1b91a
experiments/replicator_length_study/results/guarded-copier-v2/credential-4-seed-12/manifest.json,919,55c9d5445699906d7b23dd49e95cb41688a96ba14dd38ff9f08d93806fd8f66f
experiments/replicator_length_study/results/guarded-copier-v2/credential-4-seed-12/metrics.csv,15088,f0d278518903898d667d6bbe73140e524e16d613f60a64561bcfc47019980224
experiments/replicator_length_study/results/guarded-copier-v2/credential-4-seed-12/protocol.json,583,28cd9da06d114a7ed75208cac47ffca5042906b931ea1f1936654ca137d49650
experiments/replicator_length_study/results/guarded-copier-v2/credential-4-seed-12/summary.json,896,90c090cd2a6cf9ea799ee0f4d7f67021c5734aa9cad2061d644ba10894b1b2d4
experiments/replicator_length_study/results/guarded-copier-v2/credential-4-seed-13/manifest.json,917,0a8dc83712f11f2a64dd8b118a18d9a04898b561459062fd31322534a02d1e20
experiments/replicator_length_study/results/guarded-copier-v2/credential-4-seed-13/metrics.csv,15601,bab3ca7f195cabe08e12b21ba7f7bf49941f9d6e5a3c58fc159f0a146b1dbb0b
experiments/replicator_length_study/results/guarded-copier-v2/credential-4-seed-13/protocol.json,583,db969007f0eb084c9f641f9c7898ab01d97fac8dd3dea964ccde1f598961192a
experiments/replicator_length_study/results/guarded-copier-v2/credential-4-seed-13/summary.json,894,133c6d91a9367e6410711817809739694998116292e935c2979349507316ca97
experiments/replicator_length_study/results/guarded-copier-v2/credential-4-seed-14/manifest.json,917,66efcfc7ef0f011cffe0749248c96972318c9160ab8ae91ffaabe069a6679edb
experiments/replicator_length_study/results/guarded-copier-v2/credential-4-seed-14/metrics.csv,15638,70064112052788ab9cfe3ecfad7bd22f5cbfb59f15eec9a8c75270f48867a1a2
experiments/replicator_length_study/results/guarded-copier-v2/credential-4-seed-14/protocol.json,583,2b8ffda9f0290934320d8bcaf6220529bf3666acbd0ee2e5a76904434ea3265e
experiments/replicator_length_study/results/guarded-copier-v2/credential-4-seed-14/summary.json,894,123bcbf4b4ca847b75037760d7f30ceba91e3476e19188756752d010e6c5d049
experiments/replicator_length_study/results/guarded-copier-v2/credential-4-seed-15/manifest.json,915,bfbf3ba9d3ff9e9ee35686b5981496f80e65c60b5f5b43b3c22c60d9bf0eeb08
experiments/replicator_length_study/results/guarded-copier-v2/credential-4-seed-15/metrics.csv,12825,f3606c42cd23d621c1f751d37be5d93ab20ca4aa0eb7d1b17b25c2806c3501e7
experiments/replicator_length_study/results/guarded-copier-v2/credential-4-seed-15/protocol.json,583,324fbf96dbb1c4b4ac99290412245c324c388ba511ba73cd43773854b86ab20e
experiments/replicator_length_study/results/guarded-copier-v2/credential-4-seed-15/summary.json,892,3605794fbb0cbb60c35481cde8f3012c4012ede824b8e5668c2ee2cf08cd105e
experiments/replicator_length_study/results/guarded-copier-v2/credential-4-seed-16/manifest.json,915,70c470df82f86ff22669b8eb1b06d92ffb4f9adc7535ccca07064507905ddb7c
experiments/replicator_length_study/results/guarded-copier-v2/credential-4-seed-16/metrics.csv,12825,6083916591acf2e393e7d9f5d50bbc7c12733adcd06f8e3ee5023f99cb324e74
experiments/replicator_length_study/results/guarded-copier-v2/credential-4-seed-16/protocol.json,583,70fb172bb94c273529b010191a87b5eaf9fd7ca2212e4d7e6d3d82ee50510a73
experiments/replicator_length_study/results/guarded-copier-v2/credential-4-seed-16/summary.json,892,d2f3ed0f82bb308e67449d5aa7f6970dcf128a68af694481193d6e8a5e778601
experiments/replicator_length_study/results/guarded-copier-v2/credential-4-seed-17/manifest.json,915,143cb9b1383eba86277b7c0b07711cd0d7a4bc6a4c52894c57c17daa466ba162
experiments/replicator_length_study/results/guarded-copier-v2/credential-4-seed-17/metrics.csv,12825,bfe921c4348205208e379ce5b351eea36c5c898d4c441fb7274eaa5afdf58c18
experiments/replicator_length_study/results/guarded-copier-v2/credential-4-seed-17/protocol.json,583,cf5fd987f4b1a61e4225b2237f91c8385402c917daa735f9eb6ffcef0ef2c2bd
experiments/replicator_length_study/results/guarded-copier-v2/credential-4-seed-17/summary.json,892,93a84ee544f05df4a898d1d134291cbe7f3dcfc6a384be85843f111c1e730670
experiments/replicator_length_study/results/guarded-copier-v2/credential-4-seed-18/manifest.json,915,9993f477723954536348665cdf78710a1879a9ed1ea6d66dba01d6a414f35e23
experiments/replicator_length_study/results/guarded-copier-v2/credential-4-seed-18/metrics.csv,12825,3f5e87a3dc5b598bfb9f67e13d5364d25485bc95a381c2cc72be9add67471be1
experiments/replicator_length_study/results/guarded-copier-v2/credential-4-seed-18/protocol.json,583,74e6adf1bc777cc266a97616a4fca18252eadd002c8763aa65344b8a1edcd8bc
experiments/replicator_length_study/results/guarded-copier-v2/credential-4-seed-18/summary.json,892,13af4a14ac0f091bca0a6ed4e6ea645e34b76820feb0df710f29ae89e27b2307
experiments/replicator_length_study/results/guarded-copier-v2/credential-4-seed-19/manifest.json,915,131328090b956d90cc60f3cab113b3d3092845dc0b49ea6826692ef247ea3e33
experiments/replicator_length_study/results/guarded-copier-v2/credential-4-seed-19/metrics.csv,12825,65d15470741964d9ff2ff9d266c62e85d3f599284046417ed5b2d27e1b6f293d
experiments/replicator_length_study/results/guarded-copier-v2/credential-4-seed-19/protocol.json,583,e15fccaf0f989ecf25cccc975decd438ed7a90750eff12ea38aceb187bd48bbb
experiments/replicator_length_study/results/guarded-copier-v2/credential-4-seed-19/summary.json,892,5183b2b586418efcde9b113b9725f4b065c771aaca33a97b61b4a803dda85d06
experiments/replicator_length_study/results/guarded-copier-v2/credential-4-seed-2/manifest.json,914,b51567992de8b17f0012fdf9722d99d283b3fc2b405a455b7e64285caf7b60d3
experiments/replicator_length_study/results/guarded-copier-v2/credential-4-seed-2/metrics.csv,12825,2dcd93f6c80eaf90ec4ecc5767e4839663f7d4512decbfa0c38ef1a43a6f6cae
experiments/replicator_length_study/results/guarded-copier-v2/credential-4-seed-2/protocol.json,582,84191e744ce9a970827191e6180f60d47203a6274513d294efe411db9419eea4
experiments/replicator_length_study/results/guarded-copier-v2/credential-4-seed-2/summary.json,891,4e4f829a93886d1367044cf4185c2a522042912c757b2500fbdfd449a6c7358a
experiments/replicator_length_study/results/guarded-copier-v2/credential-4-seed-3/manifest.json,918,4657c0b8cdfef7995f64896d0eac761203345a3e6c8596cb8aa9cf149935b0f2
experiments/replicator_length_study/results/guarded-copier-v2/credential-4-seed-3/metrics.csv,14876,3ab1543b531fd7539c64ba9f661c11377746665950dff827394a03c181cf05f5
experiments/replicator_length_study/results/guarded-copier-v2/credential-4-seed-3/protocol.json,582,dac65efc92bcb29567a50b6c56903f43b53cd0b4fda65ffb67585f40f84e9a5f
experiments/replicator_length_study/results/guarded-copier-v2/credential-4-seed-3/summary.json,895,1ffb4a88f211cfc7bf76dcb446afba0ab5e8937f869d63a28ae2b554d943562e
experiments/replicator_length_study/results/guarded-copier-v2/credential-4-seed-4/manifest.json,914,1656fc27431f15ccf7fe2ef3ac847160d72edb8d0f09da3d2700c444921eea0c
experiments/replicator_length_study/results/guarded-copier-v2/credential-4-seed-4/metrics.csv,12825,e997124347b7a9b73f5219b3c730cb5b7a36a6214d0cd2e1f397222f0aeaca04
experiments/replicator_length_study/results/guarded-copier-v2/credential-4-seed-4/protocol.json,582,a75b2e3d8c041fefc101152a80b68ab9f3e49d43202d46e0d08dc933b16d358a
experiments/replicator_length_study/results/guarded-copier-v2/credential-4-seed-4/summary.json,891,8b1a416241701d3e58902e646780dcef4aa5c9454bdee05ae8367b866c0b229f
experiments/replicator_length_study/results/guarded-copier-v2/credential-4-seed-5/manifest.json,914,226924b53787c4313a9016fd84a433d100a91cc9714eb672d943ac0d351621e4
experiments/replicator_length_study/results/guarded-copier-v2/credential-4-seed-5/metrics.csv,12825,7f366694478b3ce99f44322dd949b8fd8cd06f0a4c48ec107238b3f98b5b4880
experiments/replicator_length_study/results/guarded-copier-v2/credential-4-seed-5/protocol.json,582,a63fec96c594dc311dd7f423069c1087d092add6e4f30fcc799245425572a8f3
experiments/replicator_length_study/results/guarded-copier-v2/credential-4-seed-5/summary.json,891,0bc9a0b1a669d7aba5755213778e325d8780efb447b3a99b8d41e7d1cb220a49
experiments/replicator_length_study/results/guarded-copier-v2/credential-4-seed-6/manifest.json,916,822f1f24d38ed65cb25d82cd18fb7485bcdcd5fd6eb6af0652ca215e0d96513a
experiments/replicator_length_study/results/guarded-copier-v2/credential-4-seed-6/metrics.csv,15689,2fed6e4e3ca985455a24ca12733c1d1fc3033b588ecf9e0cab3af8968c35b46e
experiments/replicator_length_study/results/guarded-copier-v2/credential-4-seed-6/protocol.json,582,65dbd2a22c02ec96dc3e47cd56a0d4c9b61e25c8fee7e124ec81a4278e6dc3c1
experiments/replicator_length_study/results/guarded-copier-v2/credential-4-seed-6/summary.json,893,416417c90e00cacbce61b971422dd3ca8c0f36481ff6dc0c277fe59aba99850b
experiments/replicator_length_study/results/guarded-copier-v2/credential-4-seed-7/manifest.json,914,73c2ab69c4e2832f4ebbde7e3fa13ac0a7d626b7319259e4fa57a73b22b5f196
experiments/replicator_length_study/results/guarded-copier-v2/credential-4-seed-7/metrics.csv,12825,74c3918681dcdde12979f5f1a95dc3c59dffb66e923b0a62ebf9487da6c8b423
experiments/replicator_length_study/results/guarded-copier-v2/credential-4-seed-7/protocol.json,582,3d71e85d81178cdf56b46791f5175c0c96b4cf5c9f2b982f4a7eb573f1866146
experiments/replicator_length_study/results/guarded-copier-v2/credential-4-seed-7/summary.json,891,700e8927188a1d501e4e3c44d01c5e8100563eaa237644bb8362f729789bb1d6
experiments/replicator_length_study/results/guarded-copier-v2/credential-4-seed-8/manifest.json,914,156087d3028e8bf37631dc6c578da9d99ea9c14f75dc1addaeff4953f65582c5
experiments/replicator_length_study/results/guarded-copier-v2/credential-4-seed-8/metrics.csv,12825,e3adf73c9c334a60acb177588df61f51f56cbeacbdfbf716c85944442247f97e
experiments/replicator_length_study/results/guarded-copier-v2/credential-4-seed-8/protocol.json,582,3718e30c8990aa64df66f8d809addc511c98ae5b15e44ad24800485ef6881ba6
experiments/replicator_length_study/results/guarded-copier-v2/credential-4-seed-8/summary.json,891,ba1b358629d5f41c04f11a7e83111c206e40712c733ab829dd92cb82818fb6d2
experiments/replicator_length_study/results/guarded-copier-v2/credential-4-seed-9/manifest.json,914,407c6bf776e0bba099120caef72c34801717bc445cc0f024ec4378b9ceb0ec41
experiments/replicator_length_study/results/guarded-copier-v2/credential-4-seed-9/metrics.csv,12825,34f16586df311b45e847144ca54ac5557f7543130005e089e45478abdf23bacf
experiments/replicator_length_study/results/guarded-copier-v2/credential-4-seed-9/protocol.json,582,51604e0abd4f94470e0fcf4856bc3ea8a7902a05e09e945b115b00c7eb30c72c
experiments/replicator_length_study/results/guarded-copier-v2/credential-4-seed-9/summary.json,891,68b2ed9668393546ae720f31438bbd8b2aa3f9619687fb38f59a1899662c955c
experiments/replicator_length_study/results/guarded-copier-v2/credential-5-seed-0/manifest.json,925,cfbf2acb9b9c39f50fbdb3df04cf9cbdd7b588d346a2d56267b57d3b27472143
experiments/replicator_length_study/results/guarded-copier-v2/credential-5-seed-0/metrics.csv,12825,8bcfceda0a18b1495a633522f481592bc22d79fd5829d9f7a873fe08ecb731c7
experiments/replicator_length_study/results/guarded-copier-v2/credential-5-seed-0/protocol.json,591,1b81d1ca84b8b254dc9cd6917fbbd1033e9ccd6f37ffc41032c4fb48bbb9115a
experiments/replicator_length_study/results/guarded-copier-v2/credential-5-seed-0/summary.json,902,c9042550a6c42a9a1d8f5a5474100ce92abae5b4835f22d50a03c9db744291b1
experiments/replicator_length_study/results/guarded-copier-v2/credential-5-seed-1/manifest.json,925,0f003209776e8d1bddcbbb6e2e779fe632edfb96abbe56aee0dbf42844b16672
experiments/replicator_length_study/results/guarded-copier-v2/credential-5-seed-1/metrics.csv,12825,ba2ef7d591f233e1e4a36056c256acea5d0149af8901ce6b5ab60719c89246ca
experiments/replicator_length_study/results/guarded-copier-v2/credential-5-seed-1/protocol.json,591,b5eb0952bad366d363c87acdaa3a50f56152ff7c3bfc117b21129578105122cb
experiments/replicator_length_study/results/guarded-copier-v2/credential-5-seed-1/summary.json,902,e88e1bce046d74ea5f1c4e05efb2385f3a826fa5e535dff36021ee85ba72bf96
experiments/replicator_length_study/results/guarded-copier-v2/credential-5-seed-10/manifest.json,929,50f14bf75aacdb219251fb64039be4f79f34f01fbb3502648fbe491e7eea41a4
experiments/replicator_length_study/results/guarded-copier-v2/credential-5-seed-10/metrics.csv,13196,c30d019a029d2a8ff779d5dfa9465d12ef0c1d9766613ed9accb95edc2bda325
experiments/replicator_length_study/results/guarded-copier-v2/credential-5-seed-10/protocol.json,592,20d25a916f468ed6f45a87a915bfec03423cb21cf2d214b7e567cc970ef1317a
experiments/replicator_length_study/results/guarded-copier-v2/credential-5-seed-10/summary.json,906,a4275ceff78a0e07cf8ca934b94cc1b2d0540f21d9ea99519dffc049b07124a7
experiments/replicator_length_study/results/guarded-copier-v2/credential-5-seed-11/manifest.json,926,e123f4cfc13ea786563527f21d227e38ce33ae93e3633d3471e5d252d9eac782
experiments/replicator_length_study/results/guarded-copier-v2/credential-5-seed-11/metrics.csv,12825,53e79160d7f1aa53f62a791c7823a6cbeca7c02ba41ba232e40fb6ccff333e05
experiments/replicator_length_study/results/guarded-copier-v2/credential-5-seed-11/protocol.json,592,0f223753b4bd01ce8676dd07ca955ca2045afbe977f22416fea50b2320fb8a8e
experiments/replicator_length_study/results/guarded-copier-v2/credential-5-seed-11/summary.json,903,ff1399cd2229b7f6f09d142055ccd4d2ac3ff41c3fe6411c5f42c12bd6b42f06
experiments/replicator_length_study/results/guarded-copier-v2/credential-5-seed-12/manifest.json,926,221da2733941650d7ef52bcbe58c86535926a9efa351f52870b9e2975ceb430e
experiments/replicator_length_study/results/guarded-copier-v2/credential-5-seed-12/metrics.csv,12825,16943b1dc41c06426f2e6840bf553991188e216c7ad5ffa65c3f0b3f8041fe1b
experiments/replicator_length_study/results/guarded-copier-v2/credential-5-seed-12/protocol.json,592,77ba1f15bdb855c13be4e464c8522a0b7d32b152e72e279c6cfa7ee7f491318b
experiments/replicator_length_study/results/guarded-copier-v2/credential-5-seed-12/summary.json,903,2903947f9372157c2824319470e691755863d193b40ab6e414c01dfffd1ba160
experiments/replicator_length_study/results/guarded-copier-v2/credential-5-seed-13/manifest.json,926,5f3a3a10d5b79c0ac934cecc96f988b020b3358eae591b8a52672dc66cd9c216
experiments/replicator_length_study/results/guarded-copier-v2/credential-5-seed-13/metrics.csv,12825,235427c7522ad9ea118ed0acfc6bfe03a0ba4b26d3689ca7952100e10451e7b1
experiments/replicator_length_study/results/guarded-copier-v2/credential-5-seed-13/protocol.json,592,39eb2371825dd14fa04bee6694c6dafc54ca116157402d21fd28678022d2c5bc
experiments/replicator_length_study/results/guarded-copier-v2/credential-5-seed-13/summary.json,903,22e9210d6e7c2d75c7d320d71c6c40b363cbaed66075bbebf69dfcc38384a4c2
experiments/replicator_length_study/results/guarded-copier-v2/credential-5-seed-14/manifest.json,928,295cecdd852ba40818d4df43a656cb15ade6fc5bef995fd214963e4439d0a139
experiments/replicator_length_study/results/guarded-copier-v2/credential-5-seed-14/metrics.csv,15844,408f01031d2b3d7003570433e6cf7f3967824c4bd096a08fd72f68281d1b0820
experiments/replicator_length_study/results/guarded-copier-v2/credential-5-seed-14/protocol.json,592,13a464f1c070ff87add2c2bf511da22fd2fc41a3edb64cf973a8fdb3e8d5b88d
experiments/replicator_length_study/results/guarded-copier-v2/credential-5-seed-14/summary.json,905,3235408e9eac11110b75111ee457d281ace23d8932d1dfe4288b1a8d2a53772d
experiments/replicator_length_study/results/guarded-copier-v2/credential-5-seed-15/manifest.json,926,5246bcde6058b247700821a42ec7fd5d8e03b8afc3012396b256ffaa828c0789
experiments/replicator_length_study/results/guarded-copier-v2/credential-5-seed-15/metrics.csv,12825,f3606c42cd23d621c1f751d37be5d93ab20ca4aa0eb7d1b17b25c2806c3501e7
experiments/replicator_length_study/results/guarded-copier-v2/credential-5-seed-15/protocol.json,592,90725661b8d5ab078d7bfc078db2bc4fa6a1753d449ef9765bceeb133b54f96c
experiments/replicator_length_study/results/guarded-copier-v2/credential-5-seed-15/summary.json,903,bc10b1d1c76fb04e802fd1c368d19555cc9ce90a192abfa0e3a7f52b7dfc231f
experiments/replicator_length_study/results/guarded-copier-v2/credential-5-seed-16/manifest.json,926,49df7e45bb449abce7ed591023288c4a1939d2451e64b605c1a1371b589c5728
experiments/replicator_length_study/results/guarded-copier-v2/credential-5-seed-16/metrics.csv,12825,6083916591acf2e393e7d9f5d50bbc7c12733adcd06f8e3ee5023f99cb324e74
experiments/replicator_length_study/results/guarded-copier-v2/credential-5-seed-16/protocol.json,592,fba2e5cba1c051af78232cd271996aaa5296fc23f37ddf25f17cb6fcc594a342
experiments/replicator_length_study/results/guarded-copier-v2/credential-5-seed-16/summary.json,903,1b046abd92642b90bd8236ac6c86d4181b211a2031b78cc4b0c02ff21eb9080a
experiments/replicator_length_study/results/guarded-copier-v2/credential-5-seed-17/manifest.json,926,96dfd2b31e8deb4093a7fdda2c3d0f027ab7141479114d19efea48b29e7d618f
experiments/replicator_length_study/results/guarded-copier-v2/credential-5-seed-17/metrics.csv,12825,bfe921c4348205208e379ce5b351eea36c5c898d4c441fb7274eaa5afdf58c18
experiments/replicator_length_study/results/guarded-copier-v2/credential-5-seed-17/protocol.json,592,a241c9408e76e12fbad6afe560a3ac698197dbf22ffdfed2823b8324aaf8d6bd
experiments/replicator_length_study/results/guarded-copier-v2/credential-5-seed-17/summary.json,903,aa4136d25e92e3c4e00490978a9c8b1d750112728131baac89f419148c4b35ff
experiments/replicator_length_study/results/guarded-copier-v2/credential-5-seed-18/manifest.json,926,7b36d06c91a89951b1d194fbe7ff3f6cb36e5e1488bf8d7df415da277bbb9aab
experiments/replicator_length_study/results/guarded-copier-v2/credential-5-seed-18/metrics.csv,12825,3f5e87a3dc5b598bfb9f67e13d5364d25485bc95a381c2cc72be9add67471be1
experiments/replicator_length_study/results/guarded-copier-v2/credential-5-seed-18/protocol.json,592,be0b5bddb22872fc169deffa3fc74adef2a08457651057fe42ad0ebbcc4dbcbc
experiments/replicator_length_study/results/guarded-copier-v2/credential-5-seed-18/summary.json,903,229f4f474f614a93c7fdc962bbb171df95b24ed93505dc21d8c21cd856d28475
experiments/replicator_length_study/results/guarded-copier-v2/credential-5-seed-19/manifest.json,926,0d011b8fedea8f0823582d7b34dc1f82c832c0923ae607bb669beec8fad72e2c
experiments/replicator_length_study/results/guarded-copier-v2/credential-5-seed-19/metrics.csv,12825,65d15470741964d9ff2ff9d266c62e85d3f599284046417ed5b2d27e1b6f293d
experiments/replicator_length_study/results/guarded-copier-v2/credential-5-seed-19/protocol.json,592,17acb16e063311d9665ccd4a54f1f88fe42cea11ae0a73ab40ee0684d5015b1f
experiments/replicator_length_study/results/guarded-copier-v2/credential-5-seed-19/summary.json,903,d82516a6b4ed50dbede5a38b4db08ac7afae2b7e81bdbd9dc66358e9542186dd
experiments/replicator_length_study/results/guarded-copier-v2/credential-5-seed-2/manifest.json,925,0857b69b77a88fe4f269afeb0326eecc3aa65076937a0e7726d4dace00d46c54
experiments/replicator_length_study/results/guarded-copier-v2/credential-5-seed-2/metrics.csv,12825,2dcd93f6c80eaf90ec4ecc5767e4839663f7d4512decbfa0c38ef1a43a6f6cae
experiments/replicator_length_study/results/guarded-copier-v2/credential-5-seed-2/protocol.json,591,53eeadee4c4cc79473bf00727de1896cd251f1d988aa7953ae0909674c48368e
experiments/replicator_length_study/results/guarded-copier-v2/credential-5-seed-2/summary.json,902,f4fba2f2b3ec0846a0036306d436601cbe64001b029a9fd102e69e0a07ff32db
experiments/replicator_length_study/results/guarded-copier-v2/credential-5-seed-3/manifest.json,929,9aa707e3d57fd0f9bfde5a94d210f8a36b2ab57efc3078e7e586be95ada34806
experiments/replicator_length_study/results/guarded-copier-v2/credential-5-seed-3/metrics.csv,14930,122783fb64a938f6bcaff787c0ffb8a64dca72a0deb8024ecaedaba323c2a1a0
experiments/replicator_length_study/results/guarded-copier-v2/credential-5-seed-3/protocol.json,591,0a25ee890aa857ec8b1def616ef55c7503c27e8f6b2a8e3cfc5220af1a2cb84b
experiments/replicator_length_study/results/guarded-copier-v2/credential-5-seed-3/summary.json,906,cdc0115973e64c07f1a872df318b6005be14a0defb43d4daf1beec9b5e91ebe5
experiments/replicator_length_study/results/guarded-copier-v2/credential-5-seed-4/manifest.json,925,153791e53bf2cfa9a755b0e77182b51f73555ad79369eea21e1e9069bd3341a2
experiments/replicator_length_study/results/guarded-copier-v2/credential-5-seed-4/metrics.csv,12825,e997124347b7a9b73f5219b3c730cb5b7a36a6214d0cd2e1f397222f0aeaca04
experiments/replicator_length_study/results/guarded-copier-v2/credential-5-seed-4/protocol.json,591,efdf54553cfa82d1dbf142f1c219239aa7b4eb07b69594c7f3e4fe935a604997
experiments/replicator_length_study/results/guarded-copier-v2/credential-5-seed-4/summary.json,902,bb8212ee9dc62f81ead77f86bc49523b874e36189dbfd7ba43d2afaca18e4058
experiments/replicator_length_study/results/guarded-copier-v2/credential-5-seed-5/manifest.json,925,fc63644adb8313ae030e7018e9bd92f1afeff10305584cff6e8a423fa7324e31
experiments/replicator_length_study/results/guarded-copier-v2/credential-5-seed-5/metrics.csv,12825,7f366694478b3ce99f44322dd949b8fd8cd06f0a4c48ec107238b3f98b5b4880
experiments/replicator_length_study/results/guarded-copier-v2/credential-5-seed-5/protocol.json,591,8f056735fed4502649afbc83afe2365a388a9274b24c5533b6979f4880f8c701
experiments/replicator_length_study/results/guarded-copier-v2/credential-5-seed-5/summary.json,902,7a031be8136d10ea633bdbc1c2be850e5656ee2c25ce397457224e61d4979c61
experiments/replicator_length_study/results/guarded-copier-v2/credential-5-seed-6/manifest.json,927,ca644c26109e4ffa608d5b0f19c155f52122fc1e9b560cce2d772ea68275dbf2
experiments/replicator_length_study/results/guarded-copier-v2/credential-5-seed-6/metrics.csv,15788,3fc145347c59c4b534fb40c03ca6f7f3e8ac56fdceef962dae4017f23531e263
experiments/replicator_length_study/results/guarded-copier-v2/credential-5-seed-6/protocol.json,591,3ee6e40847710c8e63c836abb08be3a9b4aa3128885b5899711c078d7e0b2b48
experiments/replicator_length_study/results/guarded-copier-v2/credential-5-seed-6/summary.json,904,7855b72940a087e6c22a2356ef0dce745081312f3f00df44fc59bb972ab5f8d4
experiments/replicator_length_study/results/guarded-copier-v2/credential-5-seed-7/manifest.json,925,70c6b6837bac7c3f55cbd6367fe4047524deb80fa5ee0c40415da986bb3c353a
experiments/replicator_length_study/results/guarded-copier-v2/credential-5-seed-7/metrics.csv,12825,74c3918681dcdde12979f5f1a95dc3c59dffb66e923b0a62ebf9487da6c8b423
experiments/replicator_length_study/results/guarded-copier-v2/credential-5-seed-7/protocol.json,591,828648421286da60a45ed3ceae8272b872277fe4e2fb48d61c58eeb476366000
experiments/replicator_length_study/results/guarded-copier-v2/credential-5-seed-7/summary.json,902,d2ab796cc525d8e94c39b27f1c1d85f2d24bee1db80c578878ccbe1401c296f6
experiments/replicator_length_study/results/guarded-copier-v2/credential-5-seed-8/manifest.json,925,8656eecd694de6f3957c06613f6bcedcc1e976c369f3d797383e5d4394746340
experiments/replicator_length_study/results/guarded-copier-v2/credential-5-seed-8/metrics.csv,12825,e3adf73c9c334a60acb177588df61f51f56cbeacbdfbf716c85944442247f97e
experiments/replicator_length_study/results/guarded-copier-v2/credential-5-seed-8/protocol.json,591,1f3097f4945cf3f85d28a59382f2c88de40bbe97f9e72b3446877f17ff2a8cf8
experiments/replicator_length_study/results/guarded-copier-v2/credential-5-seed-8/summary.json,902,6e750669ba36ee1b02e109bb08fbf2329aa012a1e39621907e5991b19e306942
experiments/replicator_length_study/results/guarded-copier-v2/credential-5-seed-9/manifest.json,925,c11829295fab9baabe40807120f35b39208bb2a68d198e591f73c0c493053126
experiments/replicator_length_study/results/guarded-copier-v2/credential-5-seed-9/metrics.csv,12825,34f16586df311b45e847144ca54ac5557f7543130005e089e45478abdf23bacf
experiments/replicator_length_study/results/guarded-copier-v2/credential-5-seed-9/protocol.json,591,dde3cab92ea2f73a0176c9a1f1ae7b45fac2578e9ffd3688c2622b3809c17e8a
experiments/replicator_length_study/results/guarded-copier-v2/credential-5-seed-9/summary.json,902,d99b48898175f8bcd4c3e52a2f430784efef77813680a226dc41ed5d36d1e835
experiments/replicator_length_study/results/guarded-copier-v2/credential-6-seed-100/manifest.json,937,c024d591f93b12bfe457f9d6ed5f517d368a73284806e6915811f3c703458d97
experiments/replicator_length_study/results/guarded-copier-v2/credential-6-seed-100/metrics.csv,12825,cb7b3652e18a9af63a3fa32f4c5991629a2a76de02de2c7c0f3034e75d63f8ed
experiments/replicator_length_study/results/guarded-copier-v2/credential-6-seed-100/protocol.json,601,534b73fb1211088e7e35c27c07c07e7ae172720f1061e09474e27e119a8a3e29
experiments/replicator_length_study/results/guarded-copier-v2/credential-6-seed-100/summary.json,914,9cd0b46fd14f023bde69e41abbee751524317c4cd7c80e8773c5e49e80d004b3
experiments/replicator_length_study/results/guarded-copier-v2/credential-6-seed-101/manifest.json,937,6b1679a0d192ab8a46ec99cc29e41ddc793f7f5bfb0b89e22853227c06db6ed1
experiments/replicator_length_study/results/guarded-copier-v2/credential-6-seed-101/metrics.csv,12825,a8df1a8d7a151295571ebbefe08ec3afd058f1c38f6ab23b817b1ebaaa58a328
experiments/replicator_length_study/results/guarded-copier-v2/credential-6-seed-101/protocol.json,601,93318e4108bc239ef081cc77d92e38e4303273691cc6bf2faa6df9b88dae4f74
experiments/replicator_length_study/results/guarded-copier-v2/credential-6-seed-101/summary.json,914,511e439faaf5b79c239dfa1b0e995c8f42b16010ea32d30d4eae999e051c4afa
experiments/replicator_length_study/results/guarded-copier-v2/credential-6-seed-102/manifest.json,937,63c05c96ce96e2ff9ca52943ea8882e9c3c9be13218d4e26e5daf95f4847bbc4
experiments/replicator_length_study/results/guarded-copier-v2/credential-6-seed-102/metrics.csv,12825,01ab9bf9634b469fb864bc050bd425be10873ca8d8fd6280526bdf5fa0204f52
experiments/replicator_length_study/results/guarded-copier-v2/credential-6-seed-102/protocol.json,601,7a114a2dd05d1220e5041049ba69c41e0201dce25ad26302e38f631db822c17f
experiments/replicator_length_study/results/guarded-copier-v2/credential-6-seed-102/summary.json,914,32269ddfe5a2a9756e5b412bfda964cf3dbdd7b1fad633b26e5e500bc8bb6385
experiments/replicator_length_study/results/guarded-copier-v2/credential-6-seed-103/manifest.json,937,b412ea0f647c08ca922c95c3a2def7957027e95b7f52a519ac0f124204c12de6
experiments/replicator_length_study/results/guarded-copier-v2/credential-6-seed-103/metrics.csv,12825,1e5e142d6659aa18f911810b502f1df9ae265e578fb9e722ce7b4f6969c1e712
experiments/replicator_length_study/results/guarded-copier-v2/credential-6-seed-103/protocol.json,601,1837fdf65a6c84bdff05b0313ce5781595e3afe2bfaf7d0a1af62b5772b31019
experiments/replicator_length_study/results/guarded-copier-v2/credential-6-seed-103/summary.json,914,a0beb2d92da8f4542f41ffed2effe5121820d01b811c3b8e98a04648b4d9eae9
experiments/replicator_length_study/results/guarded-copier-v2/credential-6-seed-104/manifest.json,937,cf36db3ae921dbe01e948b61449dd0a7749dee345544a60db85b0f6619ba6c94
experiments/replicator_length_study/results/guarded-copier-v2/credential-6-seed-104/metrics.csv,12825,d6d429ca22be3c20bef8187e3757dab124480d607b613cab8ed089cad24624c0
experiments/replicator_length_study/results/guarded-copier-v2/credential-6-seed-104/protocol.json,601,316cc75b15cca4aae1862abd07509d734d10e2bea317cb117fab723ab7884bcf
experiments/replicator_length_study/results/guarded-copier-v2/credential-6-seed-104/summary.json,914,b68cd07c81dfa9d269cec01d0482f247b929f987ab9af792fdbf7cd55f93bece
experiments/replicator_length_study/results/guarded-copier-v2/credential-6-seed-105/manifest.json,937,b0b6ce90c8043a463f170f50ea530d49c043d0a5bea88501b8f820b7b76b341d
experiments/replicator_length_study/results/guarded-copier-v2/credential-6-seed-105/metrics.csv,12825,e153677f29159f4b55901b13d6d68da5e1e0f1f6ed78355b9d998151f85d3d7d
experiments/replicator_length_study/results/guarded-copier-v2/credential-6-seed-105/protocol.json,601,6942b20251bedacb97353c4102d03d74f55dbd4f0b32f4c50f9d244f385083e3
experiments/replicator_length_study/results/guarded-copier-v2/credential-6-seed-105/summary.json,914,a8b2964ec183e02d35b94e1b853ea8825fcd54386f3d1d589508164b48d80625
experiments/replicator_length_study/results/guarded-copier-v2/credential-6-seed-106/manifest.json,937,b5b97ed2b59947fe7aa66ce5ebcef14a08e359bc043aa83b286e3a076e090bec
experiments/replicator_length_study/results/guarded-copier-v2/credential-6-seed-106/metrics.csv,12825,fe5fadfc0af51cc6b0af64d786d32b04edb6b66eace587df3f680df92adc1511
experiments/replicator_length_study/results/guarded-copier-v2/credential-6-seed-106/protocol.json,601,17d6f7508ebcc07ae52069a2aa1eea242b4a6aed90cf3cce23125e64fbd09272
experiments/replicator_length_study/results/guarded-copier-v2/credential-6-seed-106/summary.json,914,2e23fcdf3115d2515aa4efa0dfa952a696a3f9f77b1a5a7447f2c4f6a86871d4
experiments/replicator_length_study/results/guarded-copier-v2/credential-6-seed-107/manifest.json,937,a9d96fe0dc365dcded66ef278521fb713fe86480fbed67e0392d71f00aa0613f
experiments/replicator_length_study/results/guarded-copier-v2/credential-6-seed-107/metrics.csv,12825,12f33867cc8e19a7f8fad9cb1b7edfb0d3354f1a391b32e0dc52658024559cb6
experiments/replicator_length_study/results/guarded-copier-v2/credential-6-seed-107/protocol.json,601,920ef6e2b9e8bc1a6e41a647b1c49b4a4225ce562193fa086e49266ac6e8884f
experiments/replicator_length_study/results/guarded-copier-v2/credential-6-seed-107/summary.json,914,b8504cb0d5acedae46e7834289df94eb200ff9e0221a27368b9dbe5517cf5b48
experiments/replicator_length_study/results/guarded-copier-v2/credential-6-seed-108/manifest.json,937,7ff48bc4c7346a59dda97d0d4a7db811f3ce5ab751658bcb5d964960eb92d190
experiments/replicator_length_study/results/guarded-copier-v2/credential-6-seed-108/metrics.csv,12825,f07275599460339c9bc1f251b00a7e59e5d9028d81fe5ba55c61406aded22a30
experiments/replicator_length_study/results/guarded-copier-v2/credential-6-seed-108/protocol.json,601,59244f35c73e98550fdac4e50e9a8f553b886bec4ed9523609a64a9575efbc10
experiments/replicator_length_study/results/guarded-copier-v2/credential-6-seed-108/summary.json,914,bfdf3c99589b44e7366f5d908b7051fb09d0a41e1465455b0b4881f1d4e1d10f
experiments/replicator_length_study/results/guarded-copier-v2/credential-6-seed-109/manifest.json,937,9f6df73b435f1152c6ab2dea751e45b7d86a961dd8413c61d15a70a04199c57b
experiments/replicator_length_study/results/guarded-copier-v2/credential-6-seed-109/metrics.csv,12825,3109ae7e4107c6a4a138757597375edca4c6ec2ed7337cddbe871d2a99e76b2a
experiments/replicator_length_study/results/guarded-copier-v2/credential-6-seed-109/protocol.json,601,0eb7f94fad4fe0af6587a65dee056fb3837407c0611ec0b436aff9375735ba0f
experiments/replicator_length_study/results/guarded-copier-v2/credential-6-seed-109/summary.json,914,266eabc446e7999716dce4b7f495003259979c5925b2049b571dd2442ecebd73
experiments/replicator_length_study/results/guarded-copier-v2/credential-6-seed-110/manifest.json,937,085bc74af4d5b773e896e5985212416ea6fc51b483d333c9a066a530b26e0bdd
experiments/replicator_length_study/results/guarded-copier-v2/credential-6-seed-110/metrics.csv,12825,52db8be3f95d6d0c672ddea00d7badbe2ee9ab055704379fe96ccc2f98a9cd0e
experiments/replicator_length_study/results/guarded-copier-v2/credential-6-seed-110/protocol.json,601,4f72d9554fb87b4031dff17e7d52c016a736a7fe6c902d2dd6af8c1a3fb0e97c
experiments/replicator_length_study/results/guarded-copier-v2/credential-6-seed-110/summary.json,914,8a49e273dff6e52cb1b35a39facec40328989e4742f4948fd90ec9dd446e7fab
experiments/replicator_length_study/results/guarded-copier-v2/credential-6-seed-111/manifest.json,937,017422f105dc698b9cbac7e6ca97af61722f1ea94c475d57ed345d22e777dfc7
experiments/replicator_length_study/results/guarded-copier-v2/credential-6-seed-111/metrics.csv,12825,2bc098d2340ec040bef8604d11285439a82185a3dffd0f4b3e4002212ab8c489
experiments/replicator_length_study/results/guarded-copier-v2/credential-6-seed-111/protocol.json,601,8db4f70ed4ccb33eaaca1c40d8e79d987e4a47365c4ceba38af527bbdb4671b4
experiments/replicator_length_study/results/guarded-copier-v2/credential-6-seed-111/summary.json,914,8e99ed7111cc01f8777d69a6ca80eeeb1df27ec6b80663b792bc552b8cc75f2a
experiments/replicator_length_study/results/guarded-copier-v2/credential-6-seed-112/manifest.json,937,be8282094371da844f765b0ef1acf975e8ad86d25647dcf31e1e6dbf4c8383ec
experiments/replicator_length_study/results/guarded-copier-v2/credential-6-seed-112/metrics.csv,12825,a23f3afec3aac0109cb14136fe7e44915755595a87b82b91a700a8070ea5d608
experiments/replicator_length_study/results/guarded-copier-v2/credential-6-seed-112/protocol.json,601,c249a49053f06189ec87ce83ba209354b032cc24682e28ae5b8726ce317cf838
experiments/replicator_length_study/results/guarded-copier-v2/credential-6-seed-112/summary.json,914,d1f555ebd9bde526b78d8404cc583ad61574be4172d8ed64f6c8201559bb25a0
experiments/replicator_length_study/results/guarded-copier-v2/credential-6-seed-113/manifest.json,937,4aa4c8d5b176fde824f2570b5cdaa957f8cbb1a16f1ca641bc95b115b23e426a
experiments/replicator_length_study/results/guarded-copier-v2/credential-6-seed-113/metrics.csv,12825,a6587eb910d4e1ba3fd19b7712cb3bf0834e94b98fe6967e4efac66dc26b74b1
experiments/replicator_length_study/results/guarded-copier-v2/credential-6-seed-113/protocol.json,601,ed4e11f326e0181dd45bc07f480b35fb610a66aacbca46c7129191304e2706ac
experiments/replicator_length_study/results/guarded-copier-v2/credential-6-seed-113/summary.json,914,2705e5a957a42241f4038d73e065adf10460a82c7424436d5d184db96c67fc3b
experiments/replicator_length_study/results/guarded-copier-v2/credential-6-seed-114/manifest.json,937,5860336996b46ff36c4273d793d82a336f179a3bff1f0e1506ce7c9413ec0d1f
experiments/replicator_length_study/results/guarded-copier-v2/credential-6-seed-114/metrics.csv,12825,6154c3cc3b3225fa3178cf7379a0afb4946a0df44169a1b37052ea15eb813e74
experiments/replicator_length_study/results/guarded-copier-v2/credential-6-seed-114/protocol.json,601,129d5a1b8256be7a6910a3f67c632dd4fe71cb8a0943c46f8ce639c42e2418bf
experiments/replicator_length_study/results/guarded-copier-v2/credential-6-seed-114/summary.json,914,9049af322b893a5a978d49ca65b68f69128ed2efe150363bb24b7de295c9c0de
experiments/replicator_length_study/results/guarded-copier-v2/credential-6-seed-115/manifest.json,937,b1f72c33ccf57a023cb457bec93350bbe0841269a6efb6c9080206e4ca0f0718
experiments/replicator_length_study/results/guarded-copier-v2/credential-6-seed-115/metrics.csv,12825,1a7edcf0f7a9018d6b1e0bc66a520bab06fbe46fa572b1bbcfd34b81e01086ab
experiments/replicator_length_study/results/guarded-copier-v2/credential-6-seed-115/protocol.json,601,c27bb01a6b9c66efae489c558f0bb54ecc1c8d02c678175b1d6539c4df6d2f96
experiments/replicator_length_study/results/guarded-copier-v2/credential-6-seed-115/summary.json,914,e040ba6bedee252fee5abd4a11f37005cbad449e17afb8d3c45b10135569c1d5
experiments/replicator_length_study/results/guarded-copier-v2/credential-6-seed-116/manifest.json,937,d001dad319cbbb5b6287298b6d6bdb855798274a6dc8c436e43a84396908c0fa
experiments/replicator_length_study/results/guarded-copier-v2/credential-6-seed-116/metrics.csv,12825,3985141cb4974df9ca424c793e7982aeae47d04df4e869896f293f68995c7a57
experiments/replicator_length_study/results/guarded-copier-v2/credential-6-seed-116/protocol.json,601,52f9463c3f5d3f358b2aa5f9da2b827ca74d2ff767565eedb7652f4b183371af
experiments/replicator_length_study/results/guarded-copier-v2/credential-6-seed-116/summary.json,914,525a5f717496b20846f33fb6dc725a7fc7e142399670aec4359c8fc509cdc3ad
experiments/replicator_length_study/results/guarded-copier-v2/credential-6-seed-117/manifest.json,937,fd2814af586bf0def377943fb7aca66670c4fede8543c1c1966121cdbff3f45d
experiments/replicator_length_study/results/guarded-copier-v2/credential-6-seed-117/metrics.csv,12825,ed1dc92d99737c6bf0b9d34f96f2b51f2d7ca492c7c860954f7239467826aa75
experiments/replicator_length_study/results/guarded-copier-v2/credential-6-seed-117/protocol.json,601,44fa3e18fc96fa04d4d05bbbebf9d10c9358ff8030455d399828a675f89afc06
experiments/replicator_length_study/results/guarded-copier-v2/credential-6-seed-117/summary.json,914,d631a70beebadb2aae67533faf524b47d1a58fbcf45b49f86c558dd69a78ef82
experiments/replicator_length_study/results/guarded-copier-v2/credential-6-seed-118/manifest.json,937,5c5a8445ccab08b98ffb073a69e2ae8f1e31663436a9e5bedcfe65a9b7ec77f6
experiments/replicator_length_study/results/guarded-copier-v2/credential-6-seed-118/metrics.csv,12825,6d7db05297d44f0f0ef635ec303683164ee9404c7bf1b09ee4de6d38a5c111aa
experiments/replicator_length_study/results/guarded-copier-v2/credential-6-seed-118/protocol.json,601,d8503db21e370876afb8a61fe99dff891d53f1a8e29e8baf407cb5f7b93951f9
experiments/replicator_length_study/results/guarded-copier-v2/credential-6-seed-118/summary.json,914,e4e2f12384d2c4f275daa442d211d750626e7508457a9cbaf197a9adea748709
experiments/replicator_length_study/results/guarded-copier-v2/credential-6-seed-119/manifest.json,937,74da9818147b55e05b8d3c954537b77ef8bf6c4b36c96b8b569fcbb0fce8e530
experiments/replicator_length_study/results/guarded-copier-v2/credential-6-seed-119/metrics.csv,12825,d655818c3cf68157cf51de66a4e70cb70c9e26dc6c5ae6211a100199628a67ec
experiments/replicator_length_study/results/guarded-copier-v2/credential-6-seed-119/protocol.json,601,14e83ca9da53bffc7501cceddb87acbce7df2bce380fb57e5e41772fec5daabd
experiments/replicator_length_study/results/guarded-copier-v2/credential-6-seed-119/summary.json,914,65ed4e56769739ae978a2823e9fd04826451486926cef66e03f02aae65d6532d
experiments/replicator_length_study/results/guarded-copier-v2/credential-6-seed-20/manifest.json,936,d6843e2d63aa16e533547ff7bb606741c317c31eacd71e3e0685c10418526b91
experiments/replicator_length_study/results/guarded-copier-v2/credential-6-seed-20/metrics.csv,12825,ebec9d72b20d92eb156c7e62f1e021787d0a83b8c2dfc5d5944657ad3d374c49
experiments/replicator_length_study/results/guarded-copier-v2/credential-6-seed-20/protocol.json,600,ea3450d67d31ab461442416d94ab61c0c0aada593fcc29d7e4c0c1de01a94dcd
experiments/replicator_length_study/results/guarded-copier-v2/credential-6-seed-20/summary.json,913,b81e9deedc25007140693269fca5f23daec0dac7152607833a0a536a0639fdf9
experiments/replicator_length_study/results/guarded-copier-v2/credential-6-seed-21/manifest.json,936,2da297e4ed9552f486a6a7cf929099f4ab84f4a0a4df9d6fc15f30c5931b59bf
experiments/replicator_length_study/results/guarded-copier-v2/credential-6-seed-21/metrics.csv,12825,e9d8ab0fa64982ee630d6efd59e3c53d151762f596276e13046411b04295ea7e
experiments/replicator_length_study/results/guarded-copier-v2/credential-6-seed-21/protocol.json,600,ef4384c55d1fce186a35db27b30ab94ff9ee8719773588354533ea12ebc78232
experiments/replicator_length_study/results/guarded-copier-v2/credential-6-seed-21/summary.json,913,b67eb8cc234d081e912fa673c63427cc14ca68ae307b53b4b4bc8308c06bb1dc
experiments/replicator_length_study/results/guarded-copier-v2/credential-6-seed-22/manifest.json,936,0169fa57dae8ffe46bafdb175dd406c1b5caaa09cd1acd1fb44243be41311816
experiments/replicator_length_study/results/guarded-copier-v2/credential-6-seed-22/metrics.csv,12825,1389dbe44e0788ed95290305a528da98028214101d31757cafa56b18d95a4577
experiments/replicator_length_study/results/guarded-copier-v2/credential-6-seed-22/protocol.json,600,e460ba579da7bb704adcaf3ec90cce126610b9c2f238945cb58cbbc4932b0a1b
experiments/replicator_length_study/results/guarded-copier-v2/credential-6-seed-22/summary.json,913,9943e86fc8d89faa809af80f9de91dd092bf68341c0e4b2f88636bd3463b0b72
experiments/replicator_length_study/results/guarded-copier-v2/credential-6-seed-23/manifest.json,936,0292ebf38f9d657b74c1162ca94df2ebcd3e1cbd82b66de308fe896208e98e27
experiments/replicator_length_study/results/guarded-copier-v2/credential-6-seed-23/metrics.csv,12825,556f0a06b0567f3e0021d2cc8df8f01e398329d66f035604dc74318a31b05818
experiments/replicator_length_study/results/guarded-copier-v2/credential-6-seed-23/protocol.json,600,3d9ab9e7190b4e69d82a85e18e85c562740c7b43c59d18be3de0b4203bd43d1c
experiments/replicator_length_study/results/guarded-copier-v2/credential-6-seed-23/summary.json,913,cc93aa259bf1796b2ce33cfc758b2898d9f0048e74df258f450c3505b733dc45
experiments/replicator_length_study/results/guarded-copier-v2/credential-6-seed-24/manifest.json,936,41eaea3b8a4139fa978dcf102d4b254496abb8e41ec2fc5fa2154cccc7082019
experiments/replicator_length_study/results/guarded-copier-v2/credential-6-seed-24/metrics.csv,12825,677480debf81a8d9e5fd63ab419d623f9ba066efba4ddddfcd06e2ab8df3cb56
experiments/replicator_length_study/results/guarded-copier-v2/credential-6-seed-24/protocol.json,600,301505083ffbd6f1f7897e072120019e007dd4ffcaef183c58ff896461f203b8
experiments/replicator_length_study/results/guarded-copier-v2/credential-6-seed-24/summary.json,913,1bfe0eebf89f287eec66ee91ed52b8643e18ffef01049f97178c0c0004d0f8e5
experiments/replicator_length_study/results/guarded-copier-v2/credential-6-seed-25/manifest.json,936,560adb98bc10925b04ff6a4cbcba05bffde082a6422661da2c26bc6701a2675b
experiments/replicator_length_study/results/guarded-copier-v2/credential-6-seed-25/metrics.csv,12825,ac79091ea2e4a8f98fbfbf40a485ce3ce8b310bbade5cc78473937f157ca8aec
experiments/replicator_length_study/results/guarded-copier-v2/credential-6-seed-25/protocol.json,600,4627aad5cbe4371a7e254d9b74859fdbc7d11c2efc3b34a41c6caff2fca2685a
experiments/replicator_length_study/results/guarded-copier-v2/credential-6-seed-25/summary.json,913,339ff207c7fd358db554b8e94bf6bbba3f38164ed81df15549a6929a44eddd35
experiments/replicator_length_study/results/guarded-copier-v2/credential-6-seed-26/manifest.json,936,ed7b92e13476abc0cda944e8d97897366064ebb4d7c90a0aac669e99ac373181
experiments/replicator_length_study/results/guarded-copier-v2/credential-6-seed-26/metrics.csv,12825,8e776e719b29add217a7bc88ca3a007d40736c8594cfb0b92b380821ab42d332
experiments/replicator_length_study/results/guarded-copier-v2/credential-6-seed-26/protocol.json,600,21d2fff082c67a1d1cd92fb4840d65ef8edd4c101c68692fa36ed5942f78f5ed
experiments/replicator_length_study/results/guarded-copier-v2/credential-6-seed-26/summary.json,913,df839d3fd47168fb3b6cafd2cadcff6728a0f21a857a0383c3689afe244cc951
experiments/replicator_length_study/results/guarded-copier-v2/credential-6-seed-27/manifest.json,936,75166044b29714b2b132357434db74d4542774c0fe63dfb4758555bc66da993f
experiments/replicator_length_study/results/guarded-copier-v2/credential-6-seed-27/metrics.csv,12825,1cf137a28741ccb8a4875d647dddad7c002d2fa9c1bbaf8d49c8e00c680cea37
experiments/replicator_length_study/results/guarded-copier-v2/credential-6-seed-27/protocol.json,600,3e83e8332608f17f52c148c51bb9d46183a269b6e4c6bbc46977ecd4b2aa9d53
experiments/replicator_length_study/results/guarded-copier-v2/credential-6-seed-27/summary.json,913,6f9ed677374bc59dbeba63e581a7cec22db434b5bb4c3db74b458f982717d27d
experiments/replicator_length_study/results/guarded-copier-v2/credential-6-seed-28/manifest.json,936,64adf0af9941cd29733ae0fe830773bc7147a153e1d4ff6a233a067f0452a450
experiments/replicator_length_study/results/guarded-copier-v2/credential-6-seed-28/metrics.csv,12825,f744caf80736464686ec4fc0b6cec5178c83a53349f3f6a01142b6f68fa2a2c2
experiments/replicator_length_study/results/guarded-copier-v2/credential-6-seed-28/protocol.json,600,1f669e99d498d77e6eca2cd9738c7de742ec807f13b9a175aaffc59384bbfea6
experiments/replicator_length_study/results/guarded-copier-v2/credential-6-seed-28/summary.json,913,ef8ad358aff89ddf35ff8215e4066fab6cfba365ee51638c2624c7a045027612
experiments/replicator_length_study/results/guarded-copier-v2/credential-6-seed-29/manifest.json,936,929f465a12ae0acb1471f6ef6bed67ac8ece7447ec3477627840bd0d68fc6533
experiments/replicator_length_study/results/guarded-copier-v2/credential-6-seed-29/metrics.csv,12825,7fab3018e272b585519b6dc01e62f2b900a9a3e818f4f6e35dfddc9759eee6ff
experiments/replicator_length_study/results/guarded-copier-v2/credential-6-seed-29/protocol.json,600,be5aed8271c81bfcbc51144d1757ebe77f9b5fb55a9542ecdc75ac4dfba62f01
experiments/replicator_length_study/results/guarded-copier-v2/credential-6-seed-29/summary.json,913,7ef221dc91d73654d20abbb62852b4339259d4b20dfad7593ee92bc76991947d
experiments/replicator_length_study/results/guarded-copier-v2/credential-6-seed-30/manifest.json,936,58fcb1e82524e3c0cb2ed13a4595e8b5d3c7edafc7be08f6b1cbaa643c37af31
experiments/replicator_length_study/results/guarded-copier-v2/credential-6-seed-30/metrics.csv,12825,0e0397aebda4ae3bf82700a2cd9835ca1e516c2f29b67c9dc78618e6ee66e7a0
experiments/replicator_length_study/results/guarded-copier-v2/credential-6-seed-30/protocol.json,600,986973c9bbf61e035f71cbc5a3af7cfc57b522969cbe72c7981bd18c055b9a33
experiments/replicator_length_study/results/guarded-copier-v2/credential-6-seed-30/summary.json,913,12d7dae99b5bffe17cfbe7717ebfdca3986315a5ee92c138a53e1bb2389b6727
experiments/replicator_length_study/results/guarded-copier-v2/credential-6-seed-31/manifest.json,936,09ef39f3d87c5596b4f8399a065b2ae130f9c3da02a43d4bf0aada9cf8b4fb7a
experiments/replicator_length_study/results/guarded-copier-v2/credential-6-seed-31/metrics.csv,12825,5451ded7a3089c2d80914662694cb058494a0ea3ea94c0c3f4580c9d8ff1a43a
experiments/replicator_length_study/results/guarded-copier-v2/credential-6-seed-31/protocol.json,600,bfa69db4bd39f34112ae06b1946a4c37b02e17a07f95ca80ed3e87a7ef5620fd
experiments/replicator_length_study/results/guarded-copier-v2/credential-6-seed-31/summary.json,913,db4568bc4c6dcdd2c9663f9b39d7c923ee0d3b04a552a710829faadb7969f013
experiments/replicator_length_study/results/guarded-copier-v2/credential-6-seed-32/manifest.json,936,3e077aa917fe21d19aaebd42c8a3415711c10da4377c97816de1803ce7622170
experiments/replicator_length_study/results/guarded-copier-v2/credential-6-seed-32/metrics.csv,12825,293c52fc143996b955ebdbcc7df5b4fa69aa0f5f9ff281d8872034bd7eb2d875
experiments/replicator_length_study/results/guarded-copier-v2/credential-6-seed-32/protocol.json,600,13aeee8f48298bc7cdd52084548311326b109244f4ea4ca3e8d5fbed75c445fd
experiments/replicator_length_study/results/guarded-copier-v2/credential-6-seed-32/summary.json,913,ac79b9dcaaea06cc5b907ba05eed4a1c37caf42f4d2ce681b34e88c3e0e4a967
experiments/replicator_length_study/results/guarded-copier-v2/credential-6-seed-33/manifest.json,936,c0ed0ca667eea21ad8a5785820dadc9e278008b9f385d6dded4952631e0d55c4
experiments/replicator_length_study/results/guarded-copier-v2/credential-6-seed-33/metrics.csv,12825,04262ce342d86ab65169ff062e996f2c27423c5f1581f21988d1792f1c58bb67
experiments/replicator_length_study/results/guarded-copier-v2/credential-6-seed-33/protocol.json,600,26a51fd867356e5154a02315f1d5ce0115573f703ee940de96fc22a729ceb426
experiments/replicator_length_study/results/guarded-copier-v2/credential-6-seed-33/summary.json,913,dd1b8e4d60993fc406ad915e660a6a2b0403687ac0b6e0bb9b55659863306020
experiments/replicator_length_study/results/guarded-copier-v2/credential-6-seed-34/manifest.json,936,a5a0f380b78fa2c68ba93890e16be14a799be67102da08aa070756ece338fbae
experiments/replicator_length_study/results/guarded-copier-v2/credential-6-seed-34/metrics.csv,12825,0f582810c422473b0f950a5cbaa4935384ce4528756879d610be240fda9be029
experiments/replicator_length_study/results/guarded-copier-v2/credential-6-seed-34/protocol.json,600,47a8d9d611d4ef49d0cfaab25b6a607c99172f191ddd254b6f759de29c26e74f
experiments/replicator_length_study/results/guarded-copier-v2/credential-6-seed-34/summary.json,913,f0261039764576a8e6d2c10960c10d0b2a4b0434a33b9c3e6ac801d472c1e707
experiments/replicator_length_study/results/guarded-copier-v2/credential-6-seed-35/manifest.json,936,edadbe32ceb8e571841932a5453d41728c6bf32848a91e60662c14a5b3a91095
experiments/replicator_length_study/results/guarded-copier-v2/credential-6-seed-35/metrics.csv,12825,b717c09ef1898e26e49037ced93936f2cc1f26d478f4caf020f81ae309b83b09
experiments/replicator_length_study/results/guarded-copier-v2/credential-6-seed-35/protocol.json,600,820c8fd75a5a1558319c88f39631079d6309241b7fe7a352bf5ac0132178db5a
experiments/replicator_length_study/results/guarded-copier-v2/credential-6-seed-35/summary.json,913,a85b2c7832ddc6a0924120ff20f0cbeab32c0c4a7e768edcf6d0044e30c44ec9
experiments/replicator_length_study/results/guarded-copier-v2/credential-6-seed-36/manifest.json,936,2e4d3c43c039d762bc091ad2a9edf9797805cc11c20a57355cb335b9bb60fb3b
experiments/replicator_length_study/results/guarded-copier-v2/credential-6-seed-36/metrics.csv,12825,30c5551a7ab4d365206a5654595e3fe614bf0de3dff1603cd4dc3bccaa1bdab8
experiments/replicator_length_study/results/guarded-copier-v2/credential-6-seed-36/protocol.json,600,fdc60f9d5e061fbb7a4f71ee68a32d61bf97b7dacc70133adfc4f5cec10e3a2e
experiments/replicator_length_study/results/guarded-copier-v2/credential-6-seed-36/summary.json,913,0079fc492171b9f5c6ca4ebf8ec66b016ff3e81f9a2ab143afa3f47617338eaa
experiments/replicator_length_study/results/guarded-copier-v2/credential-6-seed-37/manifest.json,936,4356c5d74f44161050ebd05978394d4f32f2fd0b74ff02bcc4ec720a4ce8c418
experiments/replicator_length_study/results/guarded-copier-v2/credential-6-seed-37/metrics.csv,12825,e9dff9623a414cc57ecf39165d72c509d13800dca7f78e4142fe5c074d2c77ba
experiments/replicator_length_study/results/guarded-copier-v2/credential-6-seed-37/protocol.json,600,f17a8ca687be65c405c07d95615484bd247c4009fa42bcef0930fc7971d4bbde
experiments/replicator_length_study/results/guarded-copier-v2/credential-6-seed-37/summary.json,913,07d6ab66fcbe575e217f9e06198b1781e762db915d471b90989ad4e90152855b
experiments/replicator_length_study/results/guarded-copier-v2/credential-6-seed-38/manifest.json,936,9d25b282017407ce66c6f4eea1b9fe1efd885e15edb9dc024cfc025b3231f1be
experiments/replicator_length_study/results/guarded-copier-v2/credential-6-seed-38/metrics.csv,12825,99a06ae6b56676b016b86b2935224639dd941370d2dfa48a31ea05afc694a876
experiments/replicator_length_study/results/guarded-copier-v2/credential-6-seed-38/protocol.json,600,722889da84692501b31bb240b1c5b35c242fc5eaa9c3b21f3db8c316f58f1ae2
experiments/replicator_length_study/results/guarded-copier-v2/credential-6-seed-38/summary.json,913,0b5431704c6a2f5bad22b0704d5c21f143f406a1924427ca209cccaef6f83185
experiments/replicator_length_study/results/guarded-copier-v2/credential-6-seed-39/manifest.json,936,c88ae2147c48cc699c53945b24699b8ca94c90f2bf8ff99f5f2c403a039d7a48
experiments/replicator_length_study/results/guarded-copier-v2/credential-6-seed-39/metrics.csv,12825,c73c55e8b0927ed01dd1bbba2f37882ba2988e7fc3460d21eed6de022a167147
experiments/replicator_length_study/results/guarded-copier-v2/credential-6-seed-39/protocol.json,600,aa1c3af197ed062b722c34b0819902fea1bbf2694a676f57ef36eda713b6b462
experiments/replicator_length_study/results/guarded-copier-v2/credential-6-seed-39/summary.json,913,916e04897171d6b0a38bd371df08c1dccbc1aa794335ec5ee25328964d84cfdb
experiments/replicator_length_study/results/guarded-copier-v2/credential-6-seed-40/manifest.json,936,0c70a640b749cc919ed6a1889072472d31b9e367732729d3ebe79308fb0e7783
experiments/replicator_length_study/results/guarded-copier-v2/credential-6-seed-40/metrics.csv,12825,8a97f39ea11bdb73086635aea6131b853f2a5408c599004b873beca55e5cf8b2
experiments/replicator_length_study/results/guarded-copier-v2/credential-6-seed-40/protocol.json,600,eba586e71378665080a2f306b06d41c21cd65cc427304bee909f0e635720a464
experiments/replicator_length_study/results/guarded-copier-v2/credential-6-seed-40/summary.json,913,28c99674ec342788e1bddcc23a51fc80664224eebae423878887a6449e9cd673
experiments/replicator_length_study/results/guarded-copier-v2/credential-6-seed-41/manifest.json,936,c21e806a890257cebc308f17cddfba0f557f5ec401da0d2b4b1cffcbe1267c3f
experiments/replicator_length_study/results/guarded-copier-v2/credential-6-seed-41/metrics.csv,12825,d4417b8e55df7b3a49526ca9b16ee96ee3733fd2a566b9df31dfd9fab2624f13
experiments/replicator_length_study/results/guarded-copier-v2/credential-6-seed-41/protocol.json,600,f3aa7f6ece305482c826ce3b9be2516dcc383f807e4dda6103f32a5823767e07
experiments/replicator_length_study/results/guarded-copier-v2/credential-6-seed-41/summary.json,913,7648d1b3b98602f07bf4a54137659b4d179cd81fd9db9213dd5ce492cb7290c8
experiments/replicator_length_study/results/guarded-copier-v2/credential-6-seed-42/manifest.json,936,100b1b9918ff96c76bd676ea3ffd801007edd6101604de5ee7b47bb716e7cc21
experiments/replicator_length_study/results/guarded-copier-v2/credential-6-seed-42/metrics.csv,12825,e8c369293822271af410c2b9f65a8528eb949a38ade63389980e8aeced5f38f2
experiments/replicator_length_study/results/guarded-copier-v2/credential-6-seed-42/protocol.json,600,f8fcefff4d2ce43a1ce1455816af347cef3b3a0a0c57e5a7574573e537866cf1
experiments/replicator_length_study/results/guarded-copier-v2/credential-6-seed-42/summary.json,913,05b167ee1a92ac0559b294ff9518838a6fab5a548c033bfad8af865e9b12fe59
experiments/replicator_length_study/results/guarded-copier-v2/credential-6-seed-43/manifest.json,936,ef7d81cb474d1a6510ba092c6c9af2817dbace6c5e02ba8c819d451fd5046e08
experiments/replicator_length_study/results/guarded-copier-v2/credential-6-seed-43/metrics.csv,12825,ec367f172765bdb149bc8e84fbb31548df6eaa084c12eeb75f45c8b74325a33a
experiments/replicator_length_study/results/guarded-copier-v2/credential-6-seed-43/protocol.json,600,db107613c9956cfaf9781b33803676162204d10e665ef2221d263dd8f749b63c
experiments/replicator_length_study/results/guarded-copier-v2/credential-6-seed-43/summary.json,913,2bc891219b65afa4849ca33f42a139f517124ea0b0523f837055ea9a300d7b0c
experiments/replicator_length_study/results/guarded-copier-v2/credential-6-seed-44/manifest.json,936,0165bf14f9988084cdb0d865be71924c66702c5588f685af865da05342c407ed
experiments/replicator_length_study/results/guarded-copier-v2/credential-6-seed-44/metrics.csv,12825,88ef0b84e24aa28d0ce65b530169395183c308a005df7623c2489259c73f3071
experiments/replicator_length_study/results/guarded-copier-v2/credential-6-seed-44/protocol.json,600,419262f209a50a0fdb189032d2bacc3d3e7b4c4fcaff620cca1e716654dda5ff
experiments/replicator_length_study/results/guarded-copier-v2/credential-6-seed-44/summary.json,913,8f88b2bcb4df6a00492a0c8eec7d30bcbb4f6e39d61b20d8eeb876523a020372
experiments/replicator_length_study/results/guarded-copier-v2/credential-6-seed-45/manifest.json,936,2468788b595ab96f346a70123b3a7bfd6b8960706ff38d9c20b3792b0b595b04
experiments/replicator_length_study/results/guarded-copier-v2/credential-6-seed-45/metrics.csv,12825,efc78ca3a39082f724ba03400825c774bbd9da25da463cd10257dddc35794811
experiments/replicator_length_study/results/guarded-copier-v2/credential-6-seed-45/protocol.json,600,f25fa5426cf8b3d2d47bfbf135bcfb887637b6b666535338502db927c7a24cca
experiments/replicator_length_study/results/guarded-copier-v2/credential-6-seed-45/summary.json,913,46b0c50a2cc866501de904b9d4cec29f787a03fcacb64024cee266ac8d278230
experiments/replicator_length_study/results/guarded-copier-v2/credential-6-seed-46/manifest.json,936,a98a819810fef71ac438efd0f3c3035db93ba60fb52f1f8260bff839209f5c43
experiments/replicator_length_study/results/guarded-copier-v2/credential-6-seed-46/metrics.csv,12825,c00978c53161b6e3080b36794e46251cc80f73b84b4c4af79810fbf0df488683
experiments/replicator_length_study/results/guarded-copier-v2/credential-6-seed-46/protocol.json,600,f7f6127d58ce076381ed699ee6fbce2863ffaf51722e2acd01e90392ba8e7bac
experiments/replicator_length_study/results/guarded-copier-v2/credential-6-seed-46/summary.json,913,dfeee333c90028e9199d41a15093f68952f52983457427ad36eeb7530d5d0b57
experiments/replicator_length_study/results/guarded-copier-v2/credential-6-seed-47/manifest.json,936,07cbcb68a506ef6dc10a7d0b5a77068143f5e5a76fde5f7aa59f478b1dec6182
experiments/replicator_length_study/results/guarded-copier-v2/credential-6-seed-47/metrics.csv,12825,2b618774f6894a34af175e7ed9b914f568aae416a20295ebf9bb3395cb808407
experiments/replicator_length_study/results/guarded-copier-v2/credential-6-seed-47/protocol.json,600,46383cbef812470d050ad45236ac4105eff06d82c80c3a83614767c62d68c140
experiments/replicator_length_study/results/guarded-copier-v2/credential-6-seed-47/summary.json,913,065009fef2236d8483baee831a67e064ed904cadc27d0d545d892312fe796f17
experiments/replicator_length_study/results/guarded-copier-v2/credential-6-seed-48/manifest.json,936,6bdec23bdbdde5fc2c529a34bea34dfac3da09951f4f7c09ae8ee617658ff087
experiments/replicator_length_study/results/guarded-copier-v2/credential-6-seed-48/metrics.csv,12825,629d063e897e699cb9a5a1fc9f190dc05b03f13bf2436fa756e1b2b207138717
experiments/replicator_length_study/results/guarded-copier-v2/credential-6-seed-48/protocol.json,600,f2dc4339c4ccb47e0e3b27502e78e72b26ed616a138a47ceb732c933ab827401
experiments/replicator_length_study/results/guarded-copier-v2/credential-6-seed-48/summary.json,913,f03330d3c16adc0c88e2b94255b8c251edd2014f5793523617f70b14d106c6bf
experiments/replicator_length_study/results/guarded-copier-v2/credential-6-seed-49/manifest.json,936,0fcbbc0ebba47f259ccd44bc510b0f11c652a0a430d7ca2a2098d38bb8e85d11
experiments/replicator_length_study/results/guarded-copier-v2/credential-6-seed-49/metrics.csv,12825,2fca4c65e3fdf4453bd0d6f47c650dc9ec21bbbf8f612998122e6238b4855232
experiments/replicator_length_study/results/guarded-copier-v2/credential-6-seed-49/protocol.json,600,b749a8564654fa6b93c7015d50b83c617baaba28f533b5ba819ef75f52ec7d47
experiments/replicator_length_study/results/guarded-copier-v2/credential-6-seed-49/summary.json,913,f1f598089ef7d05c4aad7c6b0d210995c2572d952a7212cd48fb3e59b92466c9
experiments/replicator_length_study/results/guarded-copier-v2/credential-6-seed-50/manifest.json,936,96fe8c5bc9ff510e77f27d017de5a52636e50f9c08cb39b50c92375e2143f302
experiments/replicator_length_study/results/guarded-copier-v2/credential-6-seed-50/metrics.csv,12825,57b64909ef90cd94d2c1a1877792509a715c4443e5da9bfc2b990ad2b6e682d8
experiments/replicator_length_study/results/guarded-copier-v2/credential-6-seed-50/protocol.json,600,000ac69fd137bf56b0eb91b8e30f3780589f50eec749ada799025f90effceb33
experiments/replicator_length_study/results/guarded-copier-v2/credential-6-seed-50/summary.json,913,c8273d33acc88d21b7df42e0b9008fdbd116a41c41497528e901fe97fe27d439
experiments/replicator_length_study/results/guarded-copier-v2/credential-6-seed-51/manifest.json,936,8e55310b19350cff8434c14c79bfd7c87722dca74e82ae48aab004621f16b9c7
experiments/replicator_length_study/results/guarded-copier-v2/credential-6-seed-51/metrics.csv,12825,81ffc4a49c351145d4663c5c6835ef81aa31418a62d86822c40b3b0c46add6a6
experiments/replicator_length_study/results/guarded-copier-v2/credential-6-seed-51/protocol.json,600,3cc25b59e0b87e368cef8eb449457bb17b8b6dc452ae2c394f2503bb44f9ebda
experiments/replicator_length_study/results/guarded-copier-v2/credential-6-seed-51/summary.json,913,592020a6d78835ba49dda0309361d05c22cfda8a6b386927d46f86e3c16a6d20
experiments/replicator_length_study/results/guarded-copier-v2/credential-6-seed-52/manifest.json,936,aba0cf5acb6d5259b02e8614baded183da78419c0e477f7fe5d360e382f94a9f
experiments/replicator_length_study/results/guarded-copier-v2/credential-6-seed-52/metrics.csv,12825,b46f528ec4ff7b6fd9094d31dd47c096aa535bf7f7bab8332b52d830a85d4a3c
experiments/replicator_length_study/results/guarded-copier-v2/credential-6-seed-52/protocol.json,600,0ba865af45653a0e569fc02f9140eaaeceb5c50d42fcf239b44432ecdc99cc33
experiments/replicator_length_study/results/guarded-copier-v2/credential-6-seed-52/summary.json,913,bbe10ae1858fdbde61b442d43cbadc17504f1d5df097f67c64c62f0f08b72cf0
experiments/replicator_length_study/results/guarded-copier-v2/credential-6-seed-53/manifest.json,936,54af1524df9cefc9c225b080cc200b310b33f61db24e9515f49ae0cef78b7598
experiments/replicator_length_study/results/guarded-copier-v2/credential-6-seed-53/metrics.csv,12825,6b228981e69fae98039af6da11d15c7cfa9ab8e84cdcf86cbe4076ba0b8cff3e
experiments/replicator_length_study/results/guarded-copier-v2/credential-6-seed-53/protocol.json,600,2b650425521f7e629d60a4f45ea1ddb10a3cbe92dc1e0b4dd191a4c4336f079e
experiments/replicator_length_study/results/guarded-copier-v2/credential-6-seed-53/summary.json,913,571c767c1f95b7e6d4eb71699470d134bdcd4f7e6fb208dd1b3e9d99f753c1ad
experiments/replicator_length_study/results/guarded-copier-v2/credential-6-seed-54/manifest.json,936,c85f461e9571a9c0581e95888968972af93ae6a37a9a1dd11cf452b0d60629c7
experiments/replicator_length_study/results/guarded-copier-v2/credential-6-seed-54/metrics.csv,12825,cf8425084dcf2abcd3f2088069ff1c2118c4f61aa2b8f5f8e3344cdda4f93a9e
experiments/replicator_length_study/results/guarded-copier-v2/credential-6-seed-54/protocol.json,600,5071b4999351f8e7c5441dab7c91703b2dfe1e470db56f71183cceade243d0ea
experiments/replicator_length_study/results/guarded-copier-v2/credential-6-seed-54/summary.json,913,c7f07923cec76c2ed9ae9be31c3ec48ca83740c7a10083c8e1a893f38da8c44b
experiments/replicator_length_study/results/guarded-copier-v2/credential-6-seed-55/manifest.json,936,e1f27166d636019d5e84cd256be1afb0a4a65af59f3ae2aee0e1db40d84d063e
experiments/replicator_length_study/results/guarded-copier-v2/credential-6-seed-55/metrics.csv,12825,7fe44e22b5c9dfa6b3f0ae616a7d901b2c2a372ce16ed0af671a353f61036c19
experiments/replicator_length_study/results/guarded-copier-v2/credential-6-seed-55/protocol.json,600,98569b1cf41bf0acadaafffd6e8abb90912bd202dae5e9a9085aa3f27f565867
experiments/replicator_length_study/results/guarded-copier-v2/credential-6-seed-55/summary.json,913,47c321ef1795d2cb7a600c49be2fb5683f2ac986fd8ee31a6c00551f0e8f613e
experiments/replicator_length_study/results/guarded-copier-v2/credential-6-seed-56/manifest.json,936,9329eb18a33cf276bbe7ed1ac2cd032c325dd73ab60861840a111f1e0afebcbe
experiments/replicator_length_study/results/guarded-copier-v2/credential-6-seed-56/metrics.csv,12825,c1200896ad2f09c370c667f8056e4f76ce5b92d210396f98b9d958b745d1276c
experiments/replicator_length_study/results/guarded-copier-v2/credential-6-seed-56/protocol.json,600,660269399a03018f7f17e621801a5a31422f8b6ca3488c822d0ad900ed1bc947
experiments/replicator_length_study/results/guarded-copier-v2/credential-6-seed-56/summary.json,913,bbfb668a86417644697e5ba3c87b11628ed82450844f756efcac4af1c52df90e
experiments/replicator_length_study/results/guarded-copier-v2/credential-6-seed-57/manifest.json,936,75e9c7e280bcdb5e6e81609b377cc2d4480df7d2b73bd2c200b7a993429c8b11
experiments/replicator_length_study/results/guarded-copier-v2/credential-6-seed-57/metrics.csv,12825,3b0e69056be6188bc30e5938cec770841c7f284e3365be85b76429240af2014e
experiments/replicator_length_study/results/guarded-copier-v2/credential-6-seed-57/protocol.json,600,1849801719a430fb68f8be683bccdf17a85413dc258bcf6c4af9f9accb084918
experiments/replicator_length_study/results/guarded-copier-v2/credential-6-seed-57/summary.json,913,91855b1f25ab4c4ecd5eba143ec67d66391bf5b929d65174ea3bd220945cc52b
experiments/replicator_length_study/results/guarded-copier-v2/credential-6-seed-58/manifest.json,936,30793b96dd5c0f8c144037acb67dee3feb3770da62acde418d9de33af1b87443
experiments/replicator_length_study/results/guarded-copier-v2/credential-6-seed-58/metrics.csv,12825,03feaccff346f57aafcc259e94862af8ca457d7e375ea0df33f0a56c4954dbf1
experiments/replicator_length_study/results/guarded-copier-v2/credential-6-seed-58/protocol.json,600,8bb5b879c02e225dd30aabcdcbd42826c24f715874626d0c4c531c4a193aa721
experiments/replicator_length_study/results/guarded-copier-v2/credential-6-seed-58/summary.json,913,86a7b5b2a167d0d47e820848df9fbf7c37fa2d9e713d8ef8feca8630e4cc6247
experiments/replicator_length_study/results/guarded-copier-v2/credential-6-seed-59/manifest.json,936,d260e76af0598e93494b189826745bea376645b2befc65e67a78b60e49147cd7
experiments/replicator_length_study/results/guarded-copier-v2/credential-6-seed-59/metrics.csv,12825,35fad6d9783ea7e5cdd0353a6a6b950bf8297b482770e14d46afbd78dfe9cf41
experiments/replicator_length_study/results/guarded-copier-v2/credential-6-seed-59/protocol.json,600,0530c3fad1be0e7df92480fd7d6ad9bd5787f83fe20f9afd4a775e6fe8faec1e
experiments/replicator_length_study/results/guarded-copier-v2/credential-6-seed-59/summary.json,913,4fd413eae9b565c733bed00a496d925f1f28135c1b3d8234692e343e80666765
experiments/replicator_length_study/results/guarded-copier-v2/credential-6-seed-60/manifest.json,936,c28f8bc6d33797b5af514c543439bab76474a8251002e62eb1a04a08af587531
experiments/replicator_length_study/results/guarded-copier-v2/credential-6-seed-60/metrics.csv,12825,759249282cd2e03e9ffcecabbead487bd3afbe951966106b43a59d1be69d2037
experiments/replicator_length_study/results/guarded-copier-v2/credential-6-seed-60/protocol.json,600,0985bc97cd2a6d12e1112d8530d5af34e76764ed5410e9d26badc0c0bbcdbb10
experiments/replicator_length_study/results/guarded-copier-v2/credential-6-seed-60/summary.json,913,1f3822189d68a4cf74b34049dda50210f545b7ef4c88698588d973d9db0a0b61
experiments/replicator_length_study/results/guarded-copier-v2/credential-6-seed-61/manifest.json,936,e7cbe9da186e8c87580f7d36340258f5352e91f935916ea4735455e4f75e38c6
experiments/replicator_length_study/results/guarded-copier-v2/credential-6-seed-61/metrics.csv,12825,0f2c17d1c3eecaabbe31f475c213b30fa704c0d9bfb1d99231cdfc2483562cc2
experiments/replicator_length_study/results/guarded-copier-v2/credential-6-seed-61/protocol.json,600,829698dfacbf9676779a18d40750eea323494092c45d7e538ec2fbf039f09a9e
experiments/replicator_length_study/results/guarded-copier-v2/credential-6-seed-61/summary.json,913,cc1475d443103169874e92a4cc2ad0f96fea6b7916677680d3cee54ea481552f
experiments/replicator_length_study/results/guarded-copier-v2/credential-6-seed-62/manifest.json,940,aeb1c87787b731a1bb21114abd1d82713b0a00aecc14cc60ab11935dad43390e
experiments/replicator_length_study/results/guarded-copier-v2/credential-6-seed-62/metrics.csv,14504,692e524b808add12ecebc470339316767e53602d5d91814d74cdae286fea075a
experiments/replicator_length_study/results/guarded-copier-v2/credential-6-seed-62/protocol.json,600,b56146c3e2a2d0b4fd14e98322f43d4827a3c686e8a72ebddc7435bb862ea261
experiments/replicator_length_study/results/guarded-copier-v2/credential-6-seed-62/summary.json,917,2149f188ad8aab67d29a2ddaf848478ec297ae8abad201a066ed4ce86fcc26db
experiments/replicator_length_study/results/guarded-copier-v2/credential-6-seed-63/manifest.json,936,9877d7b0236484856887583916fc9864085ae9d35ccb6571522ab63a62b48863
experiments/replicator_length_study/results/guarded-copier-v2/credential-6-seed-63/metrics.csv,12825,04102c159e2198dab48ba94af87ac6b8222280ff3ce7b8d1c2482d41a2c61b3e
experiments/replicator_length_study/results/guarded-copier-v2/credential-6-seed-63/protocol.json,600,a7f66226fd5e462e9a91f072593e181c6953a32fbd9ae31952d1cb4d83ee0292
experiments/replicator_length_study/results/guarded-copier-v2/credential-6-seed-63/summary.json,913,924160683f709cb333c87a61fd9fc1666542dffb05a5666a6914cbe450da70ac
experiments/replicator_length_study/results/guarded-copier-v2/credential-6-seed-64/manifest.json,936,f7a96e09b32868c76224d95f0ec217199852c012bd8bcba65ec06d44fc831ba1
experiments/replicator_length_study/results/guarded-copier-v2/credential-6-seed-64/metrics.csv,12825,08864a5eeaceba1c8275f12b849c567397dace8d06aff6603d124b5b09711abe
experiments/replicator_length_study/results/guarded-copier-v2/credential-6-seed-64/protocol.json,600,9f53d0129ae42784bc0103f16ed046476c74293ffc401313af3d2c159ca99717
experiments/replicator_length_study/results/guarded-copier-v2/credential-6-seed-64/summary.json,913,b824d8304a61d77cd8f0f6b34f422a1cb95474b9bcd8bffd8db0d7bff93f55d8
experiments/replicator_length_study/results/guarded-copier-v2/credential-6-seed-65/manifest.json,936,bb7084c908036cc8b9b8742c5dc628215ee969e4fda87dc4bce3451780795f9a
experiments/replicator_length_study/results/guarded-copier-v2/credential-6-seed-65/metrics.csv,12825,3366f017a68f1e9c462dedbf6a8ddb07e769122949462f47c126c86371f784c9
experiments/replicator_length_study/results/guarded-copier-v2/credential-6-seed-65/protocol.json,600,1997f031a4e75e14320c92a898deff7b3d39299e0ded8ba91abb8052313d3a5f
experiments/replicator_length_study/results/guarded-copier-v2/credential-6-seed-65/summary.json,913,fd1bae3bca6331543acf7e1f72bcefbda03aec7d229ba949b755b30326c87cb7
experiments/replicator_length_study/results/guarded-copier-v2/credential-6-seed-66/manifest.json,936,25d364a84bbf3c54ac1a726bb98aa3f03e8ce3ab089cdd2a9d8439c8bd849622
experiments/replicator_length_study/results/guarded-copier-v2/credential-6-seed-66/metrics.csv,12825,759633d61b7c61e19e05515844c28df867845f9368fdc3232bb04945fa6bbed7
experiments/replicator_length_study/results/guarded-copier-v2/credential-6-seed-66/protocol.json,600,ab037e545f43e335a9473c3658c43f1480395346537c4dade5cfdd0254fe88e7
experiments/replicator_length_study/results/guarded-copier-v2/credential-6-seed-66/summary.json,913,b90c4019873d116bd362d39e6b3613c91717a28a8dc25d922db41781534ec96e
experiments/replicator_length_study/results/guarded-copier-v2/credential-6-seed-67/manifest.json,936,6c06342d726742cd9d92836c9bd561a4767e58503ab439554451c6ed4732fe60
experiments/replicator_length_study/results/guarded-copier-v2/credential-6-seed-67/metrics.csv,12825,215633fb5f1e1a8af885a4182363b730271021348e2467b4dcfd2228763e79a5
experiments/replicator_length_study/results/guarded-copier-v2/credential-6-seed-67/protocol.json,600,b8f4cbd0cfb33527bb95d2a6407145bcfd1e988072e8f51fb9fb78ff81170027
experiments/replicator_length_study/results/guarded-copier-v2/credential-6-seed-67/summary.json,913,11adc4e9a7813804e6806bb0337186ca4292ada11498655e40535f1bc8c55226
experiments/replicator_length_study/results/guarded-copier-v2/credential-6-seed-68/manifest.json,936,44c1d95248852d1ea7223d32898839e4668a4bebf8356b66b033a26d32b16517
experiments/replicator_length_study/results/guarded-copier-v2/credential-6-seed-68/metrics.csv,12825,c6b12dbf970da7efdc4a721fc412d45212e797b14895266d0ae3952ed9330f75
experiments/replicator_length_study/results/guarded-copier-v2/credential-6-seed-68/protocol.json,600,64dc2675d6ec20b5ddbfb1a52a8e2a097906b76b73aa175e0acab7d605b1fbfe
experiments/replicator_length_study/results/guarded-copier-v2/credential-6-seed-68/summary.json,913,59b2ec1db2d47f46fb20b9f63d3f266a1cd87b63edbb5707ddb1be04989e21b3
experiments/replicator_length_study/results/guarded-copier-v2/credential-6-seed-69/manifest.json,936,d65e8d495f62ab20ce6dd123b9b02e2cbc39d3be1a2d24912ab26fc252aa26c1
experiments/replicator_length_study/results/guarded-copier-v2/credential-6-seed-69/metrics.csv,12825,2e245837439907fe532fa97685e681d7448e8c2dc608b8dcaac93f0e50b08600
experiments/replicator_length_study/results/guarded-copier-v2/credential-6-seed-69/protocol.json,600,39d8051498d773db0ddbe6c21cf9d67de5b5984b50b5f53b4d1848c2cc65cec7
experiments/replicator_length_study/results/guarded-copier-v2/credential-6-seed-69/summary.json,913,88becc5e73eba2c4b2b93dcd2a6cec542b0b89bc1dffa0fe51d28962ae20f24c
experiments/replicator_length_study/results/guarded-copier-v2/credential-6-seed-70/manifest.json,936,37e22dfaad0e20a3cc1329c6346137092e7651fde3a72b04d1b260e13c812b00
experiments/replicator_length_study/results/guarded-copier-v2/credential-6-seed-70/metrics.csv,12825,a27c611e80f7e16e3cec7876bcb2cfc713ed637beb20332bc1bcddcfb656d037
experiments/replicator_length_study/results/guarded-copier-v2/credential-6-seed-70/protocol.json,600,f801203607ed1e34adf7a40fdbee7dcf159e671008fa01da5203a61f587c1237
experiments/replicator_length_study/results/guarded-copier-v2/credential-6-seed-70/summary.json,913,0668af83982940f8c537065d5c3abda8490fd923aeb6cfda8e7aecb8afff9349
experiments/replicator_length_study/results/guarded-copier-v2/credential-6-seed-71/manifest.json,936,abf26b6191160476192994b994af08656e7e6cb2736b1a66422329901f4149e5
experiments/replicator_length_study/results/guarded-copier-v2/credential-6-seed-71/metrics.csv,12825,77b5e978f6a0f48590ec84cb08018241325c96bc383c34e1947c72ae0f89dda0
experiments/replicator_length_study/results/guarded-copier-v2/credential-6-seed-71/protocol.json,600,c32359176ca3f414e589a8f085ca419067e684a907d3e77f7f6234c9b3f97f96
experiments/replicator_length_study/results/guarded-copier-v2/credential-6-seed-71/summary.json,913,582fc0a331911032784a63201e21f4eb66f7bc4e7f8860e5e18d5658851dec5b
experiments/replicator_length_study/results/guarded-copier-v2/credential-6-seed-72/manifest.json,936,a6bd1974e8315f6228f229353b1c9dac6c538d5f72e735d33cea1854960a9ea0
experiments/replicator_length_study/results/guarded-copier-v2/credential-6-seed-72/metrics.csv,12825,2ca5efcdbd974d4cab8ffc5310f2356cc48f2ecd4627c504114d3aeb6c725ebe
experiments/replicator_length_study/results/guarded-copier-v2/credential-6-seed-72/protocol.json,600,b3f031e9237d515d2d8e7c0f35b3f4d26e039492dbf0bc4e7d576a51a2385d6e
experiments/replicator_length_study/results/guarded-copier-v2/credential-6-seed-72/summary.json,913,a58b88ca2ecc1dc3948ac3abed33bc49a2476523419a6269a17179b5d940c4d7
experiments/replicator_length_study/results/guarded-copier-v2/credential-6-seed-73/manifest.json,936,2a83ec13a11a1737d6794dfd61ba8e92e334594ebe286c5d0b5005fb095fe52d
experiments/replicator_length_study/results/guarded-copier-v2/credential-6-seed-73/metrics.csv,12825,fc7437863500601de98b038a081c0c8e3d8da3999ffa0cabd252da9437b8da04
experiments/replicator_length_study/results/guarded-copier-v2/credential-6-seed-73/protocol.json,600,386cd7005f6b221c493962a751589fe8a7a5450fd57360a95003aad326a4a553
experiments/replicator_length_study/results/guarded-copier-v2/credential-6-seed-73/summary.json,913,887b5626ef4799601c1cbb141c16098922107818a5f2dbbfeb799820dee280cf
experiments/replicator_length_study/results/guarded-copier-v2/credential-6-seed-74/manifest.json,936,f2a7e3ff4befc8bbae772572eaedbc526bb961b2f116699b6c843d928cea4aae
experiments/replicator_length_study/results/guarded-copier-v2/credential-6-seed-74/metrics.csv,12825,b4b9f4065f79a18ababa7e2fae922ea19674fa4a037b8ac78edbfe278ad8c31a
experiments/replicator_length_study/results/guarded-copier-v2/credential-6-seed-74/protocol.json,600,e697a91fbf12ba18d70dc7e31116ee46f2b0edf2c441f1acd9203e883f602f9a
experiments/replicator_length_study/results/guarded-copier-v2/credential-6-seed-74/summary.json,913,ae9e1054c48cc903acea173952003e580f4397fc6417a14a8ff99847863cfbd3
experiments/replicator_length_study/results/guarded-copier-v2/credential-6-seed-75/manifest.json,936,30ef641d1960a01b125a628a4d4b3d437166a36fa5a0cb38d0bea7b9c499d9dd
experiments/replicator_length_study/results/guarded-copier-v2/credential-6-seed-75/metrics.csv,12825,637c2bbbb273c99eba86f89a886d45b5e8ad8a2e4f558eedeb70c2ffe11a02e5
experiments/replicator_length_study/results/guarded-copier-v2/credential-6-seed-75/protocol.json,600,ac3c4df01293911f839c3a9c5e9bf24dcd12c9e848619431bec4b78cd7d45469
experiments/replicator_length_study/results/guarded-copier-v2/credential-6-seed-75/summary.json,913,fbf09de71d1d035eff91de01f1b5c0179febaf2303d3caf6a573d512e64bce35
experiments/replicator_length_study/results/guarded-copier-v2/credential-6-seed-76/manifest.json,936,7e66502444f66cf7d7dfea985746763df3f354e0fd73dac21e6db022a65392d0
experiments/replicator_length_study/results/guarded-copier-v2/credential-6-seed-76/metrics.csv,12825,9e3194a8507a360c98a3ff0eff6334e9fbda4127a3f7e416b6fde224cb87908f
experiments/replicator_length_study/results/guarded-copier-v2/credential-6-seed-76/protocol.json,600,4026626ec1986f2147aeecdc048690fabb85969bdc1474f402b4c6670a5eb395
experiments/replicator_length_study/results/guarded-copier-v2/credential-6-seed-76/summary.json,913,d63bbbd13493834dff4e75b915ceec20520e383b8c1f42fdb260b7c4c2246bd2
experiments/replicator_length_study/results/guarded-copier-v2/credential-6-seed-77/manifest.json,936,850d825c9fa48fefa3ffbb3b79848b301061d2f46987cb7973a6424dc8e33b41
experiments/replicator_length_study/results/guarded-copier-v2/credential-6-seed-77/metrics.csv,12825,daf8fa5549ddffaa8c7de29ab63a034bb4dfa4150c5c44052f01dba21e1d62b6
experiments/replicator_length_study/results/guarded-copier-v2/credential-6-seed-77/protocol.json,600,268adb5ce61dcf89b579f5a8bc4112e5b14a8219cf59a276c38d13abbb7ea3e8
experiments/replicator_length_study/results/guarded-copier-v2/credential-6-seed-77/summary.json,913,2be82b9407a97a897d757f6ccfea95ee1bbd07d0274e60b0505db22a3b253e8b
experiments/replicator_length_study/results/guarded-copier-v2/credential-6-seed-78/manifest.json,936,d6d6350e5c7ae5def1e478df0777378a4eaad28ea89edef2174dee9d28ffaf99
experiments/replicator_length_study/results/guarded-copier-v2/credential-6-seed-78/metrics.csv,12825,6ca63d965a89bb883e5c6bebb7e5c64dbc01094059233edaee6bfeb16b52ba9a
experiments/replicator_length_study/results/guarded-copier-v2/credential-6-seed-78/protocol.json,600,0a718dca1043b01114a3b40d7ada9266c2fe47656ec63ee5611795edc84353fc
experiments/replicator_length_study/results/guarded-copier-v2/credential-6-seed-78/summary.json,913,6d0421e519b2515b7516531583388c9bf5111e49c2736c39d4d437e0a1fbd0ce
experiments/replicator_length_study/results/guarded-copier-v2/credential-6-seed-79/manifest.json,936,ff7be7992c6ffa8324218c4ecceba0166f81340948e0548bc745ce7906536865
experiments/replicator_length_study/results/guarded-copier-v2/credential-6-seed-79/metrics.csv,12825,e0ba67d5d5049e21b3375f4ebea3de2df01cf450c48430e2956bd1a810e23461
experiments/replicator_length_study/results/guarded-copier-v2/credential-6-seed-79/protocol.json,600,96380cd920c94fa80386ae26cbdeeaad1dd1cb52c40a62140ef28cbb88db2d2e
experiments/replicator_length_study/results/guarded-copier-v2/credential-6-seed-79/summary.json,913,a12b0a48cd6516a9146f2c6ebe94c860870aef00e75ed3944385d3aee7f4142d
experiments/replicator_length_study/results/guarded-copier-v2/credential-6-seed-80/manifest.json,936,9020522c04daba7fd89f3aee378d7c97b4f1ece0c2b62775685db6ec3c4451c9
experiments/replicator_length_study/results/guarded-copier-v2/credential-6-seed-80/metrics.csv,12825,586971ff6bc4388398c8d18b37b80a6e65b4a5b9d1ca1121af1800cb758d9a7a
experiments/replicator_length_study/results/guarded-copier-v2/credential-6-seed-80/protocol.json,600,a147db9964ddaf4f30de9443037a90c4a4da74a93615c15f681a6df0d9a2a741
experiments/replicator_length_study/results/guarded-copier-v2/credential-6-seed-80/summary.json,913,56cfecf312549d6e0a45b26538da7b0c661f1bd176d3fcfc4936d4e053639096
experiments/replicator_length_study/results/guarded-copier-v2/credential-6-seed-81/manifest.json,936,a3b06e052aa18367689b2b830a9d6540506c56118431118b672d48e68ff35f8a
experiments/replicator_length_study/results/guarded-copier-v2/credential-6-seed-81/metrics.csv,12825,df63c87de3f5ad0a7b4ff8880b4995e6dbd25872caa5b75e251de375ba9692ec
experiments/replicator_length_study/results/guarded-copier-v2/credential-6-seed-81/protocol.json,600,cf0d8194b78bc1eab50a1f842c8f76eb22ef64ccc472825b1bfe2b0c6f55545d
experiments/replicator_length_study/results/guarded-copier-v2/credential-6-seed-81/summary.json,913,e3e9ff003c74cd7bf5327ed27e504e858f99ea6107e28c61bb4f26121c0dcf86
experiments/replicator_length_study/results/guarded-copier-v2/credential-6-seed-82/manifest.json,936,5b4e00d2fbcee569fc084dc87ab8be1ca70eeb68e6ce069e9a9fad023547f42f
experiments/replicator_length_study/results/guarded-copier-v2/credential-6-seed-82/metrics.csv,12825,d623258a700179007c18965424cd224af8842e06603e48add1e4fdcf6dd0a111
experiments/replicator_length_study/results/guarded-copier-v2/credential-6-seed-82/protocol.json,600,0d518ad727166ee00e84a4c26835940e09f8c9820168e123a4650a3fb3e68fad
experiments/replicator_length_study/results/guarded-copier-v2/credential-6-seed-82/summary.json,913,956ebc472e7a97478e1ac95671145b8c3a143694f0ac5895d0461d1819afcb9f
experiments/replicator_length_study/results/guarded-copier-v2/credential-6-seed-83/manifest.json,936,d5d67346ee4ba90f2bd0a82f154e16c221a3c1f1818c2f3dc4f6d00f7537a447
experiments/replicator_length_study/results/guarded-copier-v2/credential-6-seed-83/metrics.csv,12825,f4d408cdbc1c5a4863a5e30f68b2f19d1d06e0646d2fe84ea24b336031706690
experiments/replicator_length_study/results/guarded-copier-v2/credential-6-seed-83/protocol.json,600,9e45556c0c7ec14aa9a9903447c9ec50355e15833a4ad9ebe87a02e07f4cefe3
experiments/replicator_length_study/results/guarded-copier-v2/credential-6-seed-83/summary.json,913,5feb73ef85310c6fb74acc9d0df79f429f0d6f745eacb2c9a626501d35b5f8c5
experiments/replicator_length_study/results/guarded-copier-v2/credential-6-seed-84/manifest.json,936,7bee9e3cf5eaef3e64679b0846c0a1d63aa0934955f950177a6a670e7730c6da
experiments/replicator_length_study/results/guarded-copier-v2/credential-6-seed-84/metrics.csv,12825,b982b4901f67b605d4b68cea92c698c8ac36d51c42420a56b29f2600a85be8d6
experiments/replicator_length_study/results/guarded-copier-v2/credential-6-seed-84/protocol.json,600,99ba456634b76e07dfc7a08fa6b769448d40676a23e2855da62fd973257ae620
experiments/replicator_length_study/results/guarded-copier-v2/credential-6-seed-84/summary.json,913,0e15982e4b4df453c3a390915c78b349b60566e3728c8802a6c2253e61de5d03
experiments/replicator_length_study/results/guarded-copier-v2/credential-6-seed-85/manifest.json,936,444ecd97a2f738a9312264d5071e8c7547b0605790c2132bf0a18ac7980ed11d
experiments/replicator_length_study/results/guarded-copier-v2/credential-6-seed-85/metrics.csv,12825,ac12329f2fa67989d7450b6ea577ecaf4382e06d01042ff9552744ca73334c0b
experiments/replicator_length_study/results/guarded-copier-v2/credential-6-seed-85/protocol.json,600,fd67c90fcca2b7f9192c05e9d79404f8c2d3c8f8ee38bdad2a0b9ca5a6c4b928
experiments/replicator_length_study/results/guarded-copier-v2/credential-6-seed-85/summary.json,913,645739b1902e6969356fe40339fbe34a3c84a619c5de95cc76e7e3251165f778
experiments/replicator_length_study/results/guarded-copier-v2/credential-6-seed-86/manifest.json,936,a2da0c1b3d9c3aec757fd9cc7b98778023283b52871c4a22ed0acc94ef62c9e9
experiments/replicator_length_study/results/guarded-copier-v2/credential-6-seed-86/metrics.csv,12825,cafc4e4a1dc608ef964ba35b45cfd531527115dc29f6ba3b663afa407b528adf
experiments/replicator_length_study/results/guarded-copier-v2/credential-6-seed-86/protocol.json,600,05c47cd9f2e52c7914d0ceab4b1fd2b6873785d1c1ee049a02ff19655ba35505
experiments/replicator_length_study/results/guarded-copier-v2/credential-6-seed-86/summary.json,913,07a41fee1a6b033c931595dced77db3a1939b8791c770557914c8929dc1a12a2
experiments/replicator_length_study/results/guarded-copier-v2/credential-6-seed-87/manifest.json,936,b27d896b63c2e86d7a00597f4934f3eabf75a0c6e22e7d0213546c717d8d182f
experiments/replicator_length_study/results/guarded-copier-v2/credential-6-seed-87/metrics.csv,12825,222c892805ecba6c41330590c44eff4cc3dece75d6e07a0b13bf7bc0bab05993
experiments/replicator_length_study/results/guarded-copier-v2/credential-6-seed-87/protocol.json,600,4dd02f7e4d151c27cc0e2fc6d6aeb0f24a246aecbc30553d34af606a386f5070
experiments/replicator_length_study/results/guarded-copier-v2/credential-6-seed-87/summary.json,913,37c7fe9c46fa2cbec354c7d16335f4afd7ded926b9002534dbae0927b656cc94
experiments/replicator_length_study/results/guarded-copier-v2/credential-6-seed-88/manifest.json,936,f87930a9e06d6ce58bb6640d38a58c52da80d686333b52f7348bffff839912e9
experiments/replicator_length_study/results/guarded-copier-v2/credential-6-seed-88/metrics.csv,12825,62f803ddfa845aa7078d8e0c97be29c087d6d4a94c25dbd855e2dbf1f82346f8
experiments/replicator_length_study/results/guarded-copier-v2/credential-6-seed-88/protocol.json,600,ea5b862441c605362e096d46c2c0da891e3e25afaaa00ef182006a6481214270
experiments/replicator_length_study/results/guarded-copier-v2/credential-6-seed-88/summary.json,913,194e2fa299650e43020e5db65e82cafc6a79a8ec42fcf35095b54b13b077559f
experiments/replicator_length_study/results/guarded-copier-v2/credential-6-seed-89/manifest.json,936,1b7664c029864310f88b7afb1fccb29021bd8c4d36f33b13dc3c175ecfab3f43
experiments/replicator_length_study/results/guarded-copier-v2/credential-6-seed-89/metrics.csv,12825,584f2832362e870cc41ae167bdcb7d5a47e5a3733481b8ce52c9ca88b6546558
experiments/replicator_length_study/results/guarded-copier-v2/credential-6-seed-89/protocol.json,600,66c346d5ad2ecc86604b2e2216f93ea0da09b905bc70f5574c7e5496317cb55c
experiments/replicator_length_study/results/guarded-copier-v2/credential-6-seed-89/summary.json,913,f61c5d9780fc60d41debdaf6350977fb428ee8c419e8a026d0e7ca1d7958a087
experiments/replicator_length_study/results/guarded-copier-v2/credential-6-seed-90/manifest.json,936,fa18c6521097a9a6602168d8f878002d7b2d7b28730d6c428d7a8dd8cb797a33
experiments/replicator_length_study/results/guarded-copier-v2/credential-6-seed-90/metrics.csv,12825,182337f227525e7c2788d98b2b96604c378d0abd25e9a306a5262f23951188a5
experiments/replicator_length_study/results/guarded-copier-v2/credential-6-seed-90/protocol.json,600,9877679f08adcee527ce08a7b44b37b61837c604e42a6adbf38489626b7f0c21
experiments/replicator_length_study/results/guarded-copier-v2/credential-6-seed-90/summary.json,913,f209758ed9d71ea5a3195c20351b762eb890f16b9a03642e50c4253f59d4cd2a
experiments/replicator_length_study/results/guarded-copier-v2/credential-6-seed-91/manifest.json,936,1b06ef53928bc3d1d6f140164dc16dcf848de8ad12634e6f41ec0bd66ad8cfb1
experiments/replicator_length_study/results/guarded-copier-v2/credential-6-seed-91/metrics.csv,12825,2fa688ed2939ff5dcadfb65efe522a117d595c69f246e08295c29f930032d72c
experiments/replicator_length_study/results/guarded-copier-v2/credential-6-seed-91/protocol.json,600,b4d0467afb61a93cfece99bd34bc90cee7f4f30fb865baeec6a41c0096dc4eb3
experiments/replicator_length_study/results/guarded-copier-v2/credential-6-seed-91/summary.json,913,345895d54cd17e203cb46307d912cf0be285760e1c50491fb6a9bf648309467b
experiments/replicator_length_study/results/guarded-copier-v2/credential-6-seed-92/manifest.json,936,c232ef6afb459c8f38695127bfd9395ecd836e801b72cd89e46c741bdbbf0177
experiments/replicator_length_study/results/guarded-copier-v2/credential-6-seed-92/metrics.csv,12825,7d410c97f37ae7a0007d6d8e9c538d8f0f5b39da46d8988dd343927ea445df00
experiments/replicator_length_study/results/guarded-copier-v2/credential-6-seed-92/protocol.json,600,40bdd71624ed34750e4534e4aec415a68c1d8d5404a4c94517f0ba65c53b9cec
experiments/replicator_length_study/results/guarded-copier-v2/credential-6-seed-92/summary.json,913,13eea755ad78b29adec8432cdf544666170753b9fd6ddacd8f8489497b131754
experiments/replicator_length_study/results/guarded-copier-v2/credential-6-seed-93/manifest.json,936,f65945a193cb6ee26d61729dc8c01c765fd64a4096875e311f240664d4a6e071
experiments/replicator_length_study/results/guarded-copier-v2/credential-6-seed-93/metrics.csv,12825,2b5aedeff1be520f64470a261019a065b67ceb2e59c8a08898593a225f8b765c
experiments/replicator_length_study/results/guarded-copier-v2/credential-6-seed-93/protocol.json,600,3ab055bbb8c201e34fb625468f2acce2f34fa964619114fedc29111f51714dde
experiments/replicator_length_study/results/guarded-copier-v2/credential-6-seed-93/summary.json,913,326f5bff92cbd21b80d4a7cafe4a55371f6de1e84cdbebbf998952590d530199
experiments/replicator_length_study/results/guarded-copier-v2/credential-6-seed-94/manifest.json,936,0850d3412ccb06bd2fcba819812e1a0aaea276bb733c918f031a664f944503e7
experiments/replicator_length_study/results/guarded-copier-v2/credential-6-seed-94/metrics.csv,12825,307f5ef4ed26414a5ba3f1c980a84a3b7fbfef30cfdc83a09b98d8eac8223069
experiments/replicator_length_study/results/guarded-copier-v2/credential-6-seed-94/protocol.json,600,2d6883acdc6792e15fdf8f7b1d421a8b02c8635d43b1dda509168cbd7a649ed5
experiments/replicator_length_study/results/guarded-copier-v2/credential-6-seed-94/summary.json,913,8306b6bc4e64823a9ff609c23ac428ddabac9a2163abc18e3ef24f0489223c8d
experiments/replicator_length_study/results/guarded-copier-v2/credential-6-seed-95/manifest.json,936,4e4b46caa4908e41220581dc36df7e9b1361d7e429bf19201986da3a136779ca
experiments/replicator_length_study/results/guarded-copier-v2/credential-6-seed-95/metrics.csv,12825,97125d2a83034cdf5b4b1b817a11b9b04b0f5f6b37a71e89329a7a9128eaf95d
experiments/replicator_length_study/results/guarded-copier-v2/credential-6-seed-95/protocol.json,600,99f1a24ce8ad6abfd16842775e3a0a46267b34fae60bb7e018c72218c9713bfb
experiments/replicator_length_study/results/guarded-copier-v2/credential-6-seed-95/summary.json,913,74f5f68c0324ca9768c62f35db0836eff31a6ef741c99bf7a01bab6d8361ef5b
experiments/replicator_length_study/results/guarded-copier-v2/credential-6-seed-96/manifest.json,936,c762d1f6a4c255500ff6dc36a9e27f90c414f34962dd366395555748a7ddd45b
experiments/replicator_length_study/results/guarded-copier-v2/credential-6-seed-96/metrics.csv,12825,5bb526e1eb7224cb592ad8e8dd456f41efc2bb16aef71c55d2cf3a1979f5f85b
experiments/replicator_length_study/results/guarded-copier-v2/credential-6-seed-96/protocol.json,600,f3224a184b252b5054c85b4b6f72c8ad1c4a37d7765e89c2ede7613d21204c46
experiments/replicator_length_study/results/guarded-copier-v2/credential-6-seed-96/summary.json,913,38af04f5485a013d4266d3a588de306d47df7219dd7e6e7610dd115a81b607ee
experiments/replicator_length_study/results/guarded-copier-v2/credential-6-seed-97/manifest.json,936,de67939e784002538787e1b531bfe848d40fe1791308705bde209d9e567d17a0
experiments/replicator_length_study/results/guarded-copier-v2/credential-6-seed-97/metrics.csv,12825,e8ee7834f050f3b7dfbeb1492ed3478ca37c578030b5abb1eb7c4e39f00fa7f4
experiments/replicator_length_study/results/guarded-copier-v2/credential-6-seed-97/protocol.json,600,82b15d4ecfd177ce8a929ebb7ff5043bb0ba2b0ea7d4fbbf903fe117591ebe65
experiments/replicator_length_study/results/guarded-copier-v2/credential-6-seed-97/summary.json,913,e0f6d7a518bfdd9db7cd0976abcd1e5ef3598b760214c33173102811fd966634
experiments/replicator_length_study/results/guarded-copier-v2/credential-6-seed-98/manifest.json,936,6e6197817e5b40d40c093635fbff680cb85bae1a1fb1779a55b80b253e0894ff
experiments/replicator_length_study/results/guarded-copier-v2/credential-6-seed-98/metrics.csv,12825,1ee01c38ec2bf12c81376b222e3ec9e0b61970246604d708e6722cf16c438b80
experiments/replicator_length_study/results/guarded-copier-v2/credential-6-seed-98/protocol.json,600,9b2886665ebdaf3f8dbfd8e98ce8ff3374634a1eeb67d37578c5b36219e037bd
experiments/replicator_length_study/results/guarded-copier-v2/credential-6-seed-98/summary.json,913,a32feb88acefa080572fb41bb866aee3704a9fe35e2dd0689903153ce2e7f46c
experiments/replicator_length_study/results/guarded-copier-v2/credential-6-seed-99/manifest.json,936,e943f8459b8d6b0ac17e926e92f1840f1675c4cada91aa9415785a4e344347cd
experiments/replicator_length_study/results/guarded-copier-v2/credential-6-seed-99/metrics.csv,12825,d0bfed805bc94b855c327a8348d84cc00e0594fcc67a6813d699243b44f969d9
experiments/replicator_length_study/results/guarded-copier-v2/credential-6-seed-99/protocol.json,600,15611076b9c64a134314de9f15f4edc2aabda34ae6185bfdb01a025fc46dc011
experiments/replicator_length_study/results/guarded-copier-v2/credential-6-seed-99/summary.json,913,68671c5cadd43f4ec9073f62d6a44f7b75aff70ecbb2d40678694d75dceb6eb4
experiments/replicator_length_study/results/guarded-copier-v2/credential-7-seed-0/manifest.json,946,bced1e5c01cfc6cfe3d9d0d962f81203c36ecf84c6657911df92a6a8b834e0d8
experiments/replicator_length_study/results/guarded-copier-v2/credential-7-seed-0/metrics.csv,12825,8bcfceda0a18b1495a633522f481592bc22d79fd5829d9f7a873fe08ecb731c7
experiments/replicator_length_study/results/guarded-copier-v2/credential-7-seed-0/protocol.json,608,47403f4573518835c1ddbd86a4101c6a34a683c4dd286aa8e8f2047163a4ee05
experiments/replicator_length_study/results/guarded-copier-v2/credential-7-seed-0/summary.json,923,ae158baf1d86acdc75b914a1f3413f952c8c3b94f2426df67d28090113242950
experiments/replicator_length_study/results/guarded-copier-v2/credential-7-seed-1/manifest.json,946,b99f521b9066345de07c4d8d71d66ab8b13b4bca870f5ca3d759c3f13234cdd1
experiments/replicator_length_study/results/guarded-copier-v2/credential-7-seed-1/metrics.csv,12825,ba2ef7d591f233e1e4a36056c256acea5d0149af8901ce6b5ab60719c89246ca
experiments/replicator_length_study/results/guarded-copier-v2/credential-7-seed-1/protocol.json,608,42d8891f1c172b26de66ecd69cd6c5462a3c6498bcdb1032a5587b2c1cd7f837
experiments/replicator_length_study/results/guarded-copier-v2/credential-7-seed-1/summary.json,923,1d20db29314c9d9db1b74dfe1f3518781ee67149fa579783681dee56c047ed34
experiments/replicator_length_study/results/guarded-copier-v2/credential-7-seed-10/manifest.json,947,3be818c66b2232550b5ac7bf36f9fc0768e17ca0055d7d01e50e29beeff3881f
experiments/replicator_length_study/results/guarded-copier-v2/credential-7-seed-10/metrics.csv,12825,8792495a9565df428fa85550c8773a3a63dc9c23e25ecaff30e66504b66b64f0
experiments/replicator_length_study/results/guarded-copier-v2/credential-7-seed-10/protocol.json,609,602cd3bf79ebe078d95a84e23a15659a9b51524a02f41a1838979845b1b781be
experiments/replicator_length_study/results/guarded-copier-v2/credential-7-seed-10/summary.json,924,088c0703801857104500f2e37550ad871fb9b1a740164a2e564531f651becf19
experiments/replicator_length_study/results/guarded-copier-v2/credential-7-seed-11/manifest.json,947,a6d27c19b1cda11c33a23a611aea98a1359e987c77c6981d46d92b31bbac6601
experiments/replicator_length_study/results/guarded-copier-v2/credential-7-seed-11/metrics.csv,12825,53e79160d7f1aa53f62a791c7823a6cbeca7c02ba41ba232e40fb6ccff333e05
experiments/replicator_length_study/results/guarded-copier-v2/credential-7-seed-11/protocol.json,609,d390fc55ea27dea2ca8b116b008f8f7ae84d2736ef05e70b7b445032c5a088b0
experiments/replicator_length_study/results/guarded-copier-v2/credential-7-seed-11/summary.json,924,65d122408e05171e6af9e727c67764bd59e9c990ee505b8429de1f78deb25c92
experiments/replicator_length_study/results/guarded-copier-v2/credential-7-seed-12/manifest.json,947,b904ee7356eeec787d4c8c2abe74e833326a04bc1ccd45f823259478852a03e4
experiments/replicator_length_study/results/guarded-copier-v2/credential-7-seed-12/metrics.csv,12825,16943b1dc41c06426f2e6840bf553991188e216c7ad5ffa65c3f0b3f8041fe1b
experiments/replicator_length_study/results/guarded-copier-v2/credential-7-seed-12/protocol.json,609,2107a04cbcc31f770cf1ac8e0c201c131a497a7c6db47ea8f7d091bfd8dda4fe
experiments/replicator_length_study/results/guarded-copier-v2/credential-7-seed-12/summary.json,924,51030dcd1ea084b629a239ef53a7795d5579ef5c66200b8998a5008a320c7a5b
experiments/replicator_length_study/results/guarded-copier-v2/credential-7-seed-13/manifest.json,947,ffb1c66fdbc5e725a8155ddb15b8c7cb904bce5775b6c78213b4ac026f89ea1c
experiments/replicator_length_study/results/guarded-copier-v2/credential-7-seed-13/metrics.csv,12825,235427c7522ad9ea118ed0acfc6bfe03a0ba4b26d3689ca7952100e10451e7b1
experiments/replicator_length_study/results/guarded-copier-v2/credential-7-seed-13/protocol.json,609,b8fbb3934af83a19b6cd2825d3ec49b3b967f22f6c68655e62130af05f30996c
experiments/replicator_length_study/results/guarded-copier-v2/credential-7-seed-13/summary.json,924,225dea2433a39508b2677debeb56d26b2b192a12ffcc19c54838e51b7195c8d4
experiments/replicator_length_study/results/guarded-copier-v2/credential-7-seed-14/manifest.json,947,a28a2b0053ca29e3d4f59688367b3211e1b07e985cf557e11c1c7ef7ad3408a1
experiments/replicator_length_study/results/guarded-copier-v2/credential-7-seed-14/metrics.csv,12825,39610b5e8bdd9a05bafe6499209b6d1cd4cbae4f04420ee8eb129f277ddda90b
experiments/replicator_length_study/results/guarded-copier-v2/credential-7-seed-14/protocol.json,609,323a6087b7469af7be028aa85e06d29e82f26c0e16f28495f23c800740a7bb46
experiments/replicator_length_study/results/guarded-copier-v2/credential-7-seed-14/summary.json,924,48f59edfba9b827129d3f17368e4b0c393b9b26f0d2131e2f16fcf314960ab60
experiments/replicator_length_study/results/guarded-copier-v2/credential-7-seed-15/manifest.json,947,4875aae28402769ea084456dce03719f0ba7bb40246ad6091904a79a2a880b4c
experiments/replicator_length_study/results/guarded-copier-v2/credential-7-seed-15/metrics.csv,12825,f3606c42cd23d621c1f751d37be5d93ab20ca4aa0eb7d1b17b25c2806c3501e7
experiments/replicator_length_study/results/guarded-copier-v2/credential-7-seed-15/protocol.json,609,6277e5a08d8fe0cbc75c5bf12dd0e8c8afee1a015f72dd9cf0a0f29b148308d7
experiments/replicator_length_study/results/guarded-copier-v2/credential-7-seed-15/summary.json,924,87c7fc56eaad279612fcc124808d6525990aabf6d09d6de2fef4655519ce48ad
experiments/replicator_length_study/results/guarded-copier-v2/credential-7-seed-16/manifest.json,947,ed12a6c427e4da53d0d8c7a30f253e046f9d3bb10d2c1a481f0d9d154a88d75f
experiments/replicator_length_study/results/guarded-copier-v2/credential-7-seed-16/metrics.csv,12825,6083916591acf2e393e7d9f5d50bbc7c12733adcd06f8e3ee5023f99cb324e74
experiments/replicator_length_study/results/guarded-copier-v2/credential-7-seed-16/protocol.json,609,eeeeea5c98bfe9704c0f1eedb79b63c31391b021413cd1e01a7103bb0306510d
experiments/replicator_length_study/results/guarded-copier-v2/credential-7-seed-16/summary.json,924,c35d2847316ca10ee77749fb9179eddeca29bf12da1cf8761279e8ab93f33b58
experiments/replicator_length_study/results/guarded-copier-v2/credential-7-seed-17/manifest.json,947,795ccc707ec100075f39fefbc6d92b5db56006503b1909ea7abec57f757d37e9
experiments/replicator_length_study/results/guarded-copier-v2/credential-7-seed-17/metrics.csv,12825,bfe921c4348205208e379ce5b351eea36c5c898d4c441fb7274eaa5afdf58c18
experiments/replicator_length_study/results/guarded-copier-v2/credential-7-seed-17/protocol.json,609,9da9b6bd48aa298743b23aef3332e07e57c47072c04c19e29bc81f2dd5a1da9a
experiments/replicator_length_study/results/guarded-copier-v2/credential-7-seed-17/summary.json,924,42a350bb2292be3904b515760656e24675f5e0f9c5cb3513d4c5d108f1a87baa
experiments/replicator_length_study/results/guarded-copier-v2/credential-7-seed-18/manifest.json,947,8907460afe0fe6bf3c4522e2877982bdafd334e5f61923a49bbe3bca3aad6917
experiments/replicator_length_study/results/guarded-copier-v2/credential-7-seed-18/metrics.csv,12825,3f5e87a3dc5b598bfb9f67e13d5364d25485bc95a381c2cc72be9add67471be1
experiments/replicator_length_study/results/guarded-copier-v2/credential-7-seed-18/protocol.json,609,6448648130faf3ce1921caec7d1a8cbf8ba6ed0806f373728f2c6190f501ebe2
experiments/replicator_length_study/results/guarded-copier-v2/credential-7-seed-18/summary.json,924,0a9132ebc55f15c37ff4c2a636c28cc7007397953f7026e3f224b47864ce9b1a
experiments/replicator_length_study/results/guarded-copier-v2/credential-7-seed-19/manifest.json,947,520762e1bfc7dc173c48132147d72d2343fcffdd6ddc5f6633d0e992161ec5be
experiments/replicator_length_study/results/guarded-copier-v2/credential-7-seed-19/metrics.csv,12825,65d15470741964d9ff2ff9d266c62e85d3f599284046417ed5b2d27e1b6f293d
experiments/replicator_length_study/results/guarded-copier-v2/credential-7-seed-19/protocol.json,609,3aec1c3ac7d7ac2e3074f0c2c6640cd57b709cba754835246e87ada6d39751fb
experiments/replicator_length_study/results/guarded-copier-v2/credential-7-seed-19/summary.json,924,b57b7c3e1cb3f5dbc8ed6420f41dd73177d7f1dbd6b52acfaea6f79c4cfc288b
experiments/replicator_length_study/results/guarded-copier-v2/credential-7-seed-2/manifest.json,946,bb76de77d433591e8233246f472bc9d283297e7a305042b5209ffef5fe418ed2
experiments/replicator_length_study/results/guarded-copier-v2/credential-7-seed-2/metrics.csv,12825,2dcd93f6c80eaf90ec4ecc5767e4839663f7d4512decbfa0c38ef1a43a6f6cae
experiments/replicator_length_study/results/guarded-copier-v2/credential-7-seed-2/protocol.json,608,c54582bdd50c36a3717dbbeda86f843cd67f3326445bc2ee443c2af8a52145d3
experiments/replicator_length_study/results/guarded-copier-v2/credential-7-seed-2/summary.json,923,7283653de6dbb6a8925157c99c38110e64a8a4f0ca7d60c4a8bf66a419296a5c
experiments/replicator_length_study/results/guarded-copier-v2/credential-7-seed-3/manifest.json,950,ddad69f0cda93623c8748c69721dc8a12d0df3464f76b545c5f406658ac9206a
experiments/replicator_length_study/results/guarded-copier-v2/credential-7-seed-3/metrics.csv,15207,5680e98b18f7fd4fa34c6a93f00068455279964542eafb25564cfe324ec31e67
experiments/replicator_length_study/results/guarded-copier-v2/credential-7-seed-3/protocol.json,608,a4b23098b0208544797be8923a38ff63b6b96494adee7732329472940a48591a
experiments/replicator_length_study/results/guarded-copier-v2/credential-7-seed-3/summary.json,927,d919cb8d9d35f4c7605ccd6d46386260859275ce9662d9e6b42e58ddf3728e13
experiments/replicator_length_study/results/guarded-copier-v2/credential-7-seed-4/manifest.json,946,1010e6cbdfc6d439f9c0b91013c962442cac5782922be712b04b64aca84bf384
experiments/replicator_length_study/results/guarded-copier-v2/credential-7-seed-4/metrics.csv,12825,e997124347b7a9b73f5219b3c730cb5b7a36a6214d0cd2e1f397222f0aeaca04
experiments/replicator_length_study/results/guarded-copier-v2/credential-7-seed-4/protocol.json,608,f7ce88c0ed8d326c5f6fdeaa25b2c7f05d5fd880ae51a9741d831c5dd2f6be3d
experiments/replicator_length_study/results/guarded-copier-v2/credential-7-seed-4/summary.json,923,a3ed829ca1ac12cbc8aa9d8c5ce2aebbf7f3b7703ebc13380613b2bb1464a8d7
experiments/replicator_length_study/results/guarded-copier-v2/credential-7-seed-5/manifest.json,946,42ea040dca35f4e4b2b21c9d15abaac93f76364709f8b8f1a72a8e92504c6bec
experiments/replicator_length_study/results/guarded-copier-v2/credential-7-seed-5/metrics.csv,12825,7f366694478b3ce99f44322dd949b8fd8cd06f0a4c48ec107238b3f98b5b4880
experiments/replicator_length_study/results/guarded-copier-v2/credential-7-seed-5/protocol.json,608,18177d2b1a6fdbea7f51e7892f733ee554604076d75ee60633e83ef8a400be8f
experiments/replicator_length_study/results/guarded-copier-v2/credential-7-seed-5/summary.json,923,a3c445c5d95301c569c3fa0661290b5953f26e8c44443d94e6adb94baead1682
experiments/replicator_length_study/results/guarded-copier-v2/credential-7-seed-6/manifest.json,946,20a291d14365a47faac70245512d9a26fedc7527108cfa8b0184e232e720fd90
experiments/replicator_length_study/results/guarded-copier-v2/credential-7-seed-6/metrics.csv,12825,170379d6c3004f5adcfbbdc11ebb93a95c5470d0ed7c63a0b85d520ea2a7c4c0
experiments/replicator_length_study/results/guarded-copier-v2/credential-7-seed-6/protocol.json,608,1778e6cb7962214531d2829887588157ce908d889a025f010f0234a0cad040d2
experiments/replicator_length_study/results/guarded-copier-v2/credential-7-seed-6/summary.json,923,e8ca59c46ce517e66b45050e33c6510198f5e4bc05fd15c4a2e5970084a01b84
experiments/replicator_length_study/results/guarded-copier-v2/credential-7-seed-7/manifest.json,946,8c916b78213381ed3023677bc431992d01e34f82df8e2ba42d4f1bb94b7f806f
experiments/replicator_length_study/results/guarded-copier-v2/credential-7-seed-7/metrics.csv,12825,74c3918681dcdde12979f5f1a95dc3c59dffb66e923b0a62ebf9487da6c8b423
experiments/replicator_length_study/results/guarded-copier-v2/credential-7-seed-7/protocol.json,608,c5bbce7bfe79cfbfc9b726c075c2b200d7aed445608dc573d7211e8c0fc94c2f
experiments/replicator_length_study/results/guarded-copier-v2/credential-7-seed-7/summary.json,923,a1095fb332403dc8fdd2cd3bc5bf050ba49e77a8328fc0afb6a3b9c41d1e0424
experiments/replicator_length_study/results/guarded-copier-v2/credential-7-seed-8/manifest.json,946,4ac77b8be33c3be8b5156781ba8b319e0c91d8e3c0029f474f78ae2efabb6cbf
experiments/replicator_length_study/results/guarded-copier-v2/credential-7-seed-8/metrics.csv,12825,e3adf73c9c334a60acb177588df61f51f56cbeacbdfbf716c85944442247f97e
experiments/replicator_length_study/results/guarded-copier-v2/credential-7-seed-8/protocol.json,608,e4916af6df7b93a903997d5613a12625d8bc4a8db4bc0946daeac1bc6b0a2da8
experiments/replicator_length_study/results/guarded-copier-v2/credential-7-seed-8/summary.json,923,294e581846293a46f418b9e2abf719a5fbb5fc9bc118bd9b9bf720c5b86fffe1
experiments/replicator_length_study/results/guarded-copier-v2/credential-7-seed-9/manifest.json,946,828142bcf4be5d874188fee7340a9800d70f213948b2e74ec07fc50640222b14
experiments/replicator_length_study/results/guarded-copier-v2/credential-7-seed-9/metrics.csv,12825,34f16586df311b45e847144ca54ac5557f7543130005e089e45478abdf23bacf
experiments/replicator_length_study/results/guarded-copier-v2/credential-7-seed-9/protocol.json,608,e472fa9560cee0a113834f535d3a0c639d83169b31b81cd01eae3b47797a5bee
experiments/replicator_length_study/results/guarded-copier-v2/credential-7-seed-9/summary.json,923,f4a62ab17f77d365ca2eb66029788354ce7f3c0923c8ebfe3af12d76ca4eba11
experiments/replicator_length_study/results/guarded-copier-v2/credential-8-seed-100/manifest.json,958,650753fc5bd8f51ad73a38b4c52e7afb51ffb06b24e742dd6ece67a2ba98a27f
experiments/replicator_length_study/results/guarded-copier-v2/credential-8-seed-100/metrics.csv,12825,cb7b3652e18a9af63a3fa32f4c5991629a2a76de02de2c7c0f3034e75d63f8ed
experiments/replicator_length_study/results/guarded-copier-v2/credential-8-seed-100/protocol.json,618,f3fd6265eb1cc4d973c3d134b6daec31f4ab3ece70e042927c45aff6eb8412dd
experiments/replicator_length_study/results/guarded-copier-v2/credential-8-seed-100/summary.json,935,c2204f1a02ce573de1de7b0f69a60d376b138304401bba5b44c69f5a856175fc
experiments/replicator_length_study/results/guarded-copier-v2/credential-8-seed-101/manifest.json,958,a327ccc7499f1b0bbed11e0624045503d61cfc9ce03330626b8b7171ed4d9f10
experiments/replicator_length_study/results/guarded-copier-v2/credential-8-seed-101/metrics.csv,12825,a8df1a8d7a151295571ebbefe08ec3afd058f1c38f6ab23b817b1ebaaa58a328
experiments/replicator_length_study/results/guarded-copier-v2/credential-8-seed-101/protocol.json,618,7f86614469e420a24329493069c0c09e14cbe4b4bb179caa837ae4c31ae340fc
experiments/replicator_length_study/results/guarded-copier-v2/credential-8-seed-101/summary.json,935,6eeb3177e96e268ab03d0459729cbd80b3ef2d09803bdc7be4a40d8da3f8fe3c
experiments/replicator_length_study/results/guarded-copier-v2/credential-8-seed-102/manifest.json,958,79f794e3421a39dafc9257cb6d2137f87107c828595c51d64b27d8dbee8339ae
experiments/replicator_length_study/results/guarded-copier-v2/credential-8-seed-102/metrics.csv,12825,01ab9bf9634b469fb864bc050bd425be10873ca8d8fd6280526bdf5fa0204f52
experiments/replicator_length_study/results/guarded-copier-v2/credential-8-seed-102/protocol.json,618,653348167bf91cf75d5d035e1b853954273ee668b4b474c3cbf233948b289012
experiments/replicator_length_study/results/guarded-copier-v2/credential-8-seed-102/summary.json,935,40123c96a3e069b3e8091dcd9132c7879a574b10918a529245007e4c6d540e5f
experiments/replicator_length_study/results/guarded-copier-v2/credential-8-seed-103/manifest.json,958,f96c5dced478c55b1f3a3a4e1edb969e445aaf5de87784cc1b054fa9ddc1c487
experiments/replicator_length_study/results/guarded-copier-v2/credential-8-seed-103/metrics.csv,12825,1e5e142d6659aa18f911810b502f1df9ae265e578fb9e722ce7b4f6969c1e712
experiments/replicator_length_study/results/guarded-copier-v2/credential-8-seed-103/protocol.json,618,425cb0059b3cee54c54e4fb64f380295e506f216fdb5d8fdd5a1b35a380327f0
experiments/replicator_length_study/results/guarded-copier-v2/credential-8-seed-103/summary.json,935,f5e5ac597be93096089b979c469a2280f2ce2ab92a549f4c5df38bc1a494f60f
experiments/replicator_length_study/results/guarded-copier-v2/credential-8-seed-104/manifest.json,958,583f4ffca1cf148108fd9e28f85e8d98c626d8e2d9e1561df537120cd4c89ff8
experiments/replicator_length_study/results/guarded-copier-v2/credential-8-seed-104/metrics.csv,12825,d6d429ca22be3c20bef8187e3757dab124480d607b613cab8ed089cad24624c0
experiments/replicator_length_study/results/guarded-copier-v2/credential-8-seed-104/protocol.json,618,b3c56dbd19d506daabd88a3f64d3027087f9a33c95ec4a6726fcb0cec29ea8bf
experiments/replicator_length_study/results/guarded-copier-v2/credential-8-seed-104/summary.json,935,86eac2af2c1b995869386cdd125fd6f4bf5c74dcb27dfb53287ec154e9c8c7fc
experiments/replicator_length_study/results/guarded-copier-v2/credential-8-seed-105/manifest.json,958,2f86b08edb4e91718544187101fc4abf437d20c2e0b724a218756f9e35e40b46
experiments/replicator_length_study/results/guarded-copier-v2/credential-8-seed-105/metrics.csv,12825,e153677f29159f4b55901b13d6d68da5e1e0f1f6ed78355b9d998151f85d3d7d
experiments/replicator_length_study/results/guarded-copier-v2/credential-8-seed-105/protocol.json,618,e7043fbb6161c699a44f5c873507060610cd478047584df5c8fc81000032c42b
experiments/replicator_length_study/results/guarded-copier-v2/credential-8-seed-105/summary.json,935,f4e55aa2c094e2322915d938753b5c0a7a89e0fdab11269a7dbd962dd329249d
experiments/replicator_length_study/results/guarded-copier-v2/credential-8-seed-106/manifest.json,958,86e46ce4a3f693f2e362bad14331acce5e55616d0325d2e22b694ce0e94a8041
experiments/replicator_length_study/results/guarded-copier-v2/credential-8-seed-106/metrics.csv,12825,fe5fadfc0af51cc6b0af64d786d32b04edb6b66eace587df3f680df92adc1511
experiments/replicator_length_study/results/guarded-copier-v2/credential-8-seed-106/protocol.json,618,dff44ed6fb22315cc5063d3dffc9189ca3eb831b0e86d7f0422d7ce4b048db53
experiments/replicator_length_study/results/guarded-copier-v2/credential-8-seed-106/summary.json,935,dde9a3b68690cf79f5143f084cbd6b1dc1242dd655b59b8f08d7788482609fca
experiments/replicator_length_study/results/guarded-copier-v2/credential-8-seed-107/manifest.json,958,4e7c85553aa1413fbddb6702bf6b070d2cf4fdac8ec3743766b1d36eeb0d848f
experiments/replicator_length_study/results/guarded-copier-v2/credential-8-seed-107/metrics.csv,12825,12f33867cc8e19a7f8fad9cb1b7edfb0d3354f1a391b32e0dc52658024559cb6
experiments/replicator_length_study/results/guarded-copier-v2/credential-8-seed-107/protocol.json,618,3495c6250c2db4631fe0e3a456fdaea3e21ed28145096b89beccfd1cee0d642f
experiments/replicator_length_study/results/guarded-copier-v2/credential-8-seed-107/summary.json,935,9c76434b524bccc02eeaff56867826e74ed9d67ced3d1edc93f8e3fa8418355b
experiments/replicator_length_study/results/guarded-copier-v2/credential-8-seed-108/manifest.json,958,1e2c3c312c60c4e131d6580090eb568c3f2c84c6ac2547fd51246b370edd81e3
experiments/replicator_length_study/results/guarded-copier-v2/credential-8-seed-108/metrics.csv,12825,f07275599460339c9bc1f251b00a7e59e5d9028d81fe5ba55c61406aded22a30
experiments/replicator_length_study/results/guarded-copier-v2/credential-8-seed-108/protocol.json,618,2e304d765523bcd3d14e2cac202ce00ffa7bad58d0c9080c267a92b90202b972
experiments/replicator_length_study/results/guarded-copier-v2/credential-8-seed-108/summary.json,935,123787efc27ac17a2616304a6e1ab462be86bf39319b1388ac14fe12aa219c15
experiments/replicator_length_study/results/guarded-copier-v2/credential-8-seed-109/manifest.json,958,b2dd609106d9bac2475e13084e5e43b827c175e8f1e644f9b16386c95d0b8997
experiments/replicator_length_study/results/guarded-copier-v2/credential-8-seed-109/metrics.csv,12825,3109ae7e4107c6a4a138757597375edca4c6ec2ed7337cddbe871d2a99e76b2a
experiments/replicator_length_study/results/guarded-copier-v2/credential-8-seed-109/protocol.json,618,d61cbf96f93df91fa44f5e23d05bc2ea8ae4e1846e239553aa67eff421601983
experiments/replicator_length_study/results/guarded-copier-v2/credential-8-seed-109/summary.json,935,982a275754adaf25a1a2e623a4c0dd0716470d15a4e1e6fe909142b95c30d214
experiments/replicator_length_study/results/guarded-copier-v2/credential-8-seed-110/manifest.json,958,7815eeb5ce63c1f2783a82af18003c43d991b5b1a58d6a2a5113960195e1dc09
experiments/replicator_length_study/results/guarded-copier-v2/credential-8-seed-110/metrics.csv,12825,52db8be3f95d6d0c672ddea00d7badbe2ee9ab055704379fe96ccc2f98a9cd0e
experiments/replicator_length_study/results/guarded-copier-v2/credential-8-seed-110/protocol.json,618,01ab17f617d008591f2448b9b7a7c1ab870efd82bee717efcb83f1d36e19e077
experiments/replicator_length_study/results/guarded-copier-v2/credential-8-seed-110/summary.json,935,2476e731adc1797c50682c35f58219db41ccff6b1daf04b4e24d51ce8822cb06
experiments/replicator_length_study/results/guarded-copier-v2/credential-8-seed-111/manifest.json,958,2e33c9d4acbfd0341e592e223cfb1c0795d6d7e60d4348955cd27003b1263410
experiments/replicator_length_study/results/guarded-copier-v2/credential-8-seed-111/metrics.csv,12825,2bc098d2340ec040bef8604d11285439a82185a3dffd0f4b3e4002212ab8c489
experiments/replicator_length_study/results/guarded-copier-v2/credential-8-seed-111/protocol.json,618,32006f0ee07f7d30af3d59f43b59d0d71534ed3cbded7f8d4e4bfb4f3b6d1f95
experiments/replicator_length_study/results/guarded-copier-v2/credential-8-seed-111/summary.json,935,5218cb3053626c5c7b6cccbba28e523e1a9bd1c2560515c3b87fd0e375c99b4e
experiments/replicator_length_study/results/guarded-copier-v2/credential-8-seed-112/manifest.json,958,8a7b626d1360e4a23d9ae45a2ca1d39667806672635587db4306820b789dd510
experiments/replicator_length_study/results/guarded-copier-v2/credential-8-seed-112/metrics.csv,12825,a23f3afec3aac0109cb14136fe7e44915755595a87b82b91a700a8070ea5d608
experiments/replicator_length_study/results/guarded-copier-v2/credential-8-seed-112/protocol.json,618,09ae4b16cd898b02880dfe7b8b3851cc22951e726260f8ec286859aa57c0ae17
experiments/replicator_length_study/results/guarded-copier-v2/credential-8-seed-112/summary.json,935,6f48052b495c0e27df7b4d8c5ef8924d6a206441e8a0d3d775343eb6d2e147ee
experiments/replicator_length_study/results/guarded-copier-v2/credential-8-seed-113/manifest.json,958,d72a1f680b440c0137c084fea38a8c91589da8f8adc59e82b9e8366900b4e953
experiments/replicator_length_study/results/guarded-copier-v2/credential-8-seed-113/metrics.csv,12825,a6587eb910d4e1ba3fd19b7712cb3bf0834e94b98fe6967e4efac66dc26b74b1
experiments/replicator_length_study/results/guarded-copier-v2/credential-8-seed-113/protocol.json,618,8c6dd876c72f58077bf9fd7b9379f240796eb9f8def96f5df485dbdd04308553
experiments/replicator_length_study/results/guarded-copier-v2/credential-8-seed-113/summary.json,935,e1cc4e9b108eb5678805190e10f2a46ef8f422ca334c211b9e7b0205ce52634e
experiments/replicator_length_study/results/guarded-copier-v2/credential-8-seed-114/manifest.json,958,2e86ff7dd9b32430426abe15a40b6ea40c58a0b7a0b25eb035bbe008a8882a2a
experiments/replicator_length_study/results/guarded-copier-v2/credential-8-seed-114/metrics.csv,12825,6154c3cc3b3225fa3178cf7379a0afb4946a0df44169a1b37052ea15eb813e74
experiments/replicator_length_study/results/guarded-copier-v2/credential-8-seed-114/protocol.json,618,abee118f801bd96a245b4ee8380d56962a11b26b20336e18aeb0a3bf39202bd7
experiments/replicator_length_study/results/guarded-copier-v2/credential-8-seed-114/summary.json,935,168314ca85f84ffeee40ae5c0979c44850544d6f6c605d54d0efd56d2bc0f687
experiments/replicator_length_study/results/guarded-copier-v2/credential-8-seed-115/manifest.json,958,ff858c8dcf830f802050be04fba023b5f3304e315a1c06a7499ef841900b8dfe
experiments/replicator_length_study/results/guarded-copier-v2/credential-8-seed-115/metrics.csv,12825,1a7edcf0f7a9018d6b1e0bc66a520bab06fbe46fa572b1bbcfd34b81e01086ab
experiments/replicator_length_study/results/guarded-copier-v2/credential-8-seed-115/protocol.json,618,61be4e140283cacaad7c3642bf8a0c76e3b88ed6570984fd088892b5dc282f37
experiments/replicator_length_study/results/guarded-copier-v2/credential-8-seed-115/summary.json,935,64b5045566f63e719c4f6a6f41c89a8ab15d886b16f928426e7408ac55be5196
experiments/replicator_length_study/results/guarded-copier-v2/credential-8-seed-116/manifest.json,958,0bb0de8628766e4de391303fcd6ea4f02e06f594cd6cc884181b94e9240fdcec
experiments/replicator_length_study/results/guarded-copier-v2/credential-8-seed-116/metrics.csv,12825,3985141cb4974df9ca424c793e7982aeae47d04df4e869896f293f68995c7a57
experiments/replicator_length_study/results/guarded-copier-v2/credential-8-seed-116/protocol.json,618,05c96cae21902a93cf26cd16447c5c846db1ff77919063b534247e194149154d
experiments/replicator_length_study/results/guarded-copier-v2/credential-8-seed-116/summary.json,935,e2d454de61db6ac8d922e115c5731acba95738c506f0753c4483cb3bc28a6768
experiments/replicator_length_study/results/guarded-copier-v2/credential-8-seed-117/manifest.json,958,bbe36ce3c9e01032cb565db98aaf4c536435b92f1f4cc6cbd2e621ca19ad5a72
experiments/replicator_length_study/results/guarded-copier-v2/credential-8-seed-117/metrics.csv,12825,ed1dc92d99737c6bf0b9d34f96f2b51f2d7ca492c7c860954f7239467826aa75
experiments/replicator_length_study/results/guarded-copier-v2/credential-8-seed-117/protocol.json,618,e5ab1c092a975c7b0c3f6ccfbfbd3b94d8472299af17febb5c4ef1d09208f75d
experiments/replicator_length_study/results/guarded-copier-v2/credential-8-seed-117/summary.json,935,cab51d0982af052578ce12b73506eeaf36eb64e09d2837da5335397e09aba0e6
experiments/replicator_length_study/results/guarded-copier-v2/credential-8-seed-118/manifest.json,958,9b68f16630f60e7582a653c94c71660a16e9fa09a62a307c4c53b74cb366fe79
experiments/replicator_length_study/results/guarded-copier-v2/credential-8-seed-118/metrics.csv,12825,6d7db05297d44f0f0ef635ec303683164ee9404c7bf1b09ee4de6d38a5c111aa
experiments/replicator_length_study/results/guarded-copier-v2/credential-8-seed-118/protocol.json,618,e079e3ec9db90fcdbe4560bf16580b1a77d4104f87ee6cb1c1b6fff910d978ed
experiments/replicator_length_study/results/guarded-copier-v2/credential-8-seed-118/summary.json,935,8fa14d4f45fa52c00f36b230a71e2365d6681c8bf65498d62bc0e997fc7d7b78
experiments/replicator_length_study/results/guarded-copier-v2/credential-8-seed-119/manifest.json,958,7a5e052c3a0c047dd4d2a09a9236acc75527f71b0f82a2625780f7f5668ca481
experiments/replicator_length_study/results/guarded-copier-v2/credential-8-seed-119/metrics.csv,12825,d655818c3cf68157cf51de66a4e70cb70c9e26dc6c5ae6211a100199628a67ec
experiments/replicator_length_study/results/guarded-copier-v2/credential-8-seed-119/protocol.json,618,3f4a793259c996e626424a13a514cd3eed9bd700196e95b95bf4bc81250a724d
experiments/replicator_length_study/results/guarded-copier-v2/credential-8-seed-119/summary.json,935,7f17ba5453c53e6251940fc32e1068a910ad7c3b5320471ab5ca48c069d7dca3
experiments/replicator_length_study/results/guarded-copier-v2/credential-8-seed-20/manifest.json,957,63ef5b4b682f1432c4c1b373a30f186ac1547fdf17dc8698b6cd886bab3e4946
experiments/replicator_length_study/results/guarded-copier-v2/credential-8-seed-20/metrics.csv,12825,ebec9d72b20d92eb156c7e62f1e021787d0a83b8c2dfc5d5944657ad3d374c49
experiments/replicator_length_study/results/guarded-copier-v2/credential-8-seed-20/protocol.json,617,a74773a73104646604348ada71507ebdd7e0d48aeae87717ed83d72e677c87ee
experiments/replicator_length_study/results/guarded-copier-v2/credential-8-seed-20/summary.json,934,9a3ba2f7e234ffe98515be877be32eb2655c4530b0cbb9b7736a5f2f0cc41a50
experiments/replicator_length_study/results/guarded-copier-v2/credential-8-seed-21/manifest.json,957,0bc7dab7e14875536b0b7f1a732873098bf0f7822fc2052aaad699670101f916
experiments/replicator_length_study/results/guarded-copier-v2/credential-8-seed-21/metrics.csv,12825,e9d8ab0fa64982ee630d6efd59e3c53d151762f596276e13046411b04295ea7e
experiments/replicator_length_study/results/guarded-copier-v2/credential-8-seed-21/protocol.json,617,ae4ebe83c00da428870cb3c9e2d70ca009858ebf580a2fa3d5025700ce793cbf
experiments/replicator_length_study/results/guarded-copier-v2/credential-8-seed-21/summary.json,934,4283b476fdbcda7ce636f373d3b765f5238c9798f3c58de92d7aecfa42e953ce
experiments/replicator_length_study/results/guarded-copier-v2/credential-8-seed-22/manifest.json,957,97e3d0db6b2f3c3b2f61766d2f254cba9ae29961479b013bc122a70354290cd0
experiments/replicator_length_study/results/guarded-copier-v2/credential-8-seed-22/metrics.csv,12825,1389dbe44e0788ed95290305a528da98028214101d31757cafa56b18d95a4577
experiments/replicator_length_study/results/guarded-copier-v2/credential-8-seed-22/protocol.json,617,784a0d2fd82f3739fbd13a6d2d42f75c6e7ff23dd986e768447e4abd2f57eaad
experiments/replicator_length_study/results/guarded-copier-v2/credential-8-seed-22/summary.json,934,7e75e3a69beca9f68f7396262eebea6248f1a471374ca13c8a0bc57b22665031
experiments/replicator_length_study/results/guarded-copier-v2/credential-8-seed-23/manifest.json,957,16a387b698bd7be3e1b3eb050d614e8219306d16657bbe69e063a2d1e600373b
experiments/replicator_length_study/results/guarded-copier-v2/credential-8-seed-23/metrics.csv,12825,556f0a06b0567f3e0021d2cc8df8f01e398329d66f035604dc74318a31b05818
experiments/replicator_length_study/results/guarded-copier-v2/credential-8-seed-23/protocol.json,617,7105ebe3f44ec12a9382d768f66988fdbbc1665dac91b12b94efbb3f50e5c361
experiments/replicator_length_study/results/guarded-copier-v2/credential-8-seed-23/summary.json,934,1fd22554a9e358617a3c3d4004fbd689a629fb61abca954180a8ff1df9e86496
experiments/replicator_length_study/results/guarded-copier-v2/credential-8-seed-24/manifest.json,957,94e3d0473d9588b7b9627eccd9a9f208f17485b18042fa7485dc6e9c587d8661
experiments/replicator_length_study/results/guarded-copier-v2/credential-8-seed-24/metrics.csv,12825,677480debf81a8d9e5fd63ab419d623f9ba066efba4ddddfcd06e2ab8df3cb56
experiments/replicator_length_study/results/guarded-copier-v2/credential-8-seed-24/protocol.json,617,4c0d1e205984b538e8eebf695e3369b4743047b994adf7d383a3bad5bdcba785
experiments/replicator_length_study/results/guarded-copier-v2/credential-8-seed-24/summary.json,934,4347c8ef997d2659e0f4241981d1251329899c6584ed21ff9a0fbd4ab400eee8
experiments/replicator_length_study/results/guarded-copier-v2/credential-8-seed-25/manifest.json,957,06081a28856d6a489080f2a8c86b6280eddc3d468589b94c5b71ca4cb139ee5b
experiments/replicator_length_study/results/guarded-copier-v2/credential-8-seed-25/metrics.csv,12825,ac79091ea2e4a8f98fbfbf40a485ce3ce8b310bbade5cc78473937f157ca8aec
experiments/replicator_length_study/results/guarded-copier-v2/credential-8-seed-25/protocol.json,617,2cab08e775bc1f31b7c8c2f44408e26bf201729c0ed262e187dc4f7ec86937b8
experiments/replicator_length_study/results/guarded-copier-v2/credential-8-seed-25/summary.json,934,dc992500944312992944942cf69b35acfaee990112c193befe5c3c86ea4f51c2
experiments/replicator_length_study/results/guarded-copier-v2/credential-8-seed-26/manifest.json,957,8f04f3aead41c06349de92c05abffd098a8618106b3e840e0e62dc9c26879e7e
experiments/replicator_length_study/results/guarded-copier-v2/credential-8-seed-26/metrics.csv,12825,8e776e719b29add217a7bc88ca3a007d40736c8594cfb0b92b380821ab42d332
experiments/replicator_length_study/results/guarded-copier-v2/credential-8-seed-26/protocol.json,617,1b97789d76e73acbf984c42538296dc9a17c27029a86b15d5040583c60820c72
experiments/replicator_length_study/results/guarded-copier-v2/credential-8-seed-26/summary.json,934,f3fac08eda47e301ab0f8264282a630d17b4f60da210928903ab218b1551a3da
experiments/replicator_length_study/results/guarded-copier-v2/credential-8-seed-27/manifest.json,957,65e56c07c42ec1e386d7b4922887d049a48a96697597ae3ff375bb8aed630147
experiments/replicator_length_study/results/guarded-copier-v2/credential-8-seed-27/metrics.csv,12825,1cf137a28741ccb8a4875d647dddad7c002d2fa9c1bbaf8d49c8e00c680cea37
experiments/replicator_length_study/results/guarded-copier-v2/credential-8-seed-27/protocol.json,617,83c93cd5fb46c570c4c1e17be9d53c57eda4b0e266cc0108ecd57162058f3084
experiments/replicator_length_study/results/guarded-copier-v2/credential-8-seed-27/summary.json,934,49ed38c8f5155ecad27ae87e02bdabb8fcb6ee71910448a3750bfc4204ed52e3
experiments/replicator_length_study/results/guarded-copier-v2/credential-8-seed-28/manifest.json,957,ccff32dbaf7433dbc3657814d23c673e1b9ed1c15bd3979c57edc467307fa9ae
experiments/replicator_length_study/results/guarded-copier-v2/credential-8-seed-28/metrics.csv,12825,f744caf80736464686ec4fc0b6cec5178c83a53349f3f6a01142b6f68fa2a2c2
experiments/replicator_length_study/results/guarded-copier-v2/credential-8-seed-28/protocol.json,617,5dcb8f4065af20ab0d026ac331acaf4391cd142a7c335dd5f46d5541a13483f3
experiments/replicator_length_study/results/guarded-copier-v2/credential-8-seed-28/summary.json,934,176ec45afbb9a715c9e3caee5393b22419cd15171ecfb496d72bd3e2e342d731
experiments/replicator_length_study/results/guarded-copier-v2/credential-8-seed-29/manifest.json,957,45bb67dd76a5c2a5f84c013df7ffab55aeee755f36dc1d40c7462bb8158e07f8
experiments/replicator_length_study/results/guarded-copier-v2/credential-8-seed-29/metrics.csv,12825,7fab3018e272b585519b6dc01e62f2b900a9a3e818f4f6e35dfddc9759eee6ff
experiments/replicator_length_study/results/guarded-copier-v2/credential-8-seed-29/protocol.json,617,77455d7b27fcc784c0ee1094e8737ddbdc847797b8371c2b52b4cbbcb734c5fa
experiments/replicator_length_study/results/guarded-copier-v2/credential-8-seed-29/summary.json,934,812eb181f116830fd889eb78b0e66d64412b3ce3c8cf9d2304d3bf6cdf637891
experiments/replicator_length_study/results/guarded-copier-v2/credential-8-seed-30/manifest.json,957,0dc55c94a01002d94d8c2670718ff01eb7e73a8cb3ea8bcd5c8a60abd3cff5ef
experiments/replicator_length_study/results/guarded-copier-v2/credential-8-seed-30/metrics.csv,12825,0e0397aebda4ae3bf82700a2cd9835ca1e516c2f29b67c9dc78618e6ee66e7a0
experiments/replicator_length_study/results/guarded-copier-v2/credential-8-seed-30/protocol.json,617,8580d16ff5fa291f5bbde8a3e8a0d89d09307ac5fd18f1d8921fccaec63af19c
experiments/replicator_length_study/results/guarded-copier-v2/credential-8-seed-30/summary.json,934,8f8a541d12b092a6f1270b856d560a26bf02f1e7de708401c5f291d0e4f7e1dc
experiments/replicator_length_study/results/guarded-copier-v2/credential-8-seed-31/manifest.json,957,65f957b3b6e61d3b45d2cad20adb52832aa63cde9555e53a332bc1946aed05ef
experiments/replicator_length_study/results/guarded-copier-v2/credential-8-seed-31/metrics.csv,12825,5451ded7a3089c2d80914662694cb058494a0ea3ea94c0c3f4580c9d8ff1a43a
experiments/replicator_length_study/results/guarded-copier-v2/credential-8-seed-31/protocol.json,617,3fb1bb32eac5e644294fb0120e03556834f28062031d8c8af61baa9bc5b9e826
experiments/replicator_length_study/results/guarded-copier-v2/credential-8-seed-31/summary.json,934,d1614fecc0b44eeaf4a611c458928b1b3596523f26d83bdbbc3345f44f3fb2a8
experiments/replicator_length_study/results/guarded-copier-v2/credential-8-seed-32/manifest.json,957,cf559bac445f95869794eab7890782e38c6bcfad28645761e907bb81786a1d9a
experiments/replicator_length_study/results/guarded-copier-v2/credential-8-seed-32/metrics.csv,12825,293c52fc143996b955ebdbcc7df5b4fa69aa0f5f9ff281d8872034bd7eb2d875
experiments/replicator_length_study/results/guarded-copier-v2/credential-8-seed-32/protocol.json,617,be99b4f8037bafcf4a60775c2720cc826bd31d3777f1d8a1510104d361573928
experiments/replicator_length_study/results/guarded-copier-v2/credential-8-seed-32/summary.json,934,d625a9bfcd13adecef8be7cb9c53cb7fe833d7b69e014110815f08f43eed0a75
experiments/replicator_length_study/results/guarded-copier-v2/credential-8-seed-33/manifest.json,957,f5c1de28d2db6b43aaa203c05632b90a76d8e17de142efdb596a8398edd5305f
experiments/replicator_length_study/results/guarded-copier-v2/credential-8-seed-33/metrics.csv,12825,04262ce342d86ab65169ff062e996f2c27423c5f1581f21988d1792f1c58bb67
experiments/replicator_length_study/results/guarded-copier-v2/credential-8-seed-33/protocol.json,617,54a559af7d4c7caf7fa5e6364ef4194b9888cf71d312ac2de4f1c48aa8f6b439
experiments/replicator_length_study/results/guarded-copier-v2/credential-8-seed-33/summary.json,934,23d1edf37e20ac0979f211cf102c3144ddf54c4b3871e05946952ad155976e4d
experiments/replicator_length_study/results/guarded-copier-v2/credential-8-seed-34/manifest.json,957,2577de872d384d56fa0ee3763a1c73955e139ae2402e3c82af03e1c1be4ab28d
experiments/replicator_length_study/results/guarded-copier-v2/credential-8-seed-34/metrics.csv,12825,0f582810c422473b0f950a5cbaa4935384ce4528756879d610be240fda9be029
experiments/replicator_length_study/results/guarded-copier-v2/credential-8-seed-34/protocol.json,617,58b1b61c3abf7a1467de18ced47f0c9317451e928b3f3ce6393c2e285236ce7c
experiments/replicator_length_study/results/guarded-copier-v2/credential-8-seed-34/summary.json,934,38a3d74518b7a6bbf2d289546b610d7b5918b6dcc71309b8e3ca700fe241ca26
experiments/replicator_length_study/results/guarded-copier-v2/credential-8-seed-35/manifest.json,957,2edc6b7f47f099f5ea9db140214adc19cd3d75a5853e3c363eb3c79c9eccf164
experiments/replicator_length_study/results/guarded-copier-v2/credential-8-seed-35/metrics.csv,12825,b717c09ef1898e26e49037ced93936f2cc1f26d478f4caf020f81ae309b83b09
experiments/replicator_length_study/results/guarded-copier-v2/credential-8-seed-35/protocol.json,617,d1b6280105a354609317224c134f96040f1699917a3c2fa150f8a2ee411237a9
experiments/replicator_length_study/results/guarded-copier-v2/credential-8-seed-35/summary.json,934,2d4071ab8d69d69bee4e931d34c7f94d967f9e26c784574de6bbd3d81fb8c9b6
experiments/replicator_length_study/results/guarded-copier-v2/credential-8-seed-36/manifest.json,957,782aefb4faf9ac97fda88da36ed441e2c82a170d6ed352fdbd021eddfc1e2f72
experiments/replicator_length_study/results/guarded-copier-v2/credential-8-seed-36/metrics.csv,12825,30c5551a7ab4d365206a5654595e3fe614bf0de3dff1603cd4dc3bccaa1bdab8
experiments/replicator_length_study/results/guarded-copier-v2/credential-8-seed-36/protocol.json,617,7634837f8f02ff146345183a39e4720dbae28ee413aecf324af69ee80a47d2f4
experiments/replicator_length_study/results/guarded-copier-v2/credential-8-seed-36/summary.json,934,9402b6fdd0a6c31278ab492a2dcfd2c97d18e9fa67de080b6263d9d6de6ba25f
experiments/replicator_length_study/results/guarded-copier-v2/credential-8-seed-37/manifest.json,957,4cb62c2416144301ccb5e94cc66494c385518a45da01f40b9bb86518556d63cb
experiments/replicator_length_study/results/guarded-copier-v2/credential-8-seed-37/metrics.csv,12825,e9dff9623a414cc57ecf39165d72c509d13800dca7f78e4142fe5c074d2c77ba
experiments/replicator_length_study/results/guarded-copier-v2/credential-8-seed-37/protocol.json,617,1136e1592d3b96d54090d9dbfb1360865e2d66ef3879358895e1e2a126f5d124
experiments/replicator_length_study/results/guarded-copier-v2/credential-8-seed-37/summary.json,934,8dc0e582809408ea376c5ce60da312a4e43d71eb75955a468669b16d77cbcb04
experiments/replicator_length_study/results/guarded-copier-v2/credential-8-seed-38/manifest.json,957,762aefb14b80c71880311d18a18a54b871fdb117022ee1fdca160420b45744c9
experiments/replicator_length_study/results/guarded-copier-v2/credential-8-seed-38/metrics.csv,12825,99a06ae6b56676b016b86b2935224639dd941370d2dfa48a31ea05afc694a876
experiments/replicator_length_study/results/guarded-copier-v2/credential-8-seed-38/protocol.json,617,18a35b1bb11464270b7e4836f1f0028ddc2e4c316b31e3372f9edd574a7fe12f
experiments/replicator_length_study/results/guarded-copier-v2/credential-8-seed-38/summary.json,934,5e105b394d70a591af47df4cf17bae49c7b28d740359b30614162e1c027bed79
experiments/replicator_length_study/results/guarded-copier-v2/credential-8-seed-39/manifest.json,957,d500b7985a60bb3d59f95a3ce14c0ff2bd0fffb6f66d82c191e09fbe6d10fba8
experiments/replicator_length_study/results/guarded-copier-v2/credential-8-seed-39/metrics.csv,12825,c73c55e8b0927ed01dd1bbba2f37882ba2988e7fc3460d21eed6de022a167147
experiments/replicator_length_study/results/guarded-copier-v2/credential-8-seed-39/protocol.json,617,db6594d0218b55721add0df68ddbcac1db67eb2f0fbaa17c99218879fea7081b
experiments/replicator_length_study/results/guarded-copier-v2/credential-8-seed-39/summary.json,934,beb320558460fc63f3847b0d1cb62edb789f71ed64350ef150b269a6eb67cae4
experiments/replicator_length_study/results/guarded-copier-v2/credential-8-seed-40/manifest.json,957,7b9394f96166ccf5d8ac42207fb76e3186c2df64cd502a9e2678d4a8a566d3bf
experiments/replicator_length_study/results/guarded-copier-v2/credential-8-seed-40/metrics.csv,12825,8a97f39ea11bdb73086635aea6131b853f2a5408c599004b873beca55e5cf8b2
experiments/replicator_length_study/results/guarded-copier-v2/credential-8-seed-40/protocol.json,617,9461ebf378406b63bb894ed406f918384f25c78303d97ce07f7c5450bad1ddd7
experiments/replicator_length_study/results/guarded-copier-v2/credential-8-seed-40/summary.json,934,c6d546eb68518581d6266a3b5b755d1ae275d85b51307711b548532db1c5f31f
experiments/replicator_length_study/results/guarded-copier-v2/credential-8-seed-41/manifest.json,957,e88d2c1f317377921f633ed7d0b2a4ad220f54514da19ed64beb0813f20b5178
experiments/replicator_length_study/results/guarded-copier-v2/credential-8-seed-41/metrics.csv,12825,d4417b8e55df7b3a49526ca9b16ee96ee3733fd2a566b9df31dfd9fab2624f13
experiments/replicator_length_study/results/guarded-copier-v2/credential-8-seed-41/protocol.json,617,6ca45a116987256d7b6b00cd6510c1fcf58ec5078e4167ed553ba0e6231353e1
experiments/replicator_length_study/results/guarded-copier-v2/credential-8-seed-41/summary.json,934,413c616ed02a7d90d9b42850d416c46fe6e5d669f791ecb59a4403fdf91a2263
experiments/replicator_length_study/results/guarded-copier-v2/credential-8-seed-42/manifest.json,957,1ff327e34e4c6d3638625296f40bf19bda0448c9af449b34f8c0db2d34e9361d
experiments/replicator_length_study/results/guarded-copier-v2/credential-8-seed-42/metrics.csv,12825,e8c369293822271af410c2b9f65a8528eb949a38ade63389980e8aeced5f38f2
experiments/replicator_length_study/results/guarded-copier-v2/credential-8-seed-42/protocol.json,617,6434399a8cf11800c817e2c03bd70e075fd25152a2a3d743f287cdc8bfb42601
experiments/replicator_length_study/results/guarded-copier-v2/credential-8-seed-42/summary.json,934,33669b63231516bada624ed7f46a3cae79d11e2a9deb53bf6efc72bfec32dd9e
experiments/replicator_length_study/results/guarded-copier-v2/credential-8-seed-43/manifest.json,957,c0ef6bb54785c7cc7142a680319c0778151b3910e93fe593cf1d55c0ba54ff24
experiments/replicator_length_study/results/guarded-copier-v2/credential-8-seed-43/metrics.csv,12825,ec367f172765bdb149bc8e84fbb31548df6eaa084c12eeb75f45c8b74325a33a
experiments/replicator_length_study/results/guarded-copier-v2/credential-8-seed-43/protocol.json,617,26b1fea81a424c03f2ce419d073c0c5d8e72ca01c28509d42d139c8a564204ee
experiments/replicator_length_study/results/guarded-copier-v2/credential-8-seed-43/summary.json,934,e6c790f258bd8419aaf3c69aee4fb60403bc0717c81f24e574eaa873f222daec
experiments/replicator_length_study/results/guarded-copier-v2/credential-8-seed-44/manifest.json,957,e2e67bf3814a326cdcf102aaef6b6c58f258ce1027bfcb1dfae9b287e6c791bb
experiments/replicator_length_study/results/guarded-copier-v2/credential-8-seed-44/metrics.csv,12825,88ef0b84e24aa28d0ce65b530169395183c308a005df7623c2489259c73f3071
experiments/replicator_length_study/results/guarded-copier-v2/credential-8-seed-44/protocol.json,617,4822738db8ed000e19fe96125c026a2cb0275144f9a22d0a4fd302fbe856efac
experiments/replicator_length_study/results/guarded-copier-v2/credential-8-seed-44/summary.json,934,f082c3c39287965696e435b40f368550c59da17ad777ac7bc094ff07f9bc8314
experiments/replicator_length_study/results/guarded-copier-v2/credential-8-seed-45/manifest.json,957,514e95e20c950803702ca68c921f4458c50dce965022dce998e7eecf2a52f1cf
experiments/replicator_length_study/results/guarded-copier-v2/credential-8-seed-45/metrics.csv,12825,efc78ca3a39082f724ba03400825c774bbd9da25da463cd10257dddc35794811
experiments/replicator_length_study/results/guarded-copier-v2/credential-8-seed-45/protocol.json,617,f425f394150da68b28a5141263495869873c9cbe9aef7729cf3bef3d2a60d6b0
experiments/replicator_length_study/results/guarded-copier-v2/credential-8-seed-45/summary.json,934,ee6b3540fa8c8c4c8974088afc1c08f8d4c7d57eb2da22d96919d07e34a89749
experiments/replicator_length_study/results/guarded-copier-v2/credential-8-seed-46/manifest.json,957,576f08537236795205933af637eb2f0184bb668aa6a47c2115307aeab84fb68e
experiments/replicator_length_study/results/guarded-copier-v2/credential-8-seed-46/metrics.csv,12825,c00978c53161b6e3080b36794e46251cc80f73b84b4c4af79810fbf0df488683
experiments/replicator_length_study/results/guarded-copier-v2/credential-8-seed-46/protocol.json,617,00df3ce5c7dfab818a90216d33e294482e51922d94d350397d8bfd9c4a189485
experiments/replicator_length_study/results/guarded-copier-v2/credential-8-seed-46/summary.json,934,34b0d7bd0528b95bfa6ef3bdde08974a52e747d577d4a7e3dbe50270d13a8d15
experiments/replicator_length_study/results/guarded-copier-v2/credential-8-seed-47/manifest.json,957,dbfadc3dce5d3c18b23021f4f4daa805772fb885d0aff1b084ce8013921c5d2d
experiments/replicator_length_study/results/guarded-copier-v2/credential-8-seed-47/metrics.csv,12825,2b618774f6894a34af175e7ed9b914f568aae416a20295ebf9bb3395cb808407
experiments/replicator_length_study/results/guarded-copier-v2/credential-8-seed-47/protocol.json,617,270e068f00939ea8ddf9cb8b2db9bfc8f5171b2553c1f39fc5b79e13033ff501
experiments/replicator_length_study/results/guarded-copier-v2/credential-8-seed-47/summary.json,934,abaeabbb79f9f78f96b8c1f2daa563f178325cd011a2e7453c03945b46256d50
experiments/replicator_length_study/results/guarded-copier-v2/credential-8-seed-48/manifest.json,957,f7f5de58aa9192e3214779220b50c19906242f0b1a7d4555f7ed3001999f94b8
experiments/replicator_length_study/results/guarded-copier-v2/credential-8-seed-48/metrics.csv,12825,629d063e897e699cb9a5a1fc9f190dc05b03f13bf2436fa756e1b2b207138717
experiments/replicator_length_study/results/guarded-copier-v2/credential-8-seed-48/protocol.json,617,f25456a15ee5e2744df121278260ad6e8103fc0a74e9722a3c1d9753483927ed
experiments/replicator_length_study/results/guarded-copier-v2/credential-8-seed-48/summary.json,934,590217eb747376ccb28d421d58fc9ac6d16c73b4bdb8c2bccbc4eb1b62a42d53
experiments/replicator_length_study/results/guarded-copier-v2/credential-8-seed-49/manifest.json,957,8a2c1b8f240904088a4a2cc6fbb28c0a0818d5bb0be15039d686295ecc9ff24b
experiments/replicator_length_study/results/guarded-copier-v2/credential-8-seed-49/metrics.csv,12825,2fca4c65e3fdf4453bd0d6f47c650dc9ec21bbbf8f612998122e6238b4855232
experiments/replicator_length_study/results/guarded-copier-v2/credential-8-seed-49/protocol.json,617,a224cef9bb5753db40122a7f0d5c2e1b22b79cbdaaf16dff8cb3771e9718d534
experiments/replicator_length_study/results/guarded-copier-v2/credential-8-seed-49/summary.json,934,b8cb8d79f79eadc13ccf71998740c2c3c215d73121281b3d7488e666ff741c2d
experiments/replicator_length_study/results/guarded-copier-v2/credential-8-seed-50/manifest.json,957,4f5dc31f55c048188ac422e9637717ba5594bb5c02e02d55ebf5f599cd08ffcd
experiments/replicator_length_study/results/guarded-copier-v2/credential-8-seed-50/metrics.csv,12825,57b64909ef90cd94d2c1a1877792509a715c4443e5da9bfc2b990ad2b6e682d8
experiments/replicator_length_study/results/guarded-copier-v2/credential-8-seed-50/protocol.json,617,47508d6c67890640b0ad91446ebbf7446707c1d23d047df99bb0b02e4aa8b8b6
experiments/replicator_length_study/results/guarded-copier-v2/credential-8-seed-50/summary.json,934,fc3b03cd7a802786fb6c279e053de9c9bfb547b05ee6fbd5ec9ca8eb16cb3eba
experiments/replicator_length_study/results/guarded-copier-v2/credential-8-seed-51/manifest.json,957,ebee88975bceab07680dbe60cc3c3b351559f94fbe0625e24798041f4993bf05
experiments/replicator_length_study/results/guarded-copier-v2/credential-8-seed-51/metrics.csv,12825,81ffc4a49c351145d4663c5c6835ef81aa31418a62d86822c40b3b0c46add6a6
experiments/replicator_length_study/results/guarded-copier-v2/credential-8-seed-51/protocol.json,617,1c775df009097d139df4d1443c7fd252929cbd26c7acd4cb82af0d0a299f4ae2
experiments/replicator_length_study/results/guarded-copier-v2/credential-8-seed-51/summary.json,934,535488c3ce54f34b1975fb77cdff0346cbee83208d3e675a0ca78bf7a6a3f3ce
experiments/replicator_length_study/results/guarded-copier-v2/credential-8-seed-52/manifest.json,957,9bd6076b28fc16e6915a657a5ae3a9b004061ee823ea1bd8f80eb55a5b3142e1
experiments/replicator_length_study/results/guarded-copier-v2/credential-8-seed-52/metrics.csv,12825,b46f528ec4ff7b6fd9094d31dd47c096aa535bf7f7bab8332b52d830a85d4a3c
experiments/replicator_length_study/results/guarded-copier-v2/credential-8-seed-52/protocol.json,617,f43d731092f3d24f1656be8670f7a95438b4c3a30c5d3906b11143f1860d3757
experiments/replicator_length_study/results/guarded-copier-v2/credential-8-seed-52/summary.json,934,e6ab2af34037430c306f2189e4fd0c85df6e72aecabe8e56504eba6a3f544c56
experiments/replicator_length_study/results/guarded-copier-v2/credential-8-seed-53/manifest.json,957,9a5e653089d5f2b7445d3df60c7f534a5d2d3f898a21aa583c98a48d185471d6
experiments/replicator_length_study/results/guarded-copier-v2/credential-8-seed-53/metrics.csv,12825,6b228981e69fae98039af6da11d15c7cfa9ab8e84cdcf86cbe4076ba0b8cff3e
experiments/replicator_length_study/results/guarded-copier-v2/credential-8-seed-53/protocol.json,617,c303964b4b344a968eed217d628a80a75074f83b462b71bc14c84d7579bc79e7
experiments/replicator_length_study/results/guarded-copier-v2/credential-8-seed-53/summary.json,934,2196fb1636b8faa4dd397bf36fddad50b7696e017f9483d09b9922b419277a27
experiments/replicator_length_study/results/guarded-copier-v2/credential-8-seed-54/manifest.json,957,d7b4759723803ec46e4daeafd1d8e4aa1a1717170f9f028d043d6a73717d13f2
experiments/replicator_length_study/results/guarded-copier-v2/credential-8-seed-54/metrics.csv,12825,cf8425084dcf2abcd3f2088069ff1c2118c4f61aa2b8f5f8e3344cdda4f93a9e
experiments/replicator_length_study/results/guarded-copier-v2/credential-8-seed-54/protocol.json,617,6c321949f97837740be5ab7e2427929c86c1acdba69bcd702f89864c191248f3
experiments/replicator_length_study/results/guarded-copier-v2/credential-8-seed-54/summary.json,934,3ea1a5d5de1b3b21ab472cf71c15165d06a8468ac87efacb9e82b2dfbb438d38
experiments/replicator_length_study/results/guarded-copier-v2/credential-8-seed-55/manifest.json,957,c797cc3c32711e3d6fed65f20b8bec89dc513cfd1ff9914e18b8e5190f554d9a
experiments/replicator_length_study/results/guarded-copier-v2/credential-8-seed-55/metrics.csv,12825,7fe44e22b5c9dfa6b3f0ae616a7d901b2c2a372ce16ed0af671a353f61036c19
experiments/replicator_length_study/results/guarded-copier-v2/credential-8-seed-55/protocol.json,617,5c3d8ea7fceacc50d77c1086fc10c01589d191c828f89dbacf99f0027df81ebe
experiments/replicator_length_study/results/guarded-copier-v2/credential-8-seed-55/summary.json,934,6226fc8df7151060fc387e0e4ff694c9235318b590dac2fa78185387aae2015a
experiments/replicator_length_study/results/guarded-copier-v2/credential-8-seed-56/manifest.json,957,d4aaaf59d0534b3b56a39c29cb2e130f26e5439427b259dbbcd7a90bd6ca7607
experiments/replicator_length_study/results/guarded-copier-v2/credential-8-seed-56/metrics.csv,12825,c1200896ad2f09c370c667f8056e4f76ce5b92d210396f98b9d958b745d1276c
experiments/replicator_length_study/results/guarded-copier-v2/credential-8-seed-56/protocol.json,617,3a4a4a6bbdc50878fb233062e828d7047e3d2ab3c7d2992538f04a15842658a6
experiments/replicator_length_study/results/guarded-copier-v2/credential-8-seed-56/summary.json,934,7f393935db38cc001aa7ec3ad2c357db69803c3327034987dba473e920f9fd96
experiments/replicator_length_study/results/guarded-copier-v2/credential-8-seed-57/manifest.json,957,70cc3ccafacd1262455adcb86a0144f8281e9266db20edb9f1696a6b050ed964
experiments/replicator_length_study/results/guarded-copier-v2/credential-8-seed-57/metrics.csv,12825,3b0e69056be6188bc30e5938cec770841c7f284e3365be85b76429240af2014e
experiments/replicator_length_study/results/guarded-copier-v2/credential-8-seed-57/protocol.json,617,7e009f47ecdc999c01eec576437a870f7f57a8da95c9ea96acd85640f4cda827
experiments/replicator_length_study/results/guarded-copier-v2/credential-8-seed-57/summary.json,934,f61b715f843b0838c6dfac13c8e9bde7f79320200682cd542b86598c2a78f43a
experiments/replicator_length_study/results/guarded-copier-v2/credential-8-seed-58/manifest.json,957,849168b1703868a54bcd4b7cb56b29eeb5da11e4f7b3675b66298bf1f855384e
experiments/replicator_length_study/results/guarded-copier-v2/credential-8-seed-58/metrics.csv,12825,03feaccff346f57aafcc259e94862af8ca457d7e375ea0df33f0a56c4954dbf1
experiments/replicator_length_study/results/guarded-copier-v2/credential-8-seed-58/protocol.json,617,4c24e61d5faab2064258235a1e0ad17eeaa8904480130f64c76297fc4b92c597
experiments/replicator_length_study/results/guarded-copier-v2/credential-8-seed-58/summary.json,934,2f67c34e01d29c4c8ebff9077d410ebb3e4e25a252317bb1c3f81fd8c836eed1
experiments/replicator_length_study/results/guarded-copier-v2/credential-8-seed-59/manifest.json,957,f8611fee71748ff8b37f51846abdd208c7b16dcace734666738efabf07847940
experiments/replicator_length_study/results/guarded-copier-v2/credential-8-seed-59/metrics.csv,12825,35fad6d9783ea7e5cdd0353a6a6b950bf8297b482770e14d46afbd78dfe9cf41
experiments/replicator_length_study/results/guarded-copier-v2/credential-8-seed-59/protocol.json,617,10ed3a48a34318e31b76427277618cd46a0910a364c05e4768b5d38da3468ef9
experiments/replicator_length_study/results/guarded-copier-v2/credential-8-seed-59/summary.json,934,653f70837e669c421f2280c666a14b2ef6c24bb4e1a0e2037254e2e7257f9f11
experiments/replicator_length_study/results/guarded-copier-v2/credential-8-seed-60/manifest.json,957,e07168aadebcfb0bac5e0fe304846226f536d7436ca5f93956cc293276e83f72
experiments/replicator_length_study/results/guarded-copier-v2/credential-8-seed-60/metrics.csv,12825,759249282cd2e03e9ffcecabbead487bd3afbe951966106b43a59d1be69d2037
experiments/replicator_length_study/results/guarded-copier-v2/credential-8-seed-60/protocol.json,617,5991b31adef1804b519bbc477333226ffd78c629ffc0e3ce78948ad4164199e9
experiments/replicator_length_study/results/guarded-copier-v2/credential-8-seed-60/summary.json,934,28cd6560c46e08bea4d31804c9a7a34a69fdd871ea2cc0c975a8daa730675d7b
experiments/replicator_length_study/results/guarded-copier-v2/credential-8-seed-61/manifest.json,957,1a389b4e317ddff1b54d3aa7b38178e254d3c158d9ddf0953ac026381be7eb6d
experiments/replicator_length_study/results/guarded-copier-v2/credential-8-seed-61/metrics.csv,12825,0f2c17d1c3eecaabbe31f475c213b30fa704c0d9bfb1d99231cdfc2483562cc2
experiments/replicator_length_study/results/guarded-copier-v2/credential-8-seed-61/protocol.json,617,6ef3b3a087941d8d8289944c71af038a5586613d8912dd6c85075253ebcd2f86
experiments/replicator_length_study/results/guarded-copier-v2/credential-8-seed-61/summary.json,934,e2cbea4682e6fbbb654c8c356eb37740c42af5df29b82adc9dd67487b9d02c2a
experiments/replicator_length_study/results/guarded-copier-v2/credential-8-seed-62/manifest.json,957,0852fdc7ada6d646cf0068ce3063f6276e6b50bb7a905113186ba156cb0ba47f
experiments/replicator_length_study/results/guarded-copier-v2/credential-8-seed-62/metrics.csv,12825,fc7fe879aaf1b69f22c1113b6129a23027320929bc37d53ef0ef5c0ac4cb6425
experiments/replicator_length_study/results/guarded-copier-v2/credential-8-seed-62/protocol.json,617,f982d60e0d7bfc062801fb29a5259a4a3cd006fadd76ba39da6773193a1b2b31
experiments/replicator_length_study/results/guarded-copier-v2/credential-8-seed-62/summary.json,934,571ed0115645585daa32ecec05ab859d06e407b9cf2f075ec0ba9e4b893ae85a
experiments/replicator_length_study/results/guarded-copier-v2/credential-8-seed-63/manifest.json,957,7d0923733c89f09bfa1d6dbd92a42be6175872d812a6566c888c0b30e9fcda81
experiments/replicator_length_study/results/guarded-copier-v2/credential-8-seed-63/metrics.csv,12825,04102c159e2198dab48ba94af87ac6b8222280ff3ce7b8d1c2482d41a2c61b3e
experiments/replicator_length_study/results/guarded-copier-v2/credential-8-seed-63/protocol.json,617,466ca3df430369f3fc97c3e5e77139196914f587807c159d8909c91cd173e26d
experiments/replicator_length_study/results/guarded-copier-v2/credential-8-seed-63/summary.json,934,031d10fb9e76e3357871f64432e3e7dca45521871aab9d39be2e81baa6852a19
experiments/replicator_length_study/results/guarded-copier-v2/credential-8-seed-64/manifest.json,957,21047bc1765e36506fbf62f33e05efab77e6006b9d06a83d9157ffb894c212af
experiments/replicator_length_study/results/guarded-copier-v2/credential-8-seed-64/metrics.csv,12825,08864a5eeaceba1c8275f12b849c567397dace8d06aff6603d124b5b09711abe
experiments/replicator_length_study/results/guarded-copier-v2/credential-8-seed-64/protocol.json,617,61645c3e2e1bd328e0358fb3fb82d095a3569f6d709dbc60b9900f69e1b151e4
experiments/replicator_length_study/results/guarded-copier-v2/credential-8-seed-64/summary.json,934,c5d0929a324c6b2b5d53b5169ea4de6ccd93ad6ff000a9a8973d58cc7146a5ab
experiments/replicator_length_study/results/guarded-copier-v2/credential-8-seed-65/manifest.json,957,3ce1e26a98d2602fb8a9475b3f657780ac4bcbecc0ec56dd958919f0061ee7cb
experiments/replicator_length_study/results/guarded-copier-v2/credential-8-seed-65/metrics.csv,12825,3366f017a68f1e9c462dedbf6a8ddb07e769122949462f47c126c86371f784c9
experiments/replicator_length_study/results/guarded-copier-v2/credential-8-seed-65/protocol.json,617,aaaa74c5135c3ab1aa335712425c4e41ad91c3b2631bfa923aa9203ed5fba03f
experiments/replicator_length_study/results/guarded-copier-v2/credential-8-seed-65/summary.json,934,a24cb52403e0bdfdae25d5576a20220ac83e7f3ecd7f455e8f67ffb277f85634
experiments/replicator_length_study/results/guarded-copier-v2/credential-8-seed-66/manifest.json,957,c71e0d4141a1a31524ca1ef83b5315c2ed7065e70883cb68af621cf016f4dbcd
experiments/replicator_length_study/results/guarded-copier-v2/credential-8-seed-66/metrics.csv,12825,759633d61b7c61e19e05515844c28df867845f9368fdc3232bb04945fa6bbed7
experiments/replicator_length_study/results/guarded-copier-v2/credential-8-seed-66/protocol.json,617,54ecacec637297d9feef3a660534f640c191762240521fb27afd68c3294ad126
experiments/replicator_length_study/results/guarded-copier-v2/credential-8-seed-66/summary.json,934,e9dbba727c09ed524180d67f6917e0b3928e71b62482e66cb10bcc20affbfd77
experiments/replicator_length_study/results/guarded-copier-v2/credential-8-seed-67/manifest.json,957,a673c1cbf8eab9e684933ae3b5f5501a45c9ff5b4d80c3a849badc8437938078
experiments/replicator_length_study/results/guarded-copier-v2/credential-8-seed-67/metrics.csv,12825,215633fb5f1e1a8af885a4182363b730271021348e2467b4dcfd2228763e79a5
experiments/replicator_length_study/results/guarded-copier-v2/credential-8-seed-67/protocol.json,617,6cc25a2ae62b80105d8d12a823ee4e4bbd8c24883d06d7eb753518ff0fb7ae8b
experiments/replicator_length_study/results/guarded-copier-v2/credential-8-seed-67/summary.json,934,3c6892d7c763d41e112b1ccfb123ee3373cd7130bb49919844f435b1193191d7
experiments/replicator_length_study/results/guarded-copier-v2/credential-8-seed-68/manifest.json,957,80be8ccfddcfed94ec767a2c54caeb464647d3b63bf733bc81932203acfeb29b
experiments/replicator_length_study/results/guarded-copier-v2/credential-8-seed-68/metrics.csv,12825,c6b12dbf970da7efdc4a721fc412d45212e797b14895266d0ae3952ed9330f75
experiments/replicator_length_study/results/guarded-copier-v2/credential-8-seed-68/protocol.json,617,ab84226a586ce97b775e864ee427d9d5e01ffd1a988375dd1c5c40d599eb139b
experiments/replicator_length_study/results/guarded-copier-v2/credential-8-seed-68/summary.json,934,83ce237d44a78909239a46aaf2193365d357f6f66f4190a98ba2b32ef733d72f
experiments/replicator_length_study/results/guarded-copier-v2/credential-8-seed-69/manifest.json,957,e8610b0b0b5afc2dda23fea236a5c44471c959e12513ab28d4e39ead3b12acad
experiments/replicator_length_study/results/guarded-copier-v2/credential-8-seed-69/metrics.csv,12825,2e245837439907fe532fa97685e681d7448e8c2dc608b8dcaac93f0e50b08600
experiments/replicator_length_study/results/guarded-copier-v2/credential-8-seed-69/protocol.json,617,64ec86389108faee913da7cbcf4eb5429f7fe144c24494165a859b09d1306e95
experiments/replicator_length_study/results/guarded-copier-v2/credential-8-seed-69/summary.json,934,72108c16a6d2e801238249d35dc4b0ac305ce4c43d00b52a6e4fda36e0b6d54c
experiments/replicator_length_study/results/guarded-copier-v2/credential-8-seed-70/manifest.json,957,e614c1746f87500be499557d03c697060d1fb04bbc0dfbbcf9b6630f076d34ed
experiments/replicator_length_study/results/guarded-copier-v2/credential-8-seed-70/metrics.csv,12825,a27c611e80f7e16e3cec7876bcb2cfc713ed637beb20332bc1bcddcfb656d037
experiments/replicator_length_study/results/guarded-copier-v2/credential-8-seed-70/protocol.json,617,8d95d8efb064e10a1a45f1183725613215d3a0479f4db4f0a3fe609562c96e9d
experiments/replicator_length_study/results/guarded-copier-v2/credential-8-seed-70/summary.json,934,d9897a58dda32c1722a9061abb84371fe5c91df25e942df1f18644647eab97f9
experiments/replicator_length_study/results/guarded-copier-v2/credential-8-seed-71/manifest.json,957,c43c6ec7e810db275690a740653eb4cec6d14bf51230a550a4d789781e54c4c8
experiments/replicator_length_study/results/guarded-copier-v2/credential-8-seed-71/metrics.csv,12825,77b5e978f6a0f48590ec84cb08018241325c96bc383c34e1947c72ae0f89dda0
experiments/replicator_length_study/results/guarded-copier-v2/credential-8-seed-71/protocol.json,617,fab26acb144ddac77ad25bd0f2ba1491491a4a76e6f95f39aff30f9abfbefb7d
experiments/replicator_length_study/results/guarded-copier-v2/credential-8-seed-71/summary.json,934,ae9c3300848e3de69cc69a108f6868fbf96220d0cd1dd2b5e3cc9f430376cf83
experiments/replicator_length_study/results/guarded-copier-v2/credential-8-seed-72/manifest.json,957,513f992ad616f12e4123ff3c3e44d70748ff91df98ac70f72644b9d41b7c88c4
experiments/replicator_length_study/results/guarded-copier-v2/credential-8-seed-72/metrics.csv,12825,2ca5efcdbd974d4cab8ffc5310f2356cc48f2ecd4627c504114d3aeb6c725ebe
experiments/replicator_length_study/results/guarded-copier-v2/credential-8-seed-72/protocol.json,617,bbcc3df5fe12a2ee6094537999ac1343d5b12fc40dba00433ebc79671d185a5f
experiments/replicator_length_study/results/guarded-copier-v2/credential-8-seed-72/summary.json,934,403210871734b9afd493cff269da6a6d10ce5cabe4a91bdd6b466a4980453d63
experiments/replicator_length_study/results/guarded-copier-v2/credential-8-seed-73/manifest.json,957,41f58e009283c910f9c2e251a2b41cc4866658e6e6a58453cb98bd15ce3845e8
experiments/replicator_length_study/results/guarded-copier-v2/credential-8-seed-73/metrics.csv,12825,fc7437863500601de98b038a081c0c8e3d8da3999ffa0cabd252da9437b8da04
experiments/replicator_length_study/results/guarded-copier-v2/credential-8-seed-73/protocol.json,617,421793b53a9d207b5d3d4d0855c66b56510bd19c97cc335eb557dacc45e6d320
experiments/replicator_length_study/results/guarded-copier-v2/credential-8-seed-73/summary.json,934,61e3699c5e01861ccce152032f8e7148d966dbf4314e45b3e2a7a158a1892948
experiments/replicator_length_study/results/guarded-copier-v2/credential-8-seed-74/manifest.json,957,0c1126c6eda614537cf7d244b365639b6f697d711d8b4fb9d4c74f2d912e4efc
experiments/replicator_length_study/results/guarded-copier-v2/credential-8-seed-74/metrics.csv,12825,b4b9f4065f79a18ababa7e2fae922ea19674fa4a037b8ac78edbfe278ad8c31a
experiments/replicator_length_study/results/guarded-copier-v2/credential-8-seed-74/protocol.json,617,10dd0a66b4aaa53182db8ed3298752a23d348a778cb8821f5f574fde8d03e49f
experiments/replicator_length_study/results/guarded-copier-v2/credential-8-seed-74/summary.json,934,f899c1b879ff6b028edcc7149c73155c492e068f5c539536db42dce981dd0e8c
experiments/replicator_length_study/results/guarded-copier-v2/credential-8-seed-75/manifest.json,957,959e577dec931659d51ac95016ee16668a24d6e7274d78aed9d8fe0b831f109c
experiments/replicator_length_study/results/guarded-copier-v2/credential-8-seed-75/metrics.csv,12825,637c2bbbb273c99eba86f89a886d45b5e8ad8a2e4f558eedeb70c2ffe11a02e5
experiments/replicator_length_study/results/guarded-copier-v2/credential-8-seed-75/protocol.json,617,1c7c2dfbfaf9756153d8f204fb9591ea644010a3a90b9f698457cb24283b6ff8
experiments/replicator_length_study/results/guarded-copier-v2/credential-8-seed-75/summary.json,934,04add24ecc26c8daf7c1a1eadaa98d7feca99ca3a4d893e877d0a45e117c328f
experiments/replicator_length_study/results/guarded-copier-v2/credential-8-seed-76/manifest.json,957,864e3899e53b8ba801e3e2e1656a456f7bc9834bb3d5eddd8a40cb82ffe5a13f
experiments/replicator_length_study/results/guarded-copier-v2/credential-8-seed-76/metrics.csv,12825,9e3194a8507a360c98a3ff0eff6334e9fbda4127a3f7e416b6fde224cb87908f
experiments/replicator_length_study/results/guarded-copier-v2/credential-8-seed-76/protocol.json,617,b1b188385178986ed8db0b5af382a492706c4c215a4b570e17483c4c0147dcfc
experiments/replicator_length_study/results/guarded-copier-v2/credential-8-seed-76/summary.json,934,da27efcae64a325cd4b65f1bc41798e9309049eec88442e55e2796471c00bab3
experiments/replicator_length_study/results/guarded-copier-v2/credential-8-seed-77/manifest.json,957,7417a1353098e854e285f39d5b2d83a8af72731fdf7feb77baaf79d44e4bc3c6
experiments/replicator_length_study/results/guarded-copier-v2/credential-8-seed-77/metrics.csv,12825,daf8fa5549ddffaa8c7de29ab63a034bb4dfa4150c5c44052f01dba21e1d62b6
experiments/replicator_length_study/results/guarded-copier-v2/credential-8-seed-77/protocol.json,617,e64a8bef059ef64f0502ed773489537300213f3530e47556665892147f378567
experiments/replicator_length_study/results/guarded-copier-v2/credential-8-seed-77/summary.json,934,e6790abfaa90ecd757dfb2ccac55ff4a9af105a7fb9478b84481a37d7d826316
experiments/replicator_length_study/results/guarded-copier-v2/credential-8-seed-78/manifest.json,957,6bcd9132ef6b0724147e51ff3524d9aaeec8fb2687366a90daf6bf2dc0a55aea
experiments/replicator_length_study/results/guarded-copier-v2/credential-8-seed-78/metrics.csv,12825,6ca63d965a89bb883e5c6bebb7e5c64dbc01094059233edaee6bfeb16b52ba9a
experiments/replicator_length_study/results/guarded-copier-v2/credential-8-seed-78/protocol.json,617,3a184a9456dce08c3b6f38cfeed70e67ef536f3340165ecab05f86f3865d08c0
experiments/replicator_length_study/results/guarded-copier-v2/credential-8-seed-78/summary.json,934,8993047c7451ba07a15b0fa2622a00279bc77e09728490a5bbae2b3e29179647
experiments/replicator_length_study/results/guarded-copier-v2/credential-8-seed-79/manifest.json,957,d022c0d3ec896b17d472b830fead1cfd1f3af4bc3aea0bf74ff8d9156a1627c5
experiments/replicator_length_study/results/guarded-copier-v2/credential-8-seed-79/metrics.csv,12825,e0ba67d5d5049e21b3375f4ebea3de2df01cf450c48430e2956bd1a810e23461
experiments/replicator_length_study/results/guarded-copier-v2/credential-8-seed-79/protocol.json,617,7f712f61d7be7e98252bb5853a97de1e8b3369d0d62d425bed2626a7650d5ec3
experiments/replicator_length_study/results/guarded-copier-v2/credential-8-seed-79/summary.json,934,f3c6473f5e4f062bc2421309cb8adf720f4247e1989f463cb629677d4a18f147
experiments/replicator_length_study/results/guarded-copier-v2/credential-8-seed-80/manifest.json,957,a0f55a812bc73913da559bf9549b9cac3b709a8cb89332a5508e7ab628510c30
experiments/replicator_length_study/results/guarded-copier-v2/credential-8-seed-80/metrics.csv,12825,586971ff6bc4388398c8d18b37b80a6e65b4a5b9d1ca1121af1800cb758d9a7a
experiments/replicator_length_study/results/guarded-copier-v2/credential-8-seed-80/protocol.json,617,ecafbf6ff1a298d8b3200197086a1277ad2e32447b3c96b153bbd947f0dda8b2
experiments/replicator_length_study/results/guarded-copier-v2/credential-8-seed-80/summary.json,934,18e694a57c2f24a90a1de8bcb681dffa1e61be7dff3b78bbb2cd4266c689098a
experiments/replicator_length_study/results/guarded-copier-v2/credential-8-seed-81/manifest.json,957,868782377764a7196f926bd5264e93a0336b1b9ffdeae5aee31bca06b5b65942
experiments/replicator_length_study/results/guarded-copier-v2/credential-8-seed-81/metrics.csv,12825,df63c87de3f5ad0a7b4ff8880b4995e6dbd25872caa5b75e251de375ba9692ec
experiments/replicator_length_study/results/guarded-copier-v2/credential-8-seed-81/protocol.json,617,45e6fca2059d741576844462f141be043d34d618cbc45182ffcb13fbc6bafaf1
experiments/replicator_length_study/results/guarded-copier-v2/credential-8-seed-81/summary.json,934,5d99215521dee220816c5702e47c7df8fa6b1124e3b0bf00a77dfa7c978e0378
experiments/replicator_length_study/results/guarded-copier-v2/credential-8-seed-82/manifest.json,957,1fc939babceab4adc4b807c65bdb87118e92b57eb6be89b27fa3f4bd63084230
experiments/replicator_length_study/results/guarded-copier-v2/credential-8-seed-82/metrics.csv,12825,d623258a700179007c18965424cd224af8842e06603e48add1e4fdcf6dd0a111
experiments/replicator_length_study/results/guarded-copier-v2/credential-8-seed-82/protocol.json,617,9171f8476164c25efabaeb69f12c015ce4cfe818b22c11a9466b3b3cd7c2034c
experiments/replicator_length_study/results/guarded-copier-v2/credential-8-seed-82/summary.json,934,a731d90662fa509e0f7a6cd410afbddea01858e4500c85e73969a2d78bce8104
experiments/replicator_length_study/results/guarded-copier-v2/credential-8-seed-83/manifest.json,957,86d3f336705ef5eb7364f2beb265f59f6a0037c8fbb0f0f2f34092477fb5efbf
experiments/replicator_length_study/results/guarded-copier-v2/credential-8-seed-83/metrics.csv,12825,f4d408cdbc1c5a4863a5e30f68b2f19d1d06e0646d2fe84ea24b336031706690
experiments/replicator_length_study/results/guarded-copier-v2/credential-8-seed-83/protocol.json,617,3922bd8dd3ba9f17f0294f8355528c62d80a29d70f30c60a6dd9604cfa19048e
experiments/replicator_length_study/results/guarded-copier-v2/credential-8-seed-83/summary.json,934,2263df39637ed95dc679c18aa93066dd0fc73e7ad4ea8f8ba86984f53b7818f8
experiments/replicator_length_study/results/guarded-copier-v2/credential-8-seed-84/manifest.json,957,7bc4ca8a9b7ec4379ab81709abb15f096245464fcfb77e61c0263a18cd49db5c
experiments/replicator_length_study/results/guarded-copier-v2/credential-8-seed-84/metrics.csv,12825,b982b4901f67b605d4b68cea92c698c8ac36d51c42420a56b29f2600a85be8d6
experiments/replicator_length_study/results/guarded-copier-v2/credential-8-seed-84/protocol.json,617,99ffd012a6a1c6895ca46e927caba309121c9963c188cf3687b8e8964779c22e
experiments/replicator_length_study/results/guarded-copier-v2/credential-8-seed-84/summary.json,934,ca9dc8159d6e8b5f711d77da64545b81ce51503d011020d5658ec348230ab0f6
experiments/replicator_length_study/results/guarded-copier-v2/credential-8-seed-85/manifest.json,957,5714772226e22934893a82412286f7181dfd2652946ed504b88ff8ebb505cb64
experiments/replicator_length_study/results/guarded-copier-v2/credential-8-seed-85/metrics.csv,12825,ac12329f2fa67989d7450b6ea577ecaf4382e06d01042ff9552744ca73334c0b
experiments/replicator_length_study/results/guarded-copier-v2/credential-8-seed-85/protocol.json,617,9ae86555ae0c0631c530e38191706468d102a93eef64513867c68ce2c4bc14bd
experiments/replicator_length_study/results/guarded-copier-v2/credential-8-seed-85/summary.json,934,f65a67b8b959a7b171ae63a4d7d52c62b98550192423bfcd3a0a814f5f6d8674
experiments/replicator_length_study/results/guarded-copier-v2/credential-8-seed-86/manifest.json,957,24a01d3ddaeaff87bda48a55d6b3a64de641d7551df9177a9f3fd4ca4ef57420
experiments/replicator_length_study/results/guarded-copier-v2/credential-8-seed-86/metrics.csv,12825,cafc4e4a1dc608ef964ba35b45cfd531527115dc29f6ba3b663afa407b528adf
experiments/replicator_length_study/results/guarded-copier-v2/credential-8-seed-86/protocol.json,617,4edd88b7283e46f6e86874eee049c316130b6519e3254ce96a3973644d0a66eb
experiments/replicator_length_study/results/guarded-copier-v2/credential-8-seed-86/summary.json,934,45f2b224535ca254c766e63b24024f23416a351148dec8272c4ef1cd65c5d2ed
experiments/replicator_length_study/results/guarded-copier-v2/credential-8-seed-87/manifest.json,957,5632d8fcef6dd60aa5e7429f339c496d018658978b395e7a7aea6d8fcf8f8367
experiments/replicator_length_study/results/guarded-copier-v2/credential-8-seed-87/metrics.csv,12825,222c892805ecba6c41330590c44eff4cc3dece75d6e07a0b13bf7bc0bab05993
experiments/replicator_length_study/results/guarded-copier-v2/credential-8-seed-87/protocol.json,617,97ef626a74cccb18dfe796dee37dbfcc0ed4b62553eb462fac6167d6a49293dc
experiments/replicator_length_study/results/guarded-copier-v2/credential-8-seed-87/summary.json,934,0d233912b0049b5ce5f1b925364fa4420ecf38bd273be7ac4baed3b6fd9b4e42
experiments/replicator_length_study/results/guarded-copier-v2/credential-8-seed-88/manifest.json,957,98feac74d21d482883f1f67f07f60e54413390e1548f2033d2e88d6483dbdbb4
experiments/replicator_length_study/results/guarded-copier-v2/credential-8-seed-88/metrics.csv,12825,62f803ddfa845aa7078d8e0c97be29c087d6d4a94c25dbd855e2dbf1f82346f8
experiments/replicator_length_study/results/guarded-copier-v2/credential-8-seed-88/protocol.json,617,6182c390b374e94ce6b964a9b0c41762287bd86c653eb358ec00dfdabbaec432
experiments/replicator_length_study/results/guarded-copier-v2/credential-8-seed-88/summary.json,934,29c7e4ac2a39f1a1f6f57d941d2b47df949f6f7c3a30968635fa4c961473eef2
experiments/replicator_length_study/results/guarded-copier-v2/credential-8-seed-89/manifest.json,957,7a4ece82b317b64f68c94fafc2e7aa807e9512710f84eb1ca512e904b39aab25
experiments/replicator_length_study/results/guarded-copier-v2/credential-8-seed-89/metrics.csv,12825,584f2832362e870cc41ae167bdcb7d5a47e5a3733481b8ce52c9ca88b6546558
experiments/replicator_length_study/results/guarded-copier-v2/credential-8-seed-89/protocol.json,617,9a1ab01092e9bf833ec7cc23c21fa3c05047d36729676084b09e0b65fc0be61b
experiments/replicator_length_study/results/guarded-copier-v2/credential-8-seed-89/summary.json,934,b3055e5ba325fb9168d07eaf0680ed8391b5a7c3962d8f786ec6634ee39234a6
experiments/replicator_length_study/results/guarded-copier-v2/credential-8-seed-90/manifest.json,957,04bbaa218a099ca0fd47b424b2fc53f65c95f33dab3d2ef33cbe6a8972f3ddd0
experiments/replicator_length_study/results/guarded-copier-v2/credential-8-seed-90/metrics.csv,12825,182337f227525e7c2788d98b2b96604c378d0abd25e9a306a5262f23951188a5
experiments/replicator_length_study/results/guarded-copier-v2/credential-8-seed-90/protocol.json,617,fb81750bddebc846388e5b86faa783652bfe51af9df3249d6b255184bf4bbd9f
experiments/replicator_length_study/results/guarded-copier-v2/credential-8-seed-90/summary.json,934,4f54e145e853d18eed8c8e6fd63c418f75de939b102979733b383a15ad43ae09
experiments/replicator_length_study/results/guarded-copier-v2/credential-8-seed-91/manifest.json,957,9b2868b2762a546c4d2c15b54f587a51de42c0707167b3b0bb485df24f0278d8
experiments/replicator_length_study/results/guarded-copier-v2/credential-8-seed-91/metrics.csv,12825,2fa688ed2939ff5dcadfb65efe522a117d595c69f246e08295c29f930032d72c
experiments/replicator_length_study/results/guarded-copier-v2/credential-8-seed-91/protocol.json,617,470493b4b58e7ab0229fcb87b9d6446686a75aeddb72e72542b0bb6d82799fb4
experiments/replicator_length_study/results/guarded-copier-v2/credential-8-seed-91/summary.json,934,eacaf3cedd7a64382066d4ed188e768e9be112d145970f6ad0f09ac97301ba7a
experiments/replicator_length_study/results/guarded-copier-v2/credential-8-seed-92/manifest.json,957,6f660c2dd8f2a2d262bcaf7dcf660fd948682943b6f1ac9d0e4d73181f85e012
experiments/replicator_length_study/results/guarded-copier-v2/credential-8-seed-92/metrics.csv,12825,7d410c97f37ae7a0007d6d8e9c538d8f0f5b39da46d8988dd343927ea445df00
experiments/replicator_length_study/results/guarded-copier-v2/credential-8-seed-92/protocol.json,617,a8d464c962c3c446e67ea9f47acd8d385d89f31157f765a3e9140f24b06a32d2
experiments/replicator_length_study/results/guarded-copier-v2/credential-8-seed-92/summary.json,934,2ed6181afb5ef7dd2d327e5f8be6e34efa3b299d91f63e07d804daf0c90b6944
experiments/replicator_length_study/results/guarded-copier-v2/credential-8-seed-93/manifest.json,957,376ef61aa39c08dfc65ce95e75e02c0d615046bc9f4af1cd9b4b6816e6d02a1a
experiments/replicator_length_study/results/guarded-copier-v2/credential-8-seed-93/metrics.csv,12825,2b5aedeff1be520f64470a261019a065b67ceb2e59c8a08898593a225f8b765c
experiments/replicator_length_study/results/guarded-copier-v2/credential-8-seed-93/protocol.json,617,1f28ca68175fc47f317285f6e83199c741b0f4bb7f6a767b9aa03f811b0cefed
experiments/replicator_length_study/results/guarded-copier-v2/credential-8-seed-93/summary.json,934,060feb324d1265b38a576332a51f74f792d0563d2bc7e07c09ce67fdcf192bbc
experiments/replicator_length_study/results/guarded-copier-v2/credential-8-seed-94/manifest.json,957,7c570cb4f742a26b6d9b67360e966056e38e46db6796131d7f849cf92facb592
experiments/replicator_length_study/results/guarded-copier-v2/credential-8-seed-94/metrics.csv,12825,307f5ef4ed26414a5ba3f1c980a84a3b7fbfef30cfdc83a09b98d8eac8223069
experiments/replicator_length_study/results/guarded-copier-v2/credential-8-seed-94/protocol.json,617,85a91055b1de2c1b71e41ec36745a291405a79a83c5f81807b0c30742619b498
experiments/replicator_length_study/results/guarded-copier-v2/credential-8-seed-94/summary.json,934,5828a0eb0896f1a94ca9eeb9c38f1080ca3493793edb7a2d28b30fd19552709a
experiments/replicator_length_study/results/guarded-copier-v2/credential-8-seed-95/manifest.json,957,c98279b2ce91bb13eb960073ef9744c080bfdcd4ff83bc67e7312409cb786a92
experiments/replicator_length_study/results/guarded-copier-v2/credential-8-seed-95/metrics.csv,12825,97125d2a83034cdf5b4b1b817a11b9b04b0f5f6b37a71e89329a7a9128eaf95d
experiments/replicator_length_study/results/guarded-copier-v2/credential-8-seed-95/protocol.json,617,49df531503a26ef81a4bfafef4e6585fe24fecff7430b3e37f6befe09130829c
experiments/replicator_length_study/results/guarded-copier-v2/credential-8-seed-95/summary.json,934,7212e63f29b0f752e0361d94cd7b4fcad5084332c684a91f349f77d1b83fdfb7
experiments/replicator_length_study/results/guarded-copier-v2/credential-8-seed-96/manifest.json,957,d363068ce5a0925e2a963afc45789a09542774d00dd582df6d3158088b29885e
experiments/replicator_length_study/results/guarded-copier-v2/credential-8-seed-96/metrics.csv,12825,5bb526e1eb7224cb592ad8e8dd456f41efc2bb16aef71c55d2cf3a1979f5f85b
experiments/replicator_length_study/results/guarded-copier-v2/credential-8-seed-96/protocol.json,617,1b1a15cd70fb85fa27591ce565b7f134fd806a1368df51eeb3e174977c5df1e0
experiments/replicator_length_study/results/guarded-copier-v2/credential-8-seed-96/summary.json,934,eb286d4261a774358cb8b8e682ec3eff3c5f456c55f2a4f85613b191418e27a9
experiments/replicator_length_study/results/guarded-copier-v2/credential-8-seed-97/manifest.json,957,fe6b2216ac2218de0c9c7fc91744391464c202e415b8e7db4729c6ae5ea3436a
experiments/replicator_length_study/results/guarded-copier-v2/credential-8-seed-97/metrics.csv,12825,e8ee7834f050f3b7dfbeb1492ed3478ca37c578030b5abb1eb7c4e39f00fa7f4
experiments/replicator_length_study/results/guarded-copier-v2/credential-8-seed-97/protocol.json,617,c60209cb3829ef3400963b8e28eef3fc433b295f41a1bd27bd1c9f9a2af20050
experiments/replicator_length_study/results/guarded-copier-v2/credential-8-seed-97/summary.json,934,895605f257749ff40af7c5ceef8d6963134bf83fd206af1687b1d6fcbc8acd86
experiments/replicator_length_study/results/guarded-copier-v2/credential-8-seed-98/manifest.json,957,559794781f33ad34e789d811dc114065e1254f2ff0649e7863f34ee19a8612e6
experiments/replicator_length_study/results/guarded-copier-v2/credential-8-seed-98/metrics.csv,12825,1ee01c38ec2bf12c81376b222e3ec9e0b61970246604d708e6722cf16c438b80
experiments/replicator_length_study/results/guarded-copier-v2/credential-8-seed-98/protocol.json,617,5a42d39dbfa85186494a8cb21269a02ba55aa4d05dea15bd517dc6695d712dc5
experiments/replicator_length_study/results/guarded-copier-v2/credential-8-seed-98/summary.json,934,a1854a02759b119deab3d12956752b0dc27fecb23d0256c024d12a42fd943cfc
experiments/replicator_length_study/results/guarded-copier-v2/credential-8-seed-99/manifest.json,957,37f702a8d9bc49d1508204c52b2e03f23ee94f97a97c8487ed88067b047fdef8
experiments/replicator_length_study/results/guarded-copier-v2/credential-8-seed-99/metrics.csv,12825,d0bfed805bc94b855c327a8348d84cc00e0594fcc67a6813d699243b44f969d9
experiments/replicator_length_study/results/guarded-copier-v2/credential-8-seed-99/protocol.json,617,21bec9cc40c618bbeb67d5e4089d6f035be0f003ef8d13d2c0ba273e1d3480da
experiments/replicator_length_study/results/guarded-copier-v2/credential-8-seed-99/summary.json,934,87e2daa173e0ef19264d18091cca0bf6c0212882652effcf03bbf02d102da2d8
experiments/replicator_length_study/results/guarded-copier-v2/manifest.json,110,7d0c30542537fd451abfcb7d17a8048831db1d95691fed0258a59c619a68ce27
experiments/replicator_length_study/results/pilot-0d-seed-0/discoveries.csv,88,1d62d65c9eaa430b99ccfaf7d606586cded64f1a2ed4591a79e14410a34d338e
experiments/replicator_length_study/results/pilot-0d-seed-0/initial_basin_density.csv,187,1e572d756a7d091940486ac220618e78c385f742fb5513c2bf1526ce93e09e34
experiments/replicator_length_study/results/pilot-0d-seed-0/metrics.csv,3061,f844732874244f1aa72ffcb4c8485ff48507659e8663d959f3d224c268d611aa
experiments/replicator_length_study/results/pilot-0d-seed-0/protocol.json,327,9d0a57a359c1e38e1fb4951e6b93973cc06e070b3105bbc687c478bc94084056
experiments/replicator_length_study/results/pilot-0d-seed-0/summary.json,892,3f9e2674ba7d0125b3a3f52bb428a6a80bc62306221b2dd1d6c03b27c196d57f
experiments/replicator_length_study/results/pilot-1d-seed-0/discoveries.csv,88,1d62d65c9eaa430b99ccfaf7d606586cded64f1a2ed4591a79e14410a34d338e
experiments/replicator_length_study/results/pilot-1d-seed-0/initial_basin_density.csv,187,1e572d756a7d091940486ac220618e78c385f742fb5513c2bf1526ce93e09e34
experiments/replicator_length_study/results/pilot-1d-seed-0/metrics.csv,3064,eff604d7a8b7a783094dc6d8a7b81b2d8eb3b85d8028cc7f5ad60aca40c05482
experiments/replicator_length_study/results/pilot-1d-seed-0/protocol.json,327,a0f1f806cae6acfeff76d99adae806142c0686f2e9952b7c773860e6a9b5223d
experiments/replicator_length_study/results/pilot-1d-seed-0/summary.json,892,e70b76f6caa321206253c2491a83b52cec84855fa30bf22ea8941a6e1f6240b6
experiments/replicator_length_study/results/pilot-2d-seed-0/discoveries.csv,88,1d62d65c9eaa430b99ccfaf7d606586cded64f1a2ed4591a79e14410a34d338e
experiments/replicator_length_study/results/pilot-2d-seed-0/initial_basin_density.csv,187,1e572d756a7d091940486ac220618e78c385f742fb5513c2bf1526ce93e09e34
experiments/replicator_length_study/results/pilot-2d-seed-0/metrics.csv,3063,9ae1460d090332c0634f2d59c96e2c54100453346d501b9ef6a2f0c7afffb5bf
experiments/replicator_length_study/results/pilot-2d-seed-0/protocol.json,326,c5c965553f115a53fffabf322646fdaed518f2d31d6152cfe91fefef638488e3
experiments/replicator_length_study/results/pilot-2d-seed-0/summary.json,891,32cfbbe87ebf0a3784dfba52fa5f4b144982174183d2f2e0fc28cd425614fa18
logs/batch.stderr,0,e3b0c44298fc1c149afbf4c8996fb92427ae41e4649b934ca495991b7852b855
logs/batch.stdout,333,233610b09e93658d3ea2fdf7befa1868f5d33506d50d20fbeb26ab97a2d64b2f
logs/guarded-copier-random.log,0,e3b0c44298fc1c149afbf4c8996fb92427ae41e4649b934ca495991b7852b855
logs/guarded-copier-v2.stderr.log,0,e3b0c44298fc1c149afbf4c8996fb92427ae41e4649b934ca495991b7852b855
logs/guarded-copier-v2.stdout.log,50293,6435a41bc86854c58cde01410935930f9243c38059c2a5bd2d24621288e55572
logs/phase1-campaign.log,3750,2db78117a8b57a7a8bc35f96a3009c01e920f2ae2fee531420f56808d88d11e7
logs/phase1-campaign.stderr,205,d5718d051f8c1f48fd0e4f521989bd1a4d9b9c9b52f7c16a630edb72da02685e
logs/phase1-campaign.stdout,0,e3b0c44298fc1c149afbf4c8996fb92427ae41e4649b934ca495991b7852b855
logs/phase1-metabolic-trace.log,957,e86a39131a93b75d6ffd08ecdb0aaa1ef45ca4d85fc2f6da297853fa8dad2469
logs/phase1-pool-init.log,1230,34f6bee07af7b28e5cf83c2f33ac44bc8203afa2f2875cc55d03b905fc68d6f0
logs/phase1-ski-validation.log,39,c4cfdff26212d847ae3ec5a69a5d4a23d4d4cbd6dfef5fe79a2ab1b50a2db988
notebooks/phase1_newexperiments_flow_null.ipynb,208091,5a8a6a104693ddc386d5687b4d86bd342fba922982639ca60af945d6a39b3093
notebooks/phase1_newexperiments_stats.ipynb,325195,226e3b62cb4906c1d2e8b26b1acdded1225393722a7e9d3e1fa21b252bf76307
runs/.gitkeep,0,e3b0c44298fc1c149afbf4c8996fb92427ae41e4649b934ca495991b7852b855
runs/20260806T191441.037755Z_3d31e2ceae21_7/analysis_hill_numbers.parquet,2443,775da841c5ec55e0d5f3cda17b967986f0e9f0f05e4d8a32a7e7f246aa92c0f4
runs/20260806T191441.037755Z_3d31e2ceae21_7/config.toml,1404,3d31e2ceae21174028e12eaaa9af412341df923f9903129fb02a755633d341b1
runs/20260806T191441.037755Z_3d31e2ceae21_7/events.parquet,844,893345edb2270b207b622d6a44a5b60761850a1d4f09a22fd69a357672fdc547
runs/20260806T191441.037755Z_3d31e2ceae21_7/interactions.parquet,13974,d2a826900fed7ec1ec955b2538d0917c8d2f08257a1cb49cccbb91d78c51bb53
runs/20260806T191441.037755Z_3d31e2ceae21_7/invariant_log.jsonl,0,e3b0c44298fc1c149afbf4c8996fb92427ae41e4649b934ca495991b7852b855
runs/20260806T191441.037755Z_3d31e2ceae21_7/lineage.parquet,2413,1465386663f43114a4eaefa5d2aa934b366812c27060a8bb537e893f22870f30
runs/20260806T191441.037755Z_3d31e2ceae21_7/manifest.json,451,f4dad34856e2e1b041e1d64d9fd7b56cbd4f944a30da358592cb03107d267897
runs/20260806T191441.037755Z_3d31e2ceae21_7/population.parquet,5107,c3321e32644815c02ebc8c0e1ae255c6863cedbe0ef522a98a913f37cae569c6
runs/20260806T191441.037755Z_3d31e2ceae21_7/stage0_report.md,768,ac4f84aa4d0528d280edcaedc0cf0d049e7e2a0246050233e5fa6a9ac152e3e3
runs/20260806T191441.037755Z_3d31e2ceae21_7/tapes.parquet,8981,c5312bc49abdbe8a3c6a6a440bc399b9272cf28ff6b4565753e0c6c6b20ee275
runs/20260806T191441.037755Z_3d31e2ceae21_7/ticks.parquet,7588,d4987ebe40cdce4d9211bb1bf37ccc72bf8ee78395d34d46f3d08f11d9d11bbf
runs/20260806T191932.392498Z_0b4f0f181905_1/config.toml,1425,0b4f0f181905146000ce3b0ef755a4abd581d0f744024233b5d52cefdaee8a03
runs/20260806T191932.392498Z_0b4f0f181905_1/events.parquet,844,893345edb2270b207b622d6a44a5b60761850a1d4f09a22fd69a357672fdc547
runs/20260806T191932.392498Z_0b4f0f181905_1/interactions.parquet,221926919,c68939c933bf592bc1967d591a7c78836618de4d9a201a5a60dcc91df17b7646
runs/20260806T191932.392498Z_0b4f0f181905_1/invariant_log.jsonl,0,e3b0c44298fc1c149afbf4c8996fb92427ae41e4649b934ca495991b7852b855
runs/20260806T191932.392498Z_0b4f0f181905_1/lineage.parquet,6967,d4d3b1f62df8a4d29f51f0d86bd0bee11bfaa1fccdb078a3de9bc91f625cb70f
runs/20260806T191932.392498Z_0b4f0f181905_1/manifest.json,449,f898bb6f55fbb88e8980b10438f3ba411ca5b8e4ffd12d7fcb3a2c44a47c2069
runs/20260806T191932.392498Z_0b4f0f181905_1/population.parquet,47969505,b3a4cf615ded96ffaf7fa58d9c83c9a4fb84882c63afb922807cdb84cdefa99e
runs/20260806T191932.392498Z_0b4f0f181905_1/tapes.parquet,3465663,471ccdee9956c9a9274124571d6d77e0b5b9e2286fa381a7f5bcd51dc290e92c
runs/20260806T191932.392498Z_0b4f0f181905_1/ticks.parquet,704451,c26bf71732db3fc8cba031817d76965a70af706e16ff6ac03d1975b831e0b151
runs/20260806T191932.392502Z_909ad941cc20_2/analysis_hill_numbers.parquet,173849,661bc6c0b30fef895e94414a63c29e67453bf5eee13243542cf90be79f6097cc
runs/20260806T191932.392502Z_909ad941cc20_2/config.toml,1425,909ad941cc2048f2953538a8323fbdba77ec9fd1bbbe842597386c52b3bb040c
runs/20260806T191932.392502Z_909ad941cc20_2/events.parquet,844,893345edb2270b207b622d6a44a5b60761850a1d4f09a22fd69a357672fdc547
runs/20260806T191932.392502Z_909ad941cc20_2/interactions.parquet,148757148,5861d65e6f48b5d17a41eb278c40c806892e71aae1a74e733e7c238235283cef
runs/20260806T191932.392502Z_909ad941cc20_2/invariant_log.jsonl,0,e3b0c44298fc1c149afbf4c8996fb92427ae41e4649b934ca495991b7852b855
runs/20260806T191932.392502Z_909ad941cc20_2/lineage.parquet,6945,49e08a8a0eb5c2254154d077f415fce08590c082e3d90c2e0aac36526a48ace6
runs/20260806T191932.392502Z_909ad941cc20_2/manifest.json,448,a270ac445013b01fb843aea0a63c2910202caaeb4f0f37d7f490fca89ad7c998
runs/20260806T191932.392502Z_909ad941cc20_2/population.parquet,31228140,ffff0141ec2b05e815052516a687459617588226b4eaaedaa4d888113b36e141
runs/20260806T191932.392502Z_909ad941cc20_2/stage0_report.md,810,09bf4319d5884b06b3f813191db5dfe2866e7fa72d055aa20ae7dc882aa2d3bf
runs/20260806T191932.392502Z_909ad941cc20_2/tapes.parquet,4133249,71e914ac7cb69ba26dd97e3eb6104adfe443f371fb87f7385d0d6d8a49abf04a
runs/20260806T191932.392502Z_909ad941cc20_2/ticks.parquet,710841,4918dff1642579d14affa41abdaa34cbecd8f12a9b3ee684c7fdfcce437b0a17
runs/20260806T191932.392510Z_ec1f93682ef0_0/config.toml,1425,ec1f93682ef0c77be824fe81284ff02e41806c6ddedc5155aa01fa126c0f94ae
runs/20260806T191932.392510Z_ec1f93682ef0_0/events.parquet,844,893345edb2270b207b622d6a44a5b60761850a1d4f09a22fd69a357672fdc547
runs/20260806T191932.392510Z_ec1f93682ef0_0/interactions.parquet,240387761,febbcb8626074f26f0e49d6a5b2a0deeeed5a1da8bfe4e32780d6c3848350555
runs/20260806T191932.392510Z_ec1f93682ef0_0/invariant_log.jsonl,0,e3b0c44298fc1c149afbf4c8996fb92427ae41e4649b934ca495991b7852b855
runs/20260806T191932.392510Z_ec1f93682ef0_0/lineage.parquet,6966,62a4b1def4221f8a611972bdabe889eb3bd3a55f136e0e228a88c884ab3516a5
runs/20260806T191932.392510Z_ec1f93682ef0_0/manifest.json,448,2f5c58aadea094aa761518ef3f9f199f03481f1261a9d515be18b03d3eb8a990
runs/20260806T191932.392510Z_ec1f93682ef0_0/population.parquet,51608986,c77e368b39e9f5650e0a750ab77bb167d20bd99013b753d7b3579c311d7b3970
runs/20260806T191932.392510Z_ec1f93682ef0_0/tapes.parquet,3527994,fc10a4e01b84b0b9b24029debd2643ea9323360f3b5f9885e7ff559eaf39cf26
runs/20260806T191932.392510Z_ec1f93682ef0_0/ticks.parquet,707721,9777386e1eb362733194f17fa8cd5726b91b813b4510d280589f03fb1cf69a65
runs/20260806T191932.392518Z_3d5804354f58_3/config.toml,1425,3d5804354f58d547f82a4040c652cf16b5cd7a53dd82330eb6ec4e3e540969ea
runs/20260806T191932.392518Z_3d5804354f58_3/events.parquet,844,893345edb2270b207b622d6a44a5b60761850a1d4f09a22fd69a357672fdc547
runs/20260806T191932.392518Z_3d5804354f58_3/interactions.parquet,232984334,00e3876c93453ddd7e4dc4c59d98ea63c30aaa213a70dd0e6fef006285501540
runs/20260806T191932.392518Z_3d5804354f58_3/invariant_log.jsonl,0,e3b0c44298fc1c149afbf4c8996fb92427ae41e4649b934ca495991b7852b855
runs/20260806T191932.392518Z_3d5804354f58_3/lineage.parquet,6962,8c1e1c1e1c853b81093f7939051f8a26ce3d0fc5ddde4ed264ffab4329e794fa
runs/20260806T191932.392518Z_3d5804354f58_3/manifest.json,448,1ee2a2468a5f3e1dc98242ac6e9a56e659c2e61e1c79f2e36ebf86d7f9a84f2a
runs/20260806T191932.392518Z_3d5804354f58_3/population.parquet,50086780,e8a25b9d49e5d54dcf2de00c3122319e2adbb91a5e8d71d1e1ec2a2542595e0f
runs/20260806T191932.392518Z_3d5804354f58_3/tapes.parquet,3670642,2e08de7465fecf68fd005cdfb694d01b14d9e5b548101b85a9603d872b2a0a04
runs/20260806T191932.392518Z_3d5804354f58_3/ticks.parquet,706796,629d3828cfdd757fd16e134d9c36faf617ab4f531b0b97d70d5c0e05ee890b35
runs/20260806T191932.394521Z_7b4cb5deb322_4/config.toml,1425,7b4cb5deb322e4a32cef6ae04e4d748312ce310c0e1180af02141714ba6e9b24
runs/20260806T191932.394521Z_7b4cb5deb322_4/events.parquet,844,893345edb2270b207b622d6a44a5b60761850a1d4f09a22fd69a357672fdc547
runs/20260806T191932.394521Z_7b4cb5deb322_4/interactions.parquet,217396270,2414f736bc2dde2af2f6cf14aad8d1475311e28d8ad10a3269fb0ca9da8bb7f5
runs/20260806T191932.394521Z_7b4cb5deb322_4/invariant_log.jsonl,0,e3b0c44298fc1c149afbf4c8996fb92427ae41e4649b934ca495991b7852b855
runs/20260806T191932.394521Z_7b4cb5deb322_4/lineage.parquet,6987,70e565ff736eb9698ae398b0c18638169a3f6126541bdc7765b73cbb31ca5eaa
runs/20260806T191932.394521Z_7b4cb5deb322_4/manifest.json,449,87ccbbba896bdaa54d97ee6d4a6091525ef10f710ca2d0353c7287a82e728c39
runs/20260806T191932.394521Z_7b4cb5deb322_4/population.parquet,46212405,87855a26801a6be94cb352b14beebb1b8d6f0a0710c6fbca2e157abfd4a52f48
runs/20260806T191932.394521Z_7b4cb5deb322_4/tapes.parquet,3598059,741e8d1be2640780e8ac3afe46e77b2f1f248950533550c7948010ceab1d1bba
runs/20260806T191932.394521Z_7b4cb5deb322_4/ticks.parquet,712416,2310926a7fdec44c6ae6b77845af131b7d07818223d742e7691bcafd4423e928
runs/20260806T191932.394909Z_c9aeecba3fb8_5/config.toml,1425,c9aeecba3fb850077cc0c3d7334d26fbad1fa60167bd1a5e54a1f40b7cea2f9e
runs/20260806T191932.394909Z_c9aeecba3fb8_5/events.parquet,844,893345edb2270b207b622d6a44a5b60761850a1d4f09a22fd69a357672fdc547
runs/20260806T191932.394909Z_c9aeecba3fb8_5/interactions.parquet,247188427,c1e3232230c3015f46d534eb50fd9f79930053bbdbfa675d53360e786598d2af
runs/20260806T191932.394909Z_c9aeecba3fb8_5/invariant_log.jsonl,0,e3b0c44298fc1c149afbf4c8996fb92427ae41e4649b934ca495991b7852b855
runs/20260806T191932.394909Z_c9aeecba3fb8_5/lineage.parquet,6961,e899d9f9927e7d9928ab136bf75a653b8031892efa2359cec47ce3d5ace7298b
runs/20260806T191932.394909Z_c9aeecba3fb8_5/manifest.json,448,1cb593ee06fc29c7a6fe1b7129aecb5305ef1f2c7ca19eace7cb0e37b8e471dc
runs/20260806T191932.394909Z_c9aeecba3fb8_5/population.parquet,53188492,f682697db83847bbd7e98e99e31003d73dcf6eab0e47d0658c11a78cd1d0ee3d
runs/20260806T191932.394909Z_c9aeecba3fb8_5/tapes.parquet,3451913,01854d160f5e43b955b0430854def6bb2adaead06ce897b04b6105f7e5380965
runs/20260806T191932.394909Z_c9aeecba3fb8_5/ticks.parquet,710267,1317557410c72b0ffdb7abee7ee9d6127421836112c5c94cdc0732cfe8cd82de
runs/20260806T191932.396298Z_c378942cb032_6/config.toml,1425,c378942cb0322fae69430b742fbdef48702ec6d05bfbf7f5599c32dd5799da60
runs/20260806T191932.396298Z_c378942cb032_6/events.parquet,844,893345edb2270b207b622d6a44a5b60761850a1d4f09a22fd69a357672fdc547
runs/20260806T191932.396298Z_c378942cb032_6/interactions.parquet,232160160,874bf4ee7fdfac892d1cce7a3399cae559de2f7a207c457e20bb165ea8a986e5
runs/20260806T191932.396298Z_c378942cb032_6/invariant_log.jsonl,0,e3b0c44298fc1c149afbf4c8996fb92427ae41e4649b934ca495991b7852b855
runs/20260806T191932.396298Z_c378942cb032_6/lineage.parquet,6968,b8dbb8efa119e52cd9a48ecb19bed347a10d784e618362f8465a5d91947620b8
runs/20260806T191932.396298Z_c378942cb032_6/manifest.json,448,8e81f55187be3e9e212ae5f35d7953ffb3c644f646cfd07f4feab15fac1e9752
runs/20260806T191932.396298Z_c378942cb032_6/population.parquet,49543420,7fd25897c710a39530a45b602b7cf57aeff268a89e2d4ad6e463bc1e6f5bfacb
runs/20260806T191932.396298Z_c378942cb032_6/tapes.parquet,3566424,8f6500c490bea7d19ea09d70085b2ed322d15f332bae0dd4df14bca0dd0a9ce3
runs/20260806T191932.396298Z_c378942cb032_6/ticks.parquet,713068,018d94fa7491be322ffb422f9d7a22efe55c15dccd453fb3d08e118b8ae59f81
runs/20260806T191932.397143Z_720c6f3c74f0_7/analysis_hill_numbers.parquet,193353,aa0fd37276839d1bd26b33ec7622acb578cbd5cebcfc5b606f3b45c26cffdc86
runs/20260806T191932.397143Z_720c6f3c74f0_7/config.toml,1425,720c6f3c74f0bc618ef98e89cc203ccfc70f23c974e03285a694963c5b2c5243
runs/20260806T191932.397143Z_720c6f3c74f0_7/events.parquet,844,893345edb2270b207b622d6a44a5b60761850a1d4f09a22fd69a357672fdc547
runs/20260806T191932.397143Z_720c6f3c74f0_7/interactions.parquet,300576644,2b184118042fd989acee0fe2cb63ae9d466750b9165a57064504f5e23b551946
runs/20260806T191932.397143Z_720c6f3c74f0_7/invariant_log.jsonl,0,e3b0c44298fc1c149afbf4c8996fb92427ae41e4649b934ca495991b7852b855
runs/20260806T191932.397143Z_720c6f3c74f0_7/lineage.parquet,6956,d6601a205047acd0d354b6f4dc1e7cd6631a3647a2667d776e163f4b841c0f4b
runs/20260806T191932.397143Z_720c6f3c74f0_7/manifest.json,448,c9f3bf2a6c52cfdef42337cc08ff37139cf01642027a735b8964ad2e362300c5
runs/20260806T191932.397143Z_720c6f3c74f0_7/population.parquet,65482350,378ff6a04f38bf3bd3cfd8cc0ff5c2364a48159e6d0ca523db8a9d5f4440190b
runs/20260806T191932.397143Z_720c6f3c74f0_7/stage0_report.md,810,06a23b367475b8dd3a4c02b866cd931901025459af9a6cc19e6a2394d2da93a5
runs/20260806T191932.397143Z_720c6f3c74f0_7/tapes.parquet,2276089,6d1ebf7d6fa69fd7410eed8a2d4f42c3171c27811015f960828ca1fe17d1a370
runs/20260806T191932.397143Z_720c6f3c74f0_7/ticks.parquet,710155,678db2c5ab04cc003ea9c373626d0a21ee80ab1e7281650559732af4d28aa6e9
runs/20260806T192943.233022Z_d90cb0cf6010_8/config.toml,1425,d90cb0cf6010b9f3f0898370dae726b71142bf586aac7d52c905d8befd9273d8
runs/20260806T192943.233022Z_d90cb0cf6010_8/events.parquet,844,893345edb2270b207b622d6a44a5b60761850a1d4f09a22fd69a357672fdc547
runs/20260806T192943.233022Z_d90cb0cf6010_8/interactions.parquet,194540375,5f5d326a5e4164b78cee05192f4cc4c7e627e2a79a6afc63ab734c0c00255207
runs/20260806T192943.233022Z_d90cb0cf6010_8/invariant_log.jsonl,0,e3b0c44298fc1c149afbf4c8996fb92427ae41e4649b934ca495991b7852b855
runs/20260806T192943.233022Z_d90cb0cf6010_8/lineage.parquet,6953,777d9d3068feb3963067e309225eeeb921f0caff3ffb94e2b5a5db8ad57811e6
runs/20260806T192943.233022Z_d90cb0cf6010_8/manifest.json,449,5620b5d5d6f0d963dac7a5282619c1a9e70c3ea63cf3c31fd1d23a56046db0b2
runs/20260806T192943.233022Z_d90cb0cf6010_8/population.parquet,41740281,67c4664c97a0bfaba900040e0eb078c4db042e5ef7783794b8814d5a2faea8af
runs/20260806T192943.233022Z_d90cb0cf6010_8/tapes.parquet,3456124,8410be831e3be2defeec032d2fd287554c8e7853306d36fdaa361a00d4c70b74
runs/20260806T192943.233022Z_d90cb0cf6010_8/ticks.parquet,701229,94f40c03641625f57621554b3504507704b6c51ee511a8f397fade27fa790960
runs/20260806T193427.349382Z_2d63dffaf511_9/config.toml,1425,2d63dffaf511b35ee83e82a7debe8db79f87bd10bc0782581a9936c6ee9d08c5
runs/20260806T193427.349382Z_2d63dffaf511_9/events.parquet,844,893345edb2270b207b622d6a44a5b60761850a1d4f09a22fd69a357672fdc547
runs/20260806T193427.349382Z_2d63dffaf511_9/interactions.parquet,203222130,5da2f8a0025a8bbdc5cd9fcf90cae6cc637d7162731d6bfaff84733c1d98013c
runs/20260806T193427.349382Z_2d63dffaf511_9/invariant_log.jsonl,0,e3b0c44298fc1c149afbf4c8996fb92427ae41e4649b934ca495991b7852b855
runs/20260806T193427.349382Z_2d63dffaf511_9/lineage.parquet,6986,0b6d45364c97008b9d6c94bbb4bf5a6fe75414da3c8ec303060f82300efe1295
runs/20260806T193427.349382Z_2d63dffaf511_9/manifest.json,449,fdf895f0a08b2771e36bf83f64377c260858a6a5a00fcf468cf6864ba503230e
runs/20260806T193427.349382Z_2d63dffaf511_9/population.parquet,43561186,ae68794845a55febc850c141bf6e9b6441d40ebe0bb1b8afca9e838ce9e1cca6
runs/20260806T193427.349382Z_2d63dffaf511_9/tapes.parquet,2972554,a5c7437688eb9de79b2fa3e2d723ed7ed2327d355557b0d1871b0cc9a0d90b9d
runs/20260806T193427.349382Z_2d63dffaf511_9/ticks.parquet,706190,84bf78a23f5d2cf9c2f9482f973147211c59339b2d2fb9eb6887d4b3a3fb77d7
runs/20260806T193920.082726Z_d6fd24399fa2_10/config.toml,1426,d6fd24399fa2267b89b9b9d4ae4862c5af26e8b0407249783dfccd7901a25b4d
runs/20260806T193920.082726Z_d6fd24399fa2_10/events.parquet,844,893345edb2270b207b622d6a44a5b60761850a1d4f09a22fd69a357672fdc547
runs/20260806T193920.082726Z_d6fd24399fa2_10/interactions.parquet,201696488,40a079fa1cdd6d802ba23706807a1b18780eabbee88dd5ff6a726fe2641e0199
runs/20260806T193920.082726Z_d6fd24399fa2_10/invariant_log.jsonl,0,e3b0c44298fc1c149afbf4c8996fb92427ae41e4649b934ca495991b7852b855
runs/20260806T193920.082726Z_d6fd24399fa2_10/lineage.parquet,6959,5ae23515cb8b7ef8c5f81282b5c2f9d6f40025f48e653e3cb8438445dc5d2edf
runs/20260806T193920.082726Z_d6fd24399fa2_10/manifest.json,450,f7b495acb43701bedf45762f7791f21663599eba2af9bec7616d60ac8f607f45
runs/20260806T193920.082726Z_d6fd24399fa2_10/population.parquet,43221027,42583b11b27579ee92ef371d1b5cc56bce268fba92f2a2debf4d1c17dd46dbcd
runs/20260806T193920.082726Z_d6fd24399fa2_10/tapes.parquet,3776967,e00920d83e70ad09435a139597ef232ff6441b5ba5b998bbace4eaef6202d247
runs/20260806T193920.082726Z_d6fd24399fa2_10/ticks.parquet,711306,df936dee7f0f5074a7d541b054e52ce99403860f5de701b4977e6df501ff109a
runs/20260806T195402.010065Z_f159f04be519_11/config.toml,1426,f159f04be5192790dd62c6b3c52595a8028eb7dc4d40325abd74d5468d894f46
runs/20260806T195402.010065Z_f159f04be519_11/events.parquet,844,893345edb2270b207b622d6a44a5b60761850a1d4f09a22fd69a357672fdc547
runs/20260806T195402.010065Z_f159f04be519_11/interactions.parquet,107932972,c3ecd26bb302a1ee186a14a3d44032ddc2cedff1c1914b5b5b2bc4c6f98850b5
runs/20260806T195402.010065Z_f159f04be519_11/invariant_log.jsonl,0,e3b0c44298fc1c149afbf4c8996fb92427ae41e4649b934ca495991b7852b855
runs/20260806T195402.010065Z_f159f04be519_11/lineage.parquet,6979,2f0d6c0efd6b0b22420ea18d2ac91003cb72ae9c06b1010c08d75e7fbc1c42c3
runs/20260806T195402.010065Z_f159f04be519_11/manifest.json,450,decfccf9c354c4836f7ca3d876d7d4cf2d03e4eb8b12901261bbc3a22a024cce
runs/20260806T195402.010065Z_f159f04be519_11/population.parquet,22105151,07a66c8d049468c7333c2b5330ca349449db9d08d77cc4cdd16412bec42d2952
runs/20260806T195402.010065Z_f159f04be519_11/tapes.parquet,4176889,3d220f9bcfec88516a343e0f26963518c0923b71d57f9dfd8af84fb238b2d5eb
runs/20260806T195402.010065Z_f159f04be519_11/ticks.parquet,712521,d33fd338d7e9bb69c40a2c4f7c9da06683fdab7cc208009dd69e01fb0b794235
runs/20260806T195604.250003Z_ff19382a54b3_12/config.toml,1426,ff19382a54b3d5fce49a39ac16df0eef1bd5d18cffc27c3b6d510267ee797a75
runs/20260806T195604.250003Z_ff19382a54b3_12/events.parquet,844,893345edb2270b207b622d6a44a5b60761850a1d4f09a22fd69a357672fdc547
runs/20260806T195604.250003Z_ff19382a54b3_12/interactions.parquet,249479210,fe7dcc8df0c455a02ef554212c2892f0aac56ce07470492cfffd814f44c60c12
runs/20260806T195604.250003Z_ff19382a54b3_12/invariant_log.jsonl,0,e3b0c44298fc1c149afbf4c8996fb92427ae41e4649b934ca495991b7852b855
runs/20260806T195604.250003Z_ff19382a54b3_12/lineage.parquet,6966,30700be77cc7b99667c44d1601be0ef189b830b89f33334ba33ddee025da6287
runs/20260806T195604.250003Z_ff19382a54b3_12/manifest.json,449,05837d5c1d0147ba6f27320ff9e805069fe80e2e082d0a4421c631873bc84774
runs/20260806T195604.250003Z_ff19382a54b3_12/population.parquet,53559389,bcee65c26ae9791d9f66e2ed25ce5e65ea35d5beb4dbc4cdcb8f8445a1b56abb
runs/20260806T195604.250003Z_ff19382a54b3_12/tapes.parquet,3666536,0aaaf7ee943e278a29df7fada9e95b0667683e3b97b8d67dc0c4a0a37725355f
runs/20260806T195604.250003Z_ff19382a54b3_12/ticks.parquet,711759,afc7d05a856b91d86cb8429ad48a59b738cd72d3ce59cfb058552b95b83b34d3
runs/20260806T200316.856275Z_f85b8f3a03de_13/config.toml,1426,f85b8f3a03de1ffa7e670529e84b680538c9a5086c06711ceba3054cb64f5c61
runs/20260806T200316.856275Z_f85b8f3a03de_13/events.parquet,844,893345edb2270b207b622d6a44a5b60761850a1d4f09a22fd69a357672fdc547
runs/20260806T200316.856275Z_f85b8f3a03de_13/interactions.parquet,108747686,c99f90ff963fd0e980d4d1cd834f68032de9fd9cecc728f9f318bfcee7424272
runs/20260806T200316.856275Z_f85b8f3a03de_13/invariant_log.jsonl,0,e3b0c44298fc1c149afbf4c8996fb92427ae41e4649b934ca495991b7852b855
runs/20260806T200316.856275Z_f85b8f3a03de_13/lineage.parquet,6965,6078dd072abcbc63c65a243149da6550087f52fcd4a7f0a6b4124c10bb2740f3
runs/20260806T200316.856275Z_f85b8f3a03de_13/manifest.json,450,3ca456a5c50129403956b3a8bce332fab4864611f367526a5091a8cb51f42e75
runs/20260806T200316.856275Z_f85b8f3a03de_13/population.parquet,21754552,9e269b48bdfe5eb59d8045d260f6c6cc00424047b85ec439a711fa6f224733d7
runs/20260806T200316.856275Z_f85b8f3a03de_13/tapes.parquet,4341551,6d19299baf8855d32a33ae837c37ea962c9cd9764539c1245d53446d9a40f54f
runs/20260806T200316.856275Z_f85b8f3a03de_13/ticks.parquet,699229,c660ecb2a78f9c7ea56af8398d70a08309b0baf06565221b17584b9558779d1a
runs/20260806T201142.384385Z_6fb10120e439_14/analysis_hill_numbers.parquet,173882,63f2d1a0de47e0d0beb9a8a998023449686c034ba0e78a1c0ab6fb34076a28dc
runs/20260806T201142.384385Z_6fb10120e439_14/config.toml,1426,6fb10120e439ae5e6df8430afa7ccd16d2709694400291b40e1c687377ff1cb8
runs/20260806T201142.384385Z_6fb10120e439_14/events.parquet,844,893345edb2270b207b622d6a44a5b60761850a1d4f09a22fd69a357672fdc547
runs/20260806T201142.384385Z_6fb10120e439_14/interactions.parquet,250295105,80753c40ec8d4e7f2d945261fece953ea19f86587a408f0a23992ccd007072e4
runs/20260806T201142.384385Z_6fb10120e439_14/invariant_log.jsonl,0,e3b0c44298fc1c149afbf4c8996fb92427ae41e4649b934ca495991b7852b855
runs/20260806T201142.384385Z_6fb10120e439_14/lineage.parquet,6956,6380383e4e22a03f0f02ea816ede77d18cf44b4a618b5c1d58fe7e908d86543b
runs/20260806T201142.384385Z_6fb10120e439_14/manifest.json,449,35919f36e40177f6a8f749c32bb19660bc32daba1856d0de850a94dbebc21b61
runs/20260806T201142.384385Z_6fb10120e439_14/population.parquet,53567597,e29aa30080462521bbb6626889f6af1768b324bdead37fc141e14211a0b89423
runs/20260806T201142.384385Z_6fb10120e439_14/stage0_report.md,812,03bead016cf2277371f99af38eac3c3014104cf6d18b750645f36dd22da812e6
runs/20260806T201142.384385Z_6fb10120e439_14/tapes.parquet,3543022,584dfb6b8209946c0557374297e244ff1e9acd7dbd5aaab71498ca9a2b75f2e4
runs/20260806T201142.384385Z_6fb10120e439_14/ticks.parquet,713235,8cf2011c6c41ed6b0d3498c465dc60dbdeac607221044c9d19806bb9a294555a
runs/20260806T201504.331542Z_174cac11dec7_15/config.toml,1426,174cac11dec73007312c68eb71e685345c9925768e852d0e333cb44274c84966
runs/20260806T201504.331542Z_174cac11dec7_15/events.parquet,844,893345edb2270b207b622d6a44a5b60761850a1d4f09a22fd69a357672fdc547
runs/20260806T201504.331542Z_174cac11dec7_15/interactions.parquet,184894841,ef60198afb002d69b966e10368d5e7f0c9e25f0f9ee77345a8967895609fd288
runs/20260806T201504.331542Z_174cac11dec7_15/invariant_log.jsonl,0,e3b0c44298fc1c149afbf4c8996fb92427ae41e4649b934ca495991b7852b855
runs/20260806T201504.331542Z_174cac11dec7_15/lineage.parquet,6973,3ebdc81c4e605ff2fed3a53e2a5748d8447fa0cdbc34101cd2e3f275c2ceda28
runs/20260806T201504.331542Z_174cac11dec7_15/manifest.json,448,ad5e16d9c312245f2e3ebd7c777d04c5391a391fd3ae161dab63adb64334290a
runs/20260806T201504.331542Z_174cac11dec7_15/population.parquet,39369545,f5360a1c99ef5ef5da086ecb1480c68f62a3bc647e092a72d92226f906e80756
runs/20260806T201504.331542Z_174cac11dec7_15/tapes.parquet,3644009,e160178200d70e7af9d8c38d5166f55ac6d82c786aba2bcbd7a8ddee1c84fd80
runs/20260806T201504.331542Z_174cac11dec7_15/ticks.parquet,704672,508fee52f66dfab3b943f0aea3d66229cb84f1d312c341fc3f73eedad75c706d
runs/20260806T201949.945028Z_bec6acda4db7_16/config.toml,1426,bec6acda4db74d31a8af7332169d1c9d66dad16b9d338db73e98fd8e45a8ab8b
runs/20260806T201949.945028Z_bec6acda4db7_16/events.parquet,844,893345edb2270b207b622d6a44a5b60761850a1d4f09a22fd69a357672fdc547
runs/20260806T201949.945028Z_bec6acda4db7_16/interactions.parquet,211950440,34652c8ae949fb5d8ec838dc017293cb906621d6f38f7332502cc7bcd9f23672
runs/20260806T201949.945028Z_bec6acda4db7_16/invariant_log.jsonl,0,e3b0c44298fc1c149afbf4c8996fb92427ae41e4649b934ca495991b7852b855
runs/20260806T201949.945028Z_bec6acda4db7_16/lineage.parquet,6965,8a30654bec494809736bd354d609cd389577a2ddf7ba60e8ff6e13909056733b
runs/20260806T201949.945028Z_bec6acda4db7_16/manifest.json,449,be0a6b2f4eca35f7e65a354f5d4109ffaaf26aab7f491b450229c7fb42f72f4f
runs/20260806T201949.945028Z_bec6acda4db7_16/population.parquet,44814484,3acdfa73124d61c6066010438aa73e78868b41e86d692023d572dc1df8e2f094
runs/20260806T201949.945028Z_bec6acda4db7_16/tapes.parquet,3470725,558881a344b01b69720725fa868074a1a5e23955cb20d82f419f357f3c27dcc9
runs/20260806T201949.945028Z_bec6acda4db7_16/ticks.parquet,711428,c1b6c515696e4e9426732952f891f615107cec055e2ec62c23e6a0e674cc192a
runs/20260806T202316.464293Z_d89f3e56a9ef_17/config.toml,1426,d89f3e56a9ef079ff830158651dc40951316b8c4b0c7a74055c0371c0f3d59f9
runs/20260806T202316.464293Z_d89f3e56a9ef_17/events.parquet,844,893345edb2270b207b622d6a44a5b60761850a1d4f09a22fd69a357672fdc547
runs/20260806T202316.464293Z_d89f3e56a9ef_17/interactions.parquet,267472826,493dbd5627f307870b23b5d4e54bbdbca2b62a59e449f7b84f15fa7a6a903d3a
runs/20260806T202316.464293Z_d89f3e56a9ef_17/invariant_log.jsonl,0,e3b0c44298fc1c149afbf4c8996fb92427ae41e4649b934ca495991b7852b855
runs/20260806T202316.464293Z_d89f3e56a9ef_17/lineage.parquet,6948,fa1afc5ca7dcee06886e7d6ea48d13e7568daeefb68e7c51ff24f8b7d1d6c051
runs/20260806T202316.464293Z_d89f3e56a9ef_17/manifest.json,449,cc9cadb41914aa38734ff2197ad664cc90ac5eb16d1b8e058c6aef5feb1988a3
runs/20260806T202316.464293Z_d89f3e56a9ef_17/population.parquet,57551497,6f2bfcd095539bf08d1cc70b66965fceebbd528f9d543568ca84473e7ecfe2f9
runs/20260806T202316.464293Z_d89f3e56a9ef_17/tapes.parquet,3496218,52a99d2f7dd1a0ae1e9b40e58939432efeffecf32551f48bcc3f4f3f36c6e19c
runs/20260806T202316.464293Z_d89f3e56a9ef_17/ticks.parquet,713264,bd9357bd85f4d9e3266c1728378385a482654324fd1b72451903722f4aca995f
runs/20260806T202451.079363Z_16dcfe40b7a3_18/analysis_hill_numbers.parquet,191112,f156dfc428e67c8aebc88bd080f3f658cebd0d56b51f2bf4b8672c4ce87ebcc5
runs/20260806T202451.079363Z_16dcfe40b7a3_18/config.toml,1426,16dcfe40b7a31b6aad2648c9ea3b99d5983514d9a26467969d2014c6cf873ead
runs/20260806T202451.079363Z_16dcfe40b7a3_18/events.parquet,844,893345edb2270b207b622d6a44a5b60761850a1d4f09a22fd69a357672fdc547
runs/20260806T202451.079363Z_16dcfe40b7a3_18/interactions.parquet,297542971,a1dc1d95b9706ba2f014398ebb16edf73c465be50f7273720fd8d61af44767cf
runs/20260806T202451.079363Z_16dcfe40b7a3_18/invariant_log.jsonl,0,e3b0c44298fc1c149afbf4c8996fb92427ae41e4649b934ca495991b7852b855
runs/20260806T202451.079363Z_16dcfe40b7a3_18/lineage.parquet,6971,3a8e9e181444324f7c32df6d9c13fa698b12516606ceabb32051942c586ea9aa
runs/20260806T202451.079363Z_16dcfe40b7a3_18/manifest.json,448,237cb6f51d6fde668305c68d2985e2c060e879f4ed9915400f01cb57c13b12fc
runs/20260806T202451.079363Z_16dcfe40b7a3_18/population.parquet,64821809,571039d00dcb11bf9e348f3d53ec07e43889b7bddb027d976d54a6395fdbb2e8
runs/20260806T202451.079363Z_16dcfe40b7a3_18/stage0_report.md,811,e3674776e2d98052f605c2c221662d45608817777316965743fa5e8b311e81bd
runs/20260806T202451.079363Z_16dcfe40b7a3_18/tapes.parquet,2215644,cd0c66acd8cb0c011016c1e7a6f6280a8beefb2866e8049569c5805471ed4fb1
runs/20260806T202451.079363Z_16dcfe40b7a3_18/ticks.parquet,711667,936872412c552369e1c91d2affd2240d38edd7416edf56446b7db5e73d711677
runs/20260806T202929.426769Z_e1225d0ee109_19/config.toml,1426,e1225d0ee109a908ea26dbc7a3a2c0a244c186f5c28af01682fa31218f62aaec
runs/20260806T202929.426769Z_e1225d0ee109_19/events.parquet,844,893345edb2270b207b622d6a44a5b60761850a1d4f09a22fd69a357672fdc547
runs/20260806T202929.426769Z_e1225d0ee109_19/interactions.parquet,228343489,5bc6519d1b6cb5257c756d56514f69e939496dcdd352933a09c4c2b0550a9499
runs/20260806T202929.426769Z_e1225d0ee109_19/invariant_log.jsonl,0,e3b0c44298fc1c149afbf4c8996fb92427ae41e4649b934ca495991b7852b855
runs/20260806T202929.426769Z_e1225d0ee109_19/lineage.parquet,6950,907e0931d7aad5c86e89d34a945d8965bb564428b17ad4d061aede23092e6af8
runs/20260806T202929.426769Z_e1225d0ee109_19/manifest.json,450,2462f55ab3b71b74da9d10fba998c7da7ebca1e91f6b5db66a5caedbddcd00ad
runs/20260806T202929.426769Z_e1225d0ee109_19/population.parquet,49283097,02d9bc0b987011a18f2548852e984787386eeb1d19b88a1c3f54467f072c6920
runs/20260806T202929.426769Z_e1225d0ee109_19/tapes.parquet,3577641,c0dee23f10e97848444545dc688d54db0c226232485fd5699b9e266173f557f2
runs/20260806T202929.426769Z_e1225d0ee109_19/ticks.parquet,706395,14b61187df07c8485fe7bbdc15ed37b4c67513e5d9efd3b1da84f4c71dc1452c
runs/20260807T004714.811920Z_1f384af3bcc2_18/config.toml,1445,1f384af3bcc2f46e0e44eff8a6223cff917e02a594b340ac44716ba85cb2588c
runs/20260807T004714.811920Z_1f384af3bcc2_18/events.parquet,1516,cf0e56493dea8b579e22c5a02e918cb979eddfca98436680d21ee03b5b96a8f9
runs/20260807T004714.811920Z_1f384af3bcc2_18/interactions.parquet,7212,e410d6b55846ef72feb52a5c0144dc1f6aece1b16f964faa85ac1601c29154d4
runs/20260807T004714.811920Z_1f384af3bcc2_18/invariant_log.jsonl,0,e3b0c44298fc1c149afbf4c8996fb92427ae41e4649b934ca495991b7852b855
runs/20260807T004714.811920Z_1f384af3bcc2_18/lineage.parquet,6971,3a8e9e181444324f7c32df6d9c13fa698b12516606ceabb32051942c586ea9aa
runs/20260807T004714.811920Z_1f384af3bcc2_18/manifest.json,496,cb517b4de1262d7c2f5c503dd057dacf674d15d5a07e8717e4e2650d62d3b283
runs/20260807T004714.811920Z_1f384af3bcc2_18/population.parquet,6816,973f5fc199502997b8edbef28d190f6346f69855265babf23b41be7e1c130323
runs/20260807T004714.811920Z_1f384af3bcc2_18/tapes.parquet,42826,b729eef42aae26a0eb7fcfec0ba27aa14ad206e125bafe234094ae7b8bad7a80
runs/20260807T004714.811920Z_1f384af3bcc2_18/ticks.parquet,4650,84aa9c841f4b289553b3d141394a6f650532db0ae8c9003ea75bb521ef7b3a34
runs/20260807T010934.802135Z_1f384af3bcc2_18/config.toml,1445,1f384af3bcc2f46e0e44eff8a6223cff917e02a594b340ac44716ba85cb2588c
runs/20260807T010934.802135Z_1f384af3bcc2_18/events.parquet,1536,5a719ef15de739dc33db9fd1abd7310c86d12a9b2f06a9d96fb2bf0400ae3bf0
runs/20260807T010934.802135Z_1f384af3bcc2_18/interactions.parquet,25137976,7dd16401a12d3a31a0a630389bb41be986c1ccc169e5e3b40f56c6d6d41b3590
runs/20260807T010934.802135Z_1f384af3bcc2_18/invariant_log.jsonl,0,e3b0c44298fc1c149afbf4c8996fb92427ae41e4649b934ca495991b7852b855
runs/20260807T010934.802135Z_1f384af3bcc2_18/lineage.parquet,6971,3a8e9e181444324f7c32df6d9c13fa698b12516606ceabb32051942c586ea9aa
runs/20260807T010934.802135Z_1f384af3bcc2_18/manifest.json,496,8b8036c6241ea368ce6a46ec22063290f86913c7eb0932d9963a031a7f7ffa8b
runs/20260807T010934.802135Z_1f384af3bcc2_18/population.parquet,18800056,78fcfc0d88e97027c5b97a93273202c7d28b21de00ddbf5ab3dbeade0a47d15a
runs/20260807T010934.802135Z_1f384af3bcc2_18/tapes.parquet,10451529,45b9aff0e2612920dc6189357e2083c6c40312733345aebba039521f9850ef06
runs/20260807T010934.802135Z_1f384af3bcc2_18/ticks.parquet,1936613,ba9d7c6469301b96344b8ba471eccc4a0b37434301166077f7b850376afb4948
runs/20260807T020514.158846Z_45697d67da36_7/config.toml,1480,45697d67da3666d845fe79bcabed335a3ddebfaca84e7c4aae33fff9ef7e5edf
runs/20260807T020514.158846Z_45697d67da36_7/events.parquet,844,893345edb2270b207b622d6a44a5b60761850a1d4f09a22fd69a357672fdc547
runs/20260807T020514.158846Z_45697d67da36_7/interactions.parquet,102377688,a47a37767f6d71fc46bbb3356e394bcbcb6c272848d92d0c1bcd7cf708ff2fd8
runs/20260807T020514.158846Z_45697d67da36_7/invariant_log.jsonl,0,e3b0c44298fc1c149afbf4c8996fb92427ae41e4649b934ca495991b7852b855
runs/20260807T020514.158846Z_45697d67da36_7/lineage.parquet,6956,d6601a205047acd0d354b6f4dc1e7cd6631a3647a2667d776e163f4b841c0f4b
runs/20260807T020514.158846Z_45697d67da36_7/manifest.json,486,8b6bed3766347034315e54ff8c7ae63b09b67c929b69f7aa8117c50f7fad442e
runs/20260807T020514.158846Z_45697d67da36_7/population.parquet,34402700,2ccf31a0aea35ae1a6abf0398655d54aef9302900b0727b573e55c368ecfe344
runs/20260807T020514.158846Z_45697d67da36_7/tapes.parquet,3971995,d54327771e762ae50761332c51621327dae0542870676e0abee9313c14d0895e
runs/20260807T020514.158846Z_45697d67da36_7/ticks.parquet,707853,1e4337bb8760d5ffeabeefaccbf9053b99ad4e9852a0cb08861f539726ccf803
runs/20260807T020514.158851Z_fa5b5c55ad55_3/config.toml,1480,fa5b5c55ad55df1f4e443ce85404a24f043b0638c2089c68710a2e5ba6307191
runs/20260807T020514.158851Z_fa5b5c55ad55_3/events.parquet,844,893345edb2270b207b622d6a44a5b60761850a1d4f09a22fd69a357672fdc547
runs/20260807T020514.158851Z_fa5b5c55ad55_3/interactions.parquet,82436944,ec0546dc8abd592b9a5521773074f0f3a79de35921b4ba5c95acfcb0276a43de
runs/20260807T020514.158851Z_fa5b5c55ad55_3/invariant_log.jsonl,0,e3b0c44298fc1c149afbf4c8996fb92427ae41e4649b934ca495991b7852b855
runs/20260807T020514.158851Z_fa5b5c55ad55_3/lineage.parquet,6962,8c1e1c1e1c853b81093f7939051f8a26ce3d0fc5ddde4ed264ffab4329e794fa
runs/20260807T020514.158851Z_fa5b5c55ad55_3/manifest.json,487,084b10a8c3aefd70fe9eae45f01a0ff15683b79ec645eeea4ee7a7ba2e920537
runs/20260807T020514.158851Z_fa5b5c55ad55_3/population.parquet,27550422,dd0023cfcef017a7bf24b14a732eb8b1bbd171323d093e47c9b56742c63f4f91
runs/20260807T020514.158851Z_fa5b5c55ad55_3/tapes.parquet,3728853,18029a7cd04ce51300b3d1c4395fa36a4752e6878a750b946f9a9bb1f83f206b
runs/20260807T020514.158851Z_fa5b5c55ad55_3/ticks.parquet,708205,fa2b22fc1feeb3646f4e55495a836040b9c5720678afa3be5bb34a8344831c7a
runs/20260807T020514.158865Z_b94a202e32a5_1/analysis_hill_numbers.parquet,173860,e9251ef6b6e430ff68e4273f0f9b09a4abb1819ef1960ed7b7fe5df30fc0ba9a
runs/20260807T020514.158865Z_b94a202e32a5_1/config.toml,1480,b94a202e32a5e3d84c02b9a92ff1a67309663a088d28be23dbf2ae94a427af78
runs/20260807T020514.158865Z_b94a202e32a5_1/events.parquet,844,893345edb2270b207b622d6a44a5b60761850a1d4f09a22fd69a357672fdc547
runs/20260807T020514.158865Z_b94a202e32a5_1/interactions.parquet,138426299,f98d7501790d7212798c7a38793e76573cc9c0b3dee41145def9354254a1bc99
runs/20260807T020514.158865Z_b94a202e32a5_1/invariant_log.jsonl,0,e3b0c44298fc1c149afbf4c8996fb92427ae41e4649b934ca495991b7852b855
runs/20260807T020514.158865Z_b94a202e32a5_1/lineage.parquet,6967,d4d3b1f62df8a4d29f51f0d86bd0bee11bfaa1fccdb078a3de9bc91f625cb70f
runs/20260807T020514.158865Z_b94a202e32a5_1/manifest.json,486,b4256dbb575032f878063effda198a899732c6375f38dab5ead33665560e9cca
runs/20260807T020514.158865Z_b94a202e32a5_1/population.parquet,50602539,aeee185302a63481d7dc1c8c965b3eef44872cd8e4b84d0bd14bc27e639e74ce
runs/20260807T020514.158865Z_b94a202e32a5_1/stage0_report.md,772,0eeba625e1975ec1e611e84b6e5edf677bb8bd991c5954a8884e7bd5a59f305c
runs/20260807T020514.158865Z_b94a202e32a5_1/tapes.parquet,3670164,fa396a67e78db7aa7e741cce0d0bc50ef7a11cecac29bce5dce4e249ad8a87f4
runs/20260807T020514.158865Z_b94a202e32a5_1/ticks.parquet,698504,e4beb86c9be92f53ec999f2deb7b3cb9537a41ba9cc35eed40ebbdfb333d6257
runs/20260807T020514.158870Z_9e9d9c951347_6/config.toml,1480,9e9d9c951347ef82d861725a73a5638f48c84db47ba3170a87c66f53f62b1b57
runs/20260807T020514.158870Z_9e9d9c951347_6/events.parquet,844,893345edb2270b207b622d6a44a5b60761850a1d4f09a22fd69a357672fdc547
runs/20260807T020514.158870Z_9e9d9c951347_6/interactions.parquet,129551881,7f317811795a95f5deeee17eb5e78f0b5b48c7f8a091117877beb07258d30137
runs/20260807T020514.158870Z_9e9d9c951347_6/invariant_log.jsonl,0,e3b0c44298fc1c149afbf4c8996fb92427ae41e4649b934ca495991b7852b855
runs/20260807T020514.158870Z_9e9d9c951347_6/lineage.parquet,6968,b8dbb8efa119e52cd9a48ecb19bed347a10d784e618362f8465a5d91947620b8
runs/20260807T020514.158870Z_9e9d9c951347_6/manifest.json,486,7cddbe98677918a18ca57a9fbdec1b5703556f4a097e61a187ed96f9d17602c1
runs/20260807T020514.158870Z_9e9d9c951347_6/population.parquet,48021800,34b0e584c679c9b200d5a437d1b804143eea09e9726048248b1a70efe4e038ab
runs/20260807T020514.158870Z_9e9d9c951347_6/tapes.parquet,3653923,1b51cda6d9fb183899d25b9778a1962a897e01554dc0ec7b6f0fcd3c31817731
runs/20260807T020514.158870Z_9e9d9c951347_6/ticks.parquet,700629,08b6d5e5e758e9e56c74daffe897678ef787ecbbf8f841f9b8f13468a06cb69b
runs/20260807T020514.158871Z_01f3dad369c0_5/config.toml,1480,01f3dad369c0277f6b6f019cdcca18f7489825065f772ef89e56e5faa4c7c3c3
runs/20260807T020514.158871Z_01f3dad369c0_5/events.parquet,844,893345edb2270b207b622d6a44a5b60761850a1d4f09a22fd69a357672fdc547
runs/20260807T020514.158871Z_01f3dad369c0_5/interactions.parquet,86696371,94fae91ea7ecc2a162736209300f39fc19a5f19e0648ca416f885d1491967629
runs/20260807T020514.158871Z_01f3dad369c0_5/invariant_log.jsonl,0,e3b0c44298fc1c149afbf4c8996fb92427ae41e4649b934ca495991b7852b855
runs/20260807T020514.158871Z_01f3dad369c0_5/lineage.parquet,6961,e899d9f9927e7d9928ab136bf75a653b8031892efa2359cec47ce3d5ace7298b
runs/20260807T020514.158871Z_01f3dad369c0_5/manifest.json,486,02251a3af2bd31d157a0522eda44956446ea456408618fc40f84bb96520a3465
runs/20260807T020514.158871Z_01f3dad369c0_5/population.parquet,28720786,af51a351c1fda6709594b16d9de8e2b4513f86c53f99e387daeb1012537429c1
runs/20260807T020514.158871Z_01f3dad369c0_5/tapes.parquet,3884734,233f711e938886e17dd7e62e640c734ecc600734cf6aa8948926ce3f44255dd0
runs/20260807T020514.158871Z_01f3dad369c0_5/ticks.parquet,693414,ded2e151df9fa35227be311690bcd756a4c7bf7724f441c75400508c32116329
runs/20260807T020514.158878Z_fefbebf42fbb_0/config.toml,1480,fefbebf42fbbeddc6f9c4fc4df5684475b771d882323078c598c50c96b5179f2
runs/20260807T020514.158878Z_fefbebf42fbb_0/events.parquet,844,893345edb2270b207b622d6a44a5b60761850a1d4f09a22fd69a357672fdc547
runs/20260807T020514.158878Z_fefbebf42fbb_0/interactions.parquet,95304928,3952f8fdd5197d8fc4aa2da7fe975db537f48ce6ccd05c2229a2ddafe0b3a7f3
runs/20260807T020514.158878Z_fefbebf42fbb_0/invariant_log.jsonl,0,e3b0c44298fc1c149afbf4c8996fb92427ae41e4649b934ca495991b7852b855
runs/20260807T020514.158878Z_fefbebf42fbb_0/lineage.parquet,6966,62a4b1def4221f8a611972bdabe889eb3bd3a55f136e0e228a88c884ab3516a5
runs/20260807T020514.158878Z_fefbebf42fbb_0/manifest.json,486,52911b3207ff22f7d29c4bf73716ee0b0db9277a31342fe9d7cae39569bc82a1
runs/20260807T020514.158878Z_fefbebf42fbb_0/population.parquet,31837406,262b1927fccea8707787ec372981ae1a3ff6e4507afb2732ffa3387632e4a3b0
runs/20260807T020514.158878Z_fefbebf42fbb_0/tapes.parquet,3760589,52944f8d2c5a3af86cc081099f856c14fa8683e07bf70a07390d492746ec5385
runs/20260807T020514.158878Z_fefbebf42fbb_0/ticks.parquet,702301,a9f7c5f9a3269805ff30cb27237cde7380731273c1e92e736098173e5a7ae792
runs/20260807T020514.158881Z_c7d7bb62a63e_4/config.toml,1480,c7d7bb62a63ed2bf872793fa2a03ffccbde1f8a062880043d5b2dcfb2a099483
runs/20260807T020514.158881Z_c7d7bb62a63e_4/events.parquet,844,893345edb2270b207b622d6a44a5b60761850a1d4f09a22fd69a357672fdc547
runs/20260807T020514.158881Z_c7d7bb62a63e_4/interactions.parquet,118571127,0f4a87d57fc90b180fd7f6315adb8922a8e60326ad067ac37383e3409a1d9e26
runs/20260807T020514.158881Z_c7d7bb62a63e_4/invariant_log.jsonl,0,e3b0c44298fc1c149afbf4c8996fb92427ae41e4649b934ca495991b7852b855
runs/20260807T020514.158881Z_c7d7bb62a63e_4/lineage.parquet,6987,70e565ff736eb9698ae398b0c18638169a3f6126541bdc7765b73cbb31ca5eaa
runs/20260807T020514.158881Z_c7d7bb62a63e_4/manifest.json,486,2621b9508b96355d5435b3a4b7a83b3ef9b50f601ad9ab90b005bcdda23fd4ad
runs/20260807T020514.158881Z_c7d7bb62a63e_4/population.parquet,41814906,9b9ea83a889af45bbeb6d7a797ff5b6e738b7f323a6107044f0a8c8e7349df53
runs/20260807T020514.158881Z_c7d7bb62a63e_4/tapes.parquet,3710920,dc5d9987257d5d8cae871bbefeac9881110f084a624cc7a4aef0b67b72f382dc
runs/20260807T020514.158881Z_c7d7bb62a63e_4/ticks.parquet,700015,f3676e24d04601a3a0c00beb898421d6f80e407d13010ac7c521b35c1309cf76
runs/20260807T020514.158890Z_2e002612733e_2/config.toml,1480,2e002612733e77879de7514a4c30e87292a4d48f8529cfcd30ca049dad71c04f
runs/20260807T020514.158890Z_2e002612733e_2/events.parquet,844,893345edb2270b207b622d6a44a5b60761850a1d4f09a22fd69a357672fdc547
runs/20260807T020514.158890Z_2e002612733e_2/interactions.parquet,137444056,849993ed8078d5546b97d932ac708cd8732dc0d2295b315ad0807a3dbc43e810
runs/20260807T020514.158890Z_2e002612733e_2/invariant_log.jsonl,0,e3b0c44298fc1c149afbf4c8996fb92427ae41e4649b934ca495991b7852b855
runs/20260807T020514.158890Z_2e002612733e_2/lineage.parquet,6945,49e08a8a0eb5c2254154d077f415fce08590c082e3d90c2e0aac36526a48ace6
runs/20260807T020514.158890Z_2e002612733e_2/manifest.json,487,b0357e221cccbf6593f4e78a83cb13d2268b7ab9ced433fb986346d25eb37ec0
runs/20260807T020514.158890Z_2e002612733e_2/population.parquet,50887257,4e9e89d5896c5aa18f941303f3c1bbf41b2e5caf7b56e0719e395a33263d5050
runs/20260807T020514.158890Z_2e002612733e_2/tapes.parquet,3593614,b8ac08e5845a7814083a5b162f033b29aec84fb6cc6f0b26f9223ec0cf196505
runs/20260807T020514.158890Z_2e002612733e_2/ticks.parquet,703779,b8b6bd4fa3c7f9b867d5e6abb1f3a319f817e9602bd1f837a75d5499e54c95be
runs/20260807T021319.713509Z_dea3bf27c7f3_8/config.toml,1480,dea3bf27c7f3dfdbb774ede48f0a74c4db6ae928713774dfa2b860d553abef08
runs/20260807T021319.713509Z_dea3bf27c7f3_8/events.parquet,844,893345edb2270b207b622d6a44a5b60761850a1d4f09a22fd69a357672fdc547
runs/20260807T021319.713509Z_dea3bf27c7f3_8/interactions.parquet,111776495,3ada58746807442ee6a270f483ead2078ba92d8aedf27e9ce035db164f5a1d55
runs/20260807T021319.713509Z_dea3bf27c7f3_8/invariant_log.jsonl,0,e3b0c44298fc1c149afbf4c8996fb92427ae41e4649b934ca495991b7852b855
runs/20260807T021319.713509Z_dea3bf27c7f3_8/lineage.parquet,6953,777d9d3068feb3963067e309225eeeb921f0caff3ffb94e2b5a5db8ad57811e6
runs/20260807T021319.713509Z_dea3bf27c7f3_8/manifest.json,486,0b1c5c624778f46037e667ceedd62d703ee9438a08862028de96d36fc015f889
runs/20260807T021319.713509Z_dea3bf27c7f3_8/population.parquet,38919271,090817dfc3b5bbc5f3205af623d65237ecf4ed0309f7608e3026e16f6eb28ffa
runs/20260807T021319.713509Z_dea3bf27c7f3_8/tapes.parquet,3754676,4d3ba051b00226526808daa7261689fd143c46a976167b3ebdd294a8432cf476
runs/20260807T021319.713509Z_dea3bf27c7f3_8/ticks.parquet,703209,1aaf8b8c73f96b52240709507dbc034e41e122c4bea927bb1052b2a753c292dd
runs/20260807T021433.909378Z_9b9af33bac8d_9/config.toml,1480,9b9af33bac8d0ebdc6c9884017d5456a4634f7c269eada984d52259c96cfa5ea
runs/20260807T021433.909378Z_9b9af33bac8d_9/events.parquet,844,893345edb2270b207b622d6a44a5b60761850a1d4f09a22fd69a357672fdc547
runs/20260807T021433.909378Z_9b9af33bac8d_9/interactions.parquet,122519990,ddafb09eef594e5683fa019ef1e1e5807a4257c9cd9f74bdd79adeb9d42b2c14
runs/20260807T021433.909378Z_9b9af33bac8d_9/invariant_log.jsonl,0,e3b0c44298fc1c149afbf4c8996fb92427ae41e4649b934ca495991b7852b855
runs/20260807T021433.909378Z_9b9af33bac8d_9/lineage.parquet,6986,0b6d45364c97008b9d6c94bbb4bf5a6fe75414da3c8ec303060f82300efe1295
runs/20260807T021433.909378Z_9b9af33bac8d_9/manifest.json,486,4163995b7059ec45d886d0bd918a3f6782e4145b3575a8d58d95386d8bdf7cbc
runs/20260807T021433.909378Z_9b9af33bac8d_9/population.parquet,43979131,30f8912e12bffee244349e79c8348f377c66a6aeeb92a5f57b6eb1dae38fb910
runs/20260807T021433.909378Z_9b9af33bac8d_9/tapes.parquet,3735645,a4d3c9224f5efa26253e5ecd09f0dbc86d6439c8fdb3f7f84ab1a8f25b4b9a75
runs/20260807T021433.909378Z_9b9af33bac8d_9/ticks.parquet,705171,7aa890ce337c81c7e421f8c77e5eb0b29220c47c99bc2ec6334e7ac3fa177a22
runs/20260807T021508.195321Z_73821ef2e205_10/config.toml,1481,73821ef2e2059af89f8938c7eb02cbe9b7bc2534fffce924dbf3e78c8ecca457
runs/20260807T021508.195321Z_73821ef2e205_10/events.parquet,844,893345edb2270b207b622d6a44a5b60761850a1d4f09a22fd69a357672fdc547
runs/20260807T021508.195321Z_73821ef2e205_10/interactions.parquet,83302408,1e7203cb6dda092ff6e2b60c9f4fcdac7c11f86f73ef9d0a1cddc98e1a331d90
runs/20260807T021508.195321Z_73821ef2e205_10/invariant_log.jsonl,0,e3b0c44298fc1c149afbf4c8996fb92427ae41e4649b934ca495991b7852b855
runs/20260807T021508.195321Z_73821ef2e205_10/lineage.parquet,6959,5ae23515cb8b7ef8c5f81282b5c2f9d6f40025f48e653e3cb8438445dc5d2edf
runs/20260807T021508.195321Z_73821ef2e205_10/manifest.json,487,b8560f80559957d25f159042021efc951ea58269ca3f9d405e8c7d12e618b6ac
runs/20260807T021508.195321Z_73821ef2e205_10/population.parquet,27575744,072525c2074387861432d08212057ebc0134638f01e012276bcefbd189604134
runs/20260807T021508.195321Z_73821ef2e205_10/tapes.parquet,4028858,a53c60c2d14a9f5baf7629c8562127f6892fa4574646399aea916c87d812f90c
runs/20260807T021508.195321Z_73821ef2e205_10/ticks.parquet,707151,8ccf13510e8052d5efab6d230e582561bb8bc069cefe0ba3b9a0dfadc91c5339
runs/20260807T021609.474007Z_5b06e3bb3a2d_11/config.toml,1481,5b06e3bb3a2da5d22bbffc5b8c8ce2151e1a33a7cbd2153027fd4b265bdb22fb
runs/20260807T021609.474007Z_5b06e3bb3a2d_11/events.parquet,844,893345edb2270b207b622d6a44a5b60761850a1d4f09a22fd69a357672fdc547
runs/20260807T021609.474007Z_5b06e3bb3a2d_11/interactions.parquet,70334414,cc2e39afc28741fe2274ecbad1eb96c33665a34de13f6f565a70f500c3a735c0
runs/20260807T021609.474007Z_5b06e3bb3a2d_11/invariant_log.jsonl,0,e3b0c44298fc1c149afbf4c8996fb92427ae41e4649b934ca495991b7852b855
runs/20260807T021609.474007Z_5b06e3bb3a2d_11/lineage.parquet,6979,2f0d6c0efd6b0b22420ea18d2ac91003cb72ae9c06b1010c08d75e7fbc1c42c3
runs/20260807T021609.474007Z_5b06e3bb3a2d_11/manifest.json,486,09a8c54773c06b93c986de12ab8627b4a3723bf1ec3b7a4ccdd052d09d18034a
runs/20260807T021609.474007Z_5b06e3bb3a2d_11/population.parquet,22690188,6e4003e480281b745f3875f79f681241903e6982d5e108b8ce87d7e219c1e68d
runs/20260807T021609.474007Z_5b06e3bb3a2d_11/tapes.parquet,3940505,7d52ff4fc8006ae597d8833d935595fcdb45bef059912aa352772d331a47f913
runs/20260807T021609.474007Z_5b06e3bb3a2d_11/ticks.parquet,695643,0f37c299b9df9d8805fc308f57bd530df34ec6f611a7ff5a64b64de12c55add2
runs/20260807T021838.826728Z_2ef9d584dbe3_12/config.toml,1481,2ef9d584dbe3538a791ec3366235a08d8101d31d3332810e210c1696b6318fff
runs/20260807T021838.826728Z_2ef9d584dbe3_12/interactions.parquet,93965124,97b43d49a929ee9d0842834fd5e12b46ad52d0ed0f3de07af4a5c8ff8ba694c4
runs/20260807T021838.826728Z_2ef9d584dbe3_12/invariant_log.jsonl,0,e3b0c44298fc1c149afbf4c8996fb92427ae41e4649b934ca495991b7852b855
runs/20260807T021838.826728Z_2ef9d584dbe3_12/lineage.parquet,5268,d97a879108f551d1e52449d10376593130d9e8bdd9c437fce531a10b292b4e3d
runs/20260807T021838.826728Z_2ef9d584dbe3_12/manifest.json,416,62a7a3a901c6a494c28a228bedef5c0ab0220bee7747aab1d5e6a3bfcdb8791c
runs/20260807T021838.826728Z_2ef9d584dbe3_12/population.parquet,32756852,2deff2e9e51b2c2bd25c7c0ca176979d9a4cad0eb12fb92d91521ae57a835c9e
runs/20260807T021838.826728Z_2ef9d584dbe3_12/tapes.parquet,2998471,183578bac62a1f430c301489808bf17bb2280c7909c39d365a7c2fd17e150c7e
runs/20260807T021838.826728Z_2ef9d584dbe3_12/ticks.parquet,324899,3905eb5100e98ded6167cc069c1d111c8d4e7ed24202f6e7818ec93d82441a30
runs/20260807T022126.374250Z_3b8ba1d5de44_13/config.toml,1481,3b8ba1d5de44499724f7e4a7f891d9722f007f258269f496939f942432c086dc
runs/20260807T022126.374250Z_3b8ba1d5de44_13/events.parquet,844,893345edb2270b207b622d6a44a5b60761850a1d4f09a22fd69a357672fdc547
runs/20260807T022126.374250Z_3b8ba1d5de44_13/interactions.parquet,120873032,4258ac5b692c885e652c4f2fa0822d712ccd422122e948fa57ee19570831a59a
runs/20260807T022126.374250Z_3b8ba1d5de44_13/invariant_log.jsonl,0,e3b0c44298fc1c149afbf4c8996fb92427ae41e4649b934ca495991b7852b855
runs/20260807T022126.374250Z_3b8ba1d5de44_13/lineage.parquet,6965,6078dd072abcbc63c65a243149da6550087f52fcd4a7f0a6b4124c10bb2740f3
runs/20260807T022126.374250Z_3b8ba1d5de44_13/manifest.json,487,8fcced8f4b8c518ada45dd40828dcb6bfb6f32e10d8d07435e2fba634a2fdf16
runs/20260807T022126.374250Z_3b8ba1d5de44_13/population.parquet,43074213,6c205eca86a5585f684429ea9da2107a31eb181c572882d7065565787357effe
runs/20260807T022126.374250Z_3b8ba1d5de44_13/tapes.parquet,3595311,d0ae2563fabebef6396a0466ad1e696ccaaed3e5eb1fdc2ca5c707739f566c81
runs/20260807T022126.374250Z_3b8ba1d5de44_13/ticks.parquet,705128,f86f24f316b4eafdfe67ec2a54a6c85b352231e87791f4e631742d9e103713aa
runs/20260807T022206.537174Z_4c3d9036d919_14/config.toml,1481,4c3d9036d9194fca330c275d996f16e94cdee3ec221b137a2bff18dfc2537698
runs/20260807T022206.537174Z_4c3d9036d919_14/events.parquet,844,893345edb2270b207b622d6a44a5b60761850a1d4f09a22fd69a357672fdc547
runs/20260807T022206.537174Z_4c3d9036d919_14/interactions.parquet,97948584,defba46aed5eb3071d73bcfa2ba89cf46773ce2f2ede588d8a11a5185217c581
runs/20260807T022206.537174Z_4c3d9036d919_14/invariant_log.jsonl,0,e3b0c44298fc1c149afbf4c8996fb92427ae41e4649b934ca495991b7852b855
runs/20260807T022206.537174Z_4c3d9036d919_14/lineage.parquet,6956,6380383e4e22a03f0f02ea816ede77d18cf44b4a618b5c1d58fe7e908d86543b
runs/20260807T022206.537174Z_4c3d9036d919_14/manifest.json,488,d78e9fa587109e54b83905a2ca631ba55231aeb670d2ef06709c548fb37a96de
runs/20260807T022206.537174Z_4c3d9036d919_14/population.parquet,32888267,15d81f37944abc212bb593ae68b9a492f1b4dc46b54796e765b2deb1a7aa0cac
runs/20260807T022206.537174Z_4c3d9036d919_14/tapes.parquet,3692874,0ae747302558d73f100125ce8976bba7d978b4d9f2ab25cc7bedb9c455f7f7e5
runs/20260807T022206.537174Z_4c3d9036d919_14/ticks.parquet,701828,d6ee8a98161dde70c693c85cbf7c50ad30e4eb9977860cd4559e0f86a8990366
runs/20260807T022357.771526Z_d896e6efa283_15/config.toml,1481,d896e6efa2836f5c8e0d50ca7338b2f543e7d7786ac20ea9ae0987da0c1a8894
runs/20260807T022357.771526Z_d896e6efa283_15/interactions.parquet,121983214,b23d267ff063be0836f11e488ab0a058ebccc43e03e72bf61497432c34003999
runs/20260807T022357.771526Z_d896e6efa283_15/invariant_log.jsonl,0,e3b0c44298fc1c149afbf4c8996fb92427ae41e4649b934ca495991b7852b855
runs/20260807T022357.771526Z_d896e6efa283_15/lineage.parquet,5275,09513e562a113f8d0d0f35391c86c2eafffaf3d8fb92b16c3f880c688c19e7a8
runs/20260807T022357.771526Z_d896e6efa283_15/manifest.json,416,d5c6cc451a34e10d026ec746f1a755e9accb230a95c937b76fa25d3e03e8ece0
runs/20260807T022357.771526Z_d896e6efa283_15/population.parquet,45177272,7e4270ba293272c5e0d256e30721d1a5f2e54c6ff717be37efcc5064f569a692
runs/20260807T022357.771526Z_d896e6efa283_15/tapes.parquet,3240733,e130a4e09100d6ee5602e547086e2d9c8c675a57550ed9d3e099cd2f61ea6e31
runs/20260807T022357.771526Z_d896e6efa283_15/ticks.parquet,354258,b2aa796366a61eb7b11249933fac967ca8ce001ee618432a787b833b2421fc07
runs/20260807T022646.805670Z_14f9fc96d4bd_16/config.toml,1481,14f9fc96d4bd9a0d3f6344dca93e0ad1803f3ac0ddcc927ea70cd888f161ffbb
runs/20260807T022646.805670Z_14f9fc96d4bd_16/interactions.parquet,114695938,fc1f36d87f89f8d0273f2468424ef9cb87a763ead76721c7b5279e1ecd8f564f
runs/20260807T022646.805670Z_14f9fc96d4bd_16/invariant_log.jsonl,0,e3b0c44298fc1c149afbf4c8996fb92427ae41e4649b934ca495991b7852b855
runs/20260807T022646.805670Z_14f9fc96d4bd_16/lineage.parquet,5267,20742bb9e7e84fc5f2620a750a455f1140a963c2bfbfc73a792788baa07b367b
runs/20260807T022646.805670Z_14f9fc96d4bd_16/manifest.json,416,ef618e1850f94464f744752cd9344a5ffaa3105bbcc1f880b9215dbc738f5f86
runs/20260807T022646.805670Z_14f9fc96d4bd_16/population.parquet,42451340,cd7d39de14973cdb4de111976619e86188c17d5e89a655c5678d6588631c5533
runs/20260807T022646.805670Z_14f9fc96d4bd_16/tapes.parquet,2743280,f3dbae9915ce7035d7eb860960aa2e66911d954724079a37b81fa1f67b2455cd
runs/20260807T022646.805670Z_14f9fc96d4bd_16/ticks.parquet,315709,523ff52a01e7ee28dc5378940b0c4d1bec6604e7fd2a4f41bb581892a80800fc
runs/20260807T022939.219861Z_06fa26e2ae1d_17/config.toml,1481,06fa26e2ae1d072b94166b612c98b58d933d3590763f0bb60f6a2bff783c3a3c
runs/20260807T022939.219861Z_06fa26e2ae1d_17/interactions.parquet,112942043,40f98bf8dd0c473f5fc72b6abeb8e66db96669d31a94d954262099960f213d59
runs/20260807T022939.219861Z_06fa26e2ae1d_17/invariant_log.jsonl,0,e3b0c44298fc1c149afbf4c8996fb92427ae41e4649b934ca495991b7852b855
runs/20260807T022939.219861Z_06fa26e2ae1d_17/lineage.parquet,5250,6491f11993301842eef538aa6c701042b4fed28068a19dad9f78973bcc7e1fa2
runs/20260807T022939.219861Z_06fa26e2ae1d_17/manifest.json,416,e5661065b66a5cc83db6959b2cdf24140859050ffbb160961e8addd077e2a15f
runs/20260807T022939.219861Z_06fa26e2ae1d_17/population.parquet,40235880,177d975e254f566656ab2f997b2de5cc461ffe638d9d3a9c11265a7786ee69b7
runs/20260807T022939.219861Z_06fa26e2ae1d_17/tapes.parquet,3456591,c33082c6c7eb0146ad2bc30a728cd719c4ab0ed11b77ba64ed24877d4be0f013
runs/20260807T022939.219861Z_06fa26e2ae1d_17/ticks.parquet,353540,afdff500df33cb0fbbb3930ddca166af21f4696598c0d441c2ebadf2912792e7
runs/20260807T023048.046845Z_3b51daf36393_18/config.toml,1481,3b51daf363936c15aeb6d02d9bf00c6380e9191aede690d86d3ee56fbf5d3d54
runs/20260807T023048.046845Z_3b51daf36393_18/interactions.parquet,95262549,cc0474be07fe3b19a8cafdfadb9141b35f8cf02022165355280857c7888e1490
runs/20260807T023048.046845Z_3b51daf36393_18/invariant_log.jsonl,0,e3b0c44298fc1c149afbf4c8996fb92427ae41e4649b934ca495991b7852b855
runs/20260807T023048.046845Z_3b51daf36393_18/lineage.parquet,5273,6dfdd331321f9800fa0e308715836168bf1a2e430e97d6fa3baa267f726237b6
runs/20260807T023048.046845Z_3b51daf36393_18/manifest.json,416,2788b4ed83c0b13f9a7f4b05cdacae21ae4c7320f419926fa27467e1161f5c36
runs/20260807T023048.046845Z_3b51daf36393_18/population.parquet,35284266,2ff47b6b677d2ed6e6cb53264277b1b26889ccf0ecd0d10868cd0c8be586443e
runs/20260807T023048.046845Z_3b51daf36393_18/tapes.parquet,2291233,69b5258104ee4bc203089b6171fad5bfe7ff982b425befaddc0cdd7793727408
runs/20260807T023048.046845Z_3b51daf36393_18/ticks.parquet,262499,d9f94a8034d40dfafbe4e49fb9231a017397ff40f718c3576dce2f36cb0b615d
runs/20260807T023208.644648Z_f8d666919864_19/config.toml,1481,f8d666919864426303c141a3474d6923488ee9952f3a7f0edc34398c9b0dbc4d
runs/20260807T023208.644648Z_f8d666919864_19/interactions.parquet,82847611,22db88f189366e051bc70ebbb87f659bca86edfdbf718879893729d22804e0f4
runs/20260807T023208.644648Z_f8d666919864_19/invariant_log.jsonl,0,e3b0c44298fc1c149afbf4c8996fb92427ae41e4649b934ca495991b7852b855
runs/20260807T023208.644648Z_f8d666919864_19/lineage.parquet,5252,852bf8b7a2eeaa1dc4367c4c0dc1f2fff8e08bf547f8be0823e80f906e423758
runs/20260807T023208.644648Z_f8d666919864_19/manifest.json,416,7d0b74d26b90314078db36acdcde6d7ef194210356cf04476e21ada04e19021c
runs/20260807T023208.644648Z_f8d666919864_19/population.parquet,31298860,05b564b7a01c0693d3b3119bcbdf44f2103f94dd21384ca86c1dde692966b721
runs/20260807T023208.644648Z_f8d666919864_19/tapes.parquet,2215611,b279adf6477d9c2f1032f2b1d2c6003e5dd06972bc94b1b2745afe08fb9ff262
runs/20260807T023208.644648Z_f8d666919864_19/ticks.parquet,231184,64357aff6bf488586a1ea80d85054838dfa017a3281145cc63eadb44ead0f0e6
runs/20260807T024855.275329Z_bac88f09d457_1/analysis_high_order_entropy.parquet,4387,3eb961a63b48884cc3b11a78e52203bb48d7609fbe31d537d60656a672a33d46
runs/20260807T024855.275329Z_bac88f09d457_1/analysis_hill_numbers.parquet,173918,33f55e866d1d7c41628bcebbb1f43027c839c92157785b83b3d5160e57d1a319
runs/20260807T024855.275329Z_bac88f09d457_1/config.toml,1511,bac88f09d4572e2b089d2e3d0a60b6cefab45ed9c7318d3d0102c8377b88f01f
runs/20260807T024855.275329Z_bac88f09d457_1/events.parquet,844,893345edb2270b207b622d6a44a5b60761850a1d4f09a22fd69a357672fdc547
runs/20260807T024855.275329Z_bac88f09d457_1/interactions.parquet,110346000,0329bc8984ebe045ce28098e17550c2f4bc50d5c915bed1127222a50bc2c5d39
runs/20260807T024855.275329Z_bac88f09d457_1/invariant_log.jsonl,0,e3b0c44298fc1c149afbf4c8996fb92427ae41e4649b934ca495991b7852b855
runs/20260807T024855.275329Z_bac88f09d457_1/lineage.parquet,6967,d4d3b1f62df8a4d29f51f0d86bd0bee11bfaa1fccdb078a3de9bc91f625cb70f
runs/20260807T024855.275329Z_bac88f09d457_1/manifest.json,486,c1679bae0837c594bd017a6cb662509f1fc1d4b2f7eb4937ca8e7598dbf7db50
runs/20260807T024855.275329Z_bac88f09d457_1/population.parquet,38246037,f277a604ce43767f57b80226a58269cf5a32ef5e5be562e4a71201b463d2e544
runs/20260807T024855.275329Z_bac88f09d457_1/stage0_report.md,951,faf29d5d75658e9b6394f97ce8395c28b3882c9151a985ad013e511cd193d3cd
runs/20260807T024855.275329Z_bac88f09d457_1/tapes.parquet,4160494,8565d2c40e9f81ff5c1a52343bd53173e04d4ea916f7de41ccf18a1dc57412f7
runs/20260807T024855.275329Z_bac88f09d457_1/ticks.parquet,700732,aae054090a2c1f66c5d0984a9d33b7a0811d351d9b90695f9413dd22192fe48a
runs/20260808T034006.807001Z_5eef6826453d_18/config.toml,1513,5eef6826453dbdbb8035d2f4cf66931347fb7261ff156773e2503cae87ac6776
runs/20260808T034006.807001Z_5eef6826453d_18/events.parquet,1526,3c6ecf941c289c13ba3916c188d9591689fa3d23e1f2dde296ff5f8eccfd9a79
runs/20260808T034006.807001Z_5eef6826453d_18/interactions.parquet,92473218,f47a28258bc463a3da7c4722b10ad494e9641e5f82ba9b4f267463bd07535974
runs/20260808T034006.807001Z_5eef6826453d_18/invariant_log.jsonl,0,e3b0c44298fc1c149afbf4c8996fb92427ae41e4649b934ca495991b7852b855
runs/20260808T034006.807001Z_5eef6826453d_18/lineage.parquet,6971,3a8e9e181444324f7c32df6d9c13fa698b12516606ceabb32051942c586ea9aa
runs/20260808T034006.807001Z_5eef6826453d_18/manifest.json,488,dffc10273aaaaf7256931746ddd06312d5df1774f94148cd37176a1df34eb851
runs/20260808T034006.807001Z_5eef6826453d_18/population.parquet,44251044,62b4d99a1e7efbd04b98e00fb1fb4bb67690839ad1a05a8afa8286049bffa3af
runs/20260808T034006.807001Z_5eef6826453d_18/tapes.parquet,20560561,7debf99e8cfa0f406de5849262fcc31f652974beace423972281396275b596dd
runs/20260808T034006.807001Z_5eef6826453d_18/ticks.parquet,3501251,f55aa8d5ecb7059475c56a232e63298afe528703314697ab4c84f1ceebb469ab
runs/20260808T061705.314853Z_d53a538a5aed_7/analysis_conservation.parquet,3542,a94d531d9aa6a3568cc263844c9a6be8ca58a754582b878d1f8a472b3d3208f0
runs/20260808T061705.314853Z_d53a538a5aed_7/config.toml,1489,d53a538a5aed8e33f9710dd37b64bd0a3c8e2100c574e284f13ad89439a448b1
runs/20260808T061705.314853Z_d53a538a5aed_7/events.parquet,844,893345edb2270b207b622d6a44a5b60761850a1d4f09a22fd69a357672fdc547
runs/20260808T061705.314853Z_d53a538a5aed_7/interactions.parquet,13551,3778eb25202ea241369e708e237c174cb1229c5422d451ebc1d4c4e01f0ab053
runs/20260808T061705.314853Z_d53a538a5aed_7/invariant_log.jsonl,0,e3b0c44298fc1c149afbf4c8996fb92427ae41e4649b934ca495991b7852b855
runs/20260808T061705.314853Z_d53a538a5aed_7/lineage.parquet,2413,1465386663f43114a4eaefa5d2aa934b366812c27060a8bb537e893f22870f30
runs/20260808T061705.314853Z_d53a538a5aed_7/manifest.json,488,8d057d1d2ca530e10a852e72abdd2cfe02a7521c282f7192ef1696d77c571257
runs/20260808T061705.314853Z_d53a538a5aed_7/population.parquet,4835,615841774b296d5b7cca65bea180df5d27397cdaba7d3f1fe6d77029f53dc4b5
runs/20260808T061705.314853Z_d53a538a5aed_7/stage1_report.md,476,0c788db74628a4b657660ebcf148d3541d58af7737ff27943e0a96ceb981dc65
runs/20260808T061705.314853Z_d53a538a5aed_7/tapes.parquet,8734,272579d4a8bbc176472d82923e5346ceca8f67a6a3386a8803da13f06f0b68f1
runs/20260808T061705.314853Z_d53a538a5aed_7/ticks.parquet,9199,a0b2dd494dca1c7784e53a3e9d2235e908e4c4d936ede34607c769df83245a14
runs/20260808T061732.016519Z_6ca92e999401_1/analysis_conservation.parquet,4106,6d98a5ce0ab756bfa5601eb1cce121a5ad9264acd09227bf30e40c45c778e0a0
runs/20260808T061732.016519Z_6ca92e999401_1/config.toml,1511,6ca92e9994018aac0c5f449250daadf6b8cbe107b2d09a6beaf1c3e6752b3230
runs/20260808T061732.016519Z_6ca92e999401_1/events.parquet,844,893345edb2270b207b622d6a44a5b60761850a1d4f09a22fd69a357672fdc547
runs/20260808T061732.016519Z_6ca92e999401_1/interactions.parquet,88934798,124c8dcfe262a4163aef7ab98797b1f74d29b690e0e1e41fc9eecbe8da8f9161
runs/20260808T061732.016519Z_6ca92e999401_1/invariant_log.jsonl,0,e3b0c44298fc1c149afbf4c8996fb92427ae41e4649b934ca495991b7852b855
runs/20260808T061732.016519Z_6ca92e999401_1/lineage.parquet,6967,d4d3b1f62df8a4d29f51f0d86bd0bee11bfaa1fccdb078a3de9bc91f625cb70f
runs/20260808T061732.016519Z_6ca92e999401_1/manifest.json,486,348811fde75b9462a68acaeb11cccae287a0ccd175b6fbee4b78d601199644b8
runs/20260808T061732.016519Z_6ca92e999401_1/population.parquet,29714059,de253cab34bfe123390ae6f56dfbf7da0c59084dabcd6942f9aec138efaf399b
runs/20260808T061732.016519Z_6ca92e999401_1/stage1_report.md,484,682406f3c446ca8909722bfa5a733972679023c536488f99582619c1a8dd7f29
runs/20260808T061732.016519Z_6ca92e999401_1/tapes.parquet,4206208,908c36f0d5593c7e596c4c0a2cf84f31f6cefb90e5ac8cfca8d9d09bbe9fba93
runs/20260808T061732.016519Z_6ca92e999401_1/ticks.parquet,6765500,b90ac92b78cbca27b91d1eb38c6e55cdd51c4c8ae6dbfb94233c1e92e51ff8e0
runs/20260808T065716.191223Z_233d529f7d48_7/config.toml,2020,233d529f7d48af41fe784c4d45fa4b6ddc6994e3e764c928f43b2dfc7c77e750
runs/20260808T065716.191223Z_233d529f7d48_7/effective_config.toml,2020,233d529f7d48af41fe784c4d45fa4b6ddc6994e3e764c928f43b2dfc7c77e750
runs/20260808T065716.191223Z_233d529f7d48_7/events.parquet,1516,5c0aaffaa3d1b91325e43b42fc9a84ce6d8c51771eb463a901383c0725f9960b
runs/20260808T065716.191223Z_233d529f7d48_7/interactions.parquet,7378,ae6c0d2d96e944858a103a35ea55f4e235d2e43feba47eb4d5ac6b6b0441481e
runs/20260808T065716.191223Z_233d529f7d48_7/invariant_log.jsonl,0,e3b0c44298fc1c149afbf4c8996fb92427ae41e4649b934ca495991b7852b855
runs/20260808T065716.191223Z_233d529f7d48_7/lineage.parquet,2413,1465386663f43114a4eaefa5d2aa934b366812c27060a8bb537e893f22870f30
runs/20260808T065716.191223Z_233d529f7d48_7/manifest.json,527,44532c63b86365a590a386270730fff93c9fd32fe3af6a7729788d9c7dc911c8
runs/20260808T065716.191223Z_233d529f7d48_7/parameter_changes.jsonl,0,e3b0c44298fc1c149afbf4c8996fb92427ae41e4649b934ca495991b7852b855
runs/20260808T065716.191223Z_233d529f7d48_7/population.parquet,2692,0253f52fd977bccced68016804262a17e9319cf483f945c418197d8933be7964
runs/20260808T065716.191223Z_233d529f7d48_7/tapes.parquet,4364,12949f59cd75e5a2085284aa4e54ce64743c3f9f2ee8f4c8b792fcf5a226dc29
runs/20260808T065716.191223Z_233d529f7d48_7/ticks.parquet,5336,2540e1b2ffa94fa391c150ba81f91888883ce77b00c0e128755925853b658bda
runs/20260809T012758.832775Z_f89ab436743c_18/config.toml,2045,f89ab436743cc1d573f4f03571a96ebbe39075fad4831f6411237f900a8c9bf9
runs/20260809T012758.832775Z_f89ab436743c_18/effective_config.toml,2047,18ac129cb4387ae590d8202517c1ed07f7e6aa7f1a4df2a4ba14953710f73db0
runs/20260809T012758.832775Z_f89ab436743c_18/events.parquet,15295,2637b4629f41fb3b2633d6665471db3cae5b06e1f0309861c054a5ba080a249a
runs/20260809T012758.832775Z_f89ab436743c_18/interactions.parquet,7110011,1650a6f65962cdf21d2a8d64fb808dc3c52439caa20613f06c6b674f46301168
runs/20260809T012758.832775Z_f89ab436743c_18/invariant_log.jsonl,0,e3b0c44298fc1c149afbf4c8996fb92427ae41e4649b934ca495991b7852b855
runs/20260809T012758.832775Z_f89ab436743c_18/lineage.parquet,6971,3a8e9e181444324f7c32df6d9c13fa698b12516606ceabb32051942c586ea9aa
runs/20260809T012758.832775Z_f89ab436743c_18/manifest.json,528,740df8348b739e1f685d5b375697098d3350ccf2398836be8a0b304256f6d098
runs/20260809T012758.832775Z_f89ab436743c_18/parameter_changes.jsonl,2918,86916cee388346351d96a89a3a30c317a1452c3d271e112bb950186689e08dba
runs/20260809T012758.832775Z_f89ab436743c_18/population.parquet,3334418,9fc74de9d7b03fdfc5f74c0e48b1457857fce128a4abf1df30366efb3e13c6b8
runs/20260809T012758.832775Z_f89ab436743c_18/tapes.parquet,1942731,93af8ba258613e28b4f3206bb9eedcce087dd8303193dd52a4c731e7a9c660fb
runs/20260809T012758.832775Z_f89ab436743c_18/ticks.parquet,2827606,d9324b039093f165a4e9bfed6cc50e9c11915cda227c22de8d7b0d05f0ed5fbf
runs/20260815T064251.107236Z_a23332063e35_0/config.toml,2032,a23332063e35e234649f71271e4f86af84ca4765fc341db7f91b7fefd6d0d14e
runs/20260815T064251.107236Z_a23332063e35_0/effective_config.toml,2026,14a7b202743463eeff643b70473b927d2b8a262d772e01cbd7845d814d1777dc
runs/20260815T064251.107236Z_a23332063e35_0/events.parquet,13085,744d803995163c74a5dc41c2e3245f243a5e97ddf8ff5af963928a24393f254a
runs/20260815T064251.107236Z_a23332063e35_0/interactions.parquet,74340786,ecc4c052f8781556362916d7a4075afd47d2999c68f75b2b95d54121943549c5
runs/20260815T064251.107236Z_a23332063e35_0/invariant_log.jsonl,0,e3b0c44298fc1c149afbf4c8996fb92427ae41e4649b934ca495991b7852b855
runs/20260815T064251.107236Z_a23332063e35_0/lineage.parquet,6966,62a4b1def4221f8a611972bdabe889eb3bd3a55f136e0e228a88c884ab3516a5
runs/20260815T064251.107236Z_a23332063e35_0/manifest.json,526,758b5ac04d5c33674ada8db9212c3fee0b773d2919aca4753dcdf366e8918c4a
runs/20260815T064251.107236Z_a23332063e35_0/parameter_changes.jsonl,2044,7498bb2f035861ea6d1acc717b767a580520ee8baffe1e4cce05c92ec66d964e
runs/20260815T064251.107236Z_a23332063e35_0/population.parquet,15616666,f4ef2516c0e2d45148806f99d4766247c68e7e04a0a198ef4057f5e8f52af1c5
runs/20260815T064251.107236Z_a23332063e35_0/tapes.parquet,223555322,f6c2eaee8593799d082c066ef923461e4be022d970a5575d31eccfd27a3761c6
runs/20260815T064251.107236Z_a23332063e35_0/ticks.parquet,4796767,056b7934a4ad4dc9c6ba49d799c77597e3e6ed9763fe172fc121e3d59a42e7c0
runs/_detached_test.log,0,e3b0c44298fc1c149afbf4c8996fb92427ae41e4649b934ca495991b7852b855
runs/batch5_g1_excl6.log,69,50796b8c06a1d3f39cab332c4c17223164c09831ed74b067c240acd0c86742aa
runs/batch5_g2_excl1.log,69,31afc2450db49c87c4d10fccee680ee4e8db9d5fe8fa79e51e24b920527b7a0d
runs/batch5_g3a_u005.log,74,2705d497ce9dae7a90ded56c13886f8781f085d4da66f13a9806cfc6e631d45e
runs/batch5_g3b_u01.log,73,55c71eb521c92431f1bcd00a97b8dbb439ce9e3345e085598eefd86a1d82d22a
runs/batch5_g4_u16_s3.log,66,6470ee16e1ab9159c85a388b7f716c7e3efab9483e10bcfbbed5369f5cef6784
runs/batch5_g4_u16_s4.log,66,aa8605d661db53bb720615dc719158e9885ad6a84300b93a43d9ee6cceb8ceb7
runs/batch6_h1_s0.log,71,804cfde4e284c5884e091715aa362e7895def7bf476b61926800e754af630e40
runs/batch6_h1_s1.log,71,bca07780d2fc0abb0ad1aeb3e4d2c76e20ee4312c9ef2b0f4be0bc655907b2ab
runs/batch6_h1_s2.log,71,1ad73cdd60f9d7dfdbe5bd5b5a6b7b585a0cd1717823fab38230e08cab345f89
runs/batch6_h1_s3.log,71,0497f0cba2f017e0199298b4e7c85f4e49a7f366577d246ecb7397c60ea4e2df
runs/batch6_h1_s4.log,71,54bd40cd02b0db18268eb997226180eff61511d012774d87522ed42593d84fd5
runs/batch6_h2_s0.log,71,4d4d7ed2ca088f46ab0069dd436ec3e6a5ce8be41857965b31fb313f0696415d
runs/batch6_h2_s1.log,71,59c8c8fd25bcba898cab494d5213f1ebacd826a2970651218ed90742906a804e
runs/batch6_h2_s2.log,71,171c20c809a7b632c9578427423c05a11c0b6b7ec35745a048ee8ed6df9b3d3a
runs/batch7_i1_s0.log,76,cf958633ca7ba7012f854f1ea441fd3750423f6e2b7a3b33d83d8f3554907eb1
runs/batch7_i1_s1.log,76,a318ab177207361588b9fcde1f2501a77f4f4d7c5102d1b3f7ef994bccd6abcb
runs/batch7_i1_s2.log,76,5b8fbd0deefc5b0529d3e7eb35f59c88b1c1b1beab8fcc028700814dc0391954
runs/batch7_i1_s3.log,76,f6ed87d6d91c0750fb13e9db796d2ebdc99062543ec74d05b3ac709e4393f8fb
runs/batch7_i1_s4.log,76,74b438381046a956aca00687ffb4e3b6ed1b74161e643e995523e16941885d4b
runs/batch7_i2_s0.log,76,e20244c07515fa40aaea5e0f8ea41b7300958a278002836080b110b9eb6aae7b
runs/batch7_i2_s1.log,76,48d944e06e37958425b43c33c347e434cbb6a69c5e213d3a843af4b94187855d
runs/batch7_i2_s2.log,76,2670aede6e89d5e80d0a7e2469e69018290006b8ec6164ef88e54ff4a7ff282e
runs/p0_7_reference_seed_2_transition.npy,8388736,503a88e7e318687976a85d036fd3eaca2f1e3e37928d9383d0f9232c8a24f36e
runs/p0_mutation_pilot.pid,5,9622b55f4abde01a6b10c8bacd7c39265427568c62c551906439b45c8b563476
runs/p0_mutation_pilot.stdout.log,342,5eeba83ab783ea9e24a17af9f3681ff2b7345cf529062c5c3d958004bd4c389b
runs/p1_pool_multiplier_pilot.pid,6,8cab2b08e916552450ed5b6c630616f7ec13d8de36c918af3c57bf82df899547
runs/p1_pool_multiplier_pilot.stdout.log,46,820f76f122b9eae2aec549312ed521e475aa0578385ad034a82dfd2e48331131
runs/p1new_A.pid,5,12e80656b463b65283183499e94d741c56cfa7a8b4e7b6270d3a6e7015318a73
runs/p1new_A.stderr.log,0,e3b0c44298fc1c149afbf4c8996fb92427ae41e4649b934ca495991b7852b855
runs/p1new_A.stdout.log,2504,bd8dae49be0cf00d35901078c3637cf9490d5e9dfaffd7767aa2094d4cd8ceae
runs/p1new_B.pid,5,9f8a756bd6115015132032f09ff8adb1d0518f8099a994a5b4faab4d0a494adf
runs/p1new_B.stderr.log,0,e3b0c44298fc1c149afbf4c8996fb92427ae41e4649b934ca495991b7852b855
runs/p1new_B.stdout.log,681,f1a3bd9f433d92ad571de8c2c182800a47e7c810d32d76d5d270c0d266865c25
runs/p1new_Bc.pid,5,caf1fd3a811604d1469cebb1c39a735e884c016cd95722622eedd5cc3173877d
runs/p1new_Bc.stderr.log,0,e3b0c44298fc1c149afbf4c8996fb92427ae41e4649b934ca495991b7852b855
runs/p1new_Bc.stdout.log,205,3102e53fa336c181dc3d6c12443ed9f7281309eee3c4f8010f8fb0a2907f03b5
runs/p1new_C.pid,5,d245d458ade232519dddd6bc29ed9af20f6ce1000f94c85047076cabc0a8b334
runs/p1new_C.stderr.log,0,e3b0c44298fc1c149afbf4c8996fb92427ae41e4649b934ca495991b7852b855
runs/p1new_C.stdout.log,1023,7b43e0c53fb67babe4c67e41b5056da7cdbcafb118d5f080b5dfbedb3054d238
runs/p1new_batch2.pid,5,bd003a9ba587825d6f10139844273a2ecdfa57546e05d66a2d003528b2f6ed8b
runs/p1new_batch2.stderr.log,0,e3b0c44298fc1c149afbf4c8996fb92427ae41e4649b934ca495991b7852b855
runs/p1new_batch2.stdout.log,1176,f77948883b4082d68d9a6731bc4e592a2553949a32b71f60426afbd132d978fc
runs/p1new_batch3.pid,6,ccb5953a7ec5bd83625653ebc3c740b1561d433480c89a9784d72a5ad45786c2
runs/p1new_batch3.stderr.log,0,e3b0c44298fc1c149afbf4c8996fb92427ae41e4649b934ca495991b7852b855
runs/p1new_batch3.stdout.log,1186,6f6179f64099d2cea3a0f06f069ee4dbe71a65437ab92803af27e0036010d8cf
runs/paper_mutation_reference_seed0_transition.npy,8388736,3c0304ce770686749e328eaf2e136f69fbb9147c8b1271166a1d72d157369042
runs/paper_probe_seed0.pid,5,223605dc54f8d1c707df8cee00a216154a5b7ebbb1e62920c76c2cce67077192
runs/paper_probe_seed0.stdout.log,30,a9866e44f605a1082d4d9c37632b4dfb2572faef552f470eeda41a6f1aee14c7
runs/paper_probe_seed0_first_transition.npy,8388736,3c0304ce770686749e328eaf2e136f69fbb9147c8b1271166a1d72d157369042
runs/paper_probe_seed0_transition.npy,8388736,7530db43af8177bc141eda022ddc037edf61d48d1d6dbd73284f64c816d3c573
runs/paper_probe_seed0_transition.pid,6,0fa7aee9180f49eb492c34624e9444af096c5753126469ccf3140dc269279518
runs/paper_probe_seed0_transition.stdout.log,41,753dddd7a372f6be994474301d8a67db5ef2a8e4e2408499626d0548499ddc3c
runs/phase1_batch4.stderr.log,992,7e1dc23e634c15c575022f876f4134ea900ace5d8bfe53b886a3d7353b078849
runs/phase1_batch4.stdout.log,2935,d7e7cb77fc01279339e8066cf30a674e0aae4b6e5988bd967441fcda79ff75e4
runs/phase1_batch4_waiter.log,0,e3b0c44298fc1c149afbf4c8996fb92427ae41e4649b934ca495991b7852b855
runs/phase1_batch5.stderr.log,0,e3b0c44298fc1c149afbf4c8996fb92427ae41e4649b934ca495991b7852b855
runs/phase1_batch6.stderr.log,0,e3b0c44298fc1c149afbf4c8996fb92427ae41e4649b934ca495991b7852b855
runs/phase1_batch7.stderr.log,0,e3b0c44298fc1c149afbf4c8996fb92427ae41e4649b934ca495991b7852b855
runs/postcommit/20260806T224218.006420Z_c810876696f9_7/config.toml,1415,c810876696f9ce8bf7b72ff8966ddd785490ef4db4681d8c750e875787e6994d
runs/postcommit/20260806T224218.006420Z_c810876696f9_7/events.parquet,844,893345edb2270b207b622d6a44a5b60761850a1d4f09a22fd69a357672fdc547
runs/postcommit/20260806T224218.006420Z_c810876696f9_7/interactions.parquet,13974,d2a826900fed7ec1ec955b2538d0917c8d2f08257a1cb49cccbb91d78c51bb53
runs/postcommit/20260806T224218.006420Z_c810876696f9_7/invariant_log.jsonl,0,e3b0c44298fc1c149afbf4c8996fb92427ae41e4649b934ca495991b7852b855
runs/postcommit/20260806T224218.006420Z_c810876696f9_7/lineage.parquet,2413,1465386663f43114a4eaefa5d2aa934b366812c27060a8bb537e893f22870f30
runs/postcommit/20260806T224218.006420Z_c810876696f9_7/manifest.json,489,205202262d954d079e6e79413ca878cda88cf0c470c6925ce00c292da955a110
runs/postcommit/20260806T224218.006420Z_c810876696f9_7/population.parquet,5107,c3321e32644815c02ebc8c0e1ae255c6863cedbe0ef522a98a913f37cae569c6
runs/postcommit/20260806T224218.006420Z_c810876696f9_7/tapes.parquet,8981,c5312bc49abdbe8a3c6a6a440bc399b9272cf28ff6b4565753e0c6c6b20ee275
runs/postcommit/20260806T224218.006420Z_c810876696f9_7/ticks.parquet,7588,d4987ebe40cdce4d9211bb1bf37ccc72bf8ee78395d34d46f3d08f11d9d11bbf
runs/probe/20260806T191741.588429Z_e78ac8675eae_1/analysis_hill_numbers.parquet,8066,b722c4d56f4334a6992f10ec254db00f1ae66cde792ba91ab75d007dd9310b1a
runs/probe/20260806T191741.588429Z_e78ac8675eae_1/config.toml,1430,e78ac8675eae517e97ff76a80190c4bf809dc75dd2973eadba8f34775c2b55d5
runs/probe/20260806T191741.588429Z_e78ac8675eae_1/events.parquet,844,893345edb2270b207b622d6a44a5b60761850a1d4f09a22fd69a357672fdc547
runs/probe/20260806T191741.588429Z_e78ac8675eae_1/interactions.parquet,9804277,92191775d14cbd3f1c9fe7054378a59513fa47e6cf0ded63de4d708ca89247e1
runs/probe/20260806T191741.588429Z_e78ac8675eae_1/invariant_log.jsonl,0,e3b0c44298fc1c149afbf4c8996fb92427ae41e4649b934ca495991b7852b855
runs/probe/20260806T191741.588429Z_e78ac8675eae_1/lineage.parquet,6967,d4d3b1f62df8a4d29f51f0d86bd0bee11bfaa1fccdb078a3de9bc91f625cb70f
runs/probe/20260806T191741.588429Z_e78ac8675eae_1/manifest.json,448,664f830a535d50a8c29c82c8e7d8855e6faf2aa1f040834dde23a758fc0fa33d
runs/probe/20260806T191741.588429Z_e78ac8675eae_1/population.parquet,2256092,64f6defe6f27c55968d94aaae5dca8f4f02594f90e4db9595914d0a73309ba77
runs/probe/20260806T191741.588429Z_e78ac8675eae_1/stage0_report.md,778,0325aaf5a2f4cf7ce27ab5c12892b560076f9f34017d684a5b47898f8995fa6f
runs/probe/20260806T191741.588429Z_e78ac8675eae_1/tapes.parquet,223401,bf07278ef50e5b7a594e7c48e77493310748abc51832538ff65d232d36f8e448
runs/probe/20260806T191741.588429Z_e78ac8675eae_1/ticks.parquet,36954,9113e50f25918083df794a0cca4f8a47a70c44057c18425326091c552c1f38c3
runs/reference_bff_seed0.pid,6,92a5b64cd90c86fbaa44d8810808786f88c43b6983a4a254fa2f49bf13d99b00
runs/reference_bff_seed0.stdout.log,0,e3b0c44298fc1c149afbf4c8996fb92427ae41e4649b934ca495991b7852b855
runs/stage0_batch.pid,6,173787da7c434d1e0a9e1944dac4be39dd56ae497729eec3ca936698175c450c
runs/stage0_batch.stderr.log,0,e3b0c44298fc1c149afbf4c8996fb92427ae41e4649b934ca495991b7852b855
runs/stage0_batch.stdout.log,918,a0b6f611fd8061ea8fb096fce87c1a7899ab3200cdac140697a848ea76e55989
runs/stage0_batch_report.md,1254,1e6b22d3a8d55586b2cb5de65873ca929af528f3db5c3f031523fb05d213ee7c
runs/stage0_corrected_batch.pid,6,26e28e436b1020b317b3148d09339a7541faa6da21fdcccbbd9828dda649dbc8
runs/stage0_corrected_batch.stdout.log,0,e3b0c44298fc1c149afbf4c8996fb92427ae41e4649b934ca495991b7852b855
runs/stage0_corrected_single.pid,6,1a6353b80d475d24e584ec66d78ac5487f2ec3f1a1e61e5a8213fd47db86c8a6
runs/stage0_corrected_single.stdout.log,61,2e41f21591c0b395d425f31a7860d4c3aa76e049c7468a2797a0fedf52b828cd
runs/stage0_mutation_probe.pid,6,7ba3cb65308f5f483a45181d173e2caebf60de96ac9a3597cd66670034acedc7
runs/stage0_mutation_probe.stdout.log,61,fa6c213b2126eb6532f1f935bd922e88a97c1b3cfd5a45458fd5033d39f17f82
runs/stage1_seed1.pid,6,c9ec397c8d03f77a9e6a683fa84c14de163f60fc902a80d736503ff380bee106
runs/stage1_seed1.stdout.log,61,39e5e19e6dd9416239fa2f72f968586d94d62ff86e8427dfbc4c3238cd6cda01
