seed,run_dir,tick,total_count,ancestry_count,ancestry_fraction,family_species_count
202608320,experiments/stringmol/runs/local-treatment/mixed/seed_202608320,0,150,10,0.06666666666666667,52
202608320,experiments/stringmol/runs/local-treatment/mixed/seed_202608320,100,144,10,0.06944444444444445,52
202608320,experiments/stringmol/runs/local-treatment/mixed/seed_202608320,200,141,13,0.09219858156028368,52
202608320,experiments/stringmol/runs/local-treatment/mixed/seed_202608320,300,155,12,0.07741935483870968,52
202608320,experiments/stringmol/runs/local-treatment/mixed/seed_202608320,400,143,14,0.0979020979020979,52
202608320,experiments/stringmol/runs/local-treatment/mixed/seed_202608320,500,170,14,0.08235294117647059,52
202608320,experiments/stringmol/runs/local-treatment/mixed/seed_202608320,600,170,14,0.08235294117647059,52
202608320,experiments/stringmol/runs/local-treatment/mixed/seed_202608320,700,196,16,0.08163265306122448,52
202608320,experiments/stringmol/runs/local-treatment/mixed/seed_202608320,800,193,17,0.08808290155440414,52
202608320,experiments/stringmol/runs/local-treatment/mixed/seed_202608320,900,187,20,0.10695187165775401,52
202608320,experiments/stringmol/runs/local-treatment/mixed/seed_202608320,1000,216,22,0.10185185185185185,52
202608320,experiments/stringmol/runs/local-treatment/mixed/seed_202608320,1100,215,25,0.11627906976744186,52
202608320,experiments/stringmol/runs/local-treatment/mixed/seed_202608320,1200,239,29,0.12133891213389121,52
202608320,experiments/stringmol/runs/local-treatment/mixed/seed_202608320,1300,231,31,0.1341991341991342,52
202608320,experiments/stringmol/runs/local-treatment/mixed/seed_202608320,1400,265,36,0.13584905660377358,52
202608320,experiments/stringmol/runs/local-treatment/mixed/seed_202608320,1500,251,37,0.14741035856573706,52
202608320,experiments/stringmol/runs/local-treatment/mixed/seed_202608320,1600,249,45,0.18072289156626506,52
202608320,experiments/stringmol/runs/local-treatment/mixed/seed_202608320,1700,277,48,0.17328519855595667,52
202608320,experiments/stringmol/runs/local-treatment/mixed/seed_202608320,1800,267,51,0.19101123595505617,52
202608320,experiments/stringmol/runs/local-treatment/mixed/seed_202608320,1900,298,54,0.18120805369127516,52
202608320,experiments/stringmol/runs/local-treatment/mixed/seed_202608320,2000,291,57,0.1958762886597938,52
202608320,experiments/stringmol/runs/local-treatment/mixed/seed_202608320,2100,327,59,0.18042813455657492,52
202608320,experiments/stringmol/runs/local-treatment/mixed/seed_202608320,2200,319,60,0.18808777429467086,52
202608320,experiments/stringmol/runs/local-treatment/mixed/seed_202608320,2300,308,71,0.2305194805194805,52
202608320,experiments/stringmol/runs/local-treatment/mixed/seed_202608320,2400,340,70,0.20588235294117646,52
202608320,experiments/stringmol/runs/local-treatment/mixed/seed_202608320,2500,332,79,0.23795180722891565,52
202608320,experiments/stringmol/runs/local-treatment/mixed/seed_202608320,2600,356,81,0.22752808988764045,52
202608320,experiments/stringmol/runs/local-treatment/mixed/seed_202608320,2700,353,87,0.24645892351274787,52
202608320,experiments/stringmol/runs/local-treatment/mixed/seed_202608320,2800,389,95,0.2442159383033419,52
202608320,experiments/stringmol/runs/local-treatment/mixed/seed_202608320,2900,391,102,0.2608695652173913,52
202608320,experiments/stringmol/runs/local-treatment/mixed/seed_202608320,3000,387,104,0.268733850129199,52
202608320,experiments/stringmol/runs/local-treatment/mixed/seed_202608320,3100,416,108,0.25961538461538464,52
202608320,experiments/stringmol/runs/local-treatment/mixed/seed_202608320,3200,409,110,0.26894865525672373,52
202608320,experiments/stringmol/runs/local-treatment/mixed/seed_202608320,3300,441,110,0.2494331065759637,52
202608320,experiments/stringmol/runs/local-treatment/mixed/seed_202608320,3400,421,112,0.2660332541567696,52
202608320,experiments/stringmol/runs/local-treatment/mixed/seed_202608320,3500,469,106,0.2260127931769723,52
202608320,experiments/stringmol/runs/local-treatment/mixed/seed_202608320,3600,464,116,0.25,52
202608320,experiments/stringmol/runs/local-treatment/mixed/seed_202608320,3700,460,122,0.26521739130434785,52
202608320,experiments/stringmol/runs/local-treatment/mixed/seed_202608320,3800,498,126,0.25301204819277107,52
202608320,experiments/stringmol/runs/local-treatment/mixed/seed_202608320,3900,485,127,0.2618556701030928,52
202608320,experiments/stringmol/runs/local-treatment/mixed/seed_202608320,4000,531,133,0.2504708097928437,52
202608320,experiments/stringmol/runs/local-treatment/mixed/seed_202608320,4100,520,139,0.2673076923076923,52
202608320,experiments/stringmol/runs/local-treatment/mixed/seed_202608320,4200,548,137,0.25,52
202608320,experiments/stringmol/runs/local-treatment/mixed/seed_202608320,4300,537,140,0.260707635009311,52
202608320,experiments/stringmol/runs/local-treatment/mixed/seed_202608320,4400,520,144,0.27692307692307694,52
202608320,experiments/stringmol/runs/local-treatment/mixed/seed_202608320,4500,557,150,0.26929982046678635,52
202608320,experiments/stringmol/runs/local-treatment/mixed/seed_202608320,4600,545,156,0.28623853211009176,52
202608320,experiments/stringmol/runs/local-treatment/mixed/seed_202608320,4700,605,165,0.2727272727272727,52
202608320,experiments/stringmol/runs/local-treatment/mixed/seed_202608320,4800,595,171,0.28739495798319326,52
202608320,experiments/stringmol/runs/local-treatment/mixed/seed_202608320,4900,647,177,0.2735703245749614,52
202608320,experiments/stringmol/runs/local-treatment/mixed/seed_202608320,5000,628,179,0.28503184713375795,52
202608320,experiments/stringmol/runs/local-treatment/mixed/seed_202608320,5100,617,179,0.2901134521880065,52
202608320,experiments/stringmol/runs/local-treatment/mixed/seed_202608320,5200,672,181,0.2693452380952381,52
202608320,experiments/stringmol/runs/local-treatment/mixed/seed_202608320,5300,666,185,0.2777777777777778,52
202608320,experiments/stringmol/runs/local-treatment/mixed/seed_202608320,5400,695,193,0.2776978417266187,52
202608320,experiments/stringmol/runs/local-treatment/mixed/seed_202608320,5500,674,199,0.2952522255192878,52
202608320,experiments/stringmol/runs/local-treatment/mixed/seed_202608320,5600,732,205,0.28005464480874315,52
202608320,experiments/stringmol/runs/local-treatment/mixed/seed_202608320,5700,705,207,0.2936170212765957,52
202608320,experiments/stringmol/runs/local-treatment/mixed/seed_202608320,5800,728,212,0.29120879120879123,52
202608320,experiments/stringmol/runs/local-treatment/mixed/seed_202608320,5900,732,208,0.28415300546448086,52
202608320,experiments/stringmol/runs/local-treatment/mixed/seed_202608320,6000,722,214,0.296398891966759,52
202608320,experiments/stringmol/runs/local-treatment/mixed/seed_202608320,6100,761,214,0.2812089356110381,52
202608320,experiments/stringmol/runs/local-treatment/mixed/seed_202608320,6200,745,213,0.2859060402684564,52
202608320,experiments/stringmol/runs/local-treatment/mixed/seed_202608320,6300,809,228,0.28182941903584674,52
202608320,experiments/stringmol/runs/local-treatment/mixed/seed_202608320,6400,794,229,0.2884130982367758,52
202608320,experiments/stringmol/runs/local-treatment/mixed/seed_202608320,6500,833,240,0.28811524609843936,52
202608320,experiments/stringmol/runs/local-treatment/mixed/seed_202608320,6600,822,247,0.3004866180048662,52
202608320,experiments/stringmol/runs/local-treatment/mixed/seed_202608320,6700,810,255,0.3148148148148148,52
202608320,experiments/stringmol/runs/local-treatment/mixed/seed_202608320,6800,861,254,0.29500580720092917,52
202608320,experiments/stringmol/runs/local-treatment/mixed/seed_202608320,6900,836,254,0.3038277511961722,52
202608320,experiments/stringmol/runs/local-treatment/mixed/seed_202608320,7000,901,269,0.2985571587125416,52
202608320,experiments/stringmol/runs/local-treatment/mixed/seed_202608320,7100,864,270,0.3125,52
202608320,experiments/stringmol/runs/local-treatment/mixed/seed_202608320,7200,920,273,0.2967391304347826,52
202608320,experiments/stringmol/runs/local-treatment/mixed/seed_202608320,7300,884,279,0.3156108597285068,52
202608320,experiments/stringmol/runs/local-treatment/mixed/seed_202608320,7400,890,294,0.3303370786516854,52
202608320,experiments/stringmol/runs/local-treatment/mixed/seed_202608320,7500,940,290,0.30851063829787234,52
202608320,experiments/stringmol/runs/local-treatment/mixed/seed_202608320,7600,929,294,0.31646932185145316,52
202608320,experiments/stringmol/runs/local-treatment/mixed/seed_202608320,7700,972,307,0.31584362139917693,52
202608320,experiments/stringmol/runs/local-treatment/mixed/seed_202608320,7800,943,305,0.32343584305408274,52
202608320,experiments/stringmol/runs/local-treatment/mixed/seed_202608320,7900,983,300,0.3051881993896236,52
202608320,experiments/stringmol/runs/local-treatment/mixed/seed_202608320,8000,942,303,0.321656050955414,52
202608320,experiments/stringmol/runs/local-treatment/mixed/seed_202608320,8100,937,318,0.33938100320170755,52
202608320,experiments/stringmol/runs/local-treatment/mixed/seed_202608320,8200,965,311,0.322279792746114,52
202608320,experiments/stringmol/runs/local-treatment/mixed/seed_202608320,8300,950,321,0.33789473684210525,52
202608320,experiments/stringmol/runs/local-treatment/mixed/seed_202608320,8400,989,321,0.32457027300303337,52
202608320,experiments/stringmol/runs/local-treatment/mixed/seed_202608320,8500,953,317,0.33263378803777544,52
202608320,experiments/stringmol/runs/local-treatment/mixed/seed_202608320,8600,1000,330,0.33,52
202608320,experiments/stringmol/runs/local-treatment/mixed/seed_202608320,8700,976,329,0.33709016393442626,52
202608320,experiments/stringmol/runs/local-treatment/mixed/seed_202608320,8800,966,338,0.3498964803312629,52
202608320,experiments/stringmol/runs/local-treatment/mixed/seed_202608320,8900,974,338,0.3470225872689938,52
202608320,experiments/stringmol/runs/local-treatment/mixed/seed_202608320,9000,958,350,0.3653444676409186,52
202608320,experiments/stringmol/runs/local-treatment/mixed/seed_202608320,9100,1002,346,0.34530938123752497,52
202608320,experiments/stringmol/runs/local-treatment/mixed/seed_202608320,9200,990,355,0.35858585858585856,52
202608320,experiments/stringmol/runs/local-treatment/mixed/seed_202608320,9300,1016,357,0.3513779527559055,52
202608320,experiments/stringmol/runs/local-treatment/mixed/seed_202608320,9400,985,356,0.3614213197969543,52
202608320,experiments/stringmol/runs/local-treatment/mixed/seed_202608320,9500,979,360,0.36772216547497444,52
202608320,experiments/stringmol/runs/local-treatment/mixed/seed_202608320,9600,978,358,0.3660531697341513,52
202608320,experiments/stringmol/runs/local-treatment/mixed/seed_202608320,9700,968,373,0.3853305785123967,52
202608320,experiments/stringmol/runs/local-treatment/mixed/seed_202608320,9800,999,374,0.3743743743743744,52
202608320,experiments/stringmol/runs/local-treatment/mixed/seed_202608320,9900,976,373,0.382172131147541,52
202608321,experiments/stringmol/runs/local-treatment/mixed/seed_202608321,0,150,10,0.06666666666666667,37
202608321,experiments/stringmol/runs/local-treatment/mixed/seed_202608321,100,145,9,0.06206896551724138,37
202608321,experiments/stringmol/runs/local-treatment/mixed/seed_202608321,200,138,11,0.07971014492753623,37
202608321,experiments/stringmol/runs/local-treatment/mixed/seed_202608321,300,161,11,0.06832298136645963,37
202608321,experiments/stringmol/runs/local-treatment/mixed/seed_202608321,400,156,13,0.08333333333333333,37
202608321,experiments/stringmol/runs/local-treatment/mixed/seed_202608321,500,176,15,0.08522727272727272,37
202608321,experiments/stringmol/runs/local-treatment/mixed/seed_202608321,600,174,18,0.10344827586206896,37
202608321,experiments/stringmol/runs/local-treatment/mixed/seed_202608321,700,193,19,0.09844559585492228,37
202608321,experiments/stringmol/runs/local-treatment/mixed/seed_202608321,800,181,18,0.09944751381215469,37
202608321,experiments/stringmol/runs/local-treatment/mixed/seed_202608321,900,174,24,0.13793103448275862,37
202608321,experiments/stringmol/runs/local-treatment/mixed/seed_202608321,1000,191,24,0.1256544502617801,37
202608321,experiments/stringmol/runs/local-treatment/mixed/seed_202608321,1100,190,30,0.15789473684210525,37
202608321,experiments/stringmol/runs/local-treatment/mixed/seed_202608321,1200,217,30,0.1382488479262673,37
202608321,experiments/stringmol/runs/local-treatment/mixed/seed_202608321,1300,211,30,0.14218009478672985,37
202608321,experiments/stringmol/runs/local-treatment/mixed/seed_202608321,1400,241,31,0.12863070539419086,37
202608321,experiments/stringmol/runs/local-treatment/mixed/seed_202608321,1500,229,26,0.11353711790393013,37
202608321,experiments/stringmol/runs/local-treatment/mixed/seed_202608321,1600,228,30,0.13157894736842105,37
202608321,experiments/stringmol/runs/local-treatment/mixed/seed_202608321,1700,257,31,0.12062256809338522,37
202608321,experiments/stringmol/runs/local-treatment/mixed/seed_202608321,1800,250,36,0.144,37
202608321,experiments/stringmol/runs/local-treatment/mixed/seed_202608321,1900,275,39,0.14181818181818182,37
202608321,experiments/stringmol/runs/local-treatment/mixed/seed_202608321,2000,265,44,0.1660377358490566,37
202608321,experiments/stringmol/runs/local-treatment/mixed/seed_202608321,2100,292,49,0.1678082191780822,37
202608321,experiments/stringmol/runs/local-treatment/mixed/seed_202608321,2200,281,50,0.17793594306049823,37
202608321,experiments/stringmol/runs/local-treatment/mixed/seed_202608321,2300,280,61,0.21785714285714286,37
202608321,experiments/stringmol/runs/local-treatment/mixed/seed_202608321,2400,317,63,0.19873817034700317,37
202608321,experiments/stringmol/runs/local-treatment/mixed/seed_202608321,2500,316,70,0.22151898734177214,37
202608321,experiments/stringmol/runs/local-treatment/mixed/seed_202608321,2600,337,70,0.20771513353115728,37
202608321,experiments/stringmol/runs/local-treatment/mixed/seed_202608321,2700,342,75,0.21929824561403508,37
202608321,experiments/stringmol/runs/local-treatment/mixed/seed_202608321,2800,382,75,0.19633507853403143,37
202608321,experiments/stringmol/runs/local-treatment/mixed/seed_202608321,2900,375,77,0.20533333333333334,37
202608321,experiments/stringmol/runs/local-treatment/mixed/seed_202608321,3000,376,82,0.21808510638297873,37
202608321,experiments/stringmol/runs/local-treatment/mixed/seed_202608321,3100,409,87,0.21271393643031786,37
202608321,experiments/stringmol/runs/local-treatment/mixed/seed_202608321,3200,404,93,0.2301980198019802,37
202608321,experiments/stringmol/runs/local-treatment/mixed/seed_202608321,3300,427,96,0.22482435597189696,37
202608321,experiments/stringmol/runs/local-treatment/mixed/seed_202608321,3400,427,95,0.2224824355971897,37
202608321,experiments/stringmol/runs/local-treatment/mixed/seed_202608321,3500,446,96,0.21524663677130046,37
202608321,experiments/stringmol/runs/local-treatment/mixed/seed_202608321,3600,450,99,0.22,37
202608321,experiments/stringmol/runs/local-treatment/mixed/seed_202608321,3700,451,100,0.22172949002217296,37
202608321,experiments/stringmol/runs/local-treatment/mixed/seed_202608321,3800,473,104,0.21987315010570824,37
202608321,experiments/stringmol/runs/local-treatment/mixed/seed_202608321,3900,469,103,0.21961620469083157,37
202608321,experiments/stringmol/runs/local-treatment/mixed/seed_202608321,4000,496,100,0.20161290322580644,37
202608321,experiments/stringmol/runs/local-treatment/mixed/seed_202608321,4100,487,104,0.2135523613963039,37
202608321,experiments/stringmol/runs/local-treatment/mixed/seed_202608321,4200,517,106,0.20502901353965183,37
202608321,experiments/stringmol/runs/local-treatment/mixed/seed_202608321,4300,505,107,0.21188118811881188,37
202608321,experiments/stringmol/runs/local-treatment/mixed/seed_202608321,4400,508,109,0.21456692913385828,37
202608321,experiments/stringmol/runs/local-treatment/mixed/seed_202608321,4500,537,109,0.20297951582867785,37
202608321,experiments/stringmol/runs/local-treatment/mixed/seed_202608321,4600,532,108,0.20300751879699247,37
202608321,experiments/stringmol/runs/local-treatment/mixed/seed_202608321,4700,557,109,0.19569120287253142,37
202608321,experiments/stringmol/runs/local-treatment/mixed/seed_202608321,4800,553,106,0.19168173598553345,37
202608321,experiments/stringmol/runs/local-treatment/mixed/seed_202608321,4900,584,105,0.1797945205479452,37
202608321,experiments/stringmol/runs/local-treatment/mixed/seed_202608321,5000,577,102,0.17677642980935876,37
202608321,experiments/stringmol/runs/local-treatment/mixed/seed_202608321,5100,574,104,0.18118466898954705,37
202608321,experiments/stringmol/runs/local-treatment/mixed/seed_202608321,5200,598,104,0.17391304347826086,37
202608321,experiments/stringmol/runs/local-treatment/mixed/seed_202608321,5300,591,103,0.17428087986463622,37
202608321,experiments/stringmol/runs/local-treatment/mixed/seed_202608321,5400,611,104,0.1702127659574468,37
202608321,experiments/stringmol/runs/local-treatment/mixed/seed_202608321,5500,607,105,0.17298187808896212,37
202608321,experiments/stringmol/runs/local-treatment/mixed/seed_202608321,5600,635,101,0.15905511811023623,37
202608321,experiments/stringmol/runs/local-treatment/mixed/seed_202608321,5700,629,102,0.16216216216216217,37
202608321,experiments/stringmol/runs/local-treatment/mixed/seed_202608321,5800,624,99,0.15865384615384615,37
202608321,experiments/stringmol/runs/local-treatment/mixed/seed_202608321,5900,637,101,0.15855572998430142,37
202608321,experiments/stringmol/runs/local-treatment/mixed/seed_202608321,6000,628,100,0.1592356687898089,37
202608321,experiments/stringmol/runs/local-treatment/mixed/seed_202608321,6100,664,103,0.15512048192771086,37
202608321,experiments/stringmol/runs/local-treatment/mixed/seed_202608321,6200,652,98,0.15030674846625766,37
202608321,experiments/stringmol/runs/local-treatment/mixed/seed_202608321,6300,677,98,0.1447562776957164,37
202608321,experiments/stringmol/runs/local-treatment/mixed/seed_202608321,6400,675,97,0.1437037037037037,37
202608321,experiments/stringmol/runs/local-treatment/mixed/seed_202608321,6500,699,100,0.1430615164520744,37
202608321,experiments/stringmol/runs/local-treatment/mixed/seed_202608321,6600,701,96,0.1369472182596291,37
202608321,experiments/stringmol/runs/local-treatment/mixed/seed_202608321,6700,692,92,0.1329479768786127,37
202608321,experiments/stringmol/runs/local-treatment/mixed/seed_202608321,6800,721,95,0.1317614424410541,37
202608321,experiments/stringmol/runs/local-treatment/mixed/seed_202608321,6900,703,96,0.13655761024182078,37
202608321,experiments/stringmol/runs/local-treatment/mixed/seed_202608321,7000,750,96,0.128,37
202608321,experiments/stringmol/runs/local-treatment/mixed/seed_202608321,7100,736,91,0.12364130434782608,37
202608321,experiments/stringmol/runs/local-treatment/mixed/seed_202608321,7200,768,90,0.1171875,37
202608321,experiments/stringmol/runs/local-treatment/mixed/seed_202608321,7300,765,83,0.1084967320261438,37
202608321,experiments/stringmol/runs/local-treatment/mixed/seed_202608321,7400,771,82,0.10635538261997406,37
202608321,experiments/stringmol/runs/local-treatment/mixed/seed_202608321,7500,813,82,0.1008610086100861,37
202608321,experiments/stringmol/runs/local-treatment/mixed/seed_202608321,7600,809,75,0.09270704573547589,37
202608321,experiments/stringmol/runs/local-treatment/mixed/seed_202608321,7700,828,70,0.08454106280193237,37
202608321,experiments/stringmol/runs/local-treatment/mixed/seed_202608321,7800,830,70,0.08433734939759036,37
202608321,experiments/stringmol/runs/local-treatment/mixed/seed_202608321,7900,852,71,0.08333333333333333,37
202608321,experiments/stringmol/runs/local-treatment/mixed/seed_202608321,8000,833,69,0.08283313325330131,37
202608321,experiments/stringmol/runs/local-treatment/mixed/seed_202608321,8100,834,68,0.0815347721822542,37
202608321,experiments/stringmol/runs/local-treatment/mixed/seed_202608321,8200,865,66,0.07630057803468208,37
202608321,experiments/stringmol/runs/local-treatment/mixed/seed_202608321,8300,838,59,0.07040572792362769,37
202608321,experiments/stringmol/runs/local-treatment/mixed/seed_202608321,8400,875,62,0.07085714285714285,37
202608321,experiments/stringmol/runs/local-treatment/mixed/seed_202608321,8500,853,60,0.07033997655334115,37
202608321,experiments/stringmol/runs/local-treatment/mixed/seed_202608321,8600,893,62,0.06942889137737962,37
202608321,experiments/stringmol/runs/local-treatment/mixed/seed_202608321,8700,875,60,0.06857142857142857,37
202608321,experiments/stringmol/runs/local-treatment/mixed/seed_202608321,8800,859,61,0.0710128055878929,37
202608321,experiments/stringmol/runs/local-treatment/mixed/seed_202608321,8900,884,59,0.0667420814479638,37
202608321,experiments/stringmol/runs/local-treatment/mixed/seed_202608321,9000,879,54,0.06143344709897611,37
202608321,experiments/stringmol/runs/local-treatment/mixed/seed_202608321,9100,905,54,0.05966850828729282,37
202608321,experiments/stringmol/runs/local-treatment/mixed/seed_202608321,9200,890,52,0.058426966292134834,37
202608321,experiments/stringmol/runs/local-treatment/mixed/seed_202608321,9300,904,50,0.05530973451327434,37
202608321,experiments/stringmol/runs/local-treatment/mixed/seed_202608321,9400,887,50,0.05636978579481398,37
202608321,experiments/stringmol/runs/local-treatment/mixed/seed_202608321,9500,875,49,0.056,37
202608321,experiments/stringmol/runs/local-treatment/mixed/seed_202608321,9600,903,46,0.05094130675526024,37
202608321,experiments/stringmol/runs/local-treatment/mixed/seed_202608321,9700,886,46,0.05191873589164785,37
202608321,experiments/stringmol/runs/local-treatment/mixed/seed_202608321,9800,901,42,0.04661487236403995,37
202608321,experiments/stringmol/runs/local-treatment/mixed/seed_202608321,9900,903,45,0.04983388704318937,37
202608322,experiments/stringmol/runs/local-treatment/mixed/seed_202608322,0,150,10,0.06666666666666667,65
202608322,experiments/stringmol/runs/local-treatment/mixed/seed_202608322,100,148,10,0.06756756756756757,65
202608322,experiments/stringmol/runs/local-treatment/mixed/seed_202608322,200,137,12,0.08759124087591241,65
202608322,experiments/stringmol/runs/local-treatment/mixed/seed_202608322,300,161,11,0.06832298136645963,65
202608322,experiments/stringmol/runs/local-treatment/mixed/seed_202608322,400,154,13,0.08441558441558442,65
202608322,experiments/stringmol/runs/local-treatment/mixed/seed_202608322,500,183,13,0.07103825136612021,65
202608322,experiments/stringmol/runs/local-treatment/mixed/seed_202608322,600,174,15,0.08620689655172414,65
202608322,experiments/stringmol/runs/local-treatment/mixed/seed_202608322,700,201,14,0.06965174129353234,65
202608322,experiments/stringmol/runs/local-treatment/mixed/seed_202608322,800,182,16,0.08791208791208792,65
202608322,experiments/stringmol/runs/local-treatment/mixed/seed_202608322,900,180,18,0.1,65
202608322,experiments/stringmol/runs/local-treatment/mixed/seed_202608322,1000,209,22,0.10526315789473684,65
202608322,experiments/stringmol/runs/local-treatment/mixed/seed_202608322,1100,206,25,0.12135922330097088,65
202608322,experiments/stringmol/runs/local-treatment/mixed/seed_202608322,1200,240,32,0.13333333333333333,65
202608322,experiments/stringmol/runs/local-treatment/mixed/seed_202608322,1300,237,40,0.16877637130801687,65
202608322,experiments/stringmol/runs/local-treatment/mixed/seed_202608322,1400,274,42,0.15328467153284672,65
202608322,experiments/stringmol/runs/local-treatment/mixed/seed_202608322,1500,265,43,0.16226415094339622,65
202608322,experiments/stringmol/runs/local-treatment/mixed/seed_202608322,1600,263,45,0.17110266159695817,65
202608322,experiments/stringmol/runs/local-treatment/mixed/seed_202608322,1700,297,46,0.15488215488215487,65
202608322,experiments/stringmol/runs/local-treatment/mixed/seed_202608322,1800,292,49,0.1678082191780822,65
202608322,experiments/stringmol/runs/local-treatment/mixed/seed_202608322,1900,321,47,0.14641744548286603,65
202608322,experiments/stringmol/runs/local-treatment/mixed/seed_202608322,2000,306,51,0.16666666666666666,65
202608322,experiments/stringmol/runs/local-treatment/mixed/seed_202608322,2100,350,57,0.16285714285714287,65
202608322,experiments/stringmol/runs/local-treatment/mixed/seed_202608322,2200,343,63,0.1836734693877551,65
202608322,experiments/stringmol/runs/local-treatment/mixed/seed_202608322,2300,333,70,0.21021021021021022,65
202608322,experiments/stringmol/runs/local-treatment/mixed/seed_202608322,2400,365,70,0.1917808219178082,65
202608322,experiments/stringmol/runs/local-treatment/mixed/seed_202608322,2500,352,70,0.19886363636363635,65
202608322,experiments/stringmol/runs/local-treatment/mixed/seed_202608322,2600,402,78,0.19402985074626866,65
202608322,experiments/stringmol/runs/local-treatment/mixed/seed_202608322,2700,393,78,0.1984732824427481,65
202608322,experiments/stringmol/runs/local-treatment/mixed/seed_202608322,2800,422,84,0.1990521327014218,65
202608322,experiments/stringmol/runs/local-treatment/mixed/seed_202608322,2900,413,87,0.2106537530266344,65
202608322,experiments/stringmol/runs/local-treatment/mixed/seed_202608322,3000,406,91,0.22413793103448276,65
202608322,experiments/stringmol/runs/local-treatment/mixed/seed_202608322,3100,443,92,0.2076749435665914,65
202608322,experiments/stringmol/runs/local-treatment/mixed/seed_202608322,3200,433,97,0.22401847575057737,65
202608322,experiments/stringmol/runs/local-treatment/mixed/seed_202608322,3300,466,91,0.19527896995708155,65
202608322,experiments/stringmol/runs/local-treatment/mixed/seed_202608322,3400,458,97,0.21179039301310043,65
202608322,experiments/stringmol/runs/local-treatment/mixed/seed_202608322,3500,488,96,0.19672131147540983,65
202608322,experiments/stringmol/runs/local-treatment/mixed/seed_202608322,3600,475,101,0.21263157894736842,65
202608322,experiments/stringmol/runs/local-treatment/mixed/seed_202608322,3700,469,112,0.23880597014925373,65
202608322,experiments/stringmol/runs/local-treatment/mixed/seed_202608322,3800,518,114,0.22007722007722008,65
202608322,experiments/stringmol/runs/local-treatment/mixed/seed_202608322,3900,508,124,0.2440944881889764,65
202608322,experiments/stringmol/runs/local-treatment/mixed/seed_202608322,4000,553,128,0.2314647377938517,65
202608322,experiments/stringmol/runs/local-treatment/mixed/seed_202608322,4100,540,134,0.24814814814814815,65
202608322,experiments/stringmol/runs/local-treatment/mixed/seed_202608322,4200,577,137,0.23743500866551126,65
202608322,experiments/stringmol/runs/local-treatment/mixed/seed_202608322,4300,560,134,0.2392857142857143,65
202608322,experiments/stringmol/runs/local-treatment/mixed/seed_202608322,4400,548,146,0.2664233576642336,65
202608322,experiments/stringmol/runs/local-treatment/mixed/seed_202608322,4500,598,153,0.25585284280936454,65
202608322,experiments/stringmol/runs/local-treatment/mixed/seed_202608322,4600,583,155,0.2658662092624357,65
202608322,experiments/stringmol/runs/local-treatment/mixed/seed_202608322,4700,621,157,0.2528180354267311,65
202608322,experiments/stringmol/runs/local-treatment/mixed/seed_202608322,4800,597,154,0.25795644891122277,65
202608322,experiments/stringmol/runs/local-treatment/mixed/seed_202608322,4900,638,164,0.25705329153605017,65
202608322,experiments/stringmol/runs/local-treatment/mixed/seed_202608322,5000,619,166,0.2681744749596123,65
202608322,experiments/stringmol/runs/local-treatment/mixed/seed_202608322,5100,624,176,0.28205128205128205,65
202608322,experiments/stringmol/runs/local-treatment/mixed/seed_202608322,5200,669,179,0.26756352765321373,65
202608322,experiments/stringmol/runs/local-treatment/mixed/seed_202608322,5300,655,184,0.28091603053435116,65
202608322,experiments/stringmol/runs/local-treatment/mixed/seed_202608322,5400,710,192,0.2704225352112676,65
202608322,experiments/stringmol/runs/local-treatment/mixed/seed_202608322,5500,687,204,0.29694323144104806,65
202608322,experiments/stringmol/runs/local-treatment/mixed/seed_202608322,5600,747,217,0.29049531459170014,65
202608322,experiments/stringmol/runs/local-treatment/mixed/seed_202608322,5700,740,219,0.2959459459459459,65
202608322,experiments/stringmol/runs/local-treatment/mixed/seed_202608322,5800,746,228,0.30563002680965146,65
202608322,experiments/stringmol/runs/local-treatment/mixed/seed_202608322,5900,769,231,0.30039011703511054,65
202608322,experiments/stringmol/runs/local-treatment/mixed/seed_202608322,6000,743,233,0.3135935397039031,65
202608322,experiments/stringmol/runs/local-treatment/mixed/seed_202608322,6100,796,239,0.30025125628140703,65
202608322,experiments/stringmol/runs/local-treatment/mixed/seed_202608322,6200,768,244,0.3177083333333333,65
202608322,experiments/stringmol/runs/local-treatment/mixed/seed_202608322,6300,815,250,0.3067484662576687,65
202608322,experiments/stringmol/runs/local-treatment/mixed/seed_202608322,6400,800,250,0.3125,65
202608322,experiments/stringmol/runs/local-treatment/mixed/seed_202608322,6500,822,250,0.30413625304136255,65
202608322,experiments/stringmol/runs/local-treatment/mixed/seed_202608322,6600,833,259,0.31092436974789917,65
202608322,experiments/stringmol/runs/local-treatment/mixed/seed_202608322,6700,814,274,0.3366093366093366,65
202608322,experiments/stringmol/runs/local-treatment/mixed/seed_202608322,6800,876,277,0.3162100456621005,65
202608322,experiments/stringmol/runs/local-treatment/mixed/seed_202608322,6900,859,289,0.33643771827706637,65
202608322,experiments/stringmol/runs/local-treatment/mixed/seed_202608322,7000,905,289,0.31933701657458563,65
202608322,experiments/stringmol/runs/local-treatment/mixed/seed_202608322,7100,893,290,0.3247480403135498,65
202608322,experiments/stringmol/runs/local-treatment/mixed/seed_202608322,7200,904,299,0.3307522123893805,65
202608322,experiments/stringmol/runs/local-treatment/mixed/seed_202608322,7300,901,300,0.33296337402885684,65
202608322,experiments/stringmol/runs/local-treatment/mixed/seed_202608322,7400,882,305,0.3458049886621315,65
202608322,experiments/stringmol/runs/local-treatment/mixed/seed_202608322,7500,927,315,0.33980582524271846,65
202608322,experiments/stringmol/runs/local-treatment/mixed/seed_202608322,7600,913,321,0.3515881708652793,65
202608322,experiments/stringmol/runs/local-treatment/mixed/seed_202608322,7700,926,319,0.3444924406047516,65
202608322,experiments/stringmol/runs/local-treatment/mixed/seed_202608322,7800,910,318,0.34945054945054943,65
202608322,experiments/stringmol/runs/local-treatment/mixed/seed_202608322,7900,940,331,0.35212765957446807,65
202608322,experiments/stringmol/runs/local-treatment/mixed/seed_202608322,8000,938,327,0.3486140724946695,65
202608322,experiments/stringmol/runs/local-treatment/mixed/seed_202608322,8100,936,340,0.36324786324786323,65
202608322,experiments/stringmol/runs/local-treatment/mixed/seed_202608322,8200,961,343,0.35691987513007284,65
202608322,experiments/stringmol/runs/local-treatment/mixed/seed_202608322,8300,954,352,0.3689727463312369,65
202608322,experiments/stringmol/runs/local-treatment/mixed/seed_202608322,8400,963,347,0.3603322949117342,65
202608322,experiments/stringmol/runs/local-treatment/mixed/seed_202608322,8500,942,350,0.37154989384288745,65
202608322,experiments/stringmol/runs/local-treatment/mixed/seed_202608322,8600,957,347,0.3625914315569488,65
202608322,experiments/stringmol/runs/local-treatment/mixed/seed_202608322,8700,948,344,0.3628691983122363,65
202608322,experiments/stringmol/runs/local-treatment/mixed/seed_202608322,8800,937,355,0.37886872998932764,65
202608322,experiments/stringmol/runs/local-treatment/mixed/seed_202608322,8900,968,368,0.38016528925619836,65
202608322,experiments/stringmol/runs/local-treatment/mixed/seed_202608322,9000,944,367,0.388771186440678,65
202608322,experiments/stringmol/runs/local-treatment/mixed/seed_202608322,9100,966,367,0.37991718426501037,65
202608322,experiments/stringmol/runs/local-treatment/mixed/seed_202608322,9200,943,364,0.3860021208907741,65
202608322,experiments/stringmol/runs/local-treatment/mixed/seed_202608322,9300,985,377,0.38274111675126904,65
202608322,experiments/stringmol/runs/local-treatment/mixed/seed_202608322,9400,963,382,0.39667705088265837,65
202608322,experiments/stringmol/runs/local-treatment/mixed/seed_202608322,9500,962,392,0.4074844074844075,65
202608322,experiments/stringmol/runs/local-treatment/mixed/seed_202608322,9600,977,384,0.3930399181166837,65
202608322,experiments/stringmol/runs/local-treatment/mixed/seed_202608322,9700,945,379,0.40105820105820106,65
202608322,experiments/stringmol/runs/local-treatment/mixed/seed_202608322,9800,993,388,0.3907351460221551,65
202608322,experiments/stringmol/runs/local-treatment/mixed/seed_202608322,9900,969,382,0.3942208462332301,65
202608323,experiments/stringmol/runs/local-treatment/mixed/seed_202608323,0,150,10,0.06666666666666667,58
202608323,experiments/stringmol/runs/local-treatment/mixed/seed_202608323,100,146,10,0.0684931506849315,58
202608323,experiments/stringmol/runs/local-treatment/mixed/seed_202608323,200,139,12,0.08633093525179857,58
202608323,experiments/stringmol/runs/local-treatment/mixed/seed_202608323,300,156,11,0.07051282051282051,58
202608323,experiments/stringmol/runs/local-treatment/mixed/seed_202608323,400,148,12,0.08108108108108109,58
202608323,experiments/stringmol/runs/local-treatment/mixed/seed_202608323,500,176,13,0.07386363636363637,58
202608323,experiments/stringmol/runs/local-treatment/mixed/seed_202608323,600,171,16,0.0935672514619883,58
202608323,experiments/stringmol/runs/local-treatment/mixed/seed_202608323,700,194,17,0.08762886597938144,58
202608323,experiments/stringmol/runs/local-treatment/mixed/seed_202608323,800,193,20,0.10362694300518134,58
202608323,experiments/stringmol/runs/local-treatment/mixed/seed_202608323,900,188,22,0.11702127659574468,58
202608323,experiments/stringmol/runs/local-treatment/mixed/seed_202608323,1000,210,21,0.1,58
202608323,experiments/stringmol/runs/local-treatment/mixed/seed_202608323,1100,205,23,0.11219512195121951,58
202608323,experiments/stringmol/runs/local-treatment/mixed/seed_202608323,1200,230,26,0.11304347826086956,58
202608323,experiments/stringmol/runs/local-treatment/mixed/seed_202608323,1300,227,30,0.13215859030837004,58
202608323,experiments/stringmol/runs/local-treatment/mixed/seed_202608323,1400,260,31,0.11923076923076924,58
202608323,experiments/stringmol/runs/local-treatment/mixed/seed_202608323,1500,260,33,0.12692307692307692,58
202608323,experiments/stringmol/runs/local-treatment/mixed/seed_202608323,1600,256,37,0.14453125,58
202608323,experiments/stringmol/runs/local-treatment/mixed/seed_202608323,1700,269,36,0.13382899628252787,58
202608323,experiments/stringmol/runs/local-treatment/mixed/seed_202608323,1800,262,39,0.14885496183206107,58
202608323,experiments/stringmol/runs/local-treatment/mixed/seed_202608323,1900,297,41,0.13804713804713806,58
202608323,experiments/stringmol/runs/local-treatment/mixed/seed_202608323,2000,283,41,0.14487632508833923,58
202608323,experiments/stringmol/runs/local-treatment/mixed/seed_202608323,2100,312,42,0.1346153846153846,58
202608323,experiments/stringmol/runs/local-treatment/mixed/seed_202608323,2200,293,42,0.14334470989761092,58
202608323,experiments/stringmol/runs/local-treatment/mixed/seed_202608323,2300,290,49,0.16896551724137931,58
202608323,experiments/stringmol/runs/local-treatment/mixed/seed_202608323,2400,337,50,0.14836795252225518,58
202608323,experiments/stringmol/runs/local-treatment/mixed/seed_202608323,2500,334,51,0.15269461077844312,58
202608323,experiments/stringmol/runs/local-treatment/mixed/seed_202608323,2600,375,55,0.14666666666666667,58
202608323,experiments/stringmol/runs/local-treatment/mixed/seed_202608323,2700,365,59,0.16164383561643836,58
202608323,experiments/stringmol/runs/local-treatment/mixed/seed_202608323,2800,401,63,0.1571072319201995,58
202608323,experiments/stringmol/runs/local-treatment/mixed/seed_202608323,2900,378,64,0.1693121693121693,58
202608323,experiments/stringmol/runs/local-treatment/mixed/seed_202608323,3000,369,72,0.1951219512195122,58
202608323,experiments/stringmol/runs/local-treatment/mixed/seed_202608323,3100,420,79,0.1880952380952381,58
202608323,experiments/stringmol/runs/local-treatment/mixed/seed_202608323,3200,404,81,0.2004950495049505,58
202608323,experiments/stringmol/runs/local-treatment/mixed/seed_202608323,3300,440,84,0.19090909090909092,58
202608323,experiments/stringmol/runs/local-treatment/mixed/seed_202608323,3400,427,83,0.19437939110070257,58
202608323,experiments/stringmol/runs/local-treatment/mixed/seed_202608323,3500,460,88,0.19130434782608696,58
202608323,experiments/stringmol/runs/local-treatment/mixed/seed_202608323,3600,457,94,0.20568927789934355,58
202608323,experiments/stringmol/runs/local-treatment/mixed/seed_202608323,3700,450,92,0.20444444444444446,58
202608323,experiments/stringmol/runs/local-treatment/mixed/seed_202608323,3800,478,92,0.19246861924686193,58
202608323,experiments/stringmol/runs/local-treatment/mixed/seed_202608323,3900,467,98,0.20985010706638116,58
202608323,experiments/stringmol/runs/local-treatment/mixed/seed_202608323,4000,519,100,0.1926782273603083,58
202608323,experiments/stringmol/runs/local-treatment/mixed/seed_202608323,4100,501,109,0.21756487025948104,58
202608323,experiments/stringmol/runs/local-treatment/mixed/seed_202608323,4200,552,112,0.2028985507246377,58
202608323,experiments/stringmol/runs/local-treatment/mixed/seed_202608323,4300,522,106,0.20306513409961685,58
202608323,experiments/stringmol/runs/local-treatment/mixed/seed_202608323,4400,529,116,0.21928166351606806,58
202608323,experiments/stringmol/runs/local-treatment/mixed/seed_202608323,4500,570,116,0.20350877192982456,58
202608323,experiments/stringmol/runs/local-treatment/mixed/seed_202608323,4600,553,122,0.2206148282097649,58
202608323,experiments/stringmol/runs/local-treatment/mixed/seed_202608323,4700,615,130,0.21138211382113822,58
202608323,experiments/stringmol/runs/local-treatment/mixed/seed_202608323,4800,567,130,0.2292768959435626,58
202608323,experiments/stringmol/runs/local-treatment/mixed/seed_202608323,4900,633,136,0.21484992101105846,58
202608323,experiments/stringmol/runs/local-treatment/mixed/seed_202608323,5000,620,139,0.22419354838709676,58
202608323,experiments/stringmol/runs/local-treatment/mixed/seed_202608323,5100,619,149,0.2407108239095315,58
202608323,experiments/stringmol/runs/local-treatment/mixed/seed_202608323,5200,648,146,0.22530864197530864,58
202608323,experiments/stringmol/runs/local-treatment/mixed/seed_202608323,5300,647,154,0.23802163833075735,58
202608323,experiments/stringmol/runs/local-treatment/mixed/seed_202608323,5400,708,156,0.22033898305084745,58
202608323,experiments/stringmol/runs/local-treatment/mixed/seed_202608323,5500,686,163,0.23760932944606414,58
202608323,experiments/stringmol/runs/local-treatment/mixed/seed_202608323,5600,734,162,0.22070844686648503,58
202608323,experiments/stringmol/runs/local-treatment/mixed/seed_202608323,5700,731,167,0.22845417236662108,58
202608323,experiments/stringmol/runs/local-treatment/mixed/seed_202608323,5800,751,178,0.237017310252996,58
202608323,experiments/stringmol/runs/local-treatment/mixed/seed_202608323,5900,768,174,0.2265625,58
202608323,experiments/stringmol/runs/local-treatment/mixed/seed_202608323,6000,761,186,0.24441524310118265,58
202608323,experiments/stringmol/runs/local-treatment/mixed/seed_202608323,6100,791,184,0.23261694058154236,58
202608323,experiments/stringmol/runs/local-treatment/mixed/seed_202608323,6200,769,196,0.25487646293888166,58
202608323,experiments/stringmol/runs/local-treatment/mixed/seed_202608323,6300,836,195,0.2332535885167464,58
202608323,experiments/stringmol/runs/local-treatment/mixed/seed_202608323,6400,804,202,0.2512437810945274,58
202608323,experiments/stringmol/runs/local-treatment/mixed/seed_202608323,6500,830,206,0.24819277108433735,58
202608323,experiments/stringmol/runs/local-treatment/mixed/seed_202608323,6600,846,211,0.24940898345153664,58
202608323,experiments/stringmol/runs/local-treatment/mixed/seed_202608323,6700,823,211,0.25637910085054677,58
202608323,experiments/stringmol/runs/local-treatment/mixed/seed_202608323,6800,884,205,0.2319004524886878,58
202608323,experiments/stringmol/runs/local-treatment/mixed/seed_202608323,6900,859,201,0.2339930151338766,58
202608323,experiments/stringmol/runs/local-treatment/mixed/seed_202608323,7000,936,210,0.22435897435897437,58
202608323,experiments/stringmol/runs/local-treatment/mixed/seed_202608323,7100,922,227,0.24620390455531455,58
202608323,experiments/stringmol/runs/local-treatment/mixed/seed_202608323,7200,963,224,0.23260643821391486,58
202608323,experiments/stringmol/runs/local-treatment/mixed/seed_202608323,7300,955,227,0.23769633507853402,58
202608323,experiments/stringmol/runs/local-treatment/mixed/seed_202608323,7400,930,234,0.25161290322580643,58
202608323,experiments/stringmol/runs/local-treatment/mixed/seed_202608323,7500,1001,235,0.23476523476523475,58
202608323,experiments/stringmol/runs/local-treatment/mixed/seed_202608323,7600,986,233,0.2363083164300203,58
202608323,experiments/stringmol/runs/local-treatment/mixed/seed_202608323,7700,1053,238,0.22602089268755934,58
202608323,experiments/stringmol/runs/local-treatment/mixed/seed_202608323,7800,1031,237,0.22987390882638215,58
202608323,experiments/stringmol/runs/local-treatment/mixed/seed_202608323,7900,1082,246,0.22735674676524953,58
202608323,experiments/stringmol/runs/local-treatment/mixed/seed_202608323,8000,1062,245,0.23069679849340866,58
202608323,experiments/stringmol/runs/local-treatment/mixed/seed_202608323,8100,1053,253,0.2402659069325736,58
202608323,experiments/stringmol/runs/local-treatment/mixed/seed_202608323,8200,1115,257,0.2304932735426009,58
202608323,experiments/stringmol/runs/local-treatment/mixed/seed_202608323,8300,1082,259,0.23937153419593346,58
202608323,experiments/stringmol/runs/local-treatment/mixed/seed_202608323,8400,1142,263,0.23029772329246936,58
202608323,experiments/stringmol/runs/local-treatment/mixed/seed_202608323,8500,1122,266,0.23707664884135474,58
202608323,experiments/stringmol/runs/local-treatment/mixed/seed_202608323,8600,1145,267,0.2331877729257642,58
202608323,experiments/stringmol/runs/local-treatment/mixed/seed_202608323,8700,1130,271,0.2398230088495575,58
202608323,experiments/stringmol/runs/local-treatment/mixed/seed_202608323,8800,1131,279,0.246684350132626,58
202608323,experiments/stringmol/runs/local-treatment/mixed/seed_202608323,8900,1152,275,0.2387152777777778,58
202608323,experiments/stringmol/runs/local-treatment/mixed/seed_202608323,9000,1118,274,0.24508050089445438,58
202608323,experiments/stringmol/runs/local-treatment/mixed/seed_202608323,9100,1191,283,0.23761544920235098,58
202608323,experiments/stringmol/runs/local-treatment/mixed/seed_202608323,9200,1165,285,0.2446351931330472,58
202608323,experiments/stringmol/runs/local-treatment/mixed/seed_202608323,9300,1201,287,0.23896752706078267,58
202608323,experiments/stringmol/runs/local-treatment/mixed/seed_202608323,9400,1191,285,0.23929471032745592,58
202608323,experiments/stringmol/runs/local-treatment/mixed/seed_202608323,9500,1178,288,0.24448217317487267,58
202608323,experiments/stringmol/runs/local-treatment/mixed/seed_202608323,9600,1189,287,0.2413793103448276,58
202608323,experiments/stringmol/runs/local-treatment/mixed/seed_202608323,9700,1163,287,0.2467755803955288,58
202608323,experiments/stringmol/runs/local-treatment/mixed/seed_202608323,9800,1203,289,0.24023275145469658,58
202608323,experiments/stringmol/runs/local-treatment/mixed/seed_202608323,9900,1168,291,0.24914383561643835,58
202608324,experiments/stringmol/runs/local-treatment/mixed/seed_202608324,0,150,10,0.06666666666666667,75
202608324,experiments/stringmol/runs/local-treatment/mixed/seed_202608324,100,139,9,0.06474820143884892,75
202608324,experiments/stringmol/runs/local-treatment/mixed/seed_202608324,200,138,12,0.08695652173913043,75
202608324,experiments/stringmol/runs/local-treatment/mixed/seed_202608324,300,155,12,0.07741935483870968,75
202608324,experiments/stringmol/runs/local-treatment/mixed/seed_202608324,400,146,15,0.10273972602739725,75
202608324,experiments/stringmol/runs/local-treatment/mixed/seed_202608324,500,175,14,0.08,75
202608324,experiments/stringmol/runs/local-treatment/mixed/seed_202608324,600,168,17,0.10119047619047619,75
202608324,experiments/stringmol/runs/local-treatment/mixed/seed_202608324,700,195,17,0.08717948717948718,75
202608324,experiments/stringmol/runs/local-treatment/mixed/seed_202608324,800,189,18,0.09523809523809523,75
202608324,experiments/stringmol/runs/local-treatment/mixed/seed_202608324,900,183,19,0.10382513661202186,75
202608324,experiments/stringmol/runs/local-treatment/mixed/seed_202608324,1000,205,17,0.08292682926829269,75
202608324,experiments/stringmol/runs/local-treatment/mixed/seed_202608324,1100,197,20,0.10152284263959391,75
202608324,experiments/stringmol/runs/local-treatment/mixed/seed_202608324,1200,235,23,0.09787234042553192,75
202608324,experiments/stringmol/runs/local-treatment/mixed/seed_202608324,1300,220,24,0.10909090909090909,75
202608324,experiments/stringmol/runs/local-treatment/mixed/seed_202608324,1400,254,31,0.1220472440944882,75
202608324,experiments/stringmol/runs/local-treatment/mixed/seed_202608324,1500,242,32,0.1322314049586777,75
202608324,experiments/stringmol/runs/local-treatment/mixed/seed_202608324,1600,238,39,0.1638655462184874,75
202608324,experiments/stringmol/runs/local-treatment/mixed/seed_202608324,1700,263,34,0.12927756653992395,75
202608324,experiments/stringmol/runs/local-treatment/mixed/seed_202608324,1800,260,37,0.1423076923076923,75
202608324,experiments/stringmol/runs/local-treatment/mixed/seed_202608324,1900,283,39,0.13780918727915195,75
202608324,experiments/stringmol/runs/local-treatment/mixed/seed_202608324,2000,269,39,0.1449814126394052,75
202608324,experiments/stringmol/runs/local-treatment/mixed/seed_202608324,2100,317,44,0.138801261829653,75
202608324,experiments/stringmol/runs/local-treatment/mixed/seed_202608324,2200,311,45,0.14469453376205788,75
202608324,experiments/stringmol/runs/local-treatment/mixed/seed_202608324,2300,306,49,0.16013071895424835,75
202608324,experiments/stringmol/runs/local-treatment/mixed/seed_202608324,2400,328,51,0.15548780487804878,75
202608324,experiments/stringmol/runs/local-treatment/mixed/seed_202608324,2500,327,60,0.1834862385321101,75
202608324,experiments/stringmol/runs/local-treatment/mixed/seed_202608324,2600,364,60,0.16483516483516483,75
202608324,experiments/stringmol/runs/local-treatment/mixed/seed_202608324,2700,362,63,0.17403314917127072,75
202608324,experiments/stringmol/runs/local-treatment/mixed/seed_202608324,2800,410,70,0.17073170731707318,75
202608324,experiments/stringmol/runs/local-treatment/mixed/seed_202608324,2900,395,67,0.16962025316455695,75
202608324,experiments/stringmol/runs/local-treatment/mixed/seed_202608324,3000,392,73,0.18622448979591838,75
202608324,experiments/stringmol/runs/local-treatment/mixed/seed_202608324,3100,433,74,0.17090069284064666,75
202608324,experiments/stringmol/runs/local-treatment/mixed/seed_202608324,3200,428,81,0.18925233644859812,75
202608324,experiments/stringmol/runs/local-treatment/mixed/seed_202608324,3300,474,88,0.18565400843881857,75
202608324,experiments/stringmol/runs/local-treatment/mixed/seed_202608324,3400,463,95,0.20518358531317496,75
202608324,experiments/stringmol/runs/local-treatment/mixed/seed_202608324,3500,515,103,0.2,75
202608324,experiments/stringmol/runs/local-treatment/mixed/seed_202608324,3600,504,110,0.21825396825396826,75
202608324,experiments/stringmol/runs/local-treatment/mixed/seed_202608324,3700,492,115,0.23373983739837398,75
202608324,experiments/stringmol/runs/local-treatment/mixed/seed_202608324,3800,547,116,0.21206581352833637,75
202608324,experiments/stringmol/runs/local-treatment/mixed/seed_202608324,3900,541,125,0.23105360443622922,75
202608324,experiments/stringmol/runs/local-treatment/mixed/seed_202608324,4000,570,122,0.21403508771929824,75
202608324,experiments/stringmol/runs/local-treatment/mixed/seed_202608324,4100,560,130,0.23214285714285715,75
202608324,experiments/stringmol/runs/local-treatment/mixed/seed_202608324,4200,625,146,0.2336,75
202608324,experiments/stringmol/runs/local-treatment/mixed/seed_202608324,4300,608,149,0.2450657894736842,75
202608324,experiments/stringmol/runs/local-treatment/mixed/seed_202608324,4400,602,160,0.26578073089701,75
202608324,experiments/stringmol/runs/local-treatment/mixed/seed_202608324,4500,652,163,0.25,75
202608324,experiments/stringmol/runs/local-treatment/mixed/seed_202608324,4600,623,171,0.27447833065810595,75
202608324,experiments/stringmol/runs/local-treatment/mixed/seed_202608324,4700,689,178,0.25834542815674894,75
202608324,experiments/stringmol/runs/local-treatment/mixed/seed_202608324,4800,678,184,0.2713864306784661,75
202608324,experiments/stringmol/runs/local-treatment/mixed/seed_202608324,4900,731,185,0.253077975376197,75
202608324,experiments/stringmol/runs/local-treatment/mixed/seed_202608324,5000,707,192,0.27157001414427157,75
202608324,experiments/stringmol/runs/local-treatment/mixed/seed_202608324,5100,683,201,0.29428989751098095,75
202608324,experiments/stringmol/runs/local-treatment/mixed/seed_202608324,5200,746,200,0.2680965147453083,75
202608324,experiments/stringmol/runs/local-treatment/mixed/seed_202608324,5300,712,200,0.2808988764044944,75
202608324,experiments/stringmol/runs/local-treatment/mixed/seed_202608324,5400,790,210,0.26582278481012656,75
202608324,experiments/stringmol/runs/local-treatment/mixed/seed_202608324,5500,767,214,0.2790091264667536,75
202608324,experiments/stringmol/runs/local-treatment/mixed/seed_202608324,5600,836,226,0.2703349282296651,75
202608324,experiments/stringmol/runs/local-treatment/mixed/seed_202608324,5700,821,233,0.2838002436053593,75
202608324,experiments/stringmol/runs/local-treatment/mixed/seed_202608324,5800,831,238,0.28640192539109505,75
202608324,experiments/stringmol/runs/local-treatment/mixed/seed_202608324,5900,854,238,0.2786885245901639,75
202608324,experiments/stringmol/runs/local-treatment/mixed/seed_202608324,6000,843,242,0.2870699881376038,75
202608324,experiments/stringmol/runs/local-treatment/mixed/seed_202608324,6100,893,240,0.2687569988801792,75
202608324,experiments/stringmol/runs/local-treatment/mixed/seed_202608324,6200,859,236,0.27473806752037255,75
202608324,experiments/stringmol/runs/local-treatment/mixed/seed_202608324,6300,940,246,0.26170212765957446,75
202608324,experiments/stringmol/runs/local-treatment/mixed/seed_202608324,6400,916,251,0.2740174672489083,75
202608324,experiments/stringmol/runs/local-treatment/mixed/seed_202608324,6500,959,255,0.2659019812304484,75
202608324,experiments/stringmol/runs/local-treatment/mixed/seed_202608324,6600,953,248,0.2602308499475341,75
202608324,experiments/stringmol/runs/local-treatment/mixed/seed_202608324,6700,934,258,0.2762312633832976,75
202608324,experiments/stringmol/runs/local-treatment/mixed/seed_202608324,6800,1012,261,0.25790513833992096,75
202608324,experiments/stringmol/runs/local-treatment/mixed/seed_202608324,6900,975,260,0.26666666666666666,75
202608324,experiments/stringmol/runs/local-treatment/mixed/seed_202608324,7000,1049,265,0.2526215443279314,75
202608324,experiments/stringmol/runs/local-treatment/mixed/seed_202608324,7100,1039,271,0.26082771896053897,75
202608324,experiments/stringmol/runs/local-treatment/mixed/seed_202608324,7200,1074,266,0.24767225325884543,75
202608324,experiments/stringmol/runs/local-treatment/mixed/seed_202608324,7300,1056,279,0.26420454545454547,75
202608324,experiments/stringmol/runs/local-treatment/mixed/seed_202608324,7400,1040,286,0.275,75
202608324,experiments/stringmol/runs/local-treatment/mixed/seed_202608324,7500,1104,289,0.2617753623188406,75
202608324,experiments/stringmol/runs/local-treatment/mixed/seed_202608324,7600,1070,284,0.26542056074766357,75
202608324,experiments/stringmol/runs/local-treatment/mixed/seed_202608324,7700,1128,287,0.25443262411347517,75
202608324,experiments/stringmol/runs/local-treatment/mixed/seed_202608324,7800,1091,281,0.25756186984417967,75
202608324,experiments/stringmol/runs/local-treatment/mixed/seed_202608324,7900,1158,287,0.24784110535405873,75
202608324,experiments/stringmol/runs/local-treatment/mixed/seed_202608324,8000,1126,293,0.2602131438721137,75
202608324,experiments/stringmol/runs/local-treatment/mixed/seed_202608324,8100,1093,291,0.26623970722781337,75
202608324,experiments/stringmol/runs/local-treatment/mixed/seed_202608324,8200,1159,296,0.2553925798101812,75
202608324,experiments/stringmol/runs/local-treatment/mixed/seed_202608324,8300,1117,293,0.26230975828111014,75
202608324,experiments/stringmol/runs/local-treatment/mixed/seed_202608324,8400,1182,297,0.2512690355329949,75
202608324,experiments/stringmol/runs/local-treatment/mixed/seed_202608324,8500,1151,295,0.2562988705473501,75
202608324,experiments/stringmol/runs/local-treatment/mixed/seed_202608324,8600,1218,303,0.24876847290640394,75
202608324,experiments/stringmol/runs/local-treatment/mixed/seed_202608324,8700,1205,313,0.25975103734439836,75
202608324,experiments/stringmol/runs/local-treatment/mixed/seed_202608324,8800,1191,321,0.2695214105793451,75
202608324,experiments/stringmol/runs/local-treatment/mixed/seed_202608324,8900,1248,329,0.2636217948717949,75
202608324,experiments/stringmol/runs/local-treatment/mixed/seed_202608324,9000,1218,324,0.2660098522167488,75
202608324,experiments/stringmol/runs/local-treatment/mixed/seed_202608324,9100,1257,319,0.2537788385043755,75
202608324,experiments/stringmol/runs/local-treatment/mixed/seed_202608324,9200,1203,307,0.25519534497090607,75
202608324,experiments/stringmol/runs/local-treatment/mixed/seed_202608324,9300,1269,316,0.24901497241922774,75
202608324,experiments/stringmol/runs/local-treatment/mixed/seed_202608324,9400,1221,316,0.2588042588042588,75
202608324,experiments/stringmol/runs/local-treatment/mixed/seed_202608324,9500,1213,326,0.26875515251442705,75
202608324,experiments/stringmol/runs/local-treatment/mixed/seed_202608324,9600,1257,330,0.26252983293556087,75
202608324,experiments/stringmol/runs/local-treatment/mixed/seed_202608324,9700,1220,332,0.2721311475409836,75
202608324,experiments/stringmol/runs/local-treatment/mixed/seed_202608324,9800,1293,342,0.26450116009280744,75
202608324,experiments/stringmol/runs/local-treatment/mixed/seed_202608324,9900,1262,350,0.277337559429477,75
202608325,experiments/stringmol/runs/local-treatment/mixed/seed_202608325,0,150,10,0.06666666666666667,52
202608325,experiments/stringmol/runs/local-treatment/mixed/seed_202608325,100,139,8,0.05755395683453238,52
202608325,experiments/stringmol/runs/local-treatment/mixed/seed_202608325,200,135,12,0.08888888888888889,52
202608325,experiments/stringmol/runs/local-treatment/mixed/seed_202608325,300,157,12,0.07643312101910828,52
202608325,experiments/stringmol/runs/local-treatment/mixed/seed_202608325,400,148,14,0.0945945945945946,52
202608325,experiments/stringmol/runs/local-treatment/mixed/seed_202608325,500,172,14,0.08139534883720931,52
202608325,experiments/stringmol/runs/local-treatment/mixed/seed_202608325,600,161,15,0.09316770186335403,52
202608325,experiments/stringmol/runs/local-treatment/mixed/seed_202608325,700,185,15,0.08108108108108109,52
202608325,experiments/stringmol/runs/local-treatment/mixed/seed_202608325,800,181,17,0.09392265193370165,52
202608325,experiments/stringmol/runs/local-treatment/mixed/seed_202608325,900,172,17,0.09883720930232558,52
202608325,experiments/stringmol/runs/local-treatment/mixed/seed_202608325,1000,197,17,0.08629441624365482,52
202608325,experiments/stringmol/runs/local-treatment/mixed/seed_202608325,1100,189,19,0.10052910052910052,52
202608325,experiments/stringmol/runs/local-treatment/mixed/seed_202608325,1200,221,20,0.09049773755656108,52
202608325,experiments/stringmol/runs/local-treatment/mixed/seed_202608325,1300,210,23,0.10952380952380952,52
202608325,experiments/stringmol/runs/local-treatment/mixed/seed_202608325,1400,244,23,0.0942622950819672,52
202608325,experiments/stringmol/runs/local-treatment/mixed/seed_202608325,1500,228,24,0.10526315789473684,52
202608325,experiments/stringmol/runs/local-treatment/mixed/seed_202608325,1600,226,26,0.11504424778761062,52
202608325,experiments/stringmol/runs/local-treatment/mixed/seed_202608325,1700,260,27,0.10384615384615385,52
202608325,experiments/stringmol/runs/local-treatment/mixed/seed_202608325,1800,257,30,0.11673151750972763,52
202608325,experiments/stringmol/runs/local-treatment/mixed/seed_202608325,1900,287,34,0.11846689895470383,52
202608325,experiments/stringmol/runs/local-treatment/mixed/seed_202608325,2000,282,36,0.1276595744680851,52
202608325,experiments/stringmol/runs/local-treatment/mixed/seed_202608325,2100,325,39,0.12,52
202608325,experiments/stringmol/runs/local-treatment/mixed/seed_202608325,2200,313,39,0.12460063897763578,52
202608325,experiments/stringmol/runs/local-treatment/mixed/seed_202608325,2300,303,44,0.14521452145214522,52
202608325,experiments/stringmol/runs/local-treatment/mixed/seed_202608325,2400,343,46,0.13411078717201166,52
202608325,experiments/stringmol/runs/local-treatment/mixed/seed_202608325,2500,338,47,0.1390532544378698,52
202608325,experiments/stringmol/runs/local-treatment/mixed/seed_202608325,2600,373,51,0.13672922252010725,52
202608325,experiments/stringmol/runs/local-treatment/mixed/seed_202608325,2700,352,52,0.14772727272727273,52
202608325,experiments/stringmol/runs/local-treatment/mixed/seed_202608325,2800,401,58,0.14463840399002495,52
202608325,experiments/stringmol/runs/local-treatment/mixed/seed_202608325,2900,387,58,0.14987080103359174,52
202608325,experiments/stringmol/runs/local-treatment/mixed/seed_202608325,3000,377,62,0.16445623342175067,52
202608325,experiments/stringmol/runs/local-treatment/mixed/seed_202608325,3100,416,66,0.15865384615384615,52
202608325,experiments/stringmol/runs/local-treatment/mixed/seed_202608325,3200,403,66,0.16377171215880892,52
202608325,experiments/stringmol/runs/local-treatment/mixed/seed_202608325,3300,447,71,0.15883668903803133,52
202608325,experiments/stringmol/runs/local-treatment/mixed/seed_202608325,3400,436,73,0.16743119266055045,52
202608325,experiments/stringmol/runs/local-treatment/mixed/seed_202608325,3500,474,79,0.16666666666666666,52
202608325,experiments/stringmol/runs/local-treatment/mixed/seed_202608325,3600,450,79,0.17555555555555555,52
202608325,experiments/stringmol/runs/local-treatment/mixed/seed_202608325,3700,445,87,0.19550561797752808,52
202608325,experiments/stringmol/runs/local-treatment/mixed/seed_202608325,3800,484,90,0.1859504132231405,52
202608325,experiments/stringmol/runs/local-treatment/mixed/seed_202608325,3900,472,95,0.20127118644067796,52
202608325,experiments/stringmol/runs/local-treatment/mixed/seed_202608325,4000,510,92,0.1803921568627451,52
202608325,experiments/stringmol/runs/local-treatment/mixed/seed_202608325,4100,502,105,0.20916334661354583,52
202608325,experiments/stringmol/runs/local-treatment/mixed/seed_202608325,4200,546,113,0.20695970695970695,52
202608325,experiments/stringmol/runs/local-treatment/mixed/seed_202608325,4300,528,111,0.21022727272727273,52
202608325,experiments/stringmol/runs/local-treatment/mixed/seed_202608325,4400,520,120,0.23076923076923078,52
202608325,experiments/stringmol/runs/local-treatment/mixed/seed_202608325,4500,550,119,0.21636363636363637,52
202608325,experiments/stringmol/runs/local-treatment/mixed/seed_202608325,4600,543,129,0.23756906077348067,52
202608325,experiments/stringmol/runs/local-treatment/mixed/seed_202608325,4700,591,133,0.22504230118443316,52
202608325,experiments/stringmol/runs/local-treatment/mixed/seed_202608325,4800,583,139,0.23842195540308747,52
202608325,experiments/stringmol/runs/local-treatment/mixed/seed_202608325,4900,627,146,0.23285486443381181,52
202608325,experiments/stringmol/runs/local-treatment/mixed/seed_202608325,5000,610,148,0.24262295081967214,52
202608325,experiments/stringmol/runs/local-treatment/mixed/seed_202608325,5100,611,159,0.2602291325695581,52
202608325,experiments/stringmol/runs/local-treatment/mixed/seed_202608325,5200,643,157,0.24416796267496113,52
202608325,experiments/stringmol/runs/local-treatment/mixed/seed_202608325,5300,648,167,0.25771604938271603,52
202608325,experiments/stringmol/runs/local-treatment/mixed/seed_202608325,5400,698,166,0.23782234957020057,52
202608325,experiments/stringmol/runs/local-treatment/mixed/seed_202608325,5500,674,178,0.26409495548961426,52
202608325,experiments/stringmol/runs/local-treatment/mixed/seed_202608325,5600,731,181,0.2476060191518468,52
202608325,experiments/stringmol/runs/local-treatment/mixed/seed_202608325,5700,712,192,0.2696629213483146,52
202608325,experiments/stringmol/runs/local-treatment/mixed/seed_202608325,5800,712,198,0.27808988764044945,52
202608325,experiments/stringmol/runs/local-treatment/mixed/seed_202608325,5900,734,200,0.2724795640326976,52
202608325,experiments/stringmol/runs/local-treatment/mixed/seed_202608325,6000,730,216,0.2958904109589041,52
202608325,experiments/stringmol/runs/local-treatment/mixed/seed_202608325,6100,782,218,0.27877237851662406,52
202608325,experiments/stringmol/runs/local-treatment/mixed/seed_202608325,6200,775,231,0.29806451612903223,52
202608325,experiments/stringmol/runs/local-treatment/mixed/seed_202608325,6300,826,233,0.2820823244552058,52
202608325,experiments/stringmol/runs/local-treatment/mixed/seed_202608325,6400,798,237,0.29699248120300753,52
202608325,experiments/stringmol/runs/local-treatment/mixed/seed_202608325,6500,809,240,0.29666254635352285,52
202608325,experiments/stringmol/runs/local-treatment/mixed/seed_202608325,6600,836,250,0.29904306220095694,52
202608325,experiments/stringmol/runs/local-treatment/mixed/seed_202608325,6700,808,251,0.31064356435643564,52
202608325,experiments/stringmol/runs/local-treatment/mixed/seed_202608325,6800,862,261,0.302784222737819,52
202608325,experiments/stringmol/runs/local-treatment/mixed/seed_202608325,6900,832,261,0.3137019230769231,52
202608325,experiments/stringmol/runs/local-treatment/mixed/seed_202608325,7000,894,269,0.30089485458612975,52
202608325,experiments/stringmol/runs/local-treatment/mixed/seed_202608325,7100,887,274,0.3089064261555806,52
202608325,experiments/stringmol/runs/local-treatment/mixed/seed_202608325,7200,921,282,0.30618892508143325,52
202608325,experiments/stringmol/runs/local-treatment/mixed/seed_202608325,7300,898,272,0.3028953229398664,52
202608325,experiments/stringmol/runs/local-treatment/mixed/seed_202608325,7400,911,291,0.3194291986827662,52
202608325,experiments/stringmol/runs/local-treatment/mixed/seed_202608325,7500,947,295,0.3115100316789863,52
202608325,experiments/stringmol/runs/local-treatment/mixed/seed_202608325,7600,926,302,0.326133909287257,52
202608325,experiments/stringmol/runs/local-treatment/mixed/seed_202608325,7700,962,298,0.3097713097713098,52
202608325,experiments/stringmol/runs/local-treatment/mixed/seed_202608325,7800,947,301,0.31784582893347413,52
202608325,experiments/stringmol/runs/local-treatment/mixed/seed_202608325,7900,980,311,0.3173469387755102,52
202608325,experiments/stringmol/runs/local-treatment/mixed/seed_202608325,8000,959,308,0.32116788321167883,52
202608325,experiments/stringmol/runs/local-treatment/mixed/seed_202608325,8100,948,310,0.3270042194092827,52
202608325,experiments/stringmol/runs/local-treatment/mixed/seed_202608325,8200,987,312,0.3161094224924012,52
202608325,experiments/stringmol/runs/local-treatment/mixed/seed_202608325,8300,979,319,0.3258426966292135,52
202608325,experiments/stringmol/runs/local-treatment/mixed/seed_202608325,8400,1004,323,0.32171314741035856,52
202608325,experiments/stringmol/runs/local-treatment/mixed/seed_202608325,8500,992,330,0.3326612903225806,52
202608325,experiments/stringmol/runs/local-treatment/mixed/seed_202608325,8600,1005,322,0.32039800995024875,52
202608325,experiments/stringmol/runs/local-treatment/mixed/seed_202608325,8700,983,330,0.335707019328586,52
202608325,experiments/stringmol/runs/local-treatment/mixed/seed_202608325,8800,951,320,0.33648790746582546,52
202608325,experiments/stringmol/runs/local-treatment/mixed/seed_202608325,8900,984,325,0.33028455284552843,52
202608325,experiments/stringmol/runs/local-treatment/mixed/seed_202608325,9000,952,318,0.33403361344537813,52
202608325,experiments/stringmol/runs/local-treatment/mixed/seed_202608325,9100,978,316,0.3231083844580777,52
202608325,experiments/stringmol/runs/local-treatment/mixed/seed_202608325,9200,971,330,0.33985581874356335,52
202608325,experiments/stringmol/runs/local-treatment/mixed/seed_202608325,9300,999,330,0.3303303303303303,52
202608325,experiments/stringmol/runs/local-treatment/mixed/seed_202608325,9400,985,330,0.3350253807106599,52
202608325,experiments/stringmol/runs/local-treatment/mixed/seed_202608325,9500,972,340,0.3497942386831276,52
202608325,experiments/stringmol/runs/local-treatment/mixed/seed_202608325,9600,995,343,0.34472361809045227,52
202608325,experiments/stringmol/runs/local-treatment/mixed/seed_202608325,9700,987,353,0.3576494427558257,52
202608325,experiments/stringmol/runs/local-treatment/mixed/seed_202608325,9800,1014,351,0.34615384615384615,52
202608325,experiments/stringmol/runs/local-treatment/mixed/seed_202608325,9900,994,344,0.3460764587525151,52
202608326,experiments/stringmol/runs/local-treatment/mixed/seed_202608326,0,150,10,0.06666666666666667,86
202608326,experiments/stringmol/runs/local-treatment/mixed/seed_202608326,100,148,9,0.060810810810810814,86
202608326,experiments/stringmol/runs/local-treatment/mixed/seed_202608326,200,142,8,0.056338028169014086,86
202608326,experiments/stringmol/runs/local-treatment/mixed/seed_202608326,300,157,9,0.05732484076433121,86
202608326,experiments/stringmol/runs/local-treatment/mixed/seed_202608326,400,154,10,0.06493506493506493,86
202608326,experiments/stringmol/runs/local-treatment/mixed/seed_202608326,500,181,11,0.06077348066298342,86
202608326,experiments/stringmol/runs/local-treatment/mixed/seed_202608326,600,176,14,0.07954545454545454,86
202608326,experiments/stringmol/runs/local-treatment/mixed/seed_202608326,700,205,15,0.07317073170731707,86
202608326,experiments/stringmol/runs/local-treatment/mixed/seed_202608326,800,207,16,0.07729468599033816,86
202608326,experiments/stringmol/runs/local-treatment/mixed/seed_202608326,900,191,16,0.08376963350785341,86
202608326,experiments/stringmol/runs/local-treatment/mixed/seed_202608326,1000,221,15,0.06787330316742081,86
202608326,experiments/stringmol/runs/local-treatment/mixed/seed_202608326,1100,219,15,0.0684931506849315,86
202608326,experiments/stringmol/runs/local-treatment/mixed/seed_202608326,1200,260,16,0.06153846153846154,86
202608326,experiments/stringmol/runs/local-treatment/mixed/seed_202608326,1300,247,15,0.06072874493927125,86
202608326,experiments/stringmol/runs/local-treatment/mixed/seed_202608326,1400,272,18,0.0661764705882353,86
202608326,experiments/stringmol/runs/local-treatment/mixed/seed_202608326,1500,269,19,0.07063197026022305,86
202608326,experiments/stringmol/runs/local-treatment/mixed/seed_202608326,1600,248,22,0.08870967741935484,86
202608326,experiments/stringmol/runs/local-treatment/mixed/seed_202608326,1700,286,25,0.08741258741258741,86
202608326,experiments/stringmol/runs/local-treatment/mixed/seed_202608326,1800,276,27,0.09782608695652174,86
202608326,experiments/stringmol/runs/local-treatment/mixed/seed_202608326,1900,320,30,0.09375,86
202608326,experiments/stringmol/runs/local-treatment/mixed/seed_202608326,2000,307,30,0.09771986970684039,86
202608326,experiments/stringmol/runs/local-treatment/mixed/seed_202608326,2100,348,33,0.09482758620689655,86
202608326,experiments/stringmol/runs/local-treatment/mixed/seed_202608326,2200,341,34,0.09970674486803519,86
202608326,experiments/stringmol/runs/local-treatment/mixed/seed_202608326,2300,336,38,0.1130952380952381,86
202608326,experiments/stringmol/runs/local-treatment/mixed/seed_202608326,2400,373,37,0.09919571045576407,86
202608326,experiments/stringmol/runs/local-treatment/mixed/seed_202608326,2500,358,39,0.10893854748603352,86
202608326,experiments/stringmol/runs/local-treatment/mixed/seed_202608326,2600,402,40,0.09950248756218906,86
202608326,experiments/stringmol/runs/local-treatment/mixed/seed_202608326,2700,382,44,0.11518324607329843,86
202608326,experiments/stringmol/runs/local-treatment/mixed/seed_202608326,2800,415,44,0.10602409638554217,86
202608326,experiments/stringmol/runs/local-treatment/mixed/seed_202608326,2900,401,50,0.12468827930174564,86
202608326,experiments/stringmol/runs/local-treatment/mixed/seed_202608326,3000,403,59,0.14640198511166252,86
202608326,experiments/stringmol/runs/local-treatment/mixed/seed_202608326,3100,439,60,0.1366742596810934,86
202608326,experiments/stringmol/runs/local-treatment/mixed/seed_202608326,3200,430,65,0.1511627906976744,86
202608326,experiments/stringmol/runs/local-treatment/mixed/seed_202608326,3300,472,66,0.13983050847457626,86
202608326,experiments/stringmol/runs/local-treatment/mixed/seed_202608326,3400,464,70,0.15086206896551724,86
202608326,experiments/stringmol/runs/local-treatment/mixed/seed_202608326,3500,512,76,0.1484375,86
202608326,experiments/stringmol/runs/local-treatment/mixed/seed_202608326,3600,506,80,0.15810276679841898,86
202608326,experiments/stringmol/runs/local-treatment/mixed/seed_202608326,3700,490,84,0.17142857142857143,86
202608326,experiments/stringmol/runs/local-treatment/mixed/seed_202608326,3800,539,85,0.15769944341372913,86
202608326,experiments/stringmol/runs/local-treatment/mixed/seed_202608326,3900,522,90,0.1724137931034483,86
202608326,experiments/stringmol/runs/local-treatment/mixed/seed_202608326,4000,569,94,0.16520210896309315,86
202608326,experiments/stringmol/runs/local-treatment/mixed/seed_202608326,4100,563,97,0.17229129662522202,86
202608326,experiments/stringmol/runs/local-treatment/mixed/seed_202608326,4200,621,114,0.18357487922705315,86
202608326,experiments/stringmol/runs/local-treatment/mixed/seed_202608326,4300,608,121,0.19901315789473684,86
202608326,experiments/stringmol/runs/local-treatment/mixed/seed_202608326,4400,588,128,0.21768707482993196,86
202608326,experiments/stringmol/runs/local-treatment/mixed/seed_202608326,4500,659,139,0.2109256449165402,86
202608326,experiments/stringmol/runs/local-treatment/mixed/seed_202608326,4600,633,146,0.23064770932069512,86
202608326,experiments/stringmol/runs/local-treatment/mixed/seed_202608326,4700,676,146,0.21597633136094674,86
202608326,experiments/stringmol/runs/local-treatment/mixed/seed_202608326,4800,665,156,0.23458646616541354,86
202608326,experiments/stringmol/runs/local-treatment/mixed/seed_202608326,4900,717,164,0.22873082287308227,86
202608326,experiments/stringmol/runs/local-treatment/mixed/seed_202608326,5000,708,170,0.2401129943502825,86
202608326,experiments/stringmol/runs/local-treatment/mixed/seed_202608326,5100,690,178,0.2579710144927536,86
202608326,experiments/stringmol/runs/local-treatment/mixed/seed_202608326,5200,754,192,0.2546419098143236,86
202608326,experiments/stringmol/runs/local-treatment/mixed/seed_202608326,5300,743,198,0.26648721399730824,86
202608326,experiments/stringmol/runs/local-treatment/mixed/seed_202608326,5400,783,207,0.26436781609195403,86
202608326,experiments/stringmol/runs/local-treatment/mixed/seed_202608326,5500,749,217,0.2897196261682243,86
202608326,experiments/stringmol/runs/local-treatment/mixed/seed_202608326,5600,805,215,0.2670807453416149,86
202608326,experiments/stringmol/runs/local-treatment/mixed/seed_202608326,5700,791,221,0.27939317319848295,86
202608326,experiments/stringmol/runs/local-treatment/mixed/seed_202608326,5800,799,242,0.30287859824780977,86
202608326,experiments/stringmol/runs/local-treatment/mixed/seed_202608326,5900,844,251,0.29739336492890994,86
202608326,experiments/stringmol/runs/local-treatment/mixed/seed_202608326,6000,841,270,0.3210463733650416,86
202608326,experiments/stringmol/runs/local-treatment/mixed/seed_202608326,6100,886,277,0.3126410835214447,86
202608326,experiments/stringmol/runs/local-treatment/mixed/seed_202608326,6200,881,295,0.3348467650397276,86
202608326,experiments/stringmol/runs/local-treatment/mixed/seed_202608326,6300,931,305,0.3276047261009667,86
202608326,experiments/stringmol/runs/local-treatment/mixed/seed_202608326,6400,905,316,0.34917127071823206,86
202608326,experiments/stringmol/runs/local-treatment/mixed/seed_202608326,6500,936,331,0.35363247863247865,86
202608326,experiments/stringmol/runs/local-treatment/mixed/seed_202608326,6600,944,343,0.3633474576271186,86
202608326,experiments/stringmol/runs/local-treatment/mixed/seed_202608326,6700,937,358,0.3820704375667022,86
202608326,experiments/stringmol/runs/local-treatment/mixed/seed_202608326,6800,979,363,0.3707865168539326,86
202608326,experiments/stringmol/runs/local-treatment/mixed/seed_202608326,6900,965,367,0.38031088082901554,86
202608326,experiments/stringmol/runs/local-treatment/mixed/seed_202608326,7000,998,377,0.3777555110220441,86
202608326,experiments/stringmol/runs/local-treatment/mixed/seed_202608326,7100,1007,394,0.3912611717974181,86
202608326,experiments/stringmol/runs/local-treatment/mixed/seed_202608326,7200,1039,409,0.39364773820981713,86
202608326,experiments/stringmol/runs/local-treatment/mixed/seed_202608326,7300,1042,427,0.40978886756238003,86
202608326,experiments/stringmol/runs/local-treatment/mixed/seed_202608326,7400,1031,455,0.44131910766246363,86
202608326,experiments/stringmol/runs/local-treatment/mixed/seed_202608326,7500,1076,470,0.4368029739776952,86
202608326,experiments/stringmol/runs/local-treatment/mixed/seed_202608326,7600,1075,496,0.4613953488372093,86
202608326,experiments/stringmol/runs/local-treatment/mixed/seed_202608326,7700,1100,510,0.4636363636363636,86
202608326,experiments/stringmol/runs/local-treatment/mixed/seed_202608326,7800,1091,527,0.4830430797433547,86
202608326,experiments/stringmol/runs/local-treatment/mixed/seed_202608326,7900,1113,539,0.48427672955974843,86
202608326,experiments/stringmol/runs/local-treatment/mixed/seed_202608326,8000,1112,554,0.4982014388489209,86
202608326,experiments/stringmol/runs/local-treatment/mixed/seed_202608326,8100,1089,568,0.5215794306703397,86
202608326,experiments/stringmol/runs/local-treatment/mixed/seed_202608326,8200,1118,574,0.5134168157423972,86
202608326,experiments/stringmol/runs/local-treatment/mixed/seed_202608326,8300,1111,584,0.5256525652565257,86
202608326,experiments/stringmol/runs/local-treatment/mixed/seed_202608326,8400,1127,593,0.5261756876663709,86
202608326,experiments/stringmol/runs/local-treatment/mixed/seed_202608326,8500,1119,598,0.5344057193923145,86
202608326,experiments/stringmol/runs/local-treatment/mixed/seed_202608326,8600,1134,618,0.544973544973545,86
202608326,experiments/stringmol/runs/local-treatment/mixed/seed_202608326,8700,1122,625,0.5570409982174688,86
202608326,experiments/stringmol/runs/local-treatment/mixed/seed_202608326,8800,1113,629,0.5651392632524708,86
202608326,experiments/stringmol/runs/local-treatment/mixed/seed_202608326,8900,1129,644,0.5704162976085031,86
202608326,experiments/stringmol/runs/local-treatment/mixed/seed_202608326,9000,1117,654,0.585496866606983,86
202608326,experiments/stringmol/runs/local-treatment/mixed/seed_202608326,9100,1122,665,0.5926916221033868,86
202608326,experiments/stringmol/runs/local-treatment/mixed/seed_202608326,9200,1113,670,0.6019766397124887,86
202608326,experiments/stringmol/runs/local-treatment/mixed/seed_202608326,9300,1113,680,0.6109613656783468,86
202608326,experiments/stringmol/runs/local-treatment/mixed/seed_202608326,9400,1116,695,0.6227598566308243,86
202608326,experiments/stringmol/runs/local-treatment/mixed/seed_202608326,9500,1110,702,0.6324324324324324,86
202608326,experiments/stringmol/runs/local-treatment/mixed/seed_202608326,9600,1109,709,0.6393146979260595,86
202608326,experiments/stringmol/runs/local-treatment/mixed/seed_202608326,9700,1098,716,0.6520947176684881,86
202608326,experiments/stringmol/runs/local-treatment/mixed/seed_202608326,9800,1097,729,0.6645396536007293,86
202608326,experiments/stringmol/runs/local-treatment/mixed/seed_202608326,9900,1093,736,0.6733760292772186,86
202608327,experiments/stringmol/runs/local-treatment/mixed/seed_202608327,0,150,10,0.06666666666666667,63
202608327,experiments/stringmol/runs/local-treatment/mixed/seed_202608327,100,141,10,0.07092198581560284,63
202608327,experiments/stringmol/runs/local-treatment/mixed/seed_202608327,200,138,11,0.07971014492753623,63
202608327,experiments/stringmol/runs/local-treatment/mixed/seed_202608327,300,152,9,0.05921052631578947,63
202608327,experiments/stringmol/runs/local-treatment/mixed/seed_202608327,400,151,10,0.06622516556291391,63
202608327,experiments/stringmol/runs/local-treatment/mixed/seed_202608327,500,183,13,0.07103825136612021,63
202608327,experiments/stringmol/runs/local-treatment/mixed/seed_202608327,600,172,13,0.0755813953488372,63
202608327,experiments/stringmol/runs/local-treatment/mixed/seed_202608327,700,195,12,0.06153846153846154,63
202608327,experiments/stringmol/runs/local-treatment/mixed/seed_202608327,800,184,11,0.059782608695652176,63
202608327,experiments/stringmol/runs/local-treatment/mixed/seed_202608327,900,185,11,0.05945945945945946,63
202608327,experiments/stringmol/runs/local-treatment/mixed/seed_202608327,1000,207,12,0.057971014492753624,63
202608327,experiments/stringmol/runs/local-treatment/mixed/seed_202608327,1100,193,12,0.06217616580310881,63
202608327,experiments/stringmol/runs/local-treatment/mixed/seed_202608327,1200,226,17,0.0752212389380531,63
202608327,experiments/stringmol/runs/local-treatment/mixed/seed_202608327,1300,209,17,0.08133971291866028,63
202608327,experiments/stringmol/runs/local-treatment/mixed/seed_202608327,1400,247,22,0.08906882591093117,63
202608327,experiments/stringmol/runs/local-treatment/mixed/seed_202608327,1500,246,23,0.09349593495934959,63
202608327,experiments/stringmol/runs/local-treatment/mixed/seed_202608327,1600,233,29,0.12446351931330472,63
202608327,experiments/stringmol/runs/local-treatment/mixed/seed_202608327,1700,259,31,0.11969111969111969,63
202608327,experiments/stringmol/runs/local-treatment/mixed/seed_202608327,1800,259,33,0.1274131274131274,63
202608327,experiments/stringmol/runs/local-treatment/mixed/seed_202608327,1900,298,38,0.12751677852348994,63
202608327,experiments/stringmol/runs/local-treatment/mixed/seed_202608327,2000,291,40,0.13745704467353953,63
202608327,experiments/stringmol/runs/local-treatment/mixed/seed_202608327,2100,329,44,0.1337386018237082,63
202608327,experiments/stringmol/runs/local-treatment/mixed/seed_202608327,2200,315,45,0.14285714285714285,63
202608327,experiments/stringmol/runs/local-treatment/mixed/seed_202608327,2300,302,46,0.152317880794702,63
202608327,experiments/stringmol/runs/local-treatment/mixed/seed_202608327,2400,351,48,0.13675213675213677,63
202608327,experiments/stringmol/runs/local-treatment/mixed/seed_202608327,2500,345,53,0.1536231884057971,63
202608327,experiments/stringmol/runs/local-treatment/mixed/seed_202608327,2600,387,55,0.1421188630490956,63
202608327,experiments/stringmol/runs/local-treatment/mixed/seed_202608327,2700,367,57,0.1553133514986376,63
202608327,experiments/stringmol/runs/local-treatment/mixed/seed_202608327,2800,417,62,0.1486810551558753,63
202608327,experiments/stringmol/runs/local-treatment/mixed/seed_202608327,2900,413,65,0.15738498789346247,63
202608327,experiments/stringmol/runs/local-treatment/mixed/seed_202608327,3000,405,68,0.16790123456790124,63
202608327,experiments/stringmol/runs/local-treatment/mixed/seed_202608327,3100,436,68,0.1559633027522936,63
202608327,experiments/stringmol/runs/local-treatment/mixed/seed_202608327,3200,416,69,0.1658653846153846,63
202608327,experiments/stringmol/runs/local-treatment/mixed/seed_202608327,3300,462,74,0.16017316017316016,63
202608327,experiments/stringmol/runs/local-treatment/mixed/seed_202608327,3400,455,76,0.16703296703296702,63
202608327,experiments/stringmol/runs/local-treatment/mixed/seed_202608327,3500,498,78,0.1566265060240964,63
202608327,experiments/stringmol/runs/local-treatment/mixed/seed_202608327,3600,483,82,0.16977225672877846,63
202608327,experiments/stringmol/runs/local-treatment/mixed/seed_202608327,3700,473,85,0.17970401691331925,63
202608327,experiments/stringmol/runs/local-treatment/mixed/seed_202608327,3800,510,88,0.17254901960784313,63
202608327,experiments/stringmol/runs/local-treatment/mixed/seed_202608327,3900,495,91,0.18383838383838383,63
202608327,experiments/stringmol/runs/local-treatment/mixed/seed_202608327,4000,552,97,0.17572463768115942,63
202608327,experiments/stringmol/runs/local-treatment/mixed/seed_202608327,4100,522,96,0.1839080459770115,63
202608327,experiments/stringmol/runs/local-treatment/mixed/seed_202608327,4200,566,101,0.1784452296819788,63
202608327,experiments/stringmol/runs/local-treatment/mixed/seed_202608327,4300,544,109,0.20036764705882354,63
202608327,experiments/stringmol/runs/local-treatment/mixed/seed_202608327,4400,536,114,0.2126865671641791,63
202608327,experiments/stringmol/runs/local-treatment/mixed/seed_202608327,4500,592,115,0.19425675675675674,63
202608327,experiments/stringmol/runs/local-treatment/mixed/seed_202608327,4600,574,118,0.20557491289198607,63
202608327,experiments/stringmol/runs/local-treatment/mixed/seed_202608327,4700,621,120,0.1932367149758454,63
202608327,experiments/stringmol/runs/local-treatment/mixed/seed_202608327,4800,603,125,0.20729684908789386,63
202608327,experiments/stringmol/runs/local-treatment/mixed/seed_202608327,4900,666,136,0.2042042042042042,63
202608327,experiments/stringmol/runs/local-treatment/mixed/seed_202608327,5000,646,138,0.21362229102167182,63
202608327,experiments/stringmol/runs/local-treatment/mixed/seed_202608327,5100,659,148,0.22458270106221548,63
202608327,experiments/stringmol/runs/local-treatment/mixed/seed_202608327,5200,678,141,0.2079646017699115,63
202608327,experiments/stringmol/runs/local-treatment/mixed/seed_202608327,5300,679,152,0.22385861561119294,63
202608327,experiments/stringmol/runs/local-treatment/mixed/seed_202608327,5400,720,150,0.20833333333333334,63
202608327,experiments/stringmol/runs/local-treatment/mixed/seed_202608327,5500,700,159,0.22714285714285715,63
202608327,experiments/stringmol/runs/local-treatment/mixed/seed_202608327,5600,761,167,0.21944809461235218,63
202608327,experiments/stringmol/runs/local-treatment/mixed/seed_202608327,5700,737,170,0.23066485753052918,63
202608327,experiments/stringmol/runs/local-treatment/mixed/seed_202608327,5800,758,185,0.24406332453825857,63
202608327,experiments/stringmol/runs/local-treatment/mixed/seed_202608327,5900,790,191,0.2417721518987342,63
202608327,experiments/stringmol/runs/local-treatment/mixed/seed_202608327,6000,790,201,0.25443037974683547,63
202608327,experiments/stringmol/runs/local-treatment/mixed/seed_202608327,6100,843,209,0.2479240806642942,63
202608327,experiments/stringmol/runs/local-treatment/mixed/seed_202608327,6200,825,217,0.263030303030303,63
202608327,experiments/stringmol/runs/local-treatment/mixed/seed_202608327,6300,867,211,0.2433679354094579,63
202608327,experiments/stringmol/runs/local-treatment/mixed/seed_202608327,6400,846,221,0.26122931442080377,63
202608327,experiments/stringmol/runs/local-treatment/mixed/seed_202608327,6500,882,237,0.2687074829931973,63
202608327,experiments/stringmol/runs/local-treatment/mixed/seed_202608327,6600,916,253,0.2762008733624454,63
202608327,experiments/stringmol/runs/local-treatment/mixed/seed_202608327,6700,931,263,0.2824919441460795,63
202608327,experiments/stringmol/runs/local-treatment/mixed/seed_202608327,6800,946,256,0.27061310782241016,63
202608327,experiments/stringmol/runs/local-treatment/mixed/seed_202608327,6900,945,270,0.2857142857142857,63
202608327,experiments/stringmol/runs/local-treatment/mixed/seed_202608327,7000,989,276,0.27906976744186046,63
202608327,experiments/stringmol/runs/local-treatment/mixed/seed_202608327,7100,958,275,0.2870563674321503,63
202608327,experiments/stringmol/runs/local-treatment/mixed/seed_202608327,7200,1024,286,0.279296875,63
202608327,experiments/stringmol/runs/local-treatment/mixed/seed_202608327,7300,1022,288,0.28180039138943247,63
202608327,experiments/stringmol/runs/local-treatment/mixed/seed_202608327,7400,1010,293,0.2900990099009901,63
202608327,experiments/stringmol/runs/local-treatment/mixed/seed_202608327,7500,1066,295,0.2767354596622889,63
202608327,experiments/stringmol/runs/local-treatment/mixed/seed_202608327,7600,1075,317,0.2948837209302326,63
202608327,experiments/stringmol/runs/local-treatment/mixed/seed_202608327,7700,1111,323,0.2907290729072907,63
202608327,experiments/stringmol/runs/local-treatment/mixed/seed_202608327,7800,1094,324,0.2961608775137112,63
202608327,experiments/stringmol/runs/local-treatment/mixed/seed_202608327,7900,1125,330,0.29333333333333333,63
202608327,experiments/stringmol/runs/local-treatment/mixed/seed_202608327,8000,1103,337,0.3055303717135086,63
202608327,experiments/stringmol/runs/local-treatment/mixed/seed_202608327,8100,1110,345,0.3108108108108108,63
202608327,experiments/stringmol/runs/local-treatment/mixed/seed_202608327,8200,1139,345,0.3028972783143108,63
202608327,experiments/stringmol/runs/local-treatment/mixed/seed_202608327,8300,1150,356,0.3095652173913043,63
202608327,experiments/stringmol/runs/local-treatment/mixed/seed_202608327,8400,1174,364,0.3100511073253833,63
202608327,experiments/stringmol/runs/local-treatment/mixed/seed_202608327,8500,1187,376,0.3167649536647009,63
202608327,experiments/stringmol/runs/local-treatment/mixed/seed_202608327,8600,1208,375,0.31043046357615894,63
202608327,experiments/stringmol/runs/local-treatment/mixed/seed_202608327,8700,1193,386,0.3235540653813915,63
202608327,experiments/stringmol/runs/local-treatment/mixed/seed_202608327,8800,1202,391,0.32529118136439267,63
202608327,experiments/stringmol/runs/local-treatment/mixed/seed_202608327,8900,1223,405,0.3311529026982829,63
202608327,experiments/stringmol/runs/local-treatment/mixed/seed_202608327,9000,1238,414,0.3344103392568659,63
202608327,experiments/stringmol/runs/local-treatment/mixed/seed_202608327,9100,1260,429,0.3404761904761905,63
202608327,experiments/stringmol/runs/local-treatment/mixed/seed_202608327,9200,1238,430,0.3473344103392569,63
202608327,experiments/stringmol/runs/local-treatment/mixed/seed_202608327,9300,1286,440,0.3421461897356143,63
202608327,experiments/stringmol/runs/local-treatment/mixed/seed_202608327,9400,1252,439,0.3506389776357827,63
202608327,experiments/stringmol/runs/local-treatment/mixed/seed_202608327,9500,1262,440,0.3486529318541997,63
202608327,experiments/stringmol/runs/local-treatment/mixed/seed_202608327,9600,1260,443,0.3515873015873016,63
202608327,experiments/stringmol/runs/local-treatment/mixed/seed_202608327,9700,1259,441,0.35027799841143764,63
202608327,experiments/stringmol/runs/local-treatment/mixed/seed_202608327,9800,1290,444,0.34418604651162793,63
202608327,experiments/stringmol/runs/local-treatment/mixed/seed_202608327,9900,1277,453,0.3547376664056382,63
202608328,experiments/stringmol/runs/local-treatment/mixed/seed_202608328,0,150,10,0.06666666666666667,47
202608328,experiments/stringmol/runs/local-treatment/mixed/seed_202608328,100,141,7,0.04964539007092199,47
202608328,experiments/stringmol/runs/local-treatment/mixed/seed_202608328,200,141,10,0.07092198581560284,47
202608328,experiments/stringmol/runs/local-treatment/mixed/seed_202608328,300,159,9,0.05660377358490566,47
202608328,experiments/stringmol/runs/local-treatment/mixed/seed_202608328,400,158,11,0.06962025316455696,47
202608328,experiments/stringmol/runs/local-treatment/mixed/seed_202608328,500,186,14,0.07526881720430108,47
202608328,experiments/stringmol/runs/local-treatment/mixed/seed_202608328,600,179,17,0.09497206703910614,47
202608328,experiments/stringmol/runs/local-treatment/mixed/seed_202608328,700,210,16,0.0761904761904762,47
202608328,experiments/stringmol/runs/local-treatment/mixed/seed_202608328,800,195,15,0.07692307692307693,47
202608328,experiments/stringmol/runs/local-treatment/mixed/seed_202608328,900,195,19,0.09743589743589744,47
202608328,experiments/stringmol/runs/local-treatment/mixed/seed_202608328,1000,219,18,0.0821917808219178,47
202608328,experiments/stringmol/runs/local-treatment/mixed/seed_202608328,1100,212,20,0.09433962264150944,47
202608328,experiments/stringmol/runs/local-treatment/mixed/seed_202608328,1200,239,20,0.08368200836820083,47
202608328,experiments/stringmol/runs/local-treatment/mixed/seed_202608328,1300,237,24,0.10126582278481013,47
202608328,experiments/stringmol/runs/local-treatment/mixed/seed_202608328,1400,271,27,0.0996309963099631,47
202608328,experiments/stringmol/runs/local-treatment/mixed/seed_202608328,1500,261,29,0.1111111111111111,47
202608328,experiments/stringmol/runs/local-treatment/mixed/seed_202608328,1600,256,30,0.1171875,47
202608328,experiments/stringmol/runs/local-treatment/mixed/seed_202608328,1700,291,33,0.1134020618556701,47
202608328,experiments/stringmol/runs/local-treatment/mixed/seed_202608328,1800,278,37,0.13309352517985612,47
202608328,experiments/stringmol/runs/local-treatment/mixed/seed_202608328,1900,324,44,0.13580246913580246,47
202608328,experiments/stringmol/runs/local-treatment/mixed/seed_202608328,2000,320,43,0.134375,47
202608328,experiments/stringmol/runs/local-treatment/mixed/seed_202608328,2100,360,48,0.13333333333333333,47
202608328,experiments/stringmol/runs/local-treatment/mixed/seed_202608328,2200,347,50,0.1440922190201729,47
202608328,experiments/stringmol/runs/local-treatment/mixed/seed_202608328,2300,336,53,0.15773809523809523,47
202608328,experiments/stringmol/runs/local-treatment/mixed/seed_202608328,2400,379,51,0.1345646437994723,47
202608328,experiments/stringmol/runs/local-treatment/mixed/seed_202608328,2500,363,58,0.15977961432506887,47
202608328,experiments/stringmol/runs/local-treatment/mixed/seed_202608328,2600,405,57,0.14074074074074075,47
202608328,experiments/stringmol/runs/local-treatment/mixed/seed_202608328,2700,400,61,0.1525,47
202608328,experiments/stringmol/runs/local-treatment/mixed/seed_202608328,2800,442,68,0.15384615384615385,47
202608328,experiments/stringmol/runs/local-treatment/mixed/seed_202608328,2900,418,64,0.15311004784688995,47
202608328,experiments/stringmol/runs/local-treatment/mixed/seed_202608328,3000,412,68,0.1650485436893204,47
202608328,experiments/stringmol/runs/local-treatment/mixed/seed_202608328,3100,467,70,0.14989293361884368,47
202608328,experiments/stringmol/runs/local-treatment/mixed/seed_202608328,3200,453,73,0.16114790286975716,47
202608328,experiments/stringmol/runs/local-treatment/mixed/seed_202608328,3300,502,76,0.15139442231075698,47
202608328,experiments/stringmol/runs/local-treatment/mixed/seed_202608328,3400,484,81,0.16735537190082644,47
202608328,experiments/stringmol/runs/local-treatment/mixed/seed_202608328,3500,539,86,0.15955473098330242,47
202608328,experiments/stringmol/runs/local-treatment/mixed/seed_202608328,3600,533,87,0.16322701688555347,47
202608328,experiments/stringmol/runs/local-treatment/mixed/seed_202608328,3700,523,93,0.17782026768642448,47
202608328,experiments/stringmol/runs/local-treatment/mixed/seed_202608328,3800,573,91,0.15881326352530542,47
202608328,experiments/stringmol/runs/local-treatment/mixed/seed_202608328,3900,566,100,0.17667844522968199,47
202608328,experiments/stringmol/runs/local-treatment/mixed/seed_202608328,4000,616,105,0.17045454545454544,47
202608328,experiments/stringmol/runs/local-treatment/mixed/seed_202608328,4100,596,110,0.18456375838926176,47
202608328,experiments/stringmol/runs/local-treatment/mixed/seed_202608328,4200,650,112,0.1723076923076923,47
202608328,experiments/stringmol/runs/local-treatment/mixed/seed_202608328,4300,627,113,0.18022328548644337,47
202608328,experiments/stringmol/runs/local-treatment/mixed/seed_202608328,4400,629,127,0.20190779014308427,47
202608328,experiments/stringmol/runs/local-treatment/mixed/seed_202608328,4500,674,126,0.18694362017804153,47
202608328,experiments/stringmol/runs/local-treatment/mixed/seed_202608328,4600,663,135,0.20361990950226244,47
202608328,experiments/stringmol/runs/local-treatment/mixed/seed_202608328,4700,721,137,0.1900138696255201,47
202608328,experiments/stringmol/runs/local-treatment/mixed/seed_202608328,4800,694,139,0.20028818443804033,47
202608328,experiments/stringmol/runs/local-treatment/mixed/seed_202608328,4900,756,148,0.19576719576719576,47
202608328,experiments/stringmol/runs/local-treatment/mixed/seed_202608328,5000,733,143,0.19508867667121418,47
202608328,experiments/stringmol/runs/local-treatment/mixed/seed_202608328,5100,734,158,0.21525885558583105,47
202608328,experiments/stringmol/runs/local-treatment/mixed/seed_202608328,5200,770,162,0.21038961038961038,47
202608328,experiments/stringmol/runs/local-treatment/mixed/seed_202608328,5300,752,166,0.22074468085106383,47
202608328,experiments/stringmol/runs/local-treatment/mixed/seed_202608328,5400,827,168,0.20314389359129384,47
202608328,experiments/stringmol/runs/local-treatment/mixed/seed_202608328,5500,793,165,0.2080706179066835,47
202608328,experiments/stringmol/runs/local-treatment/mixed/seed_202608328,5600,858,172,0.20046620046620048,47
202608328,experiments/stringmol/runs/local-treatment/mixed/seed_202608328,5700,816,172,0.2107843137254902,47
202608328,experiments/stringmol/runs/local-treatment/mixed/seed_202608328,5800,837,179,0.21385902031063322,47
202608328,experiments/stringmol/runs/local-treatment/mixed/seed_202608328,5900,862,179,0.20765661252900233,47
202608328,experiments/stringmol/runs/local-treatment/mixed/seed_202608328,6000,840,184,0.21904761904761905,47
202608328,experiments/stringmol/runs/local-treatment/mixed/seed_202608328,6100,891,181,0.2031425364758698,47
202608328,experiments/stringmol/runs/local-treatment/mixed/seed_202608328,6200,857,179,0.2088681446907818,47
202608328,experiments/stringmol/runs/local-treatment/mixed/seed_202608328,6300,927,188,0.20280474649406688,47
202608328,experiments/stringmol/runs/local-treatment/mixed/seed_202608328,6400,915,197,0.21530054644808744,47
202608328,experiments/stringmol/runs/local-treatment/mixed/seed_202608328,6500,956,204,0.21338912133891214,47
202608328,experiments/stringmol/runs/local-treatment/mixed/seed_202608328,6600,962,199,0.20686070686070687,47
202608328,experiments/stringmol/runs/local-treatment/mixed/seed_202608328,6700,942,199,0.21125265392781317,47
202608328,experiments/stringmol/runs/local-treatment/mixed/seed_202608328,6800,999,204,0.2042042042042042,47
202608328,experiments/stringmol/runs/local-treatment/mixed/seed_202608328,6900,966,212,0.2194616977225673,47
202608328,experiments/stringmol/runs/local-treatment/mixed/seed_202608328,7000,1049,210,0.2001906577693041,47
202608328,experiments/stringmol/runs/local-treatment/mixed/seed_202608328,7100,1027,209,0.2035053554040896,47
202608328,experiments/stringmol/runs/local-treatment/mixed/seed_202608328,7200,1076,211,0.19609665427509293,47
202608328,experiments/stringmol/runs/local-treatment/mixed/seed_202608328,7300,1069,218,0.2039289055191768,47
202608328,experiments/stringmol/runs/local-treatment/mixed/seed_202608328,7400,1054,226,0.2144212523719165,47
202608328,experiments/stringmol/runs/local-treatment/mixed/seed_202608328,7500,1133,235,0.20741394527802295,47
202608328,experiments/stringmol/runs/local-treatment/mixed/seed_202608328,7600,1099,236,0.21474067333939945,47
202608328,experiments/stringmol/runs/local-treatment/mixed/seed_202608328,7700,1170,245,0.2094017094017094,47
202608328,experiments/stringmol/runs/local-treatment/mixed/seed_202608328,7800,1145,253,0.22096069868995633,47
202608328,experiments/stringmol/runs/local-treatment/mixed/seed_202608328,7900,1199,258,0.2151793160967473,47
202608328,experiments/stringmol/runs/local-treatment/mixed/seed_202608328,8000,1180,252,0.2135593220338983,47
202608328,experiments/stringmol/runs/local-treatment/mixed/seed_202608328,8100,1194,267,0.2236180904522613,47
202608328,experiments/stringmol/runs/local-treatment/mixed/seed_202608328,8200,1207,263,0.21789560894780446,47
202608328,experiments/stringmol/runs/local-treatment/mixed/seed_202608328,8300,1187,273,0.22999157540016849,47
202608328,experiments/stringmol/runs/local-treatment/mixed/seed_202608328,8400,1235,277,0.2242914979757085,47
202608328,experiments/stringmol/runs/local-treatment/mixed/seed_202608328,8500,1211,284,0.23451692815854666,47
202608328,experiments/stringmol/runs/local-treatment/mixed/seed_202608328,8600,1273,291,0.22859387274155538,47
202608328,experiments/stringmol/runs/local-treatment/mixed/seed_202608328,8700,1248,291,0.23317307692307693,47
202608328,experiments/stringmol/runs/local-treatment/mixed/seed_202608328,8800,1245,298,0.2393574297188755,47
202608328,experiments/stringmol/runs/local-treatment/mixed/seed_202608328,8900,1271,301,0.23682140047206923,47
202608328,experiments/stringmol/runs/local-treatment/mixed/seed_202608328,9000,1254,311,0.24800637958532695,47
202608328,experiments/stringmol/runs/local-treatment/mixed/seed_202608328,9100,1313,318,0.2421934501142422,47
202608328,experiments/stringmol/runs/local-treatment/mixed/seed_202608328,9200,1295,316,0.244015444015444,47
202608328,experiments/stringmol/runs/local-treatment/mixed/seed_202608328,9300,1337,319,0.23859386686611816,47
202608328,experiments/stringmol/runs/local-treatment/mixed/seed_202608328,9400,1319,320,0.24260803639120546,47
202608328,experiments/stringmol/runs/local-treatment/mixed/seed_202608328,9500,1343,326,0.24274013402829486,47
202608328,experiments/stringmol/runs/local-treatment/mixed/seed_202608328,9600,1378,329,0.23875181422351233,47
202608328,experiments/stringmol/runs/local-treatment/mixed/seed_202608328,9700,1382,329,0.23806078147612156,47
202608328,experiments/stringmol/runs/local-treatment/mixed/seed_202608328,9800,1425,332,0.23298245614035087,47
202608328,experiments/stringmol/runs/local-treatment/mixed/seed_202608328,9900,1442,341,0.23647711511789182,47
202608329,experiments/stringmol/runs/local-treatment/mixed/seed_202608329,0,150,10,0.06666666666666667,60
202608329,experiments/stringmol/runs/local-treatment/mixed/seed_202608329,100,142,10,0.07042253521126761,60
202608329,experiments/stringmol/runs/local-treatment/mixed/seed_202608329,200,137,11,0.08029197080291971,60
202608329,experiments/stringmol/runs/local-treatment/mixed/seed_202608329,300,164,11,0.06707317073170732,60
202608329,experiments/stringmol/runs/local-treatment/mixed/seed_202608329,400,157,13,0.08280254777070063,60
202608329,experiments/stringmol/runs/local-treatment/mixed/seed_202608329,500,181,14,0.07734806629834254,60
202608329,experiments/stringmol/runs/local-treatment/mixed/seed_202608329,600,167,14,0.08383233532934131,60
202608329,experiments/stringmol/runs/local-treatment/mixed/seed_202608329,700,196,15,0.07653061224489796,60
202608329,experiments/stringmol/runs/local-treatment/mixed/seed_202608329,800,185,16,0.08648648648648649,60
202608329,experiments/stringmol/runs/local-treatment/mixed/seed_202608329,900,176,18,0.10227272727272728,60
202608329,experiments/stringmol/runs/local-treatment/mixed/seed_202608329,1000,203,19,0.09359605911330049,60
202608329,experiments/stringmol/runs/local-treatment/mixed/seed_202608329,1100,200,19,0.095,60
202608329,experiments/stringmol/runs/local-treatment/mixed/seed_202608329,1200,220,22,0.1,60
202608329,experiments/stringmol/runs/local-treatment/mixed/seed_202608329,1300,211,25,0.11848341232227488,60
202608329,experiments/stringmol/runs/local-treatment/mixed/seed_202608329,1400,247,25,0.10121457489878542,60
202608329,experiments/stringmol/runs/local-treatment/mixed/seed_202608329,1500,242,27,0.1115702479338843,60
202608329,experiments/stringmol/runs/local-treatment/mixed/seed_202608329,1600,238,30,0.12605042016806722,60
202608329,experiments/stringmol/runs/local-treatment/mixed/seed_202608329,1700,268,31,0.11567164179104478,60
202608329,experiments/stringmol/runs/local-treatment/mixed/seed_202608329,1800,267,34,0.12734082397003746,60
202608329,experiments/stringmol/runs/local-treatment/mixed/seed_202608329,1900,307,36,0.11726384364820847,60
202608329,experiments/stringmol/runs/local-treatment/mixed/seed_202608329,2000,300,38,0.12666666666666668,60
202608329,experiments/stringmol/runs/local-treatment/mixed/seed_202608329,2100,332,41,0.12349397590361445,60
202608329,experiments/stringmol/runs/local-treatment/mixed/seed_202608329,2200,310,41,0.13225806451612904,60
202608329,experiments/stringmol/runs/local-treatment/mixed/seed_202608329,2300,293,42,0.14334470989761092,60
202608329,experiments/stringmol/runs/local-treatment/mixed/seed_202608329,2400,343,44,0.1282798833819242,60
202608329,experiments/stringmol/runs/local-treatment/mixed/seed_202608329,2500,341,48,0.14076246334310852,60
202608329,experiments/stringmol/runs/local-treatment/mixed/seed_202608329,2600,373,48,0.128686327077748,60
202608329,experiments/stringmol/runs/local-treatment/mixed/seed_202608329,2700,369,49,0.13279132791327913,60
202608329,experiments/stringmol/runs/local-treatment/mixed/seed_202608329,2800,411,51,0.12408759124087591,60
202608329,experiments/stringmol/runs/local-treatment/mixed/seed_202608329,2900,390,52,0.13333333333333333,60
202608329,experiments/stringmol/runs/local-treatment/mixed/seed_202608329,3000,381,52,0.13648293963254593,60
202608329,experiments/stringmol/runs/local-treatment/mixed/seed_202608329,3100,438,58,0.1324200913242009,60
202608329,experiments/stringmol/runs/local-treatment/mixed/seed_202608329,3200,429,64,0.14918414918414918,60
202608329,experiments/stringmol/runs/local-treatment/mixed/seed_202608329,3300,480,65,0.13541666666666666,60
202608329,experiments/stringmol/runs/local-treatment/mixed/seed_202608329,3400,467,67,0.14346895074946467,60
202608329,experiments/stringmol/runs/local-treatment/mixed/seed_202608329,3500,519,67,0.12909441233140656,60
202608329,experiments/stringmol/runs/local-treatment/mixed/seed_202608329,3600,514,73,0.14202334630350194,60
202608329,experiments/stringmol/runs/local-treatment/mixed/seed_202608329,3700,497,80,0.16096579476861167,60
202608329,experiments/stringmol/runs/local-treatment/mixed/seed_202608329,3800,540,81,0.15,60
202608329,experiments/stringmol/runs/local-treatment/mixed/seed_202608329,3900,525,85,0.1619047619047619,60
202608329,experiments/stringmol/runs/local-treatment/mixed/seed_202608329,4000,582,87,0.14948453608247422,60
202608329,experiments/stringmol/runs/local-treatment/mixed/seed_202608329,4100,574,92,0.1602787456445993,60
202608329,experiments/stringmol/runs/local-treatment/mixed/seed_202608329,4200,630,95,0.15079365079365079,60
202608329,experiments/stringmol/runs/local-treatment/mixed/seed_202608329,4300,600,93,0.155,60
202608329,experiments/stringmol/runs/local-treatment/mixed/seed_202608329,4400,593,105,0.17706576728499157,60
202608329,experiments/stringmol/runs/local-treatment/mixed/seed_202608329,4500,641,104,0.1622464898595944,60
202608329,experiments/stringmol/runs/local-treatment/mixed/seed_202608329,4600,625,110,0.176,60
202608329,experiments/stringmol/runs/local-treatment/mixed/seed_202608329,4700,677,114,0.16838995568685378,60
202608329,experiments/stringmol/runs/local-treatment/mixed/seed_202608329,4800,657,120,0.182648401826484,60
202608329,experiments/stringmol/runs/local-treatment/mixed/seed_202608329,4900,732,124,0.16939890710382513,60
202608329,experiments/stringmol/runs/local-treatment/mixed/seed_202608329,5000,714,130,0.18207282913165265,60
202608329,experiments/stringmol/runs/local-treatment/mixed/seed_202608329,5100,701,132,0.18830242510699002,60
202608329,experiments/stringmol/runs/local-treatment/mixed/seed_202608329,5200,740,137,0.18513513513513513,60
202608329,experiments/stringmol/runs/local-treatment/mixed/seed_202608329,5300,714,137,0.19187675070028012,60
202608329,experiments/stringmol/runs/local-treatment/mixed/seed_202608329,5400,778,138,0.17737789203084833,60
202608329,experiments/stringmol/runs/local-treatment/mixed/seed_202608329,5500,750,138,0.184,60
202608329,experiments/stringmol/runs/local-treatment/mixed/seed_202608329,5600,829,148,0.17852834740651388,60
202608329,experiments/stringmol/runs/local-treatment/mixed/seed_202608329,5700,796,145,0.18216080402010051,60
202608329,experiments/stringmol/runs/local-treatment/mixed/seed_202608329,5800,810,163,0.20123456790123456,60
202608329,experiments/stringmol/runs/local-treatment/mixed/seed_202608329,5900,854,164,0.1920374707259953,60
202608329,experiments/stringmol/runs/local-treatment/mixed/seed_202608329,6000,833,167,0.20048019207683074,60
202608329,experiments/stringmol/runs/local-treatment/mixed/seed_202608329,6100,911,170,0.18660812294182216,60
202608329,experiments/stringmol/runs/local-treatment/mixed/seed_202608329,6200,881,167,0.18955732122587968,60
202608329,experiments/stringmol/runs/local-treatment/mixed/seed_202608329,6300,935,169,0.18074866310160428,60
202608329,experiments/stringmol/runs/local-treatment/mixed/seed_202608329,6400,902,174,0.19290465631929046,60
202608329,experiments/stringmol/runs/local-treatment/mixed/seed_202608329,6500,933,180,0.19292604501607716,60
202608329,experiments/stringmol/runs/local-treatment/mixed/seed_202608329,6600,951,177,0.1861198738170347,60
202608329,experiments/stringmol/runs/local-treatment/mixed/seed_202608329,6700,955,193,0.20209424083769634,60
202608329,experiments/stringmol/runs/local-treatment/mixed/seed_202608329,6800,1019,194,0.1903827281648675,60
202608329,experiments/stringmol/runs/local-treatment/mixed/seed_202608329,6900,993,202,0.20342396777442096,60
202608329,experiments/stringmol/runs/local-treatment/mixed/seed_202608329,7000,1082,203,0.1876155268022181,60
202608329,experiments/stringmol/runs/local-treatment/mixed/seed_202608329,7100,1037,195,0.1880424300867888,60
202608329,experiments/stringmol/runs/local-treatment/mixed/seed_202608329,7200,1089,205,0.18824609733700642,60
202608329,experiments/stringmol/runs/local-treatment/mixed/seed_202608329,7300,1078,206,0.19109461966604824,60
202608329,experiments/stringmol/runs/local-treatment/mixed/seed_202608329,7400,1056,213,0.20170454545454544,60
202608329,experiments/stringmol/runs/local-treatment/mixed/seed_202608329,7500,1115,211,0.18923766816143497,60
202608329,experiments/stringmol/runs/local-treatment/mixed/seed_202608329,7600,1079,219,0.20296570898980537,60
202608329,experiments/stringmol/runs/local-treatment/mixed/seed_202608329,7700,1164,222,0.19072164948453607,60
202608329,experiments/stringmol/runs/local-treatment/mixed/seed_202608329,7800,1120,225,0.20089285714285715,60
202608329,experiments/stringmol/runs/local-treatment/mixed/seed_202608329,7900,1201,232,0.19317235636969193,60
202608329,experiments/stringmol/runs/local-treatment/mixed/seed_202608329,8000,1145,227,0.19825327510917032,60
202608329,experiments/stringmol/runs/local-treatment/mixed/seed_202608329,8100,1125,231,0.20533333333333334,60
202608329,experiments/stringmol/runs/local-treatment/mixed/seed_202608329,8200,1194,234,0.19597989949748743,60
202608329,experiments/stringmol/runs/local-treatment/mixed/seed_202608329,8300,1168,243,0.20804794520547945,60
202608329,experiments/stringmol/runs/local-treatment/mixed/seed_202608329,8400,1224,245,0.20016339869281047,60
202608329,experiments/stringmol/runs/local-treatment/mixed/seed_202608329,8500,1181,241,0.20406435224386113,60
202608329,experiments/stringmol/runs/local-treatment/mixed/seed_202608329,8600,1248,246,0.1971153846153846,60
202608329,experiments/stringmol/runs/local-treatment/mixed/seed_202608329,8700,1237,248,0.20048504446240906,60
202608329,experiments/stringmol/runs/local-treatment/mixed/seed_202608329,8800,1216,256,0.21052631578947367,60
202608329,experiments/stringmol/runs/local-treatment/mixed/seed_202608329,8900,1246,245,0.19662921348314608,60
202608329,experiments/stringmol/runs/local-treatment/mixed/seed_202608329,9000,1221,257,0.21048321048321048,60
202608329,experiments/stringmol/runs/local-treatment/mixed/seed_202608329,9100,1276,256,0.2006269592476489,60
202608329,experiments/stringmol/runs/local-treatment/mixed/seed_202608329,9200,1231,261,0.21202274573517466,60
202608329,experiments/stringmol/runs/local-treatment/mixed/seed_202608329,9300,1295,259,0.2,60
202608329,experiments/stringmol/runs/local-treatment/mixed/seed_202608329,9400,1269,267,0.21040189125295508,60
202608329,experiments/stringmol/runs/local-treatment/mixed/seed_202608329,9500,1234,273,0.22123176661264182,60
202608329,experiments/stringmol/runs/local-treatment/mixed/seed_202608329,9600,1290,278,0.21550387596899226,60
202608329,experiments/stringmol/runs/local-treatment/mixed/seed_202608329,9700,1280,295,0.23046875,60
202608329,experiments/stringmol/runs/local-treatment/mixed/seed_202608329,9800,1325,293,0.2211320754716981,60
202608329,experiments/stringmol/runs/local-treatment/mixed/seed_202608329,9900,1294,302,0.23338485316846985,60
