run_dir,seed,radius,tick,window,observed,null_mean,excess,p_value
sweeps/phase2_opcode_js_temporal/runs/20260905T071012.050701Z_fcf61fbf0737_202609070,202609070,1,0,earlier,0.9683314532948065,0.9683473585046405,-1.590520983396626e-05,0.52
sweeps/phase2_opcode_js_temporal/runs/20260905T071012.050701Z_fcf61fbf0737_202609070,202609070,1,500,earlier,0.9539981733446551,0.9528091146100376,0.0011890587346174986,0.07
sweeps/phase2_opcode_js_temporal/runs/20260905T071012.050701Z_fcf61fbf0737_202609070,202609070,1,1000,earlier,0.9524323674651878,0.9513163342189974,0.0011160332461903621,0.04
sweeps/phase2_opcode_js_temporal/runs/20260905T071012.050701Z_fcf61fbf0737_202609070,202609070,1,1500,earlier,0.9497151117053664,0.9496586497533555,5.646195201092219e-05,0.45
sweeps/phase2_opcode_js_temporal/runs/20260905T071012.050701Z_fcf61fbf0737_202609070,202609070,1,2000,earlier,0.9470989260282887,0.9455790588412372,0.001519867187051549,0.04
sweeps/phase2_opcode_js_temporal/runs/20260905T071012.050701Z_fcf61fbf0737_202609070,202609070,1,2500,earlier,0.9496412950540436,0.9459562815280245,0.003685013526019132,0.01
sweeps/phase2_opcode_js_temporal/runs/20260905T071012.050701Z_fcf61fbf0737_202609070,202609070,1,3000,earlier,0.9465060857075684,0.9421665978124755,0.004339487895092975,0.01
sweeps/phase2_opcode_js_temporal/runs/20260905T071012.050701Z_fcf61fbf0737_202609070,202609070,1,3500,earlier,0.9451001293608398,0.9412894602483318,0.003810669112507936,0.01
sweeps/phase2_opcode_js_temporal/runs/20260905T071012.050701Z_fcf61fbf0737_202609070,202609070,1,4000,earlier,0.9471698934584217,0.9433831885990469,0.003786704859374823,0.01
sweeps/phase2_opcode_js_temporal/runs/20260905T071012.050701Z_fcf61fbf0737_202609070,202609070,1,4500,earlier,0.9420898871675781,0.9397188627642233,0.0023710244033547934,0.02
sweeps/phase2_opcode_js_temporal/runs/20260905T071012.050701Z_fcf61fbf0737_202609070,202609070,1,5000,earlier,0.9403727697632169,0.93573088673764,0.004641883025576887,0.01
sweeps/phase2_opcode_js_temporal/runs/20260905T071012.050701Z_fcf61fbf0737_202609070,202609070,1,5500,earlier,0.9458275066860788,0.9417293595518399,0.00409814713423895,0.01
sweeps/phase2_opcode_js_temporal/runs/20260905T071012.050701Z_fcf61fbf0737_202609070,202609070,1,6000,earlier,0.9485478895234921,0.945408055193486,0.003139834330006086,0.01
sweeps/phase2_opcode_js_temporal/runs/20260905T071012.050701Z_fcf61fbf0737_202609070,202609070,1,6500,earlier,0.9491456761533594,0.9448865200438341,0.004259156109525319,0.01
sweeps/phase2_opcode_js_temporal/runs/20260905T071012.050701Z_fcf61fbf0737_202609070,202609070,1,7000,earlier,0.9453944972558483,0.9412313116532705,0.00416318560257789,0.01
sweeps/phase2_opcode_js_temporal/runs/20260905T071012.050701Z_fcf61fbf0737_202609070,202609070,1,7500,earlier,0.9465686143611948,0.9423605579471301,0.0042080564140646315,0.01
sweeps/phase2_opcode_js_temporal/runs/20260905T071012.050701Z_fcf61fbf0737_202609070,202609070,1,8000,earlier,0.94390011522408,0.9382239361104399,0.005676179113640156,0.01
sweeps/phase2_opcode_js_temporal/runs/20260905T071012.050701Z_fcf61fbf0737_202609070,202609070,1,8500,earlier,0.9458005360689751,0.9413722516598616,0.00442828440911347,0.01
sweeps/phase2_opcode_js_temporal/runs/20260905T071012.050701Z_fcf61fbf0737_202609070,202609070,1,9000,earlier,0.9396811287169923,0.9341456659968379,0.005535462720154372,0.01
sweeps/phase2_opcode_js_temporal/runs/20260905T071012.050701Z_fcf61fbf0737_202609070,202609070,1,9500,earlier,0.940650251291809,0.9348266756778597,0.0058235756139493056,0.01
sweeps/phase2_opcode_js_temporal/runs/20260905T071012.050701Z_fcf61fbf0737_202609070,202609070,1,10000,earlier,0.939551170336656,0.934801244384976,0.004749925951680001,0.01
sweeps/phase2_opcode_js_temporal/runs/20260905T071012.050701Z_fcf61fbf0737_202609070,202609070,1,10500,earlier,0.9413556290219693,0.9364671880466506,0.004888440975318709,0.01
sweeps/phase2_opcode_js_temporal/runs/20260905T071012.050701Z_fcf61fbf0737_202609070,202609070,1,11000,earlier,0.9431951002502409,0.9381665516093303,0.005028548640910624,0.01
sweeps/phase2_opcode_js_temporal/runs/20260905T071012.050701Z_fcf61fbf0737_202609070,202609070,1,11500,earlier,0.9426282429553408,0.9373400432697759,0.0052881996855648206,0.01
sweeps/phase2_opcode_js_temporal/runs/20260905T071012.050701Z_fcf61fbf0737_202609070,202609070,1,12000,earlier,0.9447921114287926,0.939739182689799,0.005052928738993656,0.01
sweeps/phase2_opcode_js_temporal/runs/20260905T071012.050701Z_fcf61fbf0737_202609070,202609070,1,12500,earlier,0.9499545391323518,0.944238296558588,0.005716242573763797,0.01
sweeps/phase2_opcode_js_temporal/runs/20260905T071012.050701Z_fcf61fbf0737_202609070,202609070,1,13000,earlier,0.9465564708921236,0.9417103855740563,0.004846085318067295,0.01
sweeps/phase2_opcode_js_temporal/runs/20260905T071012.050701Z_fcf61fbf0737_202609070,202609070,1,13500,earlier,0.9355669889247036,0.9275285387856664,0.008038450139037145,0.01
sweeps/phase2_opcode_js_temporal/runs/20260905T071012.050701Z_fcf61fbf0737_202609070,202609070,1,14000,earlier,0.938617682730045,0.9321876159169014,0.00643006681314362,0.01
sweeps/phase2_opcode_js_temporal/runs/20260905T071012.050701Z_fcf61fbf0737_202609070,202609070,1,14500,earlier,0.9449380704006498,0.9395368703923849,0.005401200008264939,0.01
sweeps/phase2_opcode_js_temporal/runs/20260905T071012.050701Z_fcf61fbf0737_202609070,202609070,1,15000,earlier,0.9439880216462903,0.9385584222943205,0.005429599351969738,0.01
sweeps/phase2_opcode_js_temporal/runs/20260905T071012.050701Z_fcf61fbf0737_202609070,202609070,1,15500,earlier,0.9460014485917972,0.9411346150461016,0.004866833545695615,0.01
sweeps/phase2_opcode_js_temporal/runs/20260905T071012.050701Z_fcf61fbf0737_202609070,202609070,1,16000,earlier,0.9455712525889113,0.9414333863849493,0.0041378662039619485,0.01
sweeps/phase2_opcode_js_temporal/runs/20260905T071012.050701Z_fcf61fbf0737_202609070,202609070,1,16500,earlier,0.9448895813988419,0.9412678950130534,0.003621686385788525,0.01
sweeps/phase2_opcode_js_temporal/runs/20260905T071012.050701Z_fcf61fbf0737_202609070,202609070,1,17000,earlier,0.9423071590891409,0.9345204298609887,0.007786729228152156,0.01
sweeps/phase2_opcode_js_temporal/runs/20260905T071012.050701Z_fcf61fbf0737_202609070,202609070,1,17500,earlier,0.939533922941916,0.9322335364241431,0.007300386517772872,0.01
sweeps/phase2_opcode_js_temporal/runs/20260905T071012.050701Z_fcf61fbf0737_202609070,202609070,1,18000,earlier,0.9398038100759766,0.9309836387453535,0.008820171330623072,0.01
sweeps/phase2_opcode_js_temporal/runs/20260905T071012.050701Z_fcf61fbf0737_202609070,202609070,1,18500,earlier,0.9423597698073504,0.9346541443571609,0.0077056254501894905,0.01
sweeps/phase2_opcode_js_temporal/runs/20260905T071012.050701Z_fcf61fbf0737_202609070,202609070,1,19000,earlier,0.9405545849876885,0.9347282393910606,0.005826345596627869,0.01
sweeps/phase2_opcode_js_temporal/runs/20260905T071012.050701Z_fcf61fbf0737_202609070,202609070,1,19500,earlier,0.9417121537023687,0.9355931272653712,0.006119026436997466,0.01
sweeps/phase2_opcode_js_temporal/runs/20260905T071012.050701Z_fcf61fbf0737_202609070,202609070,1,20000,earlier,0.9456211400634783,0.9398266554052708,0.005794484658207533,0.01
sweeps/phase2_opcode_js_temporal/runs/20260905T071012.050701Z_fcf61fbf0737_202609070,202609070,1,20500,earlier,0.9472601817943901,0.9422650420359652,0.004995139758424916,0.01
sweeps/phase2_opcode_js_temporal/runs/20260905T071012.050701Z_fcf61fbf0737_202609070,202609070,1,21000,earlier,0.9449024922669947,0.9415679563138474,0.003334535953147366,0.01
sweeps/phase2_opcode_js_temporal/runs/20260905T071012.050701Z_fcf61fbf0737_202609070,202609070,1,21500,earlier,0.9473295710500658,0.9420796364230976,0.005249934626968211,0.01
sweeps/phase2_opcode_js_temporal/runs/20260905T071012.050701Z_fcf61fbf0737_202609070,202609070,1,22000,earlier,0.9460842059623786,0.9337195825894237,0.012364623372954964,0.01
sweeps/phase2_opcode_js_temporal/runs/20260905T071012.050701Z_fcf61fbf0737_202609070,202609070,1,22500,earlier,0.9473892140532664,0.940034415085194,0.00735479896807234,0.01
sweeps/phase2_opcode_js_temporal/runs/20260905T071012.050701Z_fcf61fbf0737_202609070,202609070,1,23000,earlier,0.9486361548183044,0.944205051912583,0.004431102905721462,0.01
sweeps/phase2_opcode_js_temporal/runs/20260905T071012.050701Z_fcf61fbf0737_202609070,202609070,1,23500,earlier,0.9467330339001497,0.9426079237542314,0.00412511014591832,0.01
sweeps/phase2_opcode_js_temporal/runs/20260905T071012.050701Z_fcf61fbf0737_202609070,202609070,1,24000,earlier,0.9451005386603978,0.9414107579030258,0.00368978075737203,0.01
sweeps/phase2_opcode_js_temporal/runs/20260905T071012.050701Z_fcf61fbf0737_202609070,202609070,1,24500,earlier,0.9461187125444033,0.9430903254006455,0.003028387143757749,0.01
sweeps/phase2_opcode_js_temporal/runs/20260905T071012.050701Z_fcf61fbf0737_202609070,202609070,1,25000,earlier,0.9467988067002098,0.9429404053237113,0.0038584013764985103,0.01
sweeps/phase2_opcode_js_temporal/runs/20260905T071012.050701Z_fcf61fbf0737_202609070,202609070,1,25500,earlier,0.9483737601650464,0.9439422876727057,0.00443147249234066,0.01
sweeps/phase2_opcode_js_temporal/runs/20260905T071012.050701Z_fcf61fbf0737_202609070,202609070,1,26000,earlier,0.9509415843394943,0.9478733105303694,0.0030682738091248885,0.01
sweeps/phase2_opcode_js_temporal/runs/20260905T071012.050701Z_fcf61fbf0737_202609070,202609070,1,26500,earlier,0.952120925963989,0.9486984696976908,0.003422456266298224,0.01
sweeps/phase2_opcode_js_temporal/runs/20260905T071012.050701Z_fcf61fbf0737_202609070,202609070,1,27000,earlier,0.9478005887787824,0.9456781351860336,0.002122453592748763,0.02
sweeps/phase2_opcode_js_temporal/runs/20260905T071012.050701Z_fcf61fbf0737_202609070,202609070,1,27500,earlier,0.9408202538649892,0.9403857487682377,0.00043450509675158067,0.39
sweeps/phase2_opcode_js_temporal/runs/20260905T071012.050701Z_fcf61fbf0737_202609070,202609070,1,28000,earlier,0.9393688527505909,0.9375868091528953,0.0017820435976956261,0.08
sweeps/phase2_opcode_js_temporal/runs/20260905T071012.050701Z_fcf61fbf0737_202609070,202609070,1,28500,earlier,0.9426641049160596,0.9404211290898525,0.0022429758262070276,0.01
sweeps/phase2_opcode_js_temporal/runs/20260905T071012.050701Z_fcf61fbf0737_202609070,202609070,1,29000,earlier,0.9442646887662929,0.9424589020606048,0.001805786705688095,0.03
sweeps/phase2_opcode_js_temporal/runs/20260905T071012.050701Z_fcf61fbf0737_202609070,202609070,1,29500,earlier,0.9380178318195914,0.9379030891194198,0.0001147427001716439,0.5
sweeps/phase2_opcode_js_temporal/runs/20260905T071012.050701Z_fcf61fbf0737_202609070,202609070,1,30000,earlier,0.9343193887296488,0.9332484847630177,0.0010709039666311204,0.19
sweeps/phase2_opcode_js_temporal/runs/20260905T071012.050701Z_fcf61fbf0737_202609070,202609070,1,30500,earlier,0.9383860517942709,0.9330487748889266,0.005337276905344357,0.01
sweeps/phase2_opcode_js_temporal/runs/20260905T071012.050701Z_fcf61fbf0737_202609070,202609070,1,31000,earlier,0.9356057894782399,0.9293695574319861,0.006236232046253787,0.01
sweeps/phase2_opcode_js_temporal/runs/20260905T071012.050701Z_fcf61fbf0737_202609070,202609070,1,31500,earlier,0.9364520742735335,0.930689796496648,0.005762277776885538,0.01
sweeps/phase2_opcode_js_temporal/runs/20260905T071012.050701Z_fcf61fbf0737_202609070,202609070,1,32000,earlier,0.9378581962951879,0.9298064606111661,0.008051735684021732,0.01
sweeps/phase2_opcode_js_temporal/runs/20260905T071012.050701Z_fcf61fbf0737_202609070,202609070,1,32500,earlier,0.9387408284069907,0.927975253215676,0.010765575191314714,0.01
sweeps/phase2_opcode_js_temporal/runs/20260905T071012.050701Z_fcf61fbf0737_202609070,202609070,1,33000,earlier,0.9443214376544131,0.9368752013652083,0.007446236289204822,0.01
sweeps/phase2_opcode_js_temporal/runs/20260905T071012.050701Z_fcf61fbf0737_202609070,202609070,1,33500,earlier,0.9415330966101505,0.9358768389058619,0.00565625770428857,0.01
sweeps/phase2_opcode_js_temporal/runs/20260905T071012.050701Z_fcf61fbf0737_202609070,202609070,1,34000,earlier,0.9411235531389058,0.9353397700986938,0.005783783040211987,0.01
sweeps/phase2_opcode_js_temporal/runs/20260905T071012.050701Z_fcf61fbf0737_202609070,202609070,1,34500,earlier,0.9341781624448673,0.9298039500545633,0.004374212390304,0.01
sweeps/phase2_opcode_js_temporal/runs/20260905T071012.050701Z_fcf61fbf0737_202609070,202609070,1,35000,earlier,0.9380925712678645,0.9350548609373751,0.003037710330489385,0.02
sweeps/phase2_opcode_js_temporal/runs/20260905T071012.050701Z_fcf61fbf0737_202609070,202609070,1,35500,earlier,0.9417218519872137,0.9373212998973847,0.004400552089829035,0.01
sweeps/phase2_opcode_js_temporal/runs/20260905T071012.050701Z_fcf61fbf0737_202609070,202609070,1,36000,earlier,0.946952895985417,0.9432061155164275,0.0037467804689894635,0.01
sweeps/phase2_opcode_js_temporal/runs/20260905T071012.050701Z_fcf61fbf0737_202609070,202609070,1,36500,earlier,0.9472332956257362,0.9450729675009725,0.002160328124763744,0.03
sweeps/phase2_opcode_js_temporal/runs/20260905T071012.050701Z_fcf61fbf0737_202609070,202609070,1,37000,earlier,0.9425525868063949,0.9396146033856894,0.0029379834207055033,0.04
sweeps/phase2_opcode_js_temporal/runs/20260905T071012.050701Z_fcf61fbf0737_202609070,202609070,1,37500,earlier,0.9443674755825991,0.9414974665833735,0.002870008999225626,0.01
sweeps/phase2_opcode_js_temporal/runs/20260905T071012.050701Z_fcf61fbf0737_202609070,202609070,1,38000,earlier,0.9449304838490281,0.9417880482756363,0.0031424355733917775,0.01
sweeps/phase2_opcode_js_temporal/runs/20260905T071012.050701Z_fcf61fbf0737_202609070,202609070,1,38500,earlier,0.9370419944951585,0.9340590756598036,0.002982918835354842,0.03
sweeps/phase2_opcode_js_temporal/runs/20260905T071012.050701Z_fcf61fbf0737_202609070,202609070,1,39000,earlier,0.9379955218330949,0.9315033723642115,0.006492149468883324,0.01
sweeps/phase2_opcode_js_temporal/runs/20260905T071012.050701Z_fcf61fbf0737_202609070,202609070,1,39500,earlier,0.9437377902890502,0.9388658079085064,0.004871982380543871,0.01
sweeps/phase2_opcode_js_temporal/runs/20260905T071012.050701Z_fcf61fbf0737_202609070,202609070,1,40000,earlier,0.9456830266923197,0.9410358701034452,0.00464715658887449,0.01
sweeps/phase2_opcode_js_temporal/runs/20260905T071012.050701Z_fcf61fbf0737_202609070,202609070,1,40500,earlier,0.9466100332425658,0.9405917886052356,0.006018244637330139,0.01
sweeps/phase2_opcode_js_temporal/runs/20260905T071012.050701Z_fcf61fbf0737_202609070,202609070,1,41000,earlier,0.9481592886186259,0.943343647352293,0.004815641266332826,0.01
sweeps/phase2_opcode_js_temporal/runs/20260905T071012.050701Z_fcf61fbf0737_202609070,202609070,1,41500,earlier,0.9455218755695842,0.9400918772553282,0.005429998314256057,0.01
sweeps/phase2_opcode_js_temporal/runs/20260905T071012.050701Z_fcf61fbf0737_202609070,202609070,1,42000,earlier,0.9409716127401707,0.9346918996280302,0.006279713112140484,0.01
sweeps/phase2_opcode_js_temporal/runs/20260905T071012.050701Z_fcf61fbf0737_202609070,202609070,1,42500,earlier,0.9456704103327106,0.9399690400352383,0.005701370297472308,0.01
sweeps/phase2_opcode_js_temporal/runs/20260905T071012.050701Z_fcf61fbf0737_202609070,202609070,1,43000,earlier,0.9492242669377596,0.9437971182065651,0.005427148731194542,0.01
sweeps/phase2_opcode_js_temporal/runs/20260905T071012.050701Z_fcf61fbf0737_202609070,202609070,1,43500,earlier,0.9421936224326468,0.9366837904073416,0.005509832025305195,0.01
sweeps/phase2_opcode_js_temporal/runs/20260905T071012.050701Z_fcf61fbf0737_202609070,202609070,1,44000,earlier,0.9425958507873086,0.9317473218116953,0.01084852897561328,0.01
sweeps/phase2_opcode_js_temporal/runs/20260905T071012.050701Z_fcf61fbf0737_202609070,202609070,1,44500,earlier,0.9476897884371758,0.9400413398010736,0.007648448636102145,0.01
sweeps/phase2_opcode_js_temporal/runs/20260905T071012.050701Z_fcf61fbf0737_202609070,202609070,1,45000,final,0.9514821891456828,0.9459194799401192,0.005562709205563676,0.01
sweeps/phase2_opcode_js_temporal/runs/20260905T071012.050701Z_fcf61fbf0737_202609070,202609070,1,45500,final,0.9499583416270787,0.9449219469239004,0.005036394703178293,0.01
sweeps/phase2_opcode_js_temporal/runs/20260905T071012.050701Z_fcf61fbf0737_202609070,202609070,1,46000,final,0.9446872539217119,0.9343294404461219,0.01035781347559006,0.01
sweeps/phase2_opcode_js_temporal/runs/20260905T071012.050701Z_fcf61fbf0737_202609070,202609070,1,46500,final,0.9476347074496231,0.9400808109073749,0.00755389654224814,0.01
sweeps/phase2_opcode_js_temporal/runs/20260905T071012.050701Z_fcf61fbf0737_202609070,202609070,1,47000,final,0.9432156311622972,0.9363126786787154,0.006902952483581859,0.01
sweeps/phase2_opcode_js_temporal/runs/20260905T071012.050701Z_fcf61fbf0737_202609070,202609070,1,47500,final,0.9409320414306881,0.9344472554818405,0.0064847859488476045,0.01
sweeps/phase2_opcode_js_temporal/runs/20260905T071012.050701Z_fcf61fbf0737_202609070,202609070,1,48000,final,0.9472949203456856,0.9414159055221998,0.005879014823485851,0.01
sweeps/phase2_opcode_js_temporal/runs/20260905T071012.050701Z_fcf61fbf0737_202609070,202609070,1,48500,final,0.9480959127766339,0.9442946651811425,0.003801247595491386,0.01
sweeps/phase2_opcode_js_temporal/runs/20260905T071012.050701Z_fcf61fbf0737_202609070,202609070,1,49000,final,0.9447969455815202,0.9421101824382048,0.002686763143315396,0.03
sweeps/phase2_opcode_js_temporal/runs/20260905T071012.050701Z_fcf61fbf0737_202609070,202609070,1,49500,final,0.9473094827337354,0.9456779724768927,0.0016315102568427164,0.06
sweeps/phase2_opcode_js_temporal/runs/20260905T071012.051878Z_30ba0ddc3f60_202609071,202609071,1,0,earlier,0.9702599041964016,0.9701602597657862,9.964443061538653e-05,0.32
sweeps/phase2_opcode_js_temporal/runs/20260905T071012.051878Z_30ba0ddc3f60_202609071,202609071,1,500,earlier,0.9602447551349551,0.9590084847168548,0.0012362704181002604,0.01
sweeps/phase2_opcode_js_temporal/runs/20260905T071012.051878Z_30ba0ddc3f60_202609071,202609071,1,1000,earlier,0.956007537233296,0.9542197387793426,0.001787798453953382,0.01
sweeps/phase2_opcode_js_temporal/runs/20260905T071012.051878Z_30ba0ddc3f60_202609071,202609071,1,1500,earlier,0.9521649054531265,0.9487049412424173,0.0034599642107091544,0.01
sweeps/phase2_opcode_js_temporal/runs/20260905T071012.051878Z_30ba0ddc3f60_202609071,202609071,1,2000,earlier,0.9408078386788946,0.9288385183669403,0.011969320311954301,0.01
sweeps/phase2_opcode_js_temporal/runs/20260905T071012.051878Z_30ba0ddc3f60_202609071,202609071,1,2500,earlier,0.938489939968065,0.9300433454109407,0.008446594557124265,0.01
sweeps/phase2_opcode_js_temporal/runs/20260905T071012.051878Z_30ba0ddc3f60_202609071,202609071,1,3000,earlier,0.9399702283204096,0.9320196534357846,0.007950574884624917,0.01
sweeps/phase2_opcode_js_temporal/runs/20260905T071012.051878Z_30ba0ddc3f60_202609071,202609071,1,3500,earlier,0.9310980070011189,0.9234143846014672,0.007683622399651702,0.01
sweeps/phase2_opcode_js_temporal/runs/20260905T071012.051878Z_30ba0ddc3f60_202609071,202609071,1,4000,earlier,0.9406931509332983,0.9345025573236759,0.006190593609622375,0.01
sweeps/phase2_opcode_js_temporal/runs/20260905T071012.051878Z_30ba0ddc3f60_202609071,202609071,1,4500,earlier,0.9456790359315987,0.9402613600079993,0.00541767592359943,0.01
sweeps/phase2_opcode_js_temporal/runs/20260905T071012.051878Z_30ba0ddc3f60_202609071,202609071,1,5000,earlier,0.9454180547228229,0.9412656070782819,0.004152447644541035,0.01
sweeps/phase2_opcode_js_temporal/runs/20260905T071012.051878Z_30ba0ddc3f60_202609071,202609071,1,5500,earlier,0.9411990635338291,0.9372155303214182,0.00398353321241085,0.01
sweeps/phase2_opcode_js_temporal/runs/20260905T071012.051878Z_30ba0ddc3f60_202609071,202609071,1,6000,earlier,0.9445543390625754,0.9407987160961245,0.0037556229664508223,0.01
sweeps/phase2_opcode_js_temporal/runs/20260905T071012.051878Z_30ba0ddc3f60_202609071,202609071,1,6500,earlier,0.9384888049745312,0.9356167663978363,0.0028720385766949352,0.01
sweeps/phase2_opcode_js_temporal/runs/20260905T071012.051878Z_30ba0ddc3f60_202609071,202609071,1,7000,earlier,0.9371211368516104,0.9328893587243899,0.00423177812722042,0.01
sweeps/phase2_opcode_js_temporal/runs/20260905T071012.051878Z_30ba0ddc3f60_202609071,202609071,1,7500,earlier,0.9386934200320785,0.9324391191428574,0.006254300889221076,0.01
sweeps/phase2_opcode_js_temporal/runs/20260905T071012.051878Z_30ba0ddc3f60_202609071,202609071,1,8000,earlier,0.9424836141462957,0.9337033841420609,0.00878023000423478,0.01
sweeps/phase2_opcode_js_temporal/runs/20260905T071012.051878Z_30ba0ddc3f60_202609071,202609071,1,8500,earlier,0.9415644833879986,0.9358614510020111,0.005703032385987461,0.01
sweeps/phase2_opcode_js_temporal/runs/20260905T071012.051878Z_30ba0ddc3f60_202609071,202609071,1,9000,earlier,0.941885658627594,0.9359520830089011,0.005933575618692899,0.01
sweeps/phase2_opcode_js_temporal/runs/20260905T071012.051878Z_30ba0ddc3f60_202609071,202609071,1,9500,earlier,0.9444778969339612,0.9395361289358938,0.004941767998067448,0.01
sweeps/phase2_opcode_js_temporal/runs/20260905T071012.051878Z_30ba0ddc3f60_202609071,202609071,1,10000,earlier,0.9290284817076185,0.9231872595026313,0.005841222204987284,0.01
sweeps/phase2_opcode_js_temporal/runs/20260905T071012.051878Z_30ba0ddc3f60_202609071,202609071,1,10500,earlier,0.9331634443296049,0.9286319728915049,0.004531471438099954,0.01
sweeps/phase2_opcode_js_temporal/runs/20260905T071012.051878Z_30ba0ddc3f60_202609071,202609071,1,11000,earlier,0.9357943948954823,0.9301139951128656,0.005680399782616696,0.01
sweeps/phase2_opcode_js_temporal/runs/20260905T071012.051878Z_30ba0ddc3f60_202609071,202609071,1,11500,earlier,0.9376280174594855,0.9318720678081678,0.00575594965131776,0.01
sweeps/phase2_opcode_js_temporal/runs/20260905T071012.051878Z_30ba0ddc3f60_202609071,202609071,1,12000,earlier,0.9425505695743118,0.9384395987058817,0.004110970868430153,0.01
sweeps/phase2_opcode_js_temporal/runs/20260905T071012.051878Z_30ba0ddc3f60_202609071,202609071,1,12500,earlier,0.9453458413090531,0.9420688256384245,0.003277015670628547,0.01
sweeps/phase2_opcode_js_temporal/runs/20260905T071012.051878Z_30ba0ddc3f60_202609071,202609071,1,13000,earlier,0.9459184664485625,0.9431158383879077,0.002802628060654788,0.01
sweeps/phase2_opcode_js_temporal/runs/20260905T071012.051878Z_30ba0ddc3f60_202609071,202609071,1,13500,earlier,0.9419999978933027,0.9380084358013393,0.003991562091963385,0.01
sweeps/phase2_opcode_js_temporal/runs/20260905T071012.051878Z_30ba0ddc3f60_202609071,202609071,1,14000,earlier,0.9457926728958995,0.9393519009798516,0.0064407719160479715,0.01
sweeps/phase2_opcode_js_temporal/runs/20260905T071012.051878Z_30ba0ddc3f60_202609071,202609071,1,14500,earlier,0.9462340313904426,0.939101275278165,0.007132756112277594,0.01
sweeps/phase2_opcode_js_temporal/runs/20260905T071012.051878Z_30ba0ddc3f60_202609071,202609071,1,15000,earlier,0.9471301979815252,0.941202010958881,0.0059281870226441935,0.01
sweeps/phase2_opcode_js_temporal/runs/20260905T071012.051878Z_30ba0ddc3f60_202609071,202609071,1,15500,earlier,0.9450302693839847,0.9403872907351252,0.0046429786488595415,0.01
sweeps/phase2_opcode_js_temporal/runs/20260905T071012.051878Z_30ba0ddc3f60_202609071,202609071,1,16000,earlier,0.9428168287156126,0.9336157039339378,0.009201124781674785,0.01
sweeps/phase2_opcode_js_temporal/runs/20260905T071012.051878Z_30ba0ddc3f60_202609071,202609071,1,16500,earlier,0.9440132500361949,0.9350771541424624,0.008936095893732454,0.01
sweeps/phase2_opcode_js_temporal/runs/20260905T071012.051878Z_30ba0ddc3f60_202609071,202609071,1,17000,earlier,0.9491481340152297,0.9408800844196422,0.008268049595587468,0.01
sweeps/phase2_opcode_js_temporal/runs/20260905T071012.051878Z_30ba0ddc3f60_202609071,202609071,1,17500,earlier,0.9518057321012816,0.9441764028900856,0.007629329211195968,0.01
sweeps/phase2_opcode_js_temporal/runs/20260905T071012.051878Z_30ba0ddc3f60_202609071,202609071,1,18000,earlier,0.9497328130588197,0.9449095691351604,0.004823243923659293,0.01
sweeps/phase2_opcode_js_temporal/runs/20260905T071012.051878Z_30ba0ddc3f60_202609071,202609071,1,18500,earlier,0.9520322249955119,0.947268475525202,0.004763749470309886,0.01
sweeps/phase2_opcode_js_temporal/runs/20260905T071012.051878Z_30ba0ddc3f60_202609071,202609071,1,19000,earlier,0.9468320462359561,0.9414556011891964,0.005376445046759715,0.01
sweeps/phase2_opcode_js_temporal/runs/20260905T071012.051878Z_30ba0ddc3f60_202609071,202609071,1,19500,earlier,0.9464176486564695,0.9407753276480535,0.005642321008415996,0.01
sweeps/phase2_opcode_js_temporal/runs/20260905T071012.051878Z_30ba0ddc3f60_202609071,202609071,1,20000,earlier,0.9435332486385576,0.9396643762573957,0.0038688723811618475,0.01
sweeps/phase2_opcode_js_temporal/runs/20260905T071012.051878Z_30ba0ddc3f60_202609071,202609071,1,20500,earlier,0.9426658905544165,0.9393702114877555,0.0032956790666610614,0.01
sweeps/phase2_opcode_js_temporal/runs/20260905T071012.051878Z_30ba0ddc3f60_202609071,202609071,1,21000,earlier,0.9418901929950786,0.9369510948984557,0.0049390980966228515,0.01
sweeps/phase2_opcode_js_temporal/runs/20260905T071012.051878Z_30ba0ddc3f60_202609071,202609071,1,21500,earlier,0.9447843136250573,0.9415862428236893,0.003198070801368025,0.01
sweeps/phase2_opcode_js_temporal/runs/20260905T071012.051878Z_30ba0ddc3f60_202609071,202609071,1,22000,earlier,0.943878335199099,0.9406662774032917,0.003212057795807355,0.01
sweeps/phase2_opcode_js_temporal/runs/20260905T071012.051878Z_30ba0ddc3f60_202609071,202609071,1,22500,earlier,0.9434629829741686,0.9408723884497088,0.002590594524459866,0.01
sweeps/phase2_opcode_js_temporal/runs/20260905T071012.051878Z_30ba0ddc3f60_202609071,202609071,1,23000,earlier,0.9460788235368592,0.9424096993466057,0.0036691241902535587,0.01
sweeps/phase2_opcode_js_temporal/runs/20260905T071012.051878Z_30ba0ddc3f60_202609071,202609071,1,23500,earlier,0.944254299468037,0.940993598983618,0.0032607004844189547,0.01
sweeps/phase2_opcode_js_temporal/runs/20260905T071012.051878Z_30ba0ddc3f60_202609071,202609071,1,24000,earlier,0.9442354612676657,0.9405804026401908,0.0036550586274748387,0.01
sweeps/phase2_opcode_js_temporal/runs/20260905T071012.051878Z_30ba0ddc3f60_202609071,202609071,1,24500,earlier,0.9450257435608921,0.9403258622140651,0.004699881346826973,0.01
sweeps/phase2_opcode_js_temporal/runs/20260905T071012.051878Z_30ba0ddc3f60_202609071,202609071,1,25000,earlier,0.9486403616908525,0.9452466230755938,0.0033937386152587123,0.01
sweeps/phase2_opcode_js_temporal/runs/20260905T071012.051878Z_30ba0ddc3f60_202609071,202609071,1,25500,earlier,0.9479836974813386,0.9429671761097306,0.005016521371608018,0.01
sweeps/phase2_opcode_js_temporal/runs/20260905T071012.051878Z_30ba0ddc3f60_202609071,202609071,1,26000,earlier,0.9466400064140102,0.9425516214981365,0.004088384915873711,0.01
sweeps/phase2_opcode_js_temporal/runs/20260905T071012.051878Z_30ba0ddc3f60_202609071,202609071,1,26500,earlier,0.9420151329071151,0.9363785830018841,0.005636549905230992,0.01
sweeps/phase2_opcode_js_temporal/runs/20260905T071012.051878Z_30ba0ddc3f60_202609071,202609071,1,27000,earlier,0.9460625392338956,0.9400272353317827,0.006035303902112932,0.01
sweeps/phase2_opcode_js_temporal/runs/20260905T071012.051878Z_30ba0ddc3f60_202609071,202609071,1,27500,earlier,0.9411359417525174,0.9348976930422644,0.006238248710252914,0.01
sweeps/phase2_opcode_js_temporal/runs/20260905T071012.051878Z_30ba0ddc3f60_202609071,202609071,1,28000,earlier,0.9414763463117074,0.9375222741023572,0.003954072209350179,0.01
sweeps/phase2_opcode_js_temporal/runs/20260905T071012.051878Z_30ba0ddc3f60_202609071,202609071,1,28500,earlier,0.936846603854354,0.9297670343520106,0.007079569502343452,0.01
sweeps/phase2_opcode_js_temporal/runs/20260905T071012.051878Z_30ba0ddc3f60_202609071,202609071,1,29000,earlier,0.9388528810241468,0.9305431641207879,0.00830971690335891,0.01
sweeps/phase2_opcode_js_temporal/runs/20260905T071012.051878Z_30ba0ddc3f60_202609071,202609071,1,29500,earlier,0.9368805869343393,0.9308143556167013,0.006066231317637949,0.01
sweeps/phase2_opcode_js_temporal/runs/20260905T071012.051878Z_30ba0ddc3f60_202609071,202609071,1,30000,earlier,0.937217208661478,0.932007774461443,0.005209434200034946,0.01
sweeps/phase2_opcode_js_temporal/runs/20260905T071012.051878Z_30ba0ddc3f60_202609071,202609071,1,30500,earlier,0.9394749172625617,0.9337670826111777,0.005707834651384025,0.01
sweeps/phase2_opcode_js_temporal/runs/20260905T071012.051878Z_30ba0ddc3f60_202609071,202609071,1,31000,earlier,0.943651992103766,0.935834783723889,0.007817208379877094,0.01
sweeps/phase2_opcode_js_temporal/runs/20260905T071012.051878Z_30ba0ddc3f60_202609071,202609071,1,31500,earlier,0.942068142065301,0.934546883981055,0.007521258084245974,0.01
sweeps/phase2_opcode_js_temporal/runs/20260905T071012.051878Z_30ba0ddc3f60_202609071,202609071,1,32000,earlier,0.9470013911281365,0.9409219430961856,0.006079448031950929,0.01
sweeps/phase2_opcode_js_temporal/runs/20260905T071012.051878Z_30ba0ddc3f60_202609071,202609071,1,32500,earlier,0.9454567101698566,0.9389494496962242,0.00650726047363237,0.01
sweeps/phase2_opcode_js_temporal/runs/20260905T071012.051878Z_30ba0ddc3f60_202609071,202609071,1,33000,earlier,0.9486004033898416,0.9425604009512246,0.00604000243861702,0.01
sweeps/phase2_opcode_js_temporal/runs/20260905T071012.051878Z_30ba0ddc3f60_202609071,202609071,1,33500,earlier,0.9497286085031994,0.9428269678600337,0.006901640643165674,0.01
sweeps/phase2_opcode_js_temporal/runs/20260905T071012.051878Z_30ba0ddc3f60_202609071,202609071,1,34000,earlier,0.9447294747779947,0.9375623334478321,0.0071671413301626075,0.01
sweeps/phase2_opcode_js_temporal/runs/20260905T071012.051878Z_30ba0ddc3f60_202609071,202609071,1,34500,earlier,0.9387117227072643,0.9340441981053708,0.004667524601893569,0.02
sweeps/phase2_opcode_js_temporal/runs/20260905T071012.051878Z_30ba0ddc3f60_202609071,202609071,1,35000,earlier,0.9427884282425063,0.9389177935521585,0.003870634690347763,0.01
sweeps/phase2_opcode_js_temporal/runs/20260905T071012.051878Z_30ba0ddc3f60_202609071,202609071,1,35500,earlier,0.9412934081516745,0.9378198594793502,0.0034735486723243003,0.01
sweeps/phase2_opcode_js_temporal/runs/20260905T071012.051878Z_30ba0ddc3f60_202609071,202609071,1,36000,earlier,0.9421742055464217,0.9397570289983387,0.0024171765480830443,0.01
sweeps/phase2_opcode_js_temporal/runs/20260905T071012.051878Z_30ba0ddc3f60_202609071,202609071,1,36500,earlier,0.9358789627295334,0.9332115633659744,0.0026673993635589754,0.03
sweeps/phase2_opcode_js_temporal/runs/20260905T071012.051878Z_30ba0ddc3f60_202609071,202609071,1,37000,earlier,0.9401625229506642,0.9371453098258598,0.0030172131248044076,0.01
sweeps/phase2_opcode_js_temporal/runs/20260905T071012.051878Z_30ba0ddc3f60_202609071,202609071,1,37500,earlier,0.9442987745632693,0.9370398985638844,0.007258875999384906,0.01
sweeps/phase2_opcode_js_temporal/runs/20260905T071012.051878Z_30ba0ddc3f60_202609071,202609071,1,38000,earlier,0.9447823883248778,0.9338387080150943,0.010943680309783543,0.01
sweeps/phase2_opcode_js_temporal/runs/20260905T071012.051878Z_30ba0ddc3f60_202609071,202609071,1,38500,earlier,0.9451565854922109,0.9349262837869268,0.010230301705284162,0.01
sweeps/phase2_opcode_js_temporal/runs/20260905T071012.051878Z_30ba0ddc3f60_202609071,202609071,1,39000,earlier,0.9450832969764809,0.9346009632537243,0.010482333722756532,0.01
sweeps/phase2_opcode_js_temporal/runs/20260905T071012.051878Z_30ba0ddc3f60_202609071,202609071,1,39500,earlier,0.9440846082336617,0.9363341097769416,0.007750498456720045,0.01
sweeps/phase2_opcode_js_temporal/runs/20260905T071012.051878Z_30ba0ddc3f60_202609071,202609071,1,40000,earlier,0.9416282265738086,0.9304086656039278,0.01121956096988086,0.01
sweeps/phase2_opcode_js_temporal/runs/20260905T071012.051878Z_30ba0ddc3f60_202609071,202609071,1,40500,earlier,0.9406279605848055,0.9299061573563847,0.010721803228420757,0.01
sweeps/phase2_opcode_js_temporal/runs/20260905T071012.051878Z_30ba0ddc3f60_202609071,202609071,1,41000,earlier,0.9380364019014911,0.9295295384206561,0.008506863480834959,0.01
sweeps/phase2_opcode_js_temporal/runs/20260905T071012.051878Z_30ba0ddc3f60_202609071,202609071,1,41500,earlier,0.9429917489265482,0.9354794174575864,0.007512331468961797,0.01
sweeps/phase2_opcode_js_temporal/runs/20260905T071012.051878Z_30ba0ddc3f60_202609071,202609071,1,42000,earlier,0.9435983661970435,0.9382525432847563,0.005345822912287246,0.01
sweeps/phase2_opcode_js_temporal/runs/20260905T071012.051878Z_30ba0ddc3f60_202609071,202609071,1,42500,earlier,0.944058966427101,0.9381246740413469,0.0059342923857540475,0.01
sweeps/phase2_opcode_js_temporal/runs/20260905T071012.051878Z_30ba0ddc3f60_202609071,202609071,1,43000,earlier,0.934047433183753,0.9205398340993571,0.013507599084395916,0.01
sweeps/phase2_opcode_js_temporal/runs/20260905T071012.051878Z_30ba0ddc3f60_202609071,202609071,1,43500,earlier,0.9366500898985449,0.9219620557136359,0.014688034184909049,0.01
sweeps/phase2_opcode_js_temporal/runs/20260905T071012.051878Z_30ba0ddc3f60_202609071,202609071,1,44000,earlier,0.9325553988293486,0.9192740758302801,0.013281322999068479,0.01
sweeps/phase2_opcode_js_temporal/runs/20260905T071012.051878Z_30ba0ddc3f60_202609071,202609071,1,44500,earlier,0.9413330063590429,0.9303826555654168,0.010950350793626162,0.01
sweeps/phase2_opcode_js_temporal/runs/20260905T071012.051878Z_30ba0ddc3f60_202609071,202609071,1,45000,final,0.9384397546836628,0.9247618795868899,0.013677875096772873,0.01
sweeps/phase2_opcode_js_temporal/runs/20260905T071012.051878Z_30ba0ddc3f60_202609071,202609071,1,45500,final,0.9437491047590585,0.9327499638626564,0.010999140896402082,0.01
sweeps/phase2_opcode_js_temporal/runs/20260905T071012.051878Z_30ba0ddc3f60_202609071,202609071,1,46000,final,0.9462347533361148,0.9353960500078391,0.010838703328275745,0.01
sweeps/phase2_opcode_js_temporal/runs/20260905T071012.051878Z_30ba0ddc3f60_202609071,202609071,1,46500,final,0.9445623158018139,0.9300147687573143,0.014547547044499676,0.01
sweeps/phase2_opcode_js_temporal/runs/20260905T071012.051878Z_30ba0ddc3f60_202609071,202609071,1,47000,final,0.9465794808563561,0.9328735317162471,0.01370594914010903,0.01
sweeps/phase2_opcode_js_temporal/runs/20260905T071012.051878Z_30ba0ddc3f60_202609071,202609071,1,47500,final,0.9423537450063488,0.9321972467540327,0.010156498252316126,0.01
sweeps/phase2_opcode_js_temporal/runs/20260905T071012.051878Z_30ba0ddc3f60_202609071,202609071,1,48000,final,0.946408282941722,0.9354063458545281,0.01100193708719388,0.01
sweeps/phase2_opcode_js_temporal/runs/20260905T071012.051878Z_30ba0ddc3f60_202609071,202609071,1,48500,final,0.9471568491224264,0.9349888949582698,0.012167954164156614,0.01
sweeps/phase2_opcode_js_temporal/runs/20260905T071012.051878Z_30ba0ddc3f60_202609071,202609071,1,49000,final,0.9329453490414114,0.9225301735530982,0.010415175488313166,0.01
sweeps/phase2_opcode_js_temporal/runs/20260905T071012.051878Z_30ba0ddc3f60_202609071,202609071,1,49500,final,0.9346814550036243,0.925170079002662,0.009511376000962302,0.01
sweeps/phase2_opcode_js_temporal/runs/20260905T071012.052240Z_195c07e965d9_202609072,202609072,1,0,earlier,0.9693493544791433,0.9692155438067582,0.0001338106723850485,0.25
sweeps/phase2_opcode_js_temporal/runs/20260905T071012.052240Z_195c07e965d9_202609072,202609072,1,500,earlier,0.9498789762259444,0.9457212927901426,0.004157683435801807,0.01
sweeps/phase2_opcode_js_temporal/runs/20260905T071012.052240Z_195c07e965d9_202609072,202609072,1,1000,earlier,0.9478220585930337,0.9442151239915684,0.003606934601465328,0.01
sweeps/phase2_opcode_js_temporal/runs/20260905T071012.052240Z_195c07e965d9_202609072,202609072,1,1500,earlier,0.9441451125622199,0.9404578769778776,0.003687235584342252,0.01
sweeps/phase2_opcode_js_temporal/runs/20260905T071012.052240Z_195c07e965d9_202609072,202609072,1,2000,earlier,0.9426755043464281,0.9385222142874882,0.00415329005893994,0.01
sweeps/phase2_opcode_js_temporal/runs/20260905T071012.052240Z_195c07e965d9_202609072,202609072,1,2500,earlier,0.9436306336824961,0.9410441033126813,0.002586530369814821,0.01
sweeps/phase2_opcode_js_temporal/runs/20260905T071012.052240Z_195c07e965d9_202609072,202609072,1,3000,earlier,0.9454559925682412,0.9428910681978698,0.0025649243703713687,0.01
sweeps/phase2_opcode_js_temporal/runs/20260905T071012.052240Z_195c07e965d9_202609072,202609072,1,3500,earlier,0.9417022347834851,0.9391622917078607,0.00253994307562444,0.01
sweeps/phase2_opcode_js_temporal/runs/20260905T071012.052240Z_195c07e965d9_202609072,202609072,1,4000,earlier,0.94730198987456,0.9449922755888357,0.0023097142857243513,0.01
sweeps/phase2_opcode_js_temporal/runs/20260905T071012.052240Z_195c07e965d9_202609072,202609072,1,4500,earlier,0.9484335398296505,0.9455124939889685,0.0029210458406819795,0.01
sweeps/phase2_opcode_js_temporal/runs/20260905T071012.052240Z_195c07e965d9_202609072,202609072,1,5000,earlier,0.949085462423376,0.9472251134094573,0.0018603490139187384,0.01
sweeps/phase2_opcode_js_temporal/runs/20260905T071012.052240Z_195c07e965d9_202609072,202609072,1,5500,earlier,0.950022355129701,0.946351635335886,0.003670719793815058,0.01
sweeps/phase2_opcode_js_temporal/runs/20260905T071012.052240Z_195c07e965d9_202609072,202609072,1,6000,earlier,0.9504301284736806,0.9457676600845716,0.004662468389108998,0.01
sweeps/phase2_opcode_js_temporal/runs/20260905T071012.052240Z_195c07e965d9_202609072,202609072,1,6500,earlier,0.9501180289690826,0.9453875298065957,0.004730499162486912,0.01
sweeps/phase2_opcode_js_temporal/runs/20260905T071012.052240Z_195c07e965d9_202609072,202609072,1,7000,earlier,0.9508302216172198,0.9458461371873512,0.004984084429868529,0.01
sweeps/phase2_opcode_js_temporal/runs/20260905T071012.052240Z_195c07e965d9_202609072,202609072,1,7500,earlier,0.9453926270773727,0.9396889464125819,0.005703680664790767,0.01
sweeps/phase2_opcode_js_temporal/runs/20260905T071012.052240Z_195c07e965d9_202609072,202609072,1,8000,earlier,0.9454741709879002,0.9406465289048576,0.004827642083042649,0.01
sweeps/phase2_opcode_js_temporal/runs/20260905T071012.052240Z_195c07e965d9_202609072,202609072,1,8500,earlier,0.9442958339777109,0.9418463283510373,0.002449505626673565,0.01
sweeps/phase2_opcode_js_temporal/runs/20260905T071012.052240Z_195c07e965d9_202609072,202609072,1,9000,earlier,0.9361880839394885,0.9263736695652522,0.009814414374236247,0.01
sweeps/phase2_opcode_js_temporal/runs/20260905T071012.052240Z_195c07e965d9_202609072,202609072,1,9500,earlier,0.9342987722064555,0.92513414814738,0.009164624059075477,0.01
sweeps/phase2_opcode_js_temporal/runs/20260905T071012.052240Z_195c07e965d9_202609072,202609072,1,10000,earlier,0.938710245575325,0.9312299715409791,0.007480274034345924,0.01
sweeps/phase2_opcode_js_temporal/runs/20260905T071012.052240Z_195c07e965d9_202609072,202609072,1,10500,earlier,0.9339057121298484,0.9277640570991699,0.006141655030678539,0.01
sweeps/phase2_opcode_js_temporal/runs/20260905T071012.052240Z_195c07e965d9_202609072,202609072,1,11000,earlier,0.9379610144309762,0.9310796718072395,0.0068813426237367414,0.01
sweeps/phase2_opcode_js_temporal/runs/20260905T071012.052240Z_195c07e965d9_202609072,202609072,1,11500,earlier,0.939355943043401,0.9330308189360971,0.006325124107303903,0.01
sweeps/phase2_opcode_js_temporal/runs/20260905T071012.052240Z_195c07e965d9_202609072,202609072,1,12000,earlier,0.9403412683352596,0.9326775791326929,0.007663689202566659,0.01
sweeps/phase2_opcode_js_temporal/runs/20260905T071012.052240Z_195c07e965d9_202609072,202609072,1,12500,earlier,0.942713205605291,0.9355059364227022,0.007207269182588849,0.01
sweeps/phase2_opcode_js_temporal/runs/20260905T071012.052240Z_195c07e965d9_202609072,202609072,1,13000,earlier,0.9444311994672487,0.93883115382597,0.005600045641278695,0.01
sweeps/phase2_opcode_js_temporal/runs/20260905T071012.052240Z_195c07e965d9_202609072,202609072,1,13500,earlier,0.9473250393194939,0.9411053323274758,0.006219706992018015,0.01
sweeps/phase2_opcode_js_temporal/runs/20260905T071012.052240Z_195c07e965d9_202609072,202609072,1,14000,earlier,0.9465364443305788,0.9405709978576506,0.005965446472928182,0.01
sweeps/phase2_opcode_js_temporal/runs/20260905T071012.052240Z_195c07e965d9_202609072,202609072,1,14500,earlier,0.9455559997983591,0.9409641943008707,0.004591805497488388,0.01
sweeps/phase2_opcode_js_temporal/runs/20260905T071012.052240Z_195c07e965d9_202609072,202609072,1,15000,earlier,0.9443976357723529,0.9402845491076075,0.004113086664745413,0.01
sweeps/phase2_opcode_js_temporal/runs/20260905T071012.052240Z_195c07e965d9_202609072,202609072,1,15500,earlier,0.9485000012248269,0.9450574317273056,0.0034425694975213084,0.01
sweeps/phase2_opcode_js_temporal/runs/20260905T071012.052240Z_195c07e965d9_202609072,202609072,1,16000,earlier,0.9496326018784061,0.9461263059583773,0.0035062959200288235,0.01
sweeps/phase2_opcode_js_temporal/runs/20260905T071012.052240Z_195c07e965d9_202609072,202609072,1,16500,earlier,0.9451951002164501,0.9423707557104591,0.0028243445059910055,0.01
sweeps/phase2_opcode_js_temporal/runs/20260905T071012.052240Z_195c07e965d9_202609072,202609072,1,17000,earlier,0.9422983865131583,0.9383145771187366,0.003983809394421778,0.01
sweeps/phase2_opcode_js_temporal/runs/20260905T071012.052240Z_195c07e965d9_202609072,202609072,1,17500,earlier,0.93705667685704,0.9321111598680898,0.004945516988950183,0.01
sweeps/phase2_opcode_js_temporal/runs/20260905T071012.052240Z_195c07e965d9_202609072,202609072,1,18000,earlier,0.9378290885436659,0.9211163073306068,0.01671278121305908,0.01
sweeps/phase2_opcode_js_temporal/runs/20260905T071012.052240Z_195c07e965d9_202609072,202609072,1,18500,earlier,0.9375037529164543,0.9221910201032223,0.015312732813231977,0.01
sweeps/phase2_opcode_js_temporal/runs/20260905T071012.052240Z_195c07e965d9_202609072,202609072,1,19000,earlier,0.9384930600082735,0.925607835029892,0.012885224978381515,0.01
sweeps/phase2_opcode_js_temporal/runs/20260905T071012.052240Z_195c07e965d9_202609072,202609072,1,19500,earlier,0.9369308903215867,0.9188731271379031,0.018057763183683573,0.01
sweeps/phase2_opcode_js_temporal/runs/20260905T071012.052240Z_195c07e965d9_202609072,202609072,1,20000,earlier,0.9419109762640894,0.9292874357851149,0.012623540478974515,0.01
sweeps/phase2_opcode_js_temporal/runs/20260905T071012.052240Z_195c07e965d9_202609072,202609072,1,20500,earlier,0.937752094469338,0.926633966979886,0.011118127489452068,0.01
sweeps/phase2_opcode_js_temporal/runs/20260905T071012.052240Z_195c07e965d9_202609072,202609072,1,21000,earlier,0.9351549691179201,0.9228050507059063,0.012349918412013716,0.01
sweeps/phase2_opcode_js_temporal/runs/20260905T071012.052240Z_195c07e965d9_202609072,202609072,1,21500,earlier,0.9354481995060615,0.9225791113074041,0.012869088198657397,0.01
sweeps/phase2_opcode_js_temporal/runs/20260905T071012.052240Z_195c07e965d9_202609072,202609072,1,22000,earlier,0.9374185735104459,0.9279558214797672,0.0094627520306787,0.01
sweeps/phase2_opcode_js_temporal/runs/20260905T071012.052240Z_195c07e965d9_202609072,202609072,1,22500,earlier,0.9358075896126498,0.925156103440336,0.010651486172313707,0.01
sweeps/phase2_opcode_js_temporal/runs/20260905T071012.052240Z_195c07e965d9_202609072,202609072,1,23000,earlier,0.9361922408188446,0.9267767746079733,0.009415466210871304,0.01
sweeps/phase2_opcode_js_temporal/runs/20260905T071012.052240Z_195c07e965d9_202609072,202609072,1,23500,earlier,0.9382961071974535,0.9309374871465428,0.0073586200509107025,0.01
sweeps/phase2_opcode_js_temporal/runs/20260905T071012.052240Z_195c07e965d9_202609072,202609072,1,24000,earlier,0.9373057569306779,0.9297743087255138,0.0075314482051640486,0.01
sweeps/phase2_opcode_js_temporal/runs/20260905T071012.052240Z_195c07e965d9_202609072,202609072,1,24500,earlier,0.9320731880387055,0.924784627442845,0.007288560595860583,0.01
sweeps/phase2_opcode_js_temporal/runs/20260905T071012.052240Z_195c07e965d9_202609072,202609072,1,25000,earlier,0.9419989086375246,0.9355185438403197,0.006480364797204818,0.01
sweeps/phase2_opcode_js_temporal/runs/20260905T071012.052240Z_195c07e965d9_202609072,202609072,1,25500,earlier,0.9304718792351472,0.9215389214053449,0.008932957829802302,0.01
sweeps/phase2_opcode_js_temporal/runs/20260905T071012.052240Z_195c07e965d9_202609072,202609072,1,26000,earlier,0.9372771153172818,0.9266586056045841,0.010618509712697621,0.01
sweeps/phase2_opcode_js_temporal/runs/20260905T071012.052240Z_195c07e965d9_202609072,202609072,1,26500,earlier,0.9394457627225602,0.9311330564882885,0.008312706234271716,0.01
sweeps/phase2_opcode_js_temporal/runs/20260905T071012.052240Z_195c07e965d9_202609072,202609072,1,27000,earlier,0.9403506076735428,0.9336839464149345,0.006666661258608375,0.01
sweeps/phase2_opcode_js_temporal/runs/20260905T071012.052240Z_195c07e965d9_202609072,202609072,1,27500,earlier,0.9440668199171803,0.9368316170519265,0.007235202865253809,0.01
sweeps/phase2_opcode_js_temporal/runs/20260905T071012.052240Z_195c07e965d9_202609072,202609072,1,28000,earlier,0.9325745202536136,0.9280423732789372,0.00453214697467641,0.01
sweeps/phase2_opcode_js_temporal/runs/20260905T071012.052240Z_195c07e965d9_202609072,202609072,1,28500,earlier,0.9355714327579073,0.9313026989107005,0.004268733847206829,0.01
sweeps/phase2_opcode_js_temporal/runs/20260905T071012.052240Z_195c07e965d9_202609072,202609072,1,29000,earlier,0.9427284957308674,0.9388189295054508,0.003909566225416605,0.01
sweeps/phase2_opcode_js_temporal/runs/20260905T071012.052240Z_195c07e965d9_202609072,202609072,1,29500,earlier,0.9454561302280224,0.9411640537067506,0.004292076521271837,0.01
sweeps/phase2_opcode_js_temporal/runs/20260905T071012.052240Z_195c07e965d9_202609072,202609072,1,30000,earlier,0.9467293881306081,0.9433621456755988,0.0033672424550093005,0.01
sweeps/phase2_opcode_js_temporal/runs/20260905T071012.052240Z_195c07e965d9_202609072,202609072,1,30500,earlier,0.9457579752349826,0.9430290983861457,0.0027288768488369364,0.01
sweeps/phase2_opcode_js_temporal/runs/20260905T071012.052240Z_195c07e965d9_202609072,202609072,1,31000,earlier,0.945127978419207,0.9420917056570495,0.003036272762157566,0.01
sweeps/phase2_opcode_js_temporal/runs/20260905T071012.052240Z_195c07e965d9_202609072,202609072,1,31500,earlier,0.9437913600947708,0.9406275699826012,0.0031637901121696066,0.01
sweeps/phase2_opcode_js_temporal/runs/20260905T071012.052240Z_195c07e965d9_202609072,202609072,1,32000,earlier,0.9314573843133664,0.9229677612660911,0.008489623047275296,0.01
sweeps/phase2_opcode_js_temporal/runs/20260905T071012.052240Z_195c07e965d9_202609072,202609072,1,32500,earlier,0.9325383171723322,0.9219541972440732,0.010584119928258917,0.01
sweeps/phase2_opcode_js_temporal/runs/20260905T071012.052240Z_195c07e965d9_202609072,202609072,1,33000,earlier,0.9355999288484677,0.9255378478785471,0.010062080969920562,0.01
sweeps/phase2_opcode_js_temporal/runs/20260905T071012.052240Z_195c07e965d9_202609072,202609072,1,33500,earlier,0.9373836486663623,0.9274027201935848,0.009980928472777428,0.01
sweeps/phase2_opcode_js_temporal/runs/20260905T071012.052240Z_195c07e965d9_202609072,202609072,1,34000,earlier,0.9376269607701541,0.9295085062795427,0.008118454490611327,0.01
sweeps/phase2_opcode_js_temporal/runs/20260905T071012.052240Z_195c07e965d9_202609072,202609072,1,34500,earlier,0.9349793756526394,0.925291717597691,0.009687658054948423,0.01
sweeps/phase2_opcode_js_temporal/runs/20260905T071012.052240Z_195c07e965d9_202609072,202609072,1,35000,earlier,0.9350376843113618,0.926006711948544,0.009030972362817802,0.01
sweeps/phase2_opcode_js_temporal/runs/20260905T071012.052240Z_195c07e965d9_202609072,202609072,1,35500,earlier,0.9388153316916311,0.9297780461955033,0.009037285496127812,0.01
sweeps/phase2_opcode_js_temporal/runs/20260905T071012.052240Z_195c07e965d9_202609072,202609072,1,36000,earlier,0.9387772147760114,0.9324486794202878,0.006328535355723641,0.01
sweeps/phase2_opcode_js_temporal/runs/20260905T071012.052240Z_195c07e965d9_202609072,202609072,1,36500,earlier,0.9364378727136345,0.9316554403299737,0.0047824323836608285,0.01
sweeps/phase2_opcode_js_temporal/runs/20260905T071012.052240Z_195c07e965d9_202609072,202609072,1,37000,earlier,0.9391098183604982,0.9350195956486559,0.0040902227118423395,0.01
sweeps/phase2_opcode_js_temporal/runs/20260905T071012.052240Z_195c07e965d9_202609072,202609072,1,37500,earlier,0.9443341305219806,0.9409928584306212,0.0033412720913593708,0.01
sweeps/phase2_opcode_js_temporal/runs/20260905T071012.052240Z_195c07e965d9_202609072,202609072,1,38000,earlier,0.9480504923398899,0.9350139849098069,0.013036507430083,0.01
sweeps/phase2_opcode_js_temporal/runs/20260905T071012.052240Z_195c07e965d9_202609072,202609072,1,38500,earlier,0.9438326076405649,0.9325944759470516,0.011238131693513287,0.01
sweeps/phase2_opcode_js_temporal/runs/20260905T071012.052240Z_195c07e965d9_202609072,202609072,1,39000,earlier,0.9395322351840367,0.9283659825147837,0.011166252669252974,0.01
sweeps/phase2_opcode_js_temporal/runs/20260905T071012.052240Z_195c07e965d9_202609072,202609072,1,39500,earlier,0.9459765714780699,0.9352182160269887,0.01075835545108117,0.01
sweeps/phase2_opcode_js_temporal/runs/20260905T071012.052240Z_195c07e965d9_202609072,202609072,1,40000,earlier,0.9469681049215375,0.9371442740884034,0.009823830833134095,0.01
sweeps/phase2_opcode_js_temporal/runs/20260905T071012.052240Z_195c07e965d9_202609072,202609072,1,40500,earlier,0.9461721656432518,0.9367075771613651,0.009464588481886693,0.01
sweeps/phase2_opcode_js_temporal/runs/20260905T071012.052240Z_195c07e965d9_202609072,202609072,1,41000,earlier,0.9471125730362879,0.9403238966797854,0.006788676356502488,0.01
sweeps/phase2_opcode_js_temporal/runs/20260905T071012.052240Z_195c07e965d9_202609072,202609072,1,41500,earlier,0.942019190542899,0.9370309568932038,0.00498823364969514,0.01
sweeps/phase2_opcode_js_temporal/runs/20260905T071012.052240Z_195c07e965d9_202609072,202609072,1,42000,earlier,0.9459765482681998,0.9405291005756938,0.005447447692505936,0.01
sweeps/phase2_opcode_js_temporal/runs/20260905T071012.052240Z_195c07e965d9_202609072,202609072,1,42500,earlier,0.9428855988154335,0.9381838115308129,0.004701787284620673,0.01
sweeps/phase2_opcode_js_temporal/runs/20260905T071012.052240Z_195c07e965d9_202609072,202609072,1,43000,earlier,0.9422812404255896,0.9365702052154838,0.0057110352101057416,0.01
sweeps/phase2_opcode_js_temporal/runs/20260905T071012.052240Z_195c07e965d9_202609072,202609072,1,43500,earlier,0.9411857288199852,0.9353456171717247,0.005840111648260482,0.01
sweeps/phase2_opcode_js_temporal/runs/20260905T071012.052240Z_195c07e965d9_202609072,202609072,1,44000,earlier,0.942807330840097,0.9338481462280528,0.008959184612044258,0.01
sweeps/phase2_opcode_js_temporal/runs/20260905T071012.052240Z_195c07e965d9_202609072,202609072,1,44500,earlier,0.9339585046483649,0.9202280366067578,0.013730468041607158,0.01
sweeps/phase2_opcode_js_temporal/runs/20260905T071012.052240Z_195c07e965d9_202609072,202609072,1,45000,final,0.9335412980158001,0.9223240379814188,0.011217260034381282,0.01
sweeps/phase2_opcode_js_temporal/runs/20260905T071012.052240Z_195c07e965d9_202609072,202609072,1,45500,final,0.9356593276131163,0.9246607128516605,0.010998614761455805,0.01
sweeps/phase2_opcode_js_temporal/runs/20260905T071012.052240Z_195c07e965d9_202609072,202609072,1,46000,final,0.9384924086958624,0.9310662963399294,0.0074261123559329345,0.01
sweeps/phase2_opcode_js_temporal/runs/20260905T071012.052240Z_195c07e965d9_202609072,202609072,1,46500,final,0.9433395444710871,0.9365028180947248,0.006836726376362345,0.01
sweeps/phase2_opcode_js_temporal/runs/20260905T071012.052240Z_195c07e965d9_202609072,202609072,1,47000,final,0.9459795626202454,0.9381673275141956,0.007812235106049781,0.01
sweeps/phase2_opcode_js_temporal/runs/20260905T071012.052240Z_195c07e965d9_202609072,202609072,1,47500,final,0.9439171651235077,0.9376401824622904,0.006276982661217234,0.01
sweeps/phase2_opcode_js_temporal/runs/20260905T071012.052240Z_195c07e965d9_202609072,202609072,1,48000,final,0.9378605924437354,0.9302521434693148,0.00760844897442059,0.01
sweeps/phase2_opcode_js_temporal/runs/20260905T071012.052240Z_195c07e965d9_202609072,202609072,1,48500,final,0.9325934758484953,0.9255504230663778,0.007043052782117476,0.01
sweeps/phase2_opcode_js_temporal/runs/20260905T071012.052240Z_195c07e965d9_202609072,202609072,1,49000,final,0.9301930108843058,0.9252079472612271,0.0049850636230787115,0.02
sweeps/phase2_opcode_js_temporal/runs/20260905T071012.052240Z_195c07e965d9_202609072,202609072,1,49500,final,0.9320320525766519,0.9244406373072892,0.007591415269362689,0.01
sweeps/phase2_opcode_js_temporal/runs/20260905T071012.057893Z_a7bf164362e7_202609073,202609073,1,0,earlier,0.9703383357090026,0.9702449277173355,9.34079916671271e-05,0.34
sweeps/phase2_opcode_js_temporal/runs/20260905T071012.057893Z_a7bf164362e7_202609073,202609073,1,500,earlier,0.9636961306670936,0.9632673464810756,0.0004287841860179942,0.13
sweeps/phase2_opcode_js_temporal/runs/20260905T071012.057893Z_a7bf164362e7_202609073,202609073,1,1000,earlier,0.9560766662668071,0.9544743925468316,0.0016022737199754555,0.01
sweeps/phase2_opcode_js_temporal/runs/20260905T071012.057893Z_a7bf164362e7_202609073,202609073,1,1500,earlier,0.9501864596643981,0.9485456193252844,0.0016408403391137139,0.02
sweeps/phase2_opcode_js_temporal/runs/20260905T071012.057893Z_a7bf164362e7_202609073,202609073,1,2000,earlier,0.948672993023315,0.945538770454479,0.003134222568835998,0.01
sweeps/phase2_opcode_js_temporal/runs/20260905T071012.057893Z_a7bf164362e7_202609073,202609073,1,2500,earlier,0.9521512110979922,0.9499578267313931,0.002193384366599105,0.01
sweeps/phase2_opcode_js_temporal/runs/20260905T071012.057893Z_a7bf164362e7_202609073,202609073,1,3000,earlier,0.95242338394549,0.9499004782067249,0.0025229057387651244,0.01
sweeps/phase2_opcode_js_temporal/runs/20260905T071012.057893Z_a7bf164362e7_202609073,202609073,1,3500,earlier,0.9520642661300094,0.9497033110653358,0.0023609550646735977,0.01
sweeps/phase2_opcode_js_temporal/runs/20260905T071012.057893Z_a7bf164362e7_202609073,202609073,1,4000,earlier,0.9553336015849944,0.9525037593274832,0.0028298422575111504,0.01
sweeps/phase2_opcode_js_temporal/runs/20260905T071012.057893Z_a7bf164362e7_202609073,202609073,1,4500,earlier,0.9545195443157627,0.950852705632065,0.0036668386836976596,0.01
sweeps/phase2_opcode_js_temporal/runs/20260905T071012.057893Z_a7bf164362e7_202609073,202609073,1,5000,earlier,0.9521831653074863,0.9492227421012484,0.0029604232062379054,0.01
sweeps/phase2_opcode_js_temporal/runs/20260905T071012.057893Z_a7bf164362e7_202609073,202609073,1,5500,earlier,0.9514395055740694,0.9486760267496794,0.0027634788243899866,0.01
sweeps/phase2_opcode_js_temporal/runs/20260905T071012.057893Z_a7bf164362e7_202609073,202609073,1,6000,earlier,0.9510405067073717,0.9491699175939466,0.0018705891134250807,0.01
sweeps/phase2_opcode_js_temporal/runs/20260905T071012.057893Z_a7bf164362e7_202609073,202609073,1,6500,earlier,0.9522745139460552,0.949577542068076,0.0026969718779792373,0.01
sweeps/phase2_opcode_js_temporal/runs/20260905T071012.057893Z_a7bf164362e7_202609073,202609073,1,7000,earlier,0.9549496942030081,0.9513242563325597,0.0036254378704484447,0.01
sweeps/phase2_opcode_js_temporal/runs/20260905T071012.057893Z_a7bf164362e7_202609073,202609073,1,7500,earlier,0.9549437869970376,0.9507608749344986,0.004182912062539068,0.01
sweeps/phase2_opcode_js_temporal/runs/20260905T071012.057893Z_a7bf164362e7_202609073,202609073,1,8000,earlier,0.9560955429431436,0.9511852516230453,0.004910291320098237,0.01
sweeps/phase2_opcode_js_temporal/runs/20260905T071012.057893Z_a7bf164362e7_202609073,202609073,1,8500,earlier,0.9550850140466226,0.9520287304087065,0.003056283637916102,0.01
sweeps/phase2_opcode_js_temporal/runs/20260905T071012.057893Z_a7bf164362e7_202609073,202609073,1,9000,earlier,0.9559185187181851,0.9518692196703338,0.00404929904785134,0.01
sweeps/phase2_opcode_js_temporal/runs/20260905T071012.057893Z_a7bf164362e7_202609073,202609073,1,9500,earlier,0.9486308688452106,0.9445088765854152,0.004121992259795482,0.01
sweeps/phase2_opcode_js_temporal/runs/20260905T071012.057893Z_a7bf164362e7_202609073,202609073,1,10000,earlier,0.9386762908111204,0.932895793375597,0.005780497435523335,0.01
sweeps/phase2_opcode_js_temporal/runs/20260905T071012.057893Z_a7bf164362e7_202609073,202609073,1,10500,earlier,0.9407617453943045,0.9351040568678878,0.005657688526416682,0.01
sweeps/phase2_opcode_js_temporal/runs/20260905T071012.057893Z_a7bf164362e7_202609073,202609073,1,11000,earlier,0.9482263351159168,0.9433738340053355,0.004852501110581331,0.01
sweeps/phase2_opcode_js_temporal/runs/20260905T071012.057893Z_a7bf164362e7_202609073,202609073,1,11500,earlier,0.9379986868903056,0.932319757106627,0.005678929783678677,0.01
sweeps/phase2_opcode_js_temporal/runs/20260905T071012.057893Z_a7bf164362e7_202609073,202609073,1,12000,earlier,0.941173487409119,0.9351280794272858,0.006045407981833173,0.01
sweeps/phase2_opcode_js_temporal/runs/20260905T071012.057893Z_a7bf164362e7_202609073,202609073,1,12500,earlier,0.9382661135175799,0.9323779215828149,0.005888191934765086,0.01
sweeps/phase2_opcode_js_temporal/runs/20260905T071012.057893Z_a7bf164362e7_202609073,202609073,1,13000,earlier,0.9416801872176526,0.9367704536859809,0.004909733531671678,0.01
sweeps/phase2_opcode_js_temporal/runs/20260905T071012.057893Z_a7bf164362e7_202609073,202609073,1,13500,earlier,0.9452762714272882,0.9390218544486455,0.006254416978642707,0.01
sweeps/phase2_opcode_js_temporal/runs/20260905T071012.057893Z_a7bf164362e7_202609073,202609073,1,14000,earlier,0.941989180350676,0.9359697406972729,0.006019439653403125,0.01
sweeps/phase2_opcode_js_temporal/runs/20260905T071012.057893Z_a7bf164362e7_202609073,202609073,1,14500,earlier,0.9411196842898464,0.9362772447501024,0.004842439539743948,0.01
sweeps/phase2_opcode_js_temporal/runs/20260905T071012.057893Z_a7bf164362e7_202609073,202609073,1,15000,earlier,0.9417747334284049,0.9373620792460202,0.004412654182384679,0.01
sweeps/phase2_opcode_js_temporal/runs/20260905T071012.057893Z_a7bf164362e7_202609073,202609073,1,15500,earlier,0.9433969071268871,0.9396937460581221,0.003703161068765004,0.01
sweeps/phase2_opcode_js_temporal/runs/20260905T071012.057893Z_a7bf164362e7_202609073,202609073,1,16000,earlier,0.9429260139332608,0.936607522892929,0.006318491040331775,0.01
sweeps/phase2_opcode_js_temporal/runs/20260905T071012.057893Z_a7bf164362e7_202609073,202609073,1,16500,earlier,0.9450791861582506,0.9372496304142229,0.00782955574402766,0.01
sweeps/phase2_opcode_js_temporal/runs/20260905T071012.057893Z_a7bf164362e7_202609073,202609073,1,17000,earlier,0.943677260739651,0.9355629628881222,0.008114297851528729,0.01
sweeps/phase2_opcode_js_temporal/runs/20260905T071012.057893Z_a7bf164362e7_202609073,202609073,1,17500,earlier,0.9390012008183981,0.9291087316187292,0.009892469199668907,0.01
sweeps/phase2_opcode_js_temporal/runs/20260905T071012.057893Z_a7bf164362e7_202609073,202609073,1,18000,earlier,0.9324819187660378,0.925626888434542,0.006855030331495815,0.01
sweeps/phase2_opcode_js_temporal/runs/20260905T071012.057893Z_a7bf164362e7_202609073,202609073,1,18500,earlier,0.9367803138371649,0.931767132673075,0.005013181164089886,0.01
sweeps/phase2_opcode_js_temporal/runs/20260905T071012.057893Z_a7bf164362e7_202609073,202609073,1,19000,earlier,0.9363672277010925,0.9312624885618759,0.0051047391392166075,0.01
sweeps/phase2_opcode_js_temporal/runs/20260905T071012.057893Z_a7bf164362e7_202609073,202609073,1,19500,earlier,0.9419240347280279,0.9380305726590744,0.0038934620689534682,0.01
sweeps/phase2_opcode_js_temporal/runs/20260905T071012.057893Z_a7bf164362e7_202609073,202609073,1,20000,earlier,0.9414082591528462,0.9368901015083565,0.0045181576444897065,0.01
sweeps/phase2_opcode_js_temporal/runs/20260905T071012.057893Z_a7bf164362e7_202609073,202609073,1,20500,earlier,0.9383867050000336,0.9335008754428349,0.00488582955719874,0.01
sweeps/phase2_opcode_js_temporal/runs/20260905T071012.057893Z_a7bf164362e7_202609073,202609073,1,21000,earlier,0.9362649333104396,0.9324978899877188,0.00376704332272082,0.01
sweeps/phase2_opcode_js_temporal/runs/20260905T071012.057893Z_a7bf164362e7_202609073,202609073,1,21500,earlier,0.9323673670546396,0.9284269529383765,0.0039404141162631134,0.01
sweeps/phase2_opcode_js_temporal/runs/20260905T071012.057893Z_a7bf164362e7_202609073,202609073,1,22000,earlier,0.9271618423019964,0.9227170301884368,0.004444812113559626,0.01
sweeps/phase2_opcode_js_temporal/runs/20260905T071012.057893Z_a7bf164362e7_202609073,202609073,1,22500,earlier,0.9301639057849003,0.926928931054573,0.0032349747303273,0.02
sweeps/phase2_opcode_js_temporal/runs/20260905T071012.057893Z_a7bf164362e7_202609073,202609073,1,23000,earlier,0.928310383171088,0.9244695029363439,0.0038408802347441595,0.01
sweeps/phase2_opcode_js_temporal/runs/20260905T071012.057893Z_a7bf164362e7_202609073,202609073,1,23500,earlier,0.9264518787822663,0.9203831528903248,0.006068725891941518,0.01
sweeps/phase2_opcode_js_temporal/runs/20260905T071012.057893Z_a7bf164362e7_202609073,202609073,1,24000,earlier,0.9271831909678471,0.9188764978236658,0.00830669314418131,0.01
sweeps/phase2_opcode_js_temporal/runs/20260905T071012.057893Z_a7bf164362e7_202609073,202609073,1,24500,earlier,0.9277743198234814,0.9187999417097382,0.008974378113743131,0.01
sweeps/phase2_opcode_js_temporal/runs/20260905T071012.057893Z_a7bf164362e7_202609073,202609073,1,25000,earlier,0.9352399797329114,0.927539447120211,0.007700532612700428,0.01
sweeps/phase2_opcode_js_temporal/runs/20260905T071012.057893Z_a7bf164362e7_202609073,202609073,1,25500,earlier,0.9349290282670958,0.9220907180648352,0.012838310202260561,0.01
sweeps/phase2_opcode_js_temporal/runs/20260905T071012.057893Z_a7bf164362e7_202609073,202609073,1,26000,earlier,0.9416858314226555,0.9314528875169193,0.010232943905736147,0.01
sweeps/phase2_opcode_js_temporal/runs/20260905T071012.057893Z_a7bf164362e7_202609073,202609073,1,26500,earlier,0.9444237778878779,0.934836638774149,0.009587139113728882,0.01
sweeps/phase2_opcode_js_temporal/runs/20260905T071012.057893Z_a7bf164362e7_202609073,202609073,1,27000,earlier,0.936083577291924,0.9248566273985,0.011226949893423988,0.01
sweeps/phase2_opcode_js_temporal/runs/20260905T071012.057893Z_a7bf164362e7_202609073,202609073,1,27500,earlier,0.9342058089807526,0.9214350956603132,0.01277071332043933,0.01
sweeps/phase2_opcode_js_temporal/runs/20260905T071012.057893Z_a7bf164362e7_202609073,202609073,1,28000,earlier,0.9349804393896216,0.927268077037338,0.007712362352283564,0.01
sweeps/phase2_opcode_js_temporal/runs/20260905T071012.057893Z_a7bf164362e7_202609073,202609073,1,28500,earlier,0.9417064381249001,0.9348548991464034,0.006851538978496663,0.01
sweeps/phase2_opcode_js_temporal/runs/20260905T071012.057893Z_a7bf164362e7_202609073,202609073,1,29000,earlier,0.9433425791067217,0.9371088518318497,0.006233727274872036,0.01
sweeps/phase2_opcode_js_temporal/runs/20260905T071012.057893Z_a7bf164362e7_202609073,202609073,1,29500,earlier,0.9472099232390216,0.9407009592257471,0.006508964013274499,0.01
sweeps/phase2_opcode_js_temporal/runs/20260905T071012.057893Z_a7bf164362e7_202609073,202609073,1,30000,earlier,0.9435312675627668,0.9387852242353668,0.004746043327400029,0.01
sweeps/phase2_opcode_js_temporal/runs/20260905T071012.057893Z_a7bf164362e7_202609073,202609073,1,30500,earlier,0.9325193248438205,0.9274385776839643,0.00508074715985618,0.01
sweeps/phase2_opcode_js_temporal/runs/20260905T071012.057893Z_a7bf164362e7_202609073,202609073,1,31000,earlier,0.942573443720452,0.9378425158599907,0.004730927860461365,0.01
sweeps/phase2_opcode_js_temporal/runs/20260905T071012.057893Z_a7bf164362e7_202609073,202609073,1,31500,earlier,0.9350075167857158,0.931814573954869,0.003192942830846812,0.03
sweeps/phase2_opcode_js_temporal/runs/20260905T071012.057893Z_a7bf164362e7_202609073,202609073,1,32000,earlier,0.9377451825458185,0.9346391589888632,0.0031060235569553285,0.01
sweeps/phase2_opcode_js_temporal/runs/20260905T071012.057893Z_a7bf164362e7_202609073,202609073,1,32500,earlier,0.9402965539391301,0.9379933795261375,0.002303174412992659,0.02
sweeps/phase2_opcode_js_temporal/runs/20260905T071012.057893Z_a7bf164362e7_202609073,202609073,1,33000,earlier,0.9420735947492391,0.9393389609806935,0.002734633768545658,0.01
sweeps/phase2_opcode_js_temporal/runs/20260905T071012.057893Z_a7bf164362e7_202609073,202609073,1,33500,earlier,0.9453333569717646,0.9422485015664692,0.0030848554052953503,0.01
sweeps/phase2_opcode_js_temporal/runs/20260905T071012.057893Z_a7bf164362e7_202609073,202609073,1,34000,earlier,0.9459024696988021,0.9400076566234054,0.005894813075396743,0.01
sweeps/phase2_opcode_js_temporal/runs/20260905T071012.057893Z_a7bf164362e7_202609073,202609073,1,34500,earlier,0.9458199069687805,0.9398753766428019,0.005944530325978636,0.01
sweeps/phase2_opcode_js_temporal/runs/20260905T071012.057893Z_a7bf164362e7_202609073,202609073,1,35000,earlier,0.9441286056261124,0.9361681293391556,0.007960476286956841,0.01
sweeps/phase2_opcode_js_temporal/runs/20260905T071012.057893Z_a7bf164362e7_202609073,202609073,1,35500,earlier,0.9422133956007366,0.9331777243039028,0.009035671296833803,0.01
sweeps/phase2_opcode_js_temporal/runs/20260905T071012.057893Z_a7bf164362e7_202609073,202609073,1,36000,earlier,0.9424290553687041,0.9346958084185704,0.007733246950133776,0.01
sweeps/phase2_opcode_js_temporal/runs/20260905T071012.057893Z_a7bf164362e7_202609073,202609073,1,36500,earlier,0.9427146355677042,0.9364374068952525,0.006277228672451729,0.01
sweeps/phase2_opcode_js_temporal/runs/20260905T071012.057893Z_a7bf164362e7_202609073,202609073,1,37000,earlier,0.9485312280104755,0.941277682683913,0.007253545326562527,0.01
sweeps/phase2_opcode_js_temporal/runs/20260905T071012.057893Z_a7bf164362e7_202609073,202609073,1,37500,earlier,0.9506428369028441,0.9434781139758518,0.0071647229269923285,0.01
sweeps/phase2_opcode_js_temporal/runs/20260905T071012.057893Z_a7bf164362e7_202609073,202609073,1,38000,earlier,0.9482100918104513,0.9392214243397011,0.008988667470750222,0.01
sweeps/phase2_opcode_js_temporal/runs/20260905T071012.057893Z_a7bf164362e7_202609073,202609073,1,38500,earlier,0.9468164068149476,0.9391129446467967,0.007703462168150876,0.01
sweeps/phase2_opcode_js_temporal/runs/20260905T071012.057893Z_a7bf164362e7_202609073,202609073,1,39000,earlier,0.941533298670257,0.9346722466862771,0.0068610519839799045,0.01
sweeps/phase2_opcode_js_temporal/runs/20260905T071012.057893Z_a7bf164362e7_202609073,202609073,1,39500,earlier,0.9405215258220885,0.9313446242462375,0.009176901575850938,0.01
sweeps/phase2_opcode_js_temporal/runs/20260905T071012.057893Z_a7bf164362e7_202609073,202609073,1,40000,earlier,0.9325192487648793,0.9225926326375365,0.009926616127342802,0.01
sweeps/phase2_opcode_js_temporal/runs/20260905T071012.057893Z_a7bf164362e7_202609073,202609073,1,40500,earlier,0.9369959650970199,0.9270943848818514,0.009901580215168515,0.01
sweeps/phase2_opcode_js_temporal/runs/20260905T071012.057893Z_a7bf164362e7_202609073,202609073,1,41000,earlier,0.9410329912815351,0.9319169956217123,0.009115995659822795,0.01
sweeps/phase2_opcode_js_temporal/runs/20260905T071012.057893Z_a7bf164362e7_202609073,202609073,1,41500,earlier,0.9348523824883108,0.9254024757795304,0.009449906708780431,0.01
sweeps/phase2_opcode_js_temporal/runs/20260905T071012.057893Z_a7bf164362e7_202609073,202609073,1,42000,earlier,0.9391288797621614,0.9314612288351117,0.007667650927049685,0.01
sweeps/phase2_opcode_js_temporal/runs/20260905T071012.057893Z_a7bf164362e7_202609073,202609073,1,42500,earlier,0.9438840454540675,0.9345565952424267,0.00932745021164072,0.01
sweeps/phase2_opcode_js_temporal/runs/20260905T071012.057893Z_a7bf164362e7_202609073,202609073,1,43000,earlier,0.9429687801104193,0.9290394279685708,0.013929352141848539,0.01
sweeps/phase2_opcode_js_temporal/runs/20260905T071012.057893Z_a7bf164362e7_202609073,202609073,1,43500,earlier,0.9422690515512637,0.9304828114421733,0.011786240109090462,0.01
sweeps/phase2_opcode_js_temporal/runs/20260905T071012.057893Z_a7bf164362e7_202609073,202609073,1,44000,earlier,0.934673479951475,0.9224662984901253,0.012207181461349692,0.01
sweeps/phase2_opcode_js_temporal/runs/20260905T071012.057893Z_a7bf164362e7_202609073,202609073,1,44500,earlier,0.9355349705301973,0.923677298476324,0.011857672053873336,0.01
sweeps/phase2_opcode_js_temporal/runs/20260905T071012.057893Z_a7bf164362e7_202609073,202609073,1,45000,final,0.9430749538314056,0.9340260541020112,0.009048899729394377,0.01
sweeps/phase2_opcode_js_temporal/runs/20260905T071012.057893Z_a7bf164362e7_202609073,202609073,1,45500,final,0.9423507427226071,0.935360597297953,0.006990145424654148,0.01
sweeps/phase2_opcode_js_temporal/runs/20260905T071012.057893Z_a7bf164362e7_202609073,202609073,1,46000,final,0.945642998682674,0.9405714626858506,0.0050715359968234175,0.01
sweeps/phase2_opcode_js_temporal/runs/20260905T071012.057893Z_a7bf164362e7_202609073,202609073,1,46500,final,0.941813505738619,0.9374764322765512,0.0043370734620677975,0.01
sweeps/phase2_opcode_js_temporal/runs/20260905T071012.057893Z_a7bf164362e7_202609073,202609073,1,47000,final,0.9378164791879603,0.9357665292630247,0.002049949924935568,0.13
sweeps/phase2_opcode_js_temporal/runs/20260905T071012.057893Z_a7bf164362e7_202609073,202609073,1,47500,final,0.9424077539318703,0.940711137723311,0.0016966162085592096,0.17
sweeps/phase2_opcode_js_temporal/runs/20260905T071012.057893Z_a7bf164362e7_202609073,202609073,1,48000,final,0.94665579828616,0.9449388775887535,0.0017169206974064766,0.08
sweeps/phase2_opcode_js_temporal/runs/20260905T071012.057893Z_a7bf164362e7_202609073,202609073,1,48500,final,0.9392322489570684,0.9369578267139419,0.0022744222431264616,0.08
sweeps/phase2_opcode_js_temporal/runs/20260905T071012.057893Z_a7bf164362e7_202609073,202609073,1,49000,final,0.9392073855152873,0.9367331496837691,0.002474235831518179,0.03
sweeps/phase2_opcode_js_temporal/runs/20260905T071012.057893Z_a7bf164362e7_202609073,202609073,1,49500,final,0.9408718793215105,0.9368137782478866,0.004058101073623921,0.01
sweeps/phase2_opcode_js_temporal/runs/20260905T071012.058037Z_9b27cace67f4_202609074,202609074,1,0,earlier,0.968380340049195,0.9688213752734363,-0.0004410352242412152,0.99
sweeps/phase2_opcode_js_temporal/runs/20260905T071012.058037Z_9b27cace67f4_202609074,202609074,1,500,earlier,0.9570689554902488,0.9551601899123797,0.0019087655778691204,0.02
sweeps/phase2_opcode_js_temporal/runs/20260905T071012.058037Z_9b27cace67f4_202609074,202609074,1,1000,earlier,0.953421602201367,0.9509861878532664,0.002435414348100573,0.02
sweeps/phase2_opcode_js_temporal/runs/20260905T071012.058037Z_9b27cace67f4_202609074,202609074,1,1500,earlier,0.9480314446866875,0.9458023173764225,0.0022291273102650333,0.01
sweeps/phase2_opcode_js_temporal/runs/20260905T071012.058037Z_9b27cace67f4_202609074,202609074,1,2000,earlier,0.9466816695956833,0.9432040488541646,0.0034776207415186944,0.01
sweeps/phase2_opcode_js_temporal/runs/20260905T071012.058037Z_9b27cace67f4_202609074,202609074,1,2500,earlier,0.9465566930423145,0.9429493651835603,0.0036073278587541724,0.01
sweeps/phase2_opcode_js_temporal/runs/20260905T071012.058037Z_9b27cace67f4_202609074,202609074,1,3000,earlier,0.9484350930353626,0.9451114541756396,0.003323638859722977,0.01
sweeps/phase2_opcode_js_temporal/runs/20260905T071012.058037Z_9b27cace67f4_202609074,202609074,1,3500,earlier,0.9419698549224408,0.9364306183343222,0.005539236588118612,0.01
sweeps/phase2_opcode_js_temporal/runs/20260905T071012.058037Z_9b27cace67f4_202609074,202609074,1,4000,earlier,0.941787251477765,0.9363608686556728,0.0054263828220921795,0.01
sweeps/phase2_opcode_js_temporal/runs/20260905T071012.058037Z_9b27cace67f4_202609074,202609074,1,4500,earlier,0.9418837491546537,0.9364267851535857,0.005456964001067988,0.01
sweeps/phase2_opcode_js_temporal/runs/20260905T071012.058037Z_9b27cace67f4_202609074,202609074,1,5000,earlier,0.942157040877735,0.9361335013443839,0.006023539533351108,0.01
sweeps/phase2_opcode_js_temporal/runs/20260905T071012.058037Z_9b27cace67f4_202609074,202609074,1,5500,earlier,0.9373099946435571,0.9272286774675418,0.010081317176015347,0.01
sweeps/phase2_opcode_js_temporal/runs/20260905T071012.058037Z_9b27cace67f4_202609074,202609074,1,6000,earlier,0.9376662022539269,0.9264831247110663,0.011183077542860631,0.01
sweeps/phase2_opcode_js_temporal/runs/20260905T071012.058037Z_9b27cace67f4_202609074,202609074,1,6500,earlier,0.9379609587936759,0.9267194738970816,0.011241484896594267,0.01
sweeps/phase2_opcode_js_temporal/runs/20260905T071012.058037Z_9b27cace67f4_202609074,202609074,1,7000,earlier,0.9264853564359136,0.9122279900375954,0.014257366398318205,0.01
sweeps/phase2_opcode_js_temporal/runs/20260905T071012.058037Z_9b27cace67f4_202609074,202609074,1,7500,earlier,0.9308630983972358,0.9186674055111023,0.012195692886133536,0.01
sweeps/phase2_opcode_js_temporal/runs/20260905T071012.058037Z_9b27cace67f4_202609074,202609074,1,8000,earlier,0.9376506120613682,0.9275220515646537,0.010128560496714512,0.01
sweeps/phase2_opcode_js_temporal/runs/20260905T071012.058037Z_9b27cace67f4_202609074,202609074,1,8500,earlier,0.9395725463692357,0.9295356283165325,0.010036918052703236,0.01
sweeps/phase2_opcode_js_temporal/runs/20260905T071012.058037Z_9b27cace67f4_202609074,202609074,1,9000,earlier,0.943008750768369,0.9345850637119218,0.008423687056447138,0.01
sweeps/phase2_opcode_js_temporal/runs/20260905T071012.058037Z_9b27cace67f4_202609074,202609074,1,9500,earlier,0.9380911270982233,0.9277627089927312,0.010328418105492121,0.01
sweeps/phase2_opcode_js_temporal/runs/20260905T071012.058037Z_9b27cace67f4_202609074,202609074,1,10000,earlier,0.9413917167323834,0.9343865773881304,0.007005139344253064,0.01
sweeps/phase2_opcode_js_temporal/runs/20260905T071012.058037Z_9b27cace67f4_202609074,202609074,1,10500,earlier,0.9352676556821953,0.930048901774954,0.005218753907241247,0.01
sweeps/phase2_opcode_js_temporal/runs/20260905T071012.058037Z_9b27cace67f4_202609074,202609074,1,11000,earlier,0.9396007896084512,0.9332480631939721,0.006352726414479037,0.01
sweeps/phase2_opcode_js_temporal/runs/20260905T071012.058037Z_9b27cace67f4_202609074,202609074,1,11500,earlier,0.9418632242518338,0.9356595291292114,0.006203695122622421,0.01
sweeps/phase2_opcode_js_temporal/runs/20260905T071012.058037Z_9b27cace67f4_202609074,202609074,1,12000,earlier,0.9372936545990276,0.9291865200893175,0.008107134509710123,0.01
sweeps/phase2_opcode_js_temporal/runs/20260905T071012.058037Z_9b27cace67f4_202609074,202609074,1,12500,earlier,0.936994575194696,0.9262566112788346,0.010737963915861348,0.01
sweeps/phase2_opcode_js_temporal/runs/20260905T071012.058037Z_9b27cace67f4_202609074,202609074,1,13000,earlier,0.9333356734077998,0.9173354348865377,0.01600023852126209,0.01
sweeps/phase2_opcode_js_temporal/runs/20260905T071012.058037Z_9b27cace67f4_202609074,202609074,1,13500,earlier,0.9395627592537298,0.9267808695633646,0.0127818896903652,0.01
sweeps/phase2_opcode_js_temporal/runs/20260905T071012.058037Z_9b27cace67f4_202609074,202609074,1,14000,earlier,0.9426260691183475,0.9316812727336771,0.010944796384670386,0.01
sweeps/phase2_opcode_js_temporal/runs/20260905T071012.058037Z_9b27cace67f4_202609074,202609074,1,14500,earlier,0.943333689098516,0.9332743640738278,0.010059325024688204,0.01
sweeps/phase2_opcode_js_temporal/runs/20260905T071012.058037Z_9b27cace67f4_202609074,202609074,1,15000,earlier,0.9354453514384884,0.9255014869448005,0.009943864493687893,0.01
sweeps/phase2_opcode_js_temporal/runs/20260905T071012.058037Z_9b27cace67f4_202609074,202609074,1,15500,earlier,0.9395418394578663,0.9317430526258472,0.007798786832019067,0.01
sweeps/phase2_opcode_js_temporal/runs/20260905T071012.058037Z_9b27cace67f4_202609074,202609074,1,16000,earlier,0.9447211469093533,0.937906575204048,0.006814571705305306,0.01
sweeps/phase2_opcode_js_temporal/runs/20260905T071012.058037Z_9b27cace67f4_202609074,202609074,1,16500,earlier,0.9464513352064683,0.9397650115917997,0.006686323614668588,0.01
sweeps/phase2_opcode_js_temporal/runs/20260905T071012.058037Z_9b27cace67f4_202609074,202609074,1,17000,earlier,0.9497109556374667,0.9447175809929526,0.004993374644514104,0.01
sweeps/phase2_opcode_js_temporal/runs/20260905T071012.058037Z_9b27cace67f4_202609074,202609074,1,17500,earlier,0.9463818352363861,0.9417108160509564,0.00467101918542967,0.01
sweeps/phase2_opcode_js_temporal/runs/20260905T071012.058037Z_9b27cace67f4_202609074,202609074,1,18000,earlier,0.9469277842503749,0.9411460332735397,0.005781750976835198,0.01
sweeps/phase2_opcode_js_temporal/runs/20260905T071012.058037Z_9b27cace67f4_202609074,202609074,1,18500,earlier,0.9471027062900922,0.9425577699063493,0.00454493638374287,0.01
sweeps/phase2_opcode_js_temporal/runs/20260905T071012.058037Z_9b27cace67f4_202609074,202609074,1,19000,earlier,0.94571635858445,0.9418184127917897,0.00389794579266034,0.01
sweeps/phase2_opcode_js_temporal/runs/20260905T071012.058037Z_9b27cace67f4_202609074,202609074,1,19500,earlier,0.937986132914002,0.9338192427390296,0.004166890174972404,0.01
sweeps/phase2_opcode_js_temporal/runs/20260905T071012.058037Z_9b27cace67f4_202609074,202609074,1,20000,earlier,0.94137697333772,0.9360770968304662,0.00529987650725372,0.01
sweeps/phase2_opcode_js_temporal/runs/20260905T071012.058037Z_9b27cace67f4_202609074,202609074,1,20500,earlier,0.9454190615146763,0.9412900333650558,0.004129028149620462,0.01
sweeps/phase2_opcode_js_temporal/runs/20260905T071012.058037Z_9b27cace67f4_202609074,202609074,1,21000,earlier,0.9407932596206735,0.9378441336714027,0.00294912594927077,0.02
sweeps/phase2_opcode_js_temporal/runs/20260905T071012.058037Z_9b27cace67f4_202609074,202609074,1,21500,earlier,0.9368025635708505,0.93489256147302,0.0019100020978304322,0.07
sweeps/phase2_opcode_js_temporal/runs/20260905T071012.058037Z_9b27cace67f4_202609074,202609074,1,22000,earlier,0.9402434072845794,0.9375856666475236,0.0026577406370558165,0.01
sweeps/phase2_opcode_js_temporal/runs/20260905T071012.058037Z_9b27cace67f4_202609074,202609074,1,22500,earlier,0.9316000367994423,0.9278278895827377,0.003772147216704602,0.01
sweeps/phase2_opcode_js_temporal/runs/20260905T071012.058037Z_9b27cace67f4_202609074,202609074,1,23000,earlier,0.9390220711841241,0.9345810163958548,0.004441054788269283,0.01
sweeps/phase2_opcode_js_temporal/runs/20260905T071012.058037Z_9b27cace67f4_202609074,202609074,1,23500,earlier,0.9416252202065004,0.9375411022568717,0.004084117949628707,0.01
sweeps/phase2_opcode_js_temporal/runs/20260905T071012.058037Z_9b27cace67f4_202609074,202609074,1,24000,earlier,0.9350358457875845,0.9303902893677237,0.004645556419860752,0.02
sweeps/phase2_opcode_js_temporal/runs/20260905T071012.058037Z_9b27cace67f4_202609074,202609074,1,24500,earlier,0.9348977320360298,0.9290718830950603,0.005825848940969491,0.01
sweeps/phase2_opcode_js_temporal/runs/20260905T071012.058037Z_9b27cace67f4_202609074,202609074,1,25000,earlier,0.9355366949519486,0.9284077837595482,0.0071289111924003334,0.01
sweeps/phase2_opcode_js_temporal/runs/20260905T071012.058037Z_9b27cace67f4_202609074,202609074,1,25500,earlier,0.9374256004638897,0.9306599662979513,0.006765634165938339,0.01
sweeps/phase2_opcode_js_temporal/runs/20260905T071012.058037Z_9b27cace67f4_202609074,202609074,1,26000,earlier,0.9353319189082119,0.9287171188385541,0.006614800069657756,0.01
sweeps/phase2_opcode_js_temporal/runs/20260905T071012.058037Z_9b27cace67f4_202609074,202609074,1,26500,earlier,0.9400177238806307,0.9344660713529167,0.005551652527713946,0.01
sweeps/phase2_opcode_js_temporal/runs/20260905T071012.058037Z_9b27cace67f4_202609074,202609074,1,27000,earlier,0.9364129375534556,0.9322568862726134,0.004156051280842177,0.01
sweeps/phase2_opcode_js_temporal/runs/20260905T071012.058037Z_9b27cace67f4_202609074,202609074,1,27500,earlier,0.9404608451592051,0.9369358082833396,0.0035250368758655837,0.01
sweeps/phase2_opcode_js_temporal/runs/20260905T071012.058037Z_9b27cace67f4_202609074,202609074,1,28000,earlier,0.9413241852977747,0.9365960391464131,0.004728146151361634,0.01
sweeps/phase2_opcode_js_temporal/runs/20260905T071012.058037Z_9b27cace67f4_202609074,202609074,1,28500,earlier,0.939544386887993,0.9355615662855765,0.003982820602416504,0.01
sweeps/phase2_opcode_js_temporal/runs/20260905T071012.058037Z_9b27cace67f4_202609074,202609074,1,29000,earlier,0.9427419835813301,0.9385733641431733,0.004168619438156829,0.01
sweeps/phase2_opcode_js_temporal/runs/20260905T071012.058037Z_9b27cace67f4_202609074,202609074,1,29500,earlier,0.9395234506206414,0.9356694933584916,0.0038539572621497653,0.01
sweeps/phase2_opcode_js_temporal/runs/20260905T071012.058037Z_9b27cace67f4_202609074,202609074,1,30000,earlier,0.9448960011252017,0.9400997831753568,0.004796217949844861,0.01
sweeps/phase2_opcode_js_temporal/runs/20260905T071012.058037Z_9b27cace67f4_202609074,202609074,1,30500,earlier,0.9357740866444704,0.9304606214489125,0.005313465195557865,0.01
sweeps/phase2_opcode_js_temporal/runs/20260905T071012.058037Z_9b27cace67f4_202609074,202609074,1,31000,earlier,0.9380614342616782,0.9321297507358449,0.005931683525833287,0.01
sweeps/phase2_opcode_js_temporal/runs/20260905T071012.058037Z_9b27cace67f4_202609074,202609074,1,31500,earlier,0.9413586004112438,0.9365061590681784,0.0048524413430653945,0.01
sweeps/phase2_opcode_js_temporal/runs/20260905T071012.058037Z_9b27cace67f4_202609074,202609074,1,32000,earlier,0.9427381833386228,0.938381795195293,0.004356388143329837,0.01
sweeps/phase2_opcode_js_temporal/runs/20260905T071012.058037Z_9b27cace67f4_202609074,202609074,1,32500,earlier,0.9439956245341943,0.93864459305392,0.005351031480274271,0.01
sweeps/phase2_opcode_js_temporal/runs/20260905T071012.058037Z_9b27cace67f4_202609074,202609074,1,33000,earlier,0.9412623551547473,0.9358016548965081,0.005460700258239193,0.01
sweeps/phase2_opcode_js_temporal/runs/20260905T071012.058037Z_9b27cace67f4_202609074,202609074,1,33500,earlier,0.9443546461993129,0.939148363152136,0.005206283047176852,0.01
sweeps/phase2_opcode_js_temporal/runs/20260905T071012.058037Z_9b27cace67f4_202609074,202609074,1,34000,earlier,0.939447844810182,0.9350399147217578,0.004407930088424106,0.01
sweeps/phase2_opcode_js_temporal/runs/20260905T071012.058037Z_9b27cace67f4_202609074,202609074,1,34500,earlier,0.9436919213144119,0.9379984567646416,0.005693464549770377,0.01
sweeps/phase2_opcode_js_temporal/runs/20260905T071012.058037Z_9b27cace67f4_202609074,202609074,1,35000,earlier,0.9460611897424899,0.9411371059247667,0.004924083817723135,0.01
sweeps/phase2_opcode_js_temporal/runs/20260905T071012.058037Z_9b27cace67f4_202609074,202609074,1,35500,earlier,0.946236060171886,0.9430949487333184,0.0031411114385675454,0.01
sweeps/phase2_opcode_js_temporal/runs/20260905T071012.058037Z_9b27cace67f4_202609074,202609074,1,36000,earlier,0.9456154160046945,0.9417929303766835,0.0038224856280109076,0.01
sweeps/phase2_opcode_js_temporal/runs/20260905T071012.058037Z_9b27cace67f4_202609074,202609074,1,36500,earlier,0.9472352057864177,0.943545947442236,0.0036892583441817672,0.01
sweeps/phase2_opcode_js_temporal/runs/20260905T071012.058037Z_9b27cace67f4_202609074,202609074,1,37000,earlier,0.9493695816731903,0.9451438144305299,0.004225767242660439,0.01
sweeps/phase2_opcode_js_temporal/runs/20260905T071012.058037Z_9b27cace67f4_202609074,202609074,1,37500,earlier,0.944743684028757,0.9394400932461998,0.005303590782557155,0.01
sweeps/phase2_opcode_js_temporal/runs/20260905T071012.058037Z_9b27cace67f4_202609074,202609074,1,38000,earlier,0.9475109620135012,0.9435043692906767,0.0040065927228244425,0.01
sweeps/phase2_opcode_js_temporal/runs/20260905T071012.058037Z_9b27cace67f4_202609074,202609074,1,38500,earlier,0.9482014700343318,0.9435367651249547,0.004664704909377093,0.01
sweeps/phase2_opcode_js_temporal/runs/20260905T071012.058037Z_9b27cace67f4_202609074,202609074,1,39000,earlier,0.9502973708542074,0.9447607164033046,0.005536654450902789,0.01
sweeps/phase2_opcode_js_temporal/runs/20260905T071012.058037Z_9b27cace67f4_202609074,202609074,1,39500,earlier,0.9407926966216611,0.9357639886425495,0.005028707979111591,0.01
sweeps/phase2_opcode_js_temporal/runs/20260905T071012.058037Z_9b27cace67f4_202609074,202609074,1,40000,earlier,0.9485201821452464,0.9436872053170978,0.004832976828148539,0.01
sweeps/phase2_opcode_js_temporal/runs/20260905T071012.058037Z_9b27cace67f4_202609074,202609074,1,40500,earlier,0.9487938088679508,0.9359172666724386,0.012876542195512264,0.01
sweeps/phase2_opcode_js_temporal/runs/20260905T071012.058037Z_9b27cace67f4_202609074,202609074,1,41000,earlier,0.9465901855932676,0.9341222121427021,0.012467973450565495,0.01
sweeps/phase2_opcode_js_temporal/runs/20260905T071012.058037Z_9b27cace67f4_202609074,202609074,1,41500,earlier,0.9453679310313464,0.9343934621348596,0.010974468896486789,0.01
sweeps/phase2_opcode_js_temporal/runs/20260905T071012.058037Z_9b27cace67f4_202609074,202609074,1,42000,earlier,0.9482917295616737,0.9363140674842299,0.011977662077443885,0.01
sweeps/phase2_opcode_js_temporal/runs/20260905T071012.058037Z_9b27cace67f4_202609074,202609074,1,42500,earlier,0.9504982251628924,0.9420658969367759,0.008432328226116503,0.01
sweeps/phase2_opcode_js_temporal/runs/20260905T071012.058037Z_9b27cace67f4_202609074,202609074,1,43000,earlier,0.9469380358704975,0.9397224258767092,0.007215609993788341,0.01
sweeps/phase2_opcode_js_temporal/runs/20260905T071012.058037Z_9b27cace67f4_202609074,202609074,1,43500,earlier,0.9485450110362172,0.941694974984667,0.006850036051550212,0.01
sweeps/phase2_opcode_js_temporal/runs/20260905T071012.058037Z_9b27cace67f4_202609074,202609074,1,44000,earlier,0.9514989400933178,0.9465792022444087,0.004919737848909089,0.01
sweeps/phase2_opcode_js_temporal/runs/20260905T071012.058037Z_9b27cace67f4_202609074,202609074,1,44500,earlier,0.9465577517966153,0.9423329264587555,0.004224825337859728,0.01
sweeps/phase2_opcode_js_temporal/runs/20260905T071012.058037Z_9b27cace67f4_202609074,202609074,1,45000,final,0.945963763563776,0.94148166780767,0.00448209575610603,0.01
sweeps/phase2_opcode_js_temporal/runs/20260905T071012.058037Z_9b27cace67f4_202609074,202609074,1,45500,final,0.9343673711333506,0.927905936248073,0.006461434885277506,0.01
sweeps/phase2_opcode_js_temporal/runs/20260905T071012.058037Z_9b27cace67f4_202609074,202609074,1,46000,final,0.9346845040514099,0.9257982535553526,0.00888625049605729,0.01
sweeps/phase2_opcode_js_temporal/runs/20260905T071012.058037Z_9b27cace67f4_202609074,202609074,1,46500,final,0.9380808228458031,0.9285594656049315,0.009521357240871553,0.01
sweeps/phase2_opcode_js_temporal/runs/20260905T071012.058037Z_9b27cace67f4_202609074,202609074,1,47000,final,0.940021470153662,0.9332502219329296,0.006771248220732384,0.01
sweeps/phase2_opcode_js_temporal/runs/20260905T071012.058037Z_9b27cace67f4_202609074,202609074,1,47500,final,0.9405593066825741,0.9345316135653058,0.006027693117268362,0.01
sweeps/phase2_opcode_js_temporal/runs/20260905T071012.058037Z_9b27cace67f4_202609074,202609074,1,48000,final,0.9445604545490117,0.9397928606451339,0.00476759390387782,0.01
sweeps/phase2_opcode_js_temporal/runs/20260905T071012.058037Z_9b27cace67f4_202609074,202609074,1,48500,final,0.9472370190905,0.9425438818271836,0.004693137263316327,0.01
sweeps/phase2_opcode_js_temporal/runs/20260905T071012.058037Z_9b27cace67f4_202609074,202609074,1,49000,final,0.9414720969346408,0.9388286551917752,0.002643441742865682,0.03
sweeps/phase2_opcode_js_temporal/runs/20260905T071012.058037Z_9b27cace67f4_202609074,202609074,1,49500,final,0.9392517562582406,0.9377385818233976,0.001513174434843001,0.18
sweeps/phase2_opcode_js_temporal/runs/20260905T071012.060222Z_d7a3df65096c_202609075,202609075,1,0,earlier,0.9690571651533468,0.9690383716068204,1.8793546526452154e-05,0.45
sweeps/phase2_opcode_js_temporal/runs/20260905T071012.060222Z_d7a3df65096c_202609075,202609075,1,500,earlier,0.9553358906368945,0.9534248334052874,0.0019110572316071162,0.01
sweeps/phase2_opcode_js_temporal/runs/20260905T071012.060222Z_d7a3df65096c_202609075,202609075,1,1000,earlier,0.9475002990117053,0.94422917466694,0.003271124344765286,0.01
sweeps/phase2_opcode_js_temporal/runs/20260905T071012.060222Z_d7a3df65096c_202609075,202609075,1,1500,earlier,0.9485304322561123,0.9448444895325387,0.0036859427235735875,0.01
sweeps/phase2_opcode_js_temporal/runs/20260905T071012.060222Z_d7a3df65096c_202609075,202609075,1,2000,earlier,0.9483504147403002,0.9430116926720034,0.005338722068296886,0.01
sweeps/phase2_opcode_js_temporal/runs/20260905T071012.060222Z_d7a3df65096c_202609075,202609075,1,2500,earlier,0.9477186754725493,0.940825057105109,0.006893618367440291,0.01
sweeps/phase2_opcode_js_temporal/runs/20260905T071012.060222Z_d7a3df65096c_202609075,202609075,1,3000,earlier,0.9442018281089218,0.934099220526156,0.010102607582765821,0.01
sweeps/phase2_opcode_js_temporal/runs/20260905T071012.060222Z_d7a3df65096c_202609075,202609075,1,3500,earlier,0.9407941721404115,0.9311704190531798,0.009623753087231735,0.01
sweeps/phase2_opcode_js_temporal/runs/20260905T071012.060222Z_d7a3df65096c_202609075,202609075,1,4000,earlier,0.9419419038971837,0.9337651586805,0.008176745216683656,0.01
sweeps/phase2_opcode_js_temporal/runs/20260905T071012.060222Z_d7a3df65096c_202609075,202609075,1,4500,earlier,0.9435922231102364,0.9362531727993875,0.007339050310848916,0.01
sweeps/phase2_opcode_js_temporal/runs/20260905T071012.060222Z_d7a3df65096c_202609075,202609075,1,5000,earlier,0.9356827130519149,0.930507620004266,0.005175093047648849,0.01
sweeps/phase2_opcode_js_temporal/runs/20260905T071012.060222Z_d7a3df65096c_202609075,202609075,1,5500,earlier,0.9346846525284143,0.9286725881236059,0.006012064404808393,0.01
sweeps/phase2_opcode_js_temporal/runs/20260905T071012.060222Z_d7a3df65096c_202609075,202609075,1,6000,earlier,0.9335523608047649,0.9245858821086532,0.008966478696111668,0.01
sweeps/phase2_opcode_js_temporal/runs/20260905T071012.060222Z_d7a3df65096c_202609075,202609075,1,6500,earlier,0.937800876000425,0.9315008537654483,0.006300022234976721,0.01
sweeps/phase2_opcode_js_temporal/runs/20260905T071012.060222Z_d7a3df65096c_202609075,202609075,1,7000,earlier,0.9379860333149717,0.9319812061784694,0.0060048271365023,0.01
sweeps/phase2_opcode_js_temporal/runs/20260905T071012.060222Z_d7a3df65096c_202609075,202609075,1,7500,earlier,0.9426150021297658,0.9379773135668952,0.004637688562870612,0.01
sweeps/phase2_opcode_js_temporal/runs/20260905T071012.060222Z_d7a3df65096c_202609075,202609075,1,8000,earlier,0.9427665389565247,0.9376991907085299,0.005067348247994818,0.01
sweeps/phase2_opcode_js_temporal/runs/20260905T071012.060222Z_d7a3df65096c_202609075,202609075,1,8500,earlier,0.9392761585278159,0.9325647711638344,0.006711387363981469,0.01
sweeps/phase2_opcode_js_temporal/runs/20260905T071012.060222Z_d7a3df65096c_202609075,202609075,1,9000,earlier,0.942309592038086,0.9374088476958966,0.004900744342189345,0.01
sweeps/phase2_opcode_js_temporal/runs/20260905T071012.060222Z_d7a3df65096c_202609075,202609075,1,9500,earlier,0.9471529420930364,0.9422527334692251,0.004900208623811242,0.01
sweeps/phase2_opcode_js_temporal/runs/20260905T071012.060222Z_d7a3df65096c_202609075,202609075,1,10000,earlier,0.9491475810493679,0.9453979415487094,0.0037496395006585415,0.01
sweeps/phase2_opcode_js_temporal/runs/20260905T071012.060222Z_d7a3df65096c_202609075,202609075,1,10500,earlier,0.9495522201458465,0.9454926242580072,0.004059595887839329,0.01
sweeps/phase2_opcode_js_temporal/runs/20260905T071012.060222Z_d7a3df65096c_202609075,202609075,1,11000,earlier,0.9418904062816892,0.9375157764435638,0.004374629838125421,0.01
sweeps/phase2_opcode_js_temporal/runs/20260905T071012.060222Z_d7a3df65096c_202609075,202609075,1,11500,earlier,0.9364399148430604,0.9335981673406175,0.002841747502442926,0.01
sweeps/phase2_opcode_js_temporal/runs/20260905T071012.060222Z_d7a3df65096c_202609075,202609075,1,12000,earlier,0.9375522033882596,0.9337194621447475,0.0038327412435120722,0.01
sweeps/phase2_opcode_js_temporal/runs/20260905T071012.060222Z_d7a3df65096c_202609075,202609075,1,12500,earlier,0.9415933134114007,0.9366297446738577,0.004963568737543,0.01
sweeps/phase2_opcode_js_temporal/runs/20260905T071012.060222Z_d7a3df65096c_202609075,202609075,1,13000,earlier,0.9445165238913832,0.9358712311187514,0.008645292772631819,0.01
sweeps/phase2_opcode_js_temporal/runs/20260905T071012.060222Z_d7a3df65096c_202609075,202609075,1,13500,earlier,0.9475198352701553,0.9401812047514044,0.007338630518750833,0.01
sweeps/phase2_opcode_js_temporal/runs/20260905T071012.060222Z_d7a3df65096c_202609075,202609075,1,14000,earlier,0.9404664483029581,0.9330359583508769,0.007430489952081176,0.01
sweeps/phase2_opcode_js_temporal/runs/20260905T071012.060222Z_d7a3df65096c_202609075,202609075,1,14500,earlier,0.9413300516958634,0.9352496390184518,0.006080412677411551,0.01
sweeps/phase2_opcode_js_temporal/runs/20260905T071012.060222Z_d7a3df65096c_202609075,202609075,1,15000,earlier,0.9378059939740302,0.9331180723394059,0.004687921634624281,0.01
sweeps/phase2_opcode_js_temporal/runs/20260905T071012.060222Z_d7a3df65096c_202609075,202609075,1,15500,earlier,0.9448440994823329,0.9406098541474724,0.004234245334860498,0.01
sweeps/phase2_opcode_js_temporal/runs/20260905T071012.060222Z_d7a3df65096c_202609075,202609075,1,16000,earlier,0.9424420179716908,0.9372259202970259,0.00521609767466491,0.01
sweeps/phase2_opcode_js_temporal/runs/20260905T071012.060222Z_d7a3df65096c_202609075,202609075,1,16500,earlier,0.9460352113129159,0.9411312594814365,0.004903951831479403,0.01
sweeps/phase2_opcode_js_temporal/runs/20260905T071012.060222Z_d7a3df65096c_202609075,202609075,1,17000,earlier,0.9409782052397514,0.9371410365753646,0.0038371686643867697,0.01
sweeps/phase2_opcode_js_temporal/runs/20260905T071012.060222Z_d7a3df65096c_202609075,202609075,1,17500,earlier,0.9453655933515646,0.9416436518859547,0.0037219414656098904,0.01
sweeps/phase2_opcode_js_temporal/runs/20260905T071012.060222Z_d7a3df65096c_202609075,202609075,1,18000,earlier,0.9423926387876801,0.9365483139252173,0.00584432486246278,0.01
sweeps/phase2_opcode_js_temporal/runs/20260905T071012.060222Z_d7a3df65096c_202609075,202609075,1,18500,earlier,0.9433156941812172,0.9356121617329122,0.007703532448305017,0.01
sweeps/phase2_opcode_js_temporal/runs/20260905T071012.060222Z_d7a3df65096c_202609075,202609075,1,19000,earlier,0.9471241521859861,0.9411975128332581,0.005926639352727969,0.01
sweeps/phase2_opcode_js_temporal/runs/20260905T071012.060222Z_d7a3df65096c_202609075,202609075,1,19500,earlier,0.9448701617310789,0.937241841004267,0.007628320726811855,0.01
sweeps/phase2_opcode_js_temporal/runs/20260905T071012.060222Z_d7a3df65096c_202609075,202609075,1,20000,earlier,0.9472151717237363,0.9397460944774785,0.007469077246257783,0.01
sweeps/phase2_opcode_js_temporal/runs/20260905T071012.060222Z_d7a3df65096c_202609075,202609075,1,20500,earlier,0.9443097579421837,0.9363080721523639,0.008001685789819857,0.01
sweeps/phase2_opcode_js_temporal/runs/20260905T071012.060222Z_d7a3df65096c_202609075,202609075,1,21000,earlier,0.9419847943131952,0.9337210853463911,0.008263708966804062,0.01
sweeps/phase2_opcode_js_temporal/runs/20260905T071012.060222Z_d7a3df65096c_202609075,202609075,1,21500,earlier,0.9444775280131593,0.9376673368265496,0.006810191186609749,0.01
sweeps/phase2_opcode_js_temporal/runs/20260905T071012.060222Z_d7a3df65096c_202609075,202609075,1,22000,earlier,0.9442997933102417,0.9383399664712879,0.005959826838953797,0.01
sweeps/phase2_opcode_js_temporal/runs/20260905T071012.060222Z_d7a3df65096c_202609075,202609075,1,22500,earlier,0.945756179335443,0.9417201430981635,0.004036036237279439,0.01
sweeps/phase2_opcode_js_temporal/runs/20260905T071012.060222Z_d7a3df65096c_202609075,202609075,1,23000,earlier,0.9461535055145187,0.9423127359886398,0.003840769525878862,0.01
sweeps/phase2_opcode_js_temporal/runs/20260905T071012.060222Z_d7a3df65096c_202609075,202609075,1,23500,earlier,0.9462870513209082,0.9414304926580787,0.004856558662829524,0.01
sweeps/phase2_opcode_js_temporal/runs/20260905T071012.060222Z_d7a3df65096c_202609075,202609075,1,24000,earlier,0.9468688305144661,0.9425349546216136,0.004333875892852501,0.01
sweeps/phase2_opcode_js_temporal/runs/20260905T071012.060222Z_d7a3df65096c_202609075,202609075,1,24500,earlier,0.9470542660130156,0.942608958893004,0.004445307120011566,0.01
sweeps/phase2_opcode_js_temporal/runs/20260905T071012.060222Z_d7a3df65096c_202609075,202609075,1,25000,earlier,0.9444378206431793,0.9381466089525181,0.006291211690661158,0.01
sweeps/phase2_opcode_js_temporal/runs/20260905T071012.060222Z_d7a3df65096c_202609075,202609075,1,25500,earlier,0.9450306867114034,0.9372734756966818,0.007757211014721599,0.01
sweeps/phase2_opcode_js_temporal/runs/20260905T071012.060222Z_d7a3df65096c_202609075,202609075,1,26000,earlier,0.9435560694899571,0.9364605401964806,0.007095529293476455,0.01
sweeps/phase2_opcode_js_temporal/runs/20260905T071012.060222Z_d7a3df65096c_202609075,202609075,1,26500,earlier,0.9355287132186063,0.921580386020748,0.013948327197858323,0.01
sweeps/phase2_opcode_js_temporal/runs/20260905T071012.060222Z_d7a3df65096c_202609075,202609075,1,27000,earlier,0.9390067618377077,0.9236947515562358,0.015312010281471888,0.01
sweeps/phase2_opcode_js_temporal/runs/20260905T071012.060222Z_d7a3df65096c_202609075,202609075,1,27500,earlier,0.9304424763524207,0.9218908040345325,0.008551672317888226,0.01
sweeps/phase2_opcode_js_temporal/runs/20260905T071012.060222Z_d7a3df65096c_202609075,202609075,1,28000,earlier,0.9329545131284802,0.9244862358515664,0.008468277276913794,0.01
sweeps/phase2_opcode_js_temporal/runs/20260905T071012.060222Z_d7a3df65096c_202609075,202609075,1,28500,earlier,0.9374308485596368,0.9299286333725322,0.007502215187104588,0.01
sweeps/phase2_opcode_js_temporal/runs/20260905T071012.060222Z_d7a3df65096c_202609075,202609075,1,29000,earlier,0.9395565482919154,0.9321766479978036,0.00737990029411173,0.01
sweeps/phase2_opcode_js_temporal/runs/20260905T071012.060222Z_d7a3df65096c_202609075,202609075,1,29500,earlier,0.9424143032111783,0.9373129334918976,0.005101369719280657,0.01
sweeps/phase2_opcode_js_temporal/runs/20260905T071012.060222Z_d7a3df65096c_202609075,202609075,1,30000,earlier,0.9424699849842246,0.9341427511808365,0.008327233803388179,0.01
sweeps/phase2_opcode_js_temporal/runs/20260905T071012.060222Z_d7a3df65096c_202609075,202609075,1,30500,earlier,0.9429523149052335,0.9347763402453666,0.008175974659866858,0.01
sweeps/phase2_opcode_js_temporal/runs/20260905T071012.060222Z_d7a3df65096c_202609075,202609075,1,31000,earlier,0.9404183057393816,0.929632576074188,0.010785729665193533,0.01
sweeps/phase2_opcode_js_temporal/runs/20260905T071012.060222Z_d7a3df65096c_202609075,202609075,1,31500,earlier,0.9443090966435828,0.9344758857287158,0.009833210914866997,0.01
sweeps/phase2_opcode_js_temporal/runs/20260905T071012.060222Z_d7a3df65096c_202609075,202609075,1,32000,earlier,0.9465035978714028,0.9352066991238855,0.01129689874751727,0.01
sweeps/phase2_opcode_js_temporal/runs/20260905T071012.060222Z_d7a3df65096c_202609075,202609075,1,32500,earlier,0.9406515445622444,0.9323322928484126,0.008319251713831854,0.01
sweeps/phase2_opcode_js_temporal/runs/20260905T071012.060222Z_d7a3df65096c_202609075,202609075,1,33000,earlier,0.939657970704814,0.9319854765792521,0.007672494125561924,0.01
sweeps/phase2_opcode_js_temporal/runs/20260905T071012.060222Z_d7a3df65096c_202609075,202609075,1,33500,earlier,0.9440177675761998,0.9371339713764376,0.006883796199762204,0.01
sweeps/phase2_opcode_js_temporal/runs/20260905T071012.060222Z_d7a3df65096c_202609075,202609075,1,34000,earlier,0.9405479494324703,0.9330129016571601,0.007535047775310222,0.01
sweeps/phase2_opcode_js_temporal/runs/20260905T071012.060222Z_d7a3df65096c_202609075,202609075,1,34500,earlier,0.9297677532571902,0.9160639302944696,0.013703822962720547,0.01
sweeps/phase2_opcode_js_temporal/runs/20260905T071012.060222Z_d7a3df65096c_202609075,202609075,1,35000,earlier,0.9323484706459759,0.9189358051334816,0.013412665512494315,0.01
sweeps/phase2_opcode_js_temporal/runs/20260905T071012.060222Z_d7a3df65096c_202609075,202609075,1,35500,earlier,0.9313846019420007,0.919020916793445,0.012363685148555681,0.01
sweeps/phase2_opcode_js_temporal/runs/20260905T071012.060222Z_d7a3df65096c_202609075,202609075,1,36000,earlier,0.9326210191001315,0.9219730417599183,0.010647977340213166,0.01
sweeps/phase2_opcode_js_temporal/runs/20260905T071012.060222Z_d7a3df65096c_202609075,202609075,1,36500,earlier,0.9384291231094851,0.9286834846728771,0.009745638436608028,0.01
sweeps/phase2_opcode_js_temporal/runs/20260905T071012.060222Z_d7a3df65096c_202609075,202609075,1,37000,earlier,0.9400240107048229,0.9314563299975002,0.008567680707322722,0.01
sweeps/phase2_opcode_js_temporal/runs/20260905T071012.060222Z_d7a3df65096c_202609075,202609075,1,37500,earlier,0.945188964358813,0.9373006645529065,0.007888299805906551,0.01
sweeps/phase2_opcode_js_temporal/runs/20260905T071012.060222Z_d7a3df65096c_202609075,202609075,1,38000,earlier,0.9467370943509484,0.9410930158047986,0.005644078546149789,0.01
sweeps/phase2_opcode_js_temporal/runs/20260905T071012.060222Z_d7a3df65096c_202609075,202609075,1,38500,earlier,0.9461243761492987,0.9403576731144896,0.005766703034809084,0.01
sweeps/phase2_opcode_js_temporal/runs/20260905T071012.060222Z_d7a3df65096c_202609075,202609075,1,39000,earlier,0.9431877843929265,0.9369306001243817,0.006257184268544824,0.01
sweeps/phase2_opcode_js_temporal/runs/20260905T071012.060222Z_d7a3df65096c_202609075,202609075,1,39500,earlier,0.9425684311478598,0.9361677166443433,0.006400714503516536,0.01
sweeps/phase2_opcode_js_temporal/runs/20260905T071012.060222Z_d7a3df65096c_202609075,202609075,1,40000,earlier,0.9473111978342404,0.9410360720006765,0.006275125833563933,0.01
sweeps/phase2_opcode_js_temporal/runs/20260905T071012.060222Z_d7a3df65096c_202609075,202609075,1,40500,earlier,0.9437783714934075,0.9390715420919497,0.004706829401457835,0.01
sweeps/phase2_opcode_js_temporal/runs/20260905T071012.060222Z_d7a3df65096c_202609075,202609075,1,41000,earlier,0.9471070776640587,0.9424664284974428,0.0046406491666158844,0.01
sweeps/phase2_opcode_js_temporal/runs/20260905T071012.060222Z_d7a3df65096c_202609075,202609075,1,41500,earlier,0.9470230489466797,0.9412211277098669,0.005801921236812779,0.01
sweeps/phase2_opcode_js_temporal/runs/20260905T071012.060222Z_d7a3df65096c_202609075,202609075,1,42000,earlier,0.9405410443853456,0.9363135394891966,0.004227504896148981,0.01
sweeps/phase2_opcode_js_temporal/runs/20260905T071012.060222Z_d7a3df65096c_202609075,202609075,1,42500,earlier,0.9436017078068603,0.935332843446708,0.008268864360152284,0.01
sweeps/phase2_opcode_js_temporal/runs/20260905T071012.060222Z_d7a3df65096c_202609075,202609075,1,43000,earlier,0.9481732245550073,0.9430152708391942,0.005157953715813068,0.01
sweeps/phase2_opcode_js_temporal/runs/20260905T071012.060222Z_d7a3df65096c_202609075,202609075,1,43500,earlier,0.9359739638214237,0.9258907733295112,0.01008319049191253,0.01
sweeps/phase2_opcode_js_temporal/runs/20260905T071012.060222Z_d7a3df65096c_202609075,202609075,1,44000,earlier,0.9421945985036824,0.9300570482695385,0.012137550234143868,0.01
sweeps/phase2_opcode_js_temporal/runs/20260905T071012.060222Z_d7a3df65096c_202609075,202609075,1,44500,earlier,0.9440455469214539,0.9354400145600712,0.008605532361382728,0.01
sweeps/phase2_opcode_js_temporal/runs/20260905T071012.060222Z_d7a3df65096c_202609075,202609075,1,45000,final,0.9464514209765112,0.937975939648975,0.008475481327536283,0.01
sweeps/phase2_opcode_js_temporal/runs/20260905T071012.060222Z_d7a3df65096c_202609075,202609075,1,45500,final,0.9502890029402082,0.9424203557676741,0.007868647172534105,0.01
sweeps/phase2_opcode_js_temporal/runs/20260905T071012.060222Z_d7a3df65096c_202609075,202609075,1,46000,final,0.9521898884575096,0.9456416726147737,0.006548215842735905,0.01
sweeps/phase2_opcode_js_temporal/runs/20260905T071012.060222Z_d7a3df65096c_202609075,202609075,1,46500,final,0.9550544920358817,0.947971779219672,0.007082712816209646,0.01
sweeps/phase2_opcode_js_temporal/runs/20260905T071012.060222Z_d7a3df65096c_202609075,202609075,1,47000,final,0.950458715761947,0.9423564907514532,0.008102225010493735,0.01
sweeps/phase2_opcode_js_temporal/runs/20260905T071012.060222Z_d7a3df65096c_202609075,202609075,1,47500,final,0.9525766476932422,0.9480952359286705,0.00448141176457173,0.01
sweeps/phase2_opcode_js_temporal/runs/20260905T071012.060222Z_d7a3df65096c_202609075,202609075,1,48000,final,0.9470114467909829,0.9435601318276187,0.0034513149633642604,0.01
sweeps/phase2_opcode_js_temporal/runs/20260905T071012.060222Z_d7a3df65096c_202609075,202609075,1,48500,final,0.9471735172992263,0.9439294255133562,0.00324409178587004,0.01
sweeps/phase2_opcode_js_temporal/runs/20260905T071012.060222Z_d7a3df65096c_202609075,202609075,1,49000,final,0.948161399074774,0.9448893516132106,0.0032720474615633988,0.02
sweeps/phase2_opcode_js_temporal/runs/20260905T071012.060222Z_d7a3df65096c_202609075,202609075,1,49500,final,0.9475204394688701,0.944223154311156,0.0032972851577141027,0.01
sweeps/phase2_opcode_js_temporal/runs/20260905T071012.060712Z_ae16767a3c06_202609076,202609076,1,0,earlier,0.968607218896062,0.968810247783054,-0.00020302888699197386,0.92
sweeps/phase2_opcode_js_temporal/runs/20260905T071012.060712Z_ae16767a3c06_202609076,202609076,1,500,earlier,0.9615062338438448,0.96124709067412,0.0002591431697248625,0.23
sweeps/phase2_opcode_js_temporal/runs/20260905T071012.060712Z_ae16767a3c06_202609076,202609076,1,1000,earlier,0.9528921603664229,0.9509627361532217,0.0019294242132011918,0.02
sweeps/phase2_opcode_js_temporal/runs/20260905T071012.060712Z_ae16767a3c06_202609076,202609076,1,1500,earlier,0.9518118343051319,0.9484144904547139,0.003397343850418011,0.01
sweeps/phase2_opcode_js_temporal/runs/20260905T071012.060712Z_ae16767a3c06_202609076,202609076,1,2000,earlier,0.9503699944981812,0.9468859515828069,0.003484042915374297,0.01
sweeps/phase2_opcode_js_temporal/runs/20260905T071012.060712Z_ae16767a3c06_202609076,202609076,1,2500,earlier,0.9460334935957415,0.9417185698264476,0.004314923769293877,0.01
sweeps/phase2_opcode_js_temporal/runs/20260905T071012.060712Z_ae16767a3c06_202609076,202609076,1,3000,earlier,0.9432031742521712,0.9408111746960309,0.002391999556140223,0.01
sweeps/phase2_opcode_js_temporal/runs/20260905T071012.060712Z_ae16767a3c06_202609076,202609076,1,3500,earlier,0.947203159272999,0.9425439539427339,0.004659205330265093,0.01
sweeps/phase2_opcode_js_temporal/runs/20260905T071012.060712Z_ae16767a3c06_202609076,202609076,1,4000,earlier,0.9484437874507926,0.9451312944962619,0.0033124929545307324,0.01
sweeps/phase2_opcode_js_temporal/runs/20260905T071012.060712Z_ae16767a3c06_202609076,202609076,1,4500,earlier,0.9472276934885013,0.9446500752191214,0.0025776182693799665,0.01
sweeps/phase2_opcode_js_temporal/runs/20260905T071012.060712Z_ae16767a3c06_202609076,202609076,1,5000,earlier,0.9505869946761898,0.947590656218546,0.002996338457643799,0.01
sweeps/phase2_opcode_js_temporal/runs/20260905T071012.060712Z_ae16767a3c06_202609076,202609076,1,5500,earlier,0.9528773452205405,0.9505993012521856,0.002278043968354848,0.01
sweeps/phase2_opcode_js_temporal/runs/20260905T071012.060712Z_ae16767a3c06_202609076,202609076,1,6000,earlier,0.9472318705595593,0.9440792108065554,0.003152659753003828,0.01
sweeps/phase2_opcode_js_temporal/runs/20260905T071012.060712Z_ae16767a3c06_202609076,202609076,1,6500,earlier,0.9501237383833785,0.9472403247872907,0.0028834135960877916,0.01
sweeps/phase2_opcode_js_temporal/runs/20260905T071012.060712Z_ae16767a3c06_202609076,202609076,1,7000,earlier,0.9438046589642558,0.9412761917783187,0.0025284671859371333,0.01
sweeps/phase2_opcode_js_temporal/runs/20260905T071012.060712Z_ae16767a3c06_202609076,202609076,1,7500,earlier,0.9476551720766022,0.943680400968626,0.003974771107976172,0.01
sweeps/phase2_opcode_js_temporal/runs/20260905T071012.060712Z_ae16767a3c06_202609076,202609076,1,8000,earlier,0.9461454751950089,0.941421784952561,0.004723690242447898,0.01
sweeps/phase2_opcode_js_temporal/runs/20260905T071012.060712Z_ae16767a3c06_202609076,202609076,1,8500,earlier,0.9344413995362509,0.9290167625615151,0.00542463697473583,0.01
sweeps/phase2_opcode_js_temporal/runs/20260905T071012.060712Z_ae16767a3c06_202609076,202609076,1,9000,earlier,0.941845444057396,0.9357296605111562,0.006115783546239761,0.01
sweeps/phase2_opcode_js_temporal/runs/20260905T071012.060712Z_ae16767a3c06_202609076,202609076,1,9500,earlier,0.9404359430749922,0.9335746972761458,0.006861245798846394,0.01
sweeps/phase2_opcode_js_temporal/runs/20260905T071012.060712Z_ae16767a3c06_202609076,202609076,1,10000,earlier,0.9413630531456461,0.9346130842556736,0.00674996888997248,0.01
sweeps/phase2_opcode_js_temporal/runs/20260905T071012.060712Z_ae16767a3c06_202609076,202609076,1,10500,earlier,0.9405040710858649,0.932210371254163,0.008293699831701917,0.01
sweeps/phase2_opcode_js_temporal/runs/20260905T071012.060712Z_ae16767a3c06_202609076,202609076,1,11000,earlier,0.944262985315186,0.9378255306392663,0.006437454675919718,0.01
sweeps/phase2_opcode_js_temporal/runs/20260905T071012.060712Z_ae16767a3c06_202609076,202609076,1,11500,earlier,0.9415786380164457,0.9360461462568795,0.0055324917595661605,0.01
sweeps/phase2_opcode_js_temporal/runs/20260905T071012.060712Z_ae16767a3c06_202609076,202609076,1,12000,earlier,0.9387642742710725,0.934456990780148,0.004307283490924463,0.01
sweeps/phase2_opcode_js_temporal/runs/20260905T071012.060712Z_ae16767a3c06_202609076,202609076,1,12500,earlier,0.9403988015336001,0.9361923295005733,0.00420647203302682,0.01
sweeps/phase2_opcode_js_temporal/runs/20260905T071012.060712Z_ae16767a3c06_202609076,202609076,1,13000,earlier,0.9449612282517605,0.9416807569926883,0.0032804712590722707,0.01
sweeps/phase2_opcode_js_temporal/runs/20260905T071012.060712Z_ae16767a3c06_202609076,202609076,1,13500,earlier,0.9459550128972628,0.9440601996485547,0.0018948132487081049,0.01
sweeps/phase2_opcode_js_temporal/runs/20260905T071012.060712Z_ae16767a3c06_202609076,202609076,1,14000,earlier,0.9441916519818462,0.9414319533604179,0.0027596986214283303,0.01
sweeps/phase2_opcode_js_temporal/runs/20260905T071012.060712Z_ae16767a3c06_202609076,202609076,1,14500,earlier,0.9472454054344045,0.9450014865076611,0.00224391892674336,0.01
sweeps/phase2_opcode_js_temporal/runs/20260905T071012.060712Z_ae16767a3c06_202609076,202609076,1,15000,earlier,0.9489624580308189,0.946605146581159,0.0023573114496598935,0.01
sweeps/phase2_opcode_js_temporal/runs/20260905T071012.060712Z_ae16767a3c06_202609076,202609076,1,15500,earlier,0.9481558293410827,0.9455150538012177,0.00264077553986497,0.01
sweeps/phase2_opcode_js_temporal/runs/20260905T071012.060712Z_ae16767a3c06_202609076,202609076,1,16000,earlier,0.9415861326567805,0.9378809924903164,0.0037051401664640604,0.01
sweeps/phase2_opcode_js_temporal/runs/20260905T071012.060712Z_ae16767a3c06_202609076,202609076,1,16500,earlier,0.9436102252879583,0.940343870139603,0.003266355148355382,0.01
sweeps/phase2_opcode_js_temporal/runs/20260905T071012.060712Z_ae16767a3c06_202609076,202609076,1,17000,earlier,0.9403514831561417,0.9370119297410425,0.0033395534150991724,0.01
sweeps/phase2_opcode_js_temporal/runs/20260905T071012.060712Z_ae16767a3c06_202609076,202609076,1,17500,earlier,0.9448415333968988,0.9405563140995216,0.004285219297377241,0.01
sweeps/phase2_opcode_js_temporal/runs/20260905T071012.060712Z_ae16767a3c06_202609076,202609076,1,18000,earlier,0.9406252167114799,0.9323012083357721,0.008324008375707792,0.01
sweeps/phase2_opcode_js_temporal/runs/20260905T071012.060712Z_ae16767a3c06_202609076,202609076,1,18500,earlier,0.9338359174669321,0.9260534219456101,0.0077824955213219305,0.01
sweeps/phase2_opcode_js_temporal/runs/20260905T071012.060712Z_ae16767a3c06_202609076,202609076,1,19000,earlier,0.9399714730243108,0.9341696068413221,0.005801866182988724,0.01
sweeps/phase2_opcode_js_temporal/runs/20260905T071012.060712Z_ae16767a3c06_202609076,202609076,1,19500,earlier,0.9414870568821253,0.9364721355804198,0.005014921301705555,0.01
sweeps/phase2_opcode_js_temporal/runs/20260905T071012.060712Z_ae16767a3c06_202609076,202609076,1,20000,earlier,0.9465070887110614,0.9421899329701736,0.004317155740887757,0.01
sweeps/phase2_opcode_js_temporal/runs/20260905T071012.060712Z_ae16767a3c06_202609076,202609076,1,20500,earlier,0.9503519053291449,0.9473933768218666,0.0029585285072782908,0.01
sweeps/phase2_opcode_js_temporal/runs/20260905T071012.060712Z_ae16767a3c06_202609076,202609076,1,21000,earlier,0.9452712880737055,0.9415250066771406,0.0037462813965649655,0.01
sweeps/phase2_opcode_js_temporal/runs/20260905T071012.060712Z_ae16767a3c06_202609076,202609076,1,21500,earlier,0.9473510906122843,0.9439458689596745,0.0034052216526098134,0.01
sweeps/phase2_opcode_js_temporal/runs/20260905T071012.060712Z_ae16767a3c06_202609076,202609076,1,22000,earlier,0.9495553378180872,0.9461134745892038,0.0034418632288834017,0.01
sweeps/phase2_opcode_js_temporal/runs/20260905T071012.060712Z_ae16767a3c06_202609076,202609076,1,22500,earlier,0.9507579599418863,0.9473085200584515,0.003449439883434824,0.01
sweeps/phase2_opcode_js_temporal/runs/20260905T071012.060712Z_ae16767a3c06_202609076,202609076,1,23000,earlier,0.9494183560989339,0.9438989933488102,0.0055193627501236575,0.01
sweeps/phase2_opcode_js_temporal/runs/20260905T071012.060712Z_ae16767a3c06_202609076,202609076,1,23500,earlier,0.9491854559291609,0.9417996113359626,0.007385844593198354,0.01
sweeps/phase2_opcode_js_temporal/runs/20260905T071012.060712Z_ae16767a3c06_202609076,202609076,1,24000,earlier,0.9499652739562442,0.944411349286278,0.0055539246699661815,0.01
sweeps/phase2_opcode_js_temporal/runs/20260905T071012.060712Z_ae16767a3c06_202609076,202609076,1,24500,earlier,0.9534527836331631,0.9479287284682115,0.00552405516495158,0.01
sweeps/phase2_opcode_js_temporal/runs/20260905T071012.060712Z_ae16767a3c06_202609076,202609076,1,25000,earlier,0.9524705501734176,0.9465657935709015,0.005904756602516104,0.01
sweeps/phase2_opcode_js_temporal/runs/20260905T071012.060712Z_ae16767a3c06_202609076,202609076,1,25500,earlier,0.9508955200091933,0.9456839007385547,0.005211619270638623,0.01
sweeps/phase2_opcode_js_temporal/runs/20260905T071012.060712Z_ae16767a3c06_202609076,202609076,1,26000,earlier,0.9492823391537745,0.9438999723861748,0.005382366767599622,0.01
sweeps/phase2_opcode_js_temporal/runs/20260905T071012.060712Z_ae16767a3c06_202609076,202609076,1,26500,earlier,0.9512052109453834,0.9477028091535947,0.003502401791788623,0.01
sweeps/phase2_opcode_js_temporal/runs/20260905T071012.060712Z_ae16767a3c06_202609076,202609076,1,27000,earlier,0.9489336058295454,0.9424042387254452,0.006529367104100237,0.01
sweeps/phase2_opcode_js_temporal/runs/20260905T071012.060712Z_ae16767a3c06_202609076,202609076,1,27500,earlier,0.9513768269669233,0.946283330443245,0.005093496523678298,0.01
sweeps/phase2_opcode_js_temporal/runs/20260905T071012.060712Z_ae16767a3c06_202609076,202609076,1,28000,earlier,0.9518135502166769,0.9471615573452322,0.004651992871444688,0.01
sweeps/phase2_opcode_js_temporal/runs/20260905T071012.060712Z_ae16767a3c06_202609076,202609076,1,28500,earlier,0.954215334220326,0.9500670105925919,0.004148323627734096,0.01
sweeps/phase2_opcode_js_temporal/runs/20260905T071012.060712Z_ae16767a3c06_202609076,202609076,1,29000,earlier,0.9559903371893896,0.9525754674218225,0.003414869767567108,0.01
sweeps/phase2_opcode_js_temporal/runs/20260905T071012.060712Z_ae16767a3c06_202609076,202609076,1,29500,earlier,0.9575173368120368,0.9550504214474694,0.0024669153645673347,0.01
sweeps/phase2_opcode_js_temporal/runs/20260905T071012.060712Z_ae16767a3c06_202609076,202609076,1,30000,earlier,0.9534165017487264,0.9504348332389274,0.0029816685097989737,0.01
sweeps/phase2_opcode_js_temporal/runs/20260905T071012.060712Z_ae16767a3c06_202609076,202609076,1,30500,earlier,0.9422473363499816,0.9387913917636861,0.0034559445862955007,0.02
sweeps/phase2_opcode_js_temporal/runs/20260905T071012.060712Z_ae16767a3c06_202609076,202609076,1,31000,earlier,0.943928636264937,0.9408418678975682,0.003086768367368764,0.03
sweeps/phase2_opcode_js_temporal/runs/20260905T071012.060712Z_ae16767a3c06_202609076,202609076,1,31500,earlier,0.9458148752960418,0.942849380422092,0.0029654948739498144,0.02
sweeps/phase2_opcode_js_temporal/runs/20260905T071012.060712Z_ae16767a3c06_202609076,202609076,1,32000,earlier,0.9444841815554745,0.9405134355224316,0.003970746033042927,0.01
sweeps/phase2_opcode_js_temporal/runs/20260905T071012.060712Z_ae16767a3c06_202609076,202609076,1,32500,earlier,0.940189454192067,0.9363363832165277,0.00385307097553933,0.01
sweeps/phase2_opcode_js_temporal/runs/20260905T071012.060712Z_ae16767a3c06_202609076,202609076,1,33000,earlier,0.9408320423920948,0.9364347850306478,0.004397257361447027,0.01
sweeps/phase2_opcode_js_temporal/runs/20260905T071012.060712Z_ae16767a3c06_202609076,202609076,1,33500,earlier,0.9419404849675176,0.9359780218550866,0.005962463112430982,0.01
sweeps/phase2_opcode_js_temporal/runs/20260905T071012.060712Z_ae16767a3c06_202609076,202609076,1,34000,earlier,0.9439613305833957,0.9371201887181795,0.006841141865216227,0.01
sweeps/phase2_opcode_js_temporal/runs/20260905T071012.060712Z_ae16767a3c06_202609076,202609076,1,34500,earlier,0.9380655635745122,0.9326556145697626,0.005409949004749559,0.01
sweeps/phase2_opcode_js_temporal/runs/20260905T071012.060712Z_ae16767a3c06_202609076,202609076,1,35000,earlier,0.9407486418570894,0.9342294910972903,0.006519150759799142,0.01
sweeps/phase2_opcode_js_temporal/runs/20260905T071012.060712Z_ae16767a3c06_202609076,202609076,1,35500,earlier,0.9457079926221617,0.9406376935447581,0.005070299077403528,0.01
sweeps/phase2_opcode_js_temporal/runs/20260905T071012.060712Z_ae16767a3c06_202609076,202609076,1,36000,earlier,0.9372710825878615,0.9305414574292129,0.006729625158648611,0.01
sweeps/phase2_opcode_js_temporal/runs/20260905T071012.060712Z_ae16767a3c06_202609076,202609076,1,36500,earlier,0.9333206525372546,0.9275341760482596,0.005786476488994996,0.01
sweeps/phase2_opcode_js_temporal/runs/20260905T071012.060712Z_ae16767a3c06_202609076,202609076,1,37000,earlier,0.9374684770086256,0.9300175627753706,0.007450914233254946,0.01
sweeps/phase2_opcode_js_temporal/runs/20260905T071012.060712Z_ae16767a3c06_202609076,202609076,1,37500,earlier,0.9430898109870945,0.9372681842432516,0.0058216267438429,0.01
sweeps/phase2_opcode_js_temporal/runs/20260905T071012.060712Z_ae16767a3c06_202609076,202609076,1,38000,earlier,0.9391941837872327,0.9333331245287019,0.005861059258530865,0.01
sweeps/phase2_opcode_js_temporal/runs/20260905T071012.060712Z_ae16767a3c06_202609076,202609076,1,38500,earlier,0.9426540291031754,0.9373832119063155,0.005270817196859956,0.01
sweeps/phase2_opcode_js_temporal/runs/20260905T071012.060712Z_ae16767a3c06_202609076,202609076,1,39000,earlier,0.944636068062181,0.9395426168171293,0.005093451245051783,0.01
sweeps/phase2_opcode_js_temporal/runs/20260905T071012.060712Z_ae16767a3c06_202609076,202609076,1,39500,earlier,0.9474682370760207,0.9432999319122425,0.0041683051637781965,0.01
sweeps/phase2_opcode_js_temporal/runs/20260905T071012.060712Z_ae16767a3c06_202609076,202609076,1,40000,earlier,0.9475841639217331,0.9439322396208589,0.003651924300874132,0.01
sweeps/phase2_opcode_js_temporal/runs/20260905T071012.060712Z_ae16767a3c06_202609076,202609076,1,40500,earlier,0.9504590963186353,0.9452623916215881,0.00519670469704725,0.01
sweeps/phase2_opcode_js_temporal/runs/20260905T071012.060712Z_ae16767a3c06_202609076,202609076,1,41000,earlier,0.9546909076392326,0.9503505114133932,0.004340396225839371,0.01
sweeps/phase2_opcode_js_temporal/runs/20260905T071012.060712Z_ae16767a3c06_202609076,202609076,1,41500,earlier,0.9535762921313643,0.9489873307893102,0.00458896134205411,0.01
sweeps/phase2_opcode_js_temporal/runs/20260905T071012.060712Z_ae16767a3c06_202609076,202609076,1,42000,earlier,0.9482129822888503,0.9447721598102677,0.0034408224785825725,0.01
sweeps/phase2_opcode_js_temporal/runs/20260905T071012.060712Z_ae16767a3c06_202609076,202609076,1,42500,earlier,0.9460693495510477,0.942076027724639,0.003993321826408658,0.02
sweeps/phase2_opcode_js_temporal/runs/20260905T071012.060712Z_ae16767a3c06_202609076,202609076,1,43000,earlier,0.947755878345956,0.9443624679953226,0.0033934103506333413,0.01
sweeps/phase2_opcode_js_temporal/runs/20260905T071012.060712Z_ae16767a3c06_202609076,202609076,1,43500,earlier,0.9388302908482647,0.9375713919187267,0.0012588989295380104,0.23
sweeps/phase2_opcode_js_temporal/runs/20260905T071012.060712Z_ae16767a3c06_202609076,202609076,1,44000,earlier,0.9286585914115975,0.9263206344724894,0.002337956939108099,0.15
sweeps/phase2_opcode_js_temporal/runs/20260905T071012.060712Z_ae16767a3c06_202609076,202609076,1,44500,earlier,0.9272508420773444,0.9211147681092765,0.006136073968067923,0.01
sweeps/phase2_opcode_js_temporal/runs/20260905T071012.060712Z_ae16767a3c06_202609076,202609076,1,45000,final,0.9348860710971709,0.9314085816510728,0.0034774894460981587,0.09
sweeps/phase2_opcode_js_temporal/runs/20260905T071012.060712Z_ae16767a3c06_202609076,202609076,1,45500,final,0.9416828725743408,0.9364662307637351,0.00521664181060566,0.01
sweeps/phase2_opcode_js_temporal/runs/20260905T071012.060712Z_ae16767a3c06_202609076,202609076,1,46000,final,0.9381073477924738,0.9343405596463817,0.0037667881460921038,0.02
sweeps/phase2_opcode_js_temporal/runs/20260905T071012.060712Z_ae16767a3c06_202609076,202609076,1,46500,final,0.9389715673618317,0.9321402140508604,0.006831353310971289,0.01
sweeps/phase2_opcode_js_temporal/runs/20260905T071012.060712Z_ae16767a3c06_202609076,202609076,1,47000,final,0.9319759539298177,0.9266326386806243,0.005343315249193403,0.01
sweeps/phase2_opcode_js_temporal/runs/20260905T071012.060712Z_ae16767a3c06_202609076,202609076,1,47500,final,0.9326728856524646,0.9221941525506167,0.010478733101847992,0.01
sweeps/phase2_opcode_js_temporal/runs/20260905T071012.060712Z_ae16767a3c06_202609076,202609076,1,48000,final,0.9273352084274245,0.9210345456585717,0.006300662768852772,0.01
sweeps/phase2_opcode_js_temporal/runs/20260905T071012.060712Z_ae16767a3c06_202609076,202609076,1,48500,final,0.925947715057659,0.9219839425522242,0.003963772505434893,0.04
sweeps/phase2_opcode_js_temporal/runs/20260905T071012.060712Z_ae16767a3c06_202609076,202609076,1,49000,final,0.9317213062377758,0.9256704886532493,0.006050817584526524,0.01
sweeps/phase2_opcode_js_temporal/runs/20260905T071012.060712Z_ae16767a3c06_202609076,202609076,1,49500,final,0.9361878762550236,0.9314735575271885,0.004714318727835121,0.01
sweeps/phase2_opcode_js_temporal/runs/20260905T071012.063698Z_09412417613e_202609077,202609077,1,0,earlier,0.969786323266468,0.9694619608223296,0.0003243624441383597,0.07
sweeps/phase2_opcode_js_temporal/runs/20260905T071012.063698Z_09412417613e_202609077,202609077,1,500,earlier,0.9573810078568744,0.9568729368338085,0.0005080710230659369,0.22
sweeps/phase2_opcode_js_temporal/runs/20260905T071012.063698Z_09412417613e_202609077,202609077,1,1000,earlier,0.9550148560185847,0.9529044658602598,0.0021103901583249263,0.01
sweeps/phase2_opcode_js_temporal/runs/20260905T071012.063698Z_09412417613e_202609077,202609077,1,1500,earlier,0.9559528435498234,0.953576756670813,0.002376086879010364,0.01
sweeps/phase2_opcode_js_temporal/runs/20260905T071012.063698Z_09412417613e_202609077,202609077,1,2000,earlier,0.9525250269063672,0.9504900671838944,0.0020349597224728067,0.01
sweeps/phase2_opcode_js_temporal/runs/20260905T071012.063698Z_09412417613e_202609077,202609077,1,2500,earlier,0.949852310335261,0.9475066192116067,0.0023456911236542366,0.01
sweeps/phase2_opcode_js_temporal/runs/20260905T071012.063698Z_09412417613e_202609077,202609077,1,3000,earlier,0.9453100225768893,0.9416983863250074,0.003611636251881989,0.01
sweeps/phase2_opcode_js_temporal/runs/20260905T071012.063698Z_09412417613e_202609077,202609077,1,3500,earlier,0.9455705171933237,0.9413125989661364,0.004257918227187352,0.01
sweeps/phase2_opcode_js_temporal/runs/20260905T071012.063698Z_09412417613e_202609077,202609077,1,4000,earlier,0.9463144082667402,0.9425561254248074,0.003758282841932803,0.01
sweeps/phase2_opcode_js_temporal/runs/20260905T071012.063698Z_09412417613e_202609077,202609077,1,4500,earlier,0.9438698413686325,0.9365071486902752,0.007362692678357319,0.01
sweeps/phase2_opcode_js_temporal/runs/20260905T071012.063698Z_09412417613e_202609077,202609077,1,5000,earlier,0.9480140165194165,0.9404196368024946,0.007594379716921895,0.01
sweeps/phase2_opcode_js_temporal/runs/20260905T071012.063698Z_09412417613e_202609077,202609077,1,5500,earlier,0.9440740896771346,0.9351288820290189,0.008945207648115683,0.01
sweeps/phase2_opcode_js_temporal/runs/20260905T071012.063698Z_09412417613e_202609077,202609077,1,6000,earlier,0.9457919324462435,0.9371985240473704,0.008593408398873126,0.01
sweeps/phase2_opcode_js_temporal/runs/20260905T071012.063698Z_09412417613e_202609077,202609077,1,6500,earlier,0.9431041040021917,0.9345217699559625,0.008582334046229212,0.01
sweeps/phase2_opcode_js_temporal/runs/20260905T071012.063698Z_09412417613e_202609077,202609077,1,7000,earlier,0.9453411311041435,0.9357890506258899,0.009552080478253622,0.01
sweeps/phase2_opcode_js_temporal/runs/20260905T071012.063698Z_09412417613e_202609077,202609077,1,7500,earlier,0.9403195299109416,0.9315853469733066,0.008734182937634949,0.01
sweeps/phase2_opcode_js_temporal/runs/20260905T071012.063698Z_09412417613e_202609077,202609077,1,8000,earlier,0.9441378841972667,0.9361345429772536,0.008003341220013116,0.01
sweeps/phase2_opcode_js_temporal/runs/20260905T071012.063698Z_09412417613e_202609077,202609077,1,8500,earlier,0.9376479061545181,0.9293608442689383,0.008287061885579816,0.01
sweeps/phase2_opcode_js_temporal/runs/20260905T071012.063698Z_09412417613e_202609077,202609077,1,9000,earlier,0.9427323689704981,0.9368510140656051,0.005881354904892944,0.01
sweeps/phase2_opcode_js_temporal/runs/20260905T071012.063698Z_09412417613e_202609077,202609077,1,9500,earlier,0.9414643689296449,0.9351687465450519,0.006295622384593025,0.01
sweeps/phase2_opcode_js_temporal/runs/20260905T071012.063698Z_09412417613e_202609077,202609077,1,10000,earlier,0.9415235937016365,0.9349102795908295,0.0066133141108070115,0.01
sweeps/phase2_opcode_js_temporal/runs/20260905T071012.063698Z_09412417613e_202609077,202609077,1,10500,earlier,0.9437724490233929,0.9380090933007535,0.005763355722639307,0.01
sweeps/phase2_opcode_js_temporal/runs/20260905T071012.063698Z_09412417613e_202609077,202609077,1,11000,earlier,0.9454059899948313,0.9396908144792676,0.005715175515563664,0.01
sweeps/phase2_opcode_js_temporal/runs/20260905T071012.063698Z_09412417613e_202609077,202609077,1,11500,earlier,0.9406330684407865,0.9347256301084451,0.005907438332341419,0.01
sweeps/phase2_opcode_js_temporal/runs/20260905T071012.063698Z_09412417613e_202609077,202609077,1,12000,earlier,0.9377711394298637,0.9331550429286034,0.0046160965012602695,0.01
sweeps/phase2_opcode_js_temporal/runs/20260905T071012.063698Z_09412417613e_202609077,202609077,1,12500,earlier,0.9332994318067233,0.928981543339683,0.004317888467040287,0.01
sweeps/phase2_opcode_js_temporal/runs/20260905T071012.063698Z_09412417613e_202609077,202609077,1,13000,earlier,0.9390691547438699,0.9344330046212082,0.00463615012266172,0.01
sweeps/phase2_opcode_js_temporal/runs/20260905T071012.063698Z_09412417613e_202609077,202609077,1,13500,earlier,0.9360610285321329,0.9299644240924241,0.00609660443970883,0.01
sweeps/phase2_opcode_js_temporal/runs/20260905T071012.063698Z_09412417613e_202609077,202609077,1,14000,earlier,0.936903147420302,0.9310322247020921,0.005870922718209881,0.01
sweeps/phase2_opcode_js_temporal/runs/20260905T071012.063698Z_09412417613e_202609077,202609077,1,14500,earlier,0.9359492693761495,0.9307362394348997,0.005213029941249836,0.01
sweeps/phase2_opcode_js_temporal/runs/20260905T071012.063698Z_09412417613e_202609077,202609077,1,15000,earlier,0.9408916864969763,0.9351961688448233,0.005695517652153037,0.01
sweeps/phase2_opcode_js_temporal/runs/20260905T071012.063698Z_09412417613e_202609077,202609077,1,15500,earlier,0.9401798005083835,0.9329868426230981,0.0071929578852854,0.01
sweeps/phase2_opcode_js_temporal/runs/20260905T071012.063698Z_09412417613e_202609077,202609077,1,16000,earlier,0.9429027367797436,0.9367678619544235,0.006134874825320047,0.01
sweeps/phase2_opcode_js_temporal/runs/20260905T071012.063698Z_09412417613e_202609077,202609077,1,16500,earlier,0.9422193068350765,0.9380540883458891,0.004165218489187383,0.01
sweeps/phase2_opcode_js_temporal/runs/20260905T071012.063698Z_09412417613e_202609077,202609077,1,17000,earlier,0.9393426113266382,0.9372091393385165,0.002133471988121749,0.03
sweeps/phase2_opcode_js_temporal/runs/20260905T071012.063698Z_09412417613e_202609077,202609077,1,17500,earlier,0.941903555373478,0.9397748289541106,0.002128726419367455,0.02
sweeps/phase2_opcode_js_temporal/runs/20260905T071012.063698Z_09412417613e_202609077,202609077,1,18000,earlier,0.9411211765150939,0.9349328850100943,0.006188291504999555,0.01
sweeps/phase2_opcode_js_temporal/runs/20260905T071012.063698Z_09412417613e_202609077,202609077,1,18500,earlier,0.9446050408185048,0.9401890202118552,0.004416020606649584,0.01
sweeps/phase2_opcode_js_temporal/runs/20260905T071012.063698Z_09412417613e_202609077,202609077,1,19000,earlier,0.9432608569087997,0.9390859602684144,0.004174896640385284,0.01
sweeps/phase2_opcode_js_temporal/runs/20260905T071012.063698Z_09412417613e_202609077,202609077,1,19500,earlier,0.9455744885821932,0.9402518017442678,0.005322686837925361,0.01
sweeps/phase2_opcode_js_temporal/runs/20260905T071012.063698Z_09412417613e_202609077,202609077,1,20000,earlier,0.942903779241493,0.9384386631834277,0.0044651160580653215,0.01
sweeps/phase2_opcode_js_temporal/runs/20260905T071012.063698Z_09412417613e_202609077,202609077,1,20500,earlier,0.9414284415790247,0.936971730204998,0.004456711374026701,0.01
sweeps/phase2_opcode_js_temporal/runs/20260905T071012.063698Z_09412417613e_202609077,202609077,1,21000,earlier,0.9420985244499751,0.9348481835882978,0.007250340861677307,0.01
sweeps/phase2_opcode_js_temporal/runs/20260905T071012.063698Z_09412417613e_202609077,202609077,1,21500,earlier,0.9442955995230673,0.9373590259753904,0.00693657354767685,0.01
sweeps/phase2_opcode_js_temporal/runs/20260905T071012.063698Z_09412417613e_202609077,202609077,1,22000,earlier,0.9437567046566506,0.9383179615738723,0.005438743082778363,0.01
sweeps/phase2_opcode_js_temporal/runs/20260905T071012.063698Z_09412417613e_202609077,202609077,1,22500,earlier,0.9471498416754374,0.9416175188636975,0.005532322811739876,0.01
sweeps/phase2_opcode_js_temporal/runs/20260905T071012.063698Z_09412417613e_202609077,202609077,1,23000,earlier,0.9416064556439567,0.935145948341893,0.006460507302063712,0.01
sweeps/phase2_opcode_js_temporal/runs/20260905T071012.063698Z_09412417613e_202609077,202609077,1,23500,earlier,0.940216282300083,0.9333073365761605,0.006908945723922533,0.01
sweeps/phase2_opcode_js_temporal/runs/20260905T071012.063698Z_09412417613e_202609077,202609077,1,24000,earlier,0.9451839628451556,0.940043776482658,0.0051401863624975785,0.01
sweeps/phase2_opcode_js_temporal/runs/20260905T071012.063698Z_09412417613e_202609077,202609077,1,24500,earlier,0.9479707907623253,0.9420050693241364,0.0059657214381888535,0.01
sweeps/phase2_opcode_js_temporal/runs/20260905T071012.063698Z_09412417613e_202609077,202609077,1,25000,earlier,0.9363671122896897,0.932351771251178,0.004015341038511755,0.01
sweeps/phase2_opcode_js_temporal/runs/20260905T071012.063698Z_09412417613e_202609077,202609077,1,25500,earlier,0.9357190915483599,0.9285707733934624,0.007148318154897471,0.01
sweeps/phase2_opcode_js_temporal/runs/20260905T071012.063698Z_09412417613e_202609077,202609077,1,26000,earlier,0.9362323514344377,0.9301857017966302,0.006046649637807544,0.01
sweeps/phase2_opcode_js_temporal/runs/20260905T071012.063698Z_09412417613e_202609077,202609077,1,26500,earlier,0.9292750010142751,0.9231702294316021,0.006104771582672974,0.01
sweeps/phase2_opcode_js_temporal/runs/20260905T071012.063698Z_09412417613e_202609077,202609077,1,27000,earlier,0.9345169148160046,0.9285202974168968,0.00599661739910784,0.01
sweeps/phase2_opcode_js_temporal/runs/20260905T071012.063698Z_09412417613e_202609077,202609077,1,27500,earlier,0.9362205659718023,0.9294929190047612,0.00672764696704109,0.01
sweeps/phase2_opcode_js_temporal/runs/20260905T071012.063698Z_09412417613e_202609077,202609077,1,28000,earlier,0.9385040516666879,0.933365260592489,0.005138791074198901,0.01
sweeps/phase2_opcode_js_temporal/runs/20260905T071012.063698Z_09412417613e_202609077,202609077,1,28500,earlier,0.9396461364682307,0.9337201793357598,0.005925957132470905,0.01
sweeps/phase2_opcode_js_temporal/runs/20260905T071012.063698Z_09412417613e_202609077,202609077,1,29000,earlier,0.9436584206457915,0.9382485642120331,0.005409856433758464,0.01
sweeps/phase2_opcode_js_temporal/runs/20260905T071012.063698Z_09412417613e_202609077,202609077,1,29500,earlier,0.9438682537381538,0.9358968476984749,0.00797140603967883,0.01
sweeps/phase2_opcode_js_temporal/runs/20260905T071012.063698Z_09412417613e_202609077,202609077,1,30000,earlier,0.9470854837375562,0.9408420422413574,0.0062434414961988205,0.01
sweeps/phase2_opcode_js_temporal/runs/20260905T071012.063698Z_09412417613e_202609077,202609077,1,30500,earlier,0.9463226945063155,0.9405133990933077,0.005809295413007787,0.01
sweeps/phase2_opcode_js_temporal/runs/20260905T071012.063698Z_09412417613e_202609077,202609077,1,31000,earlier,0.9431387295136624,0.9368192040777228,0.00631952543593961,0.01
sweeps/phase2_opcode_js_temporal/runs/20260905T071012.063698Z_09412417613e_202609077,202609077,1,31500,earlier,0.9459035887950866,0.9348756960746987,0.011027892720387955,0.01
sweeps/phase2_opcode_js_temporal/runs/20260905T071012.063698Z_09412417613e_202609077,202609077,1,32000,earlier,0.9461983901013065,0.9376931498958458,0.008505240205460618,0.01
sweeps/phase2_opcode_js_temporal/runs/20260905T071012.063698Z_09412417613e_202609077,202609077,1,32500,earlier,0.9469024887601961,0.9410705535015723,0.005831935258623799,0.01
sweeps/phase2_opcode_js_temporal/runs/20260905T071012.063698Z_09412417613e_202609077,202609077,1,33000,earlier,0.9504650078990343,0.9441094249619276,0.006355582937106696,0.01
sweeps/phase2_opcode_js_temporal/runs/20260905T071012.063698Z_09412417613e_202609077,202609077,1,33500,earlier,0.949499725361173,0.9444724341499104,0.005027291211262552,0.01
sweeps/phase2_opcode_js_temporal/runs/20260905T071012.063698Z_09412417613e_202609077,202609077,1,34000,earlier,0.9495561706561718,0.9447722889210887,0.004783881735083151,0.01
sweeps/phase2_opcode_js_temporal/runs/20260905T071012.063698Z_09412417613e_202609077,202609077,1,34500,earlier,0.9412195087600445,0.934423068327255,0.006796440432789486,0.01
sweeps/phase2_opcode_js_temporal/runs/20260905T071012.063698Z_09412417613e_202609077,202609077,1,35000,earlier,0.9455499692055254,0.9391650363581053,0.006384932847420033,0.01
sweeps/phase2_opcode_js_temporal/runs/20260905T071012.063698Z_09412417613e_202609077,202609077,1,35500,earlier,0.9482017881270545,0.9407745624989052,0.007427225628149237,0.01
sweeps/phase2_opcode_js_temporal/runs/20260905T071012.063698Z_09412417613e_202609077,202609077,1,36000,earlier,0.9450950909718886,0.9284920405291414,0.016603050442747236,0.01
sweeps/phase2_opcode_js_temporal/runs/20260905T071012.063698Z_09412417613e_202609077,202609077,1,36500,earlier,0.945385873666691,0.9321702052838624,0.013215668382828616,0.01
sweeps/phase2_opcode_js_temporal/runs/20260905T071012.063698Z_09412417613e_202609077,202609077,1,37000,earlier,0.9440632353905951,0.9311967408022385,0.012866494588356647,0.01
sweeps/phase2_opcode_js_temporal/runs/20260905T071012.063698Z_09412417613e_202609077,202609077,1,37500,earlier,0.942658010870037,0.932302417279672,0.010355593590364975,0.01
sweeps/phase2_opcode_js_temporal/runs/20260905T071012.063698Z_09412417613e_202609077,202609077,1,38000,earlier,0.9439400752372662,0.9344438252784435,0.0094962499588227,0.01
sweeps/phase2_opcode_js_temporal/runs/20260905T071012.063698Z_09412417613e_202609077,202609077,1,38500,earlier,0.945298386329988,0.9367105915995363,0.008587794730451681,0.01
sweeps/phase2_opcode_js_temporal/runs/20260905T071012.063698Z_09412417613e_202609077,202609077,1,39000,earlier,0.9457577349281082,0.9385634163817522,0.007194318546355993,0.01
sweeps/phase2_opcode_js_temporal/runs/20260905T071012.063698Z_09412417613e_202609077,202609077,1,39500,earlier,0.9445018287706597,0.9385418551675876,0.0059599736030720996,0.01
sweeps/phase2_opcode_js_temporal/runs/20260905T071012.063698Z_09412417613e_202609077,202609077,1,40000,earlier,0.9472876713632727,0.9402390872499247,0.0070485841133480776,0.01
sweeps/phase2_opcode_js_temporal/runs/20260905T071012.063698Z_09412417613e_202609077,202609077,1,40500,earlier,0.9445699847020024,0.9367298304577462,0.007840154244256214,0.01
sweeps/phase2_opcode_js_temporal/runs/20260905T071012.063698Z_09412417613e_202609077,202609077,1,41000,earlier,0.9449230968304859,0.9377162908002894,0.007206806030196522,0.01
sweeps/phase2_opcode_js_temporal/runs/20260905T071012.063698Z_09412417613e_202609077,202609077,1,41500,earlier,0.9403334629182769,0.9341424947053075,0.006190968212969383,0.01
sweeps/phase2_opcode_js_temporal/runs/20260905T071012.063698Z_09412417613e_202609077,202609077,1,42000,earlier,0.9386188817584942,0.932124315653774,0.006494566104720212,0.01
sweeps/phase2_opcode_js_temporal/runs/20260905T071012.063698Z_09412417613e_202609077,202609077,1,42500,earlier,0.9458138423751131,0.9381487500747426,0.007665092300370491,0.01
sweeps/phase2_opcode_js_temporal/runs/20260905T071012.063698Z_09412417613e_202609077,202609077,1,43000,earlier,0.9424911285114154,0.937075450462318,0.005415678049097372,0.01
sweeps/phase2_opcode_js_temporal/runs/20260905T071012.063698Z_09412417613e_202609077,202609077,1,43500,earlier,0.9434338753835421,0.9395346788785325,0.0038991965050095834,0.01
sweeps/phase2_opcode_js_temporal/runs/20260905T071012.063698Z_09412417613e_202609077,202609077,1,44000,earlier,0.9473261496630411,0.9423354434782081,0.004990706184832994,0.01
sweeps/phase2_opcode_js_temporal/runs/20260905T071012.063698Z_09412417613e_202609077,202609077,1,44500,earlier,0.9458680359655957,0.9399167234498187,0.005951312515776963,0.01
sweeps/phase2_opcode_js_temporal/runs/20260905T071012.063698Z_09412417613e_202609077,202609077,1,45000,final,0.9417310182173224,0.9368557083165743,0.004875309900748137,0.01
sweeps/phase2_opcode_js_temporal/runs/20260905T071012.063698Z_09412417613e_202609077,202609077,1,45500,final,0.9400255813168694,0.9374716613303757,0.00255391998649368,0.06
sweeps/phase2_opcode_js_temporal/runs/20260905T071012.063698Z_09412417613e_202609077,202609077,1,46000,final,0.9327280701483748,0.9278830740848787,0.004844996063496088,0.01
sweeps/phase2_opcode_js_temporal/runs/20260905T071012.063698Z_09412417613e_202609077,202609077,1,46500,final,0.9361225704830748,0.9327336928565046,0.0033888776265701415,0.04
sweeps/phase2_opcode_js_temporal/runs/20260905T071012.063698Z_09412417613e_202609077,202609077,1,47000,final,0.938030786892441,0.9342272764898473,0.003803510402593746,0.01
sweeps/phase2_opcode_js_temporal/runs/20260905T071012.063698Z_09412417613e_202609077,202609077,1,47500,final,0.941616341430591,0.9365511423327972,0.005065199097793793,0.01
sweeps/phase2_opcode_js_temporal/runs/20260905T071012.063698Z_09412417613e_202609077,202609077,1,48000,final,0.9462839581473739,0.9393100230365529,0.006973935110821006,0.01
sweeps/phase2_opcode_js_temporal/runs/20260905T071012.063698Z_09412417613e_202609077,202609077,1,48500,final,0.9439459777344733,0.9398155319187866,0.0041304458156866675,0.01
sweeps/phase2_opcode_js_temporal/runs/20260905T071012.063698Z_09412417613e_202609077,202609077,1,49000,final,0.9494034434994468,0.9445002817067375,0.004903161792709332,0.01
sweeps/phase2_opcode_js_temporal/runs/20260905T071012.063698Z_09412417613e_202609077,202609077,1,49500,final,0.948861453432769,0.9441712765703529,0.004690176862416018,0.01
sweeps/phase2_opcode_js_temporal/runs/20260905T071012.063911Z_2fc5a36206e2_202609078,202609078,1,0,earlier,0.9695990938155042,0.9694458754537896,0.00015321836171466874,0.21
sweeps/phase2_opcode_js_temporal/runs/20260905T071012.063911Z_2fc5a36206e2_202609078,202609078,1,500,earlier,0.9640634486186294,0.9627618613661213,0.001301587252508063,0.01
sweeps/phase2_opcode_js_temporal/runs/20260905T071012.063911Z_2fc5a36206e2_202609078,202609078,1,1000,earlier,0.9598367871817945,0.9584482468573174,0.0013885403244771055,0.01
sweeps/phase2_opcode_js_temporal/runs/20260905T071012.063911Z_2fc5a36206e2_202609078,202609078,1,1500,earlier,0.9592131555225567,0.9567793314235787,0.002433824098977966,0.01
sweeps/phase2_opcode_js_temporal/runs/20260905T071012.063911Z_2fc5a36206e2_202609078,202609078,1,2000,earlier,0.9499866062828178,0.9468810608597767,0.0031055454230410895,0.01
sweeps/phase2_opcode_js_temporal/runs/20260905T071012.063911Z_2fc5a36206e2_202609078,202609078,1,2500,earlier,0.9518342447317178,0.9465140436620787,0.005320201069639152,0.01
sweeps/phase2_opcode_js_temporal/runs/20260905T071012.063911Z_2fc5a36206e2_202609078,202609078,1,3000,earlier,0.9509489049705983,0.9457822000073355,0.005166704963262769,0.01
sweeps/phase2_opcode_js_temporal/runs/20260905T071012.063911Z_2fc5a36206e2_202609078,202609078,1,3500,earlier,0.9522562602703102,0.947699044504951,0.004557215765359168,0.01
sweeps/phase2_opcode_js_temporal/runs/20260905T071012.063911Z_2fc5a36206e2_202609078,202609078,1,4000,earlier,0.9486320686923272,0.944167448635492,0.0044646200568352334,0.01
sweeps/phase2_opcode_js_temporal/runs/20260905T071012.063911Z_2fc5a36206e2_202609078,202609078,1,4500,earlier,0.9472616199111317,0.9431375812129442,0.004124038698187449,0.01
sweeps/phase2_opcode_js_temporal/runs/20260905T071012.063911Z_2fc5a36206e2_202609078,202609078,1,5000,earlier,0.9482584003930025,0.9433966404617088,0.004861759931293674,0.01
sweeps/phase2_opcode_js_temporal/runs/20260905T071012.063911Z_2fc5a36206e2_202609078,202609078,1,5500,earlier,0.9518122804560244,0.9485509973122557,0.003261283143768723,0.01
sweeps/phase2_opcode_js_temporal/runs/20260905T071012.063911Z_2fc5a36206e2_202609078,202609078,1,6000,earlier,0.9513309984496091,0.9477382149565959,0.003592783493013174,0.01
sweeps/phase2_opcode_js_temporal/runs/20260905T071012.063911Z_2fc5a36206e2_202609078,202609078,1,6500,earlier,0.9432596987951308,0.9374539959958403,0.005805702799290491,0.01
sweeps/phase2_opcode_js_temporal/runs/20260905T071012.063911Z_2fc5a36206e2_202609078,202609078,1,7000,earlier,0.9408365929143381,0.9352680118543866,0.005568581059951505,0.01
sweeps/phase2_opcode_js_temporal/runs/20260905T071012.063911Z_2fc5a36206e2_202609078,202609078,1,7500,earlier,0.9414878664886378,0.9370872228942565,0.004400643594381304,0.01
sweeps/phase2_opcode_js_temporal/runs/20260905T071012.063911Z_2fc5a36206e2_202609078,202609078,1,8000,earlier,0.94517042785102,0.9405488000038071,0.0046216278472128725,0.01
sweeps/phase2_opcode_js_temporal/runs/20260905T071012.063911Z_2fc5a36206e2_202609078,202609078,1,8500,earlier,0.9473339757870889,0.9421748585188231,0.005159117268265789,0.01
sweeps/phase2_opcode_js_temporal/runs/20260905T071012.063911Z_2fc5a36206e2_202609078,202609078,1,9000,earlier,0.9464097282560293,0.9415232654696233,0.004886462786406032,0.01
sweeps/phase2_opcode_js_temporal/runs/20260905T071012.063911Z_2fc5a36206e2_202609078,202609078,1,9500,earlier,0.9464656572151274,0.9409727022113074,0.005492955003820077,0.01
sweeps/phase2_opcode_js_temporal/runs/20260905T071012.063911Z_2fc5a36206e2_202609078,202609078,1,10000,earlier,0.9406684890835545,0.9349946246125647,0.005673864470989831,0.01
sweeps/phase2_opcode_js_temporal/runs/20260905T071012.063911Z_2fc5a36206e2_202609078,202609078,1,10500,earlier,0.9414142652780374,0.9355901544856919,0.0058241107923454605,0.01
sweeps/phase2_opcode_js_temporal/runs/20260905T071012.063911Z_2fc5a36206e2_202609078,202609078,1,11000,earlier,0.9457719745882973,0.9351734966361104,0.010598477952186935,0.01
sweeps/phase2_opcode_js_temporal/runs/20260905T071012.063911Z_2fc5a36206e2_202609078,202609078,1,11500,earlier,0.9462745762161565,0.9355733365242619,0.010701239691894626,0.01
sweeps/phase2_opcode_js_temporal/runs/20260905T071012.063911Z_2fc5a36206e2_202609078,202609078,1,12000,earlier,0.946505127046117,0.9359341944154976,0.010570932630619367,0.01
sweeps/phase2_opcode_js_temporal/runs/20260905T071012.063911Z_2fc5a36206e2_202609078,202609078,1,12500,earlier,0.9389255574720943,0.9285801621767729,0.010345395295321413,0.01
sweeps/phase2_opcode_js_temporal/runs/20260905T071012.063911Z_2fc5a36206e2_202609078,202609078,1,13000,earlier,0.9390831408967021,0.9286482859206173,0.010434854976084762,0.01
sweeps/phase2_opcode_js_temporal/runs/20260905T071012.063911Z_2fc5a36206e2_202609078,202609078,1,13500,earlier,0.9426870576129005,0.932308556449638,0.010378501163262555,0.01
sweeps/phase2_opcode_js_temporal/runs/20260905T071012.063911Z_2fc5a36206e2_202609078,202609078,1,14000,earlier,0.9378655663052416,0.9271401150711138,0.010725451234127825,0.01
sweeps/phase2_opcode_js_temporal/runs/20260905T071012.063911Z_2fc5a36206e2_202609078,202609078,1,14500,earlier,0.9352483878228784,0.9254399470551439,0.009808440767734572,0.01
sweeps/phase2_opcode_js_temporal/runs/20260905T071012.063911Z_2fc5a36206e2_202609078,202609078,1,15000,earlier,0.9409902003517924,0.931792505401587,0.009197694950205393,0.01
sweeps/phase2_opcode_js_temporal/runs/20260905T071012.063911Z_2fc5a36206e2_202609078,202609078,1,15500,earlier,0.9457766533885931,0.938489801413595,0.007286851974998121,0.01
sweeps/phase2_opcode_js_temporal/runs/20260905T071012.063911Z_2fc5a36206e2_202609078,202609078,1,16000,earlier,0.9436576305446879,0.9359064845872582,0.00775114595742965,0.01
sweeps/phase2_opcode_js_temporal/runs/20260905T071012.063911Z_2fc5a36206e2_202609078,202609078,1,16500,earlier,0.9430091786941527,0.936880638810711,0.006128539883441642,0.01
sweeps/phase2_opcode_js_temporal/runs/20260905T071012.063911Z_2fc5a36206e2_202609078,202609078,1,17000,earlier,0.9311623617574507,0.9223773586319894,0.008785003125461266,0.01
sweeps/phase2_opcode_js_temporal/runs/20260905T071012.063911Z_2fc5a36206e2_202609078,202609078,1,17500,earlier,0.9372089863376689,0.9285979511036297,0.008611035234039166,0.01
sweeps/phase2_opcode_js_temporal/runs/20260905T071012.063911Z_2fc5a36206e2_202609078,202609078,1,18000,earlier,0.9395708820486829,0.932748147674686,0.0068227343739969415,0.01
sweeps/phase2_opcode_js_temporal/runs/20260905T071012.063911Z_2fc5a36206e2_202609078,202609078,1,18500,earlier,0.9387865756994882,0.9264602486029744,0.012326327096513823,0.01
sweeps/phase2_opcode_js_temporal/runs/20260905T071012.063911Z_2fc5a36206e2_202609078,202609078,1,19000,earlier,0.9415594756060067,0.9315256232433328,0.010033852362673956,0.01
sweeps/phase2_opcode_js_temporal/runs/20260905T071012.063911Z_2fc5a36206e2_202609078,202609078,1,19500,earlier,0.9439637910659038,0.9355655426129977,0.008398248452906043,0.01
sweeps/phase2_opcode_js_temporal/runs/20260905T071012.063911Z_2fc5a36206e2_202609078,202609078,1,20000,earlier,0.9474458093581611,0.9387303864956125,0.008715422862548672,0.01
sweeps/phase2_opcode_js_temporal/runs/20260905T071012.063911Z_2fc5a36206e2_202609078,202609078,1,20500,earlier,0.9477606191954324,0.939586998394574,0.008173620800858372,0.01
sweeps/phase2_opcode_js_temporal/runs/20260905T071012.063911Z_2fc5a36206e2_202609078,202609078,1,21000,earlier,0.9446356536407974,0.938446270232345,0.006189383408452431,0.01
sweeps/phase2_opcode_js_temporal/runs/20260905T071012.063911Z_2fc5a36206e2_202609078,202609078,1,21500,earlier,0.9315682520476154,0.9228358864341748,0.008732365613440596,0.01
sweeps/phase2_opcode_js_temporal/runs/20260905T071012.063911Z_2fc5a36206e2_202609078,202609078,1,22000,earlier,0.9326537246295129,0.9204657159969438,0.01218800863256908,0.01
sweeps/phase2_opcode_js_temporal/runs/20260905T071012.063911Z_2fc5a36206e2_202609078,202609078,1,22500,earlier,0.9341010543846678,0.9169771111805254,0.017123943204142456,0.01
sweeps/phase2_opcode_js_temporal/runs/20260905T071012.063911Z_2fc5a36206e2_202609078,202609078,1,23000,earlier,0.9394013042413566,0.9271089213124772,0.012292382928879353,0.01
sweeps/phase2_opcode_js_temporal/runs/20260905T071012.063911Z_2fc5a36206e2_202609078,202609078,1,23500,earlier,0.9382605655029274,0.9263207993244391,0.011939766178488243,0.01
sweeps/phase2_opcode_js_temporal/runs/20260905T071012.063911Z_2fc5a36206e2_202609078,202609078,1,24000,earlier,0.9339312473955953,0.9225647861143906,0.011366461281204665,0.01
sweeps/phase2_opcode_js_temporal/runs/20260905T071012.063911Z_2fc5a36206e2_202609078,202609078,1,24500,earlier,0.9277817394005254,0.9163401112979562,0.011441628102569212,0.01
sweeps/phase2_opcode_js_temporal/runs/20260905T071012.063911Z_2fc5a36206e2_202609078,202609078,1,25000,earlier,0.9359213642778824,0.9264096408459682,0.009511723431914199,0.01
sweeps/phase2_opcode_js_temporal/runs/20260905T071012.063911Z_2fc5a36206e2_202609078,202609078,1,25500,earlier,0.9343742242035091,0.9266687703652393,0.007705453838269816,0.01
sweeps/phase2_opcode_js_temporal/runs/20260905T071012.063911Z_2fc5a36206e2_202609078,202609078,1,26000,earlier,0.9338251544228031,0.926066238923457,0.007758915499346153,0.01
sweeps/phase2_opcode_js_temporal/runs/20260905T071012.063911Z_2fc5a36206e2_202609078,202609078,1,26500,earlier,0.9330422397768624,0.9270585339628505,0.005983705814011864,0.01
sweeps/phase2_opcode_js_temporal/runs/20260905T071012.063911Z_2fc5a36206e2_202609078,202609078,1,27000,earlier,0.9356823024266434,0.9288619959555282,0.006820306471115201,0.01
sweeps/phase2_opcode_js_temporal/runs/20260905T071012.063911Z_2fc5a36206e2_202609078,202609078,1,27500,earlier,0.9397339732030023,0.9337191602178173,0.006014812985185025,0.01
sweeps/phase2_opcode_js_temporal/runs/20260905T071012.063911Z_2fc5a36206e2_202609078,202609078,1,28000,earlier,0.9446818337437167,0.9394450952675472,0.005236738476169567,0.01
sweeps/phase2_opcode_js_temporal/runs/20260905T071012.063911Z_2fc5a36206e2_202609078,202609078,1,28500,earlier,0.9462787601055448,0.9394450599673274,0.00683370013821738,0.01
sweeps/phase2_opcode_js_temporal/runs/20260905T071012.063911Z_2fc5a36206e2_202609078,202609078,1,29000,earlier,0.9403166470500258,0.9354891919036408,0.004827455146385051,0.01
sweeps/phase2_opcode_js_temporal/runs/20260905T071012.063911Z_2fc5a36206e2_202609078,202609078,1,29500,earlier,0.9346152508194724,0.9279990353992601,0.00661621542021229,0.01
sweeps/phase2_opcode_js_temporal/runs/20260905T071012.063911Z_2fc5a36206e2_202609078,202609078,1,30000,earlier,0.9305447536061643,0.9242501114162217,0.006294642189942579,0.01
sweeps/phase2_opcode_js_temporal/runs/20260905T071012.063911Z_2fc5a36206e2_202609078,202609078,1,30500,earlier,0.9257679809195254,0.9202040106575238,0.005563970262001616,0.01
sweeps/phase2_opcode_js_temporal/runs/20260905T071012.063911Z_2fc5a36206e2_202609078,202609078,1,31000,earlier,0.9359493145395512,0.9307727458686781,0.005176568670873127,0.01
sweeps/phase2_opcode_js_temporal/runs/20260905T071012.063911Z_2fc5a36206e2_202609078,202609078,1,31500,earlier,0.9342776061445244,0.918885463586725,0.015392142557799415,0.01
sweeps/phase2_opcode_js_temporal/runs/20260905T071012.063911Z_2fc5a36206e2_202609078,202609078,1,32000,earlier,0.9406381544370398,0.9293253122097843,0.011312842227255482,0.01
sweeps/phase2_opcode_js_temporal/runs/20260905T071012.063911Z_2fc5a36206e2_202609078,202609078,1,32500,earlier,0.9417555389693154,0.9338744572152232,0.00788108175409219,0.01
sweeps/phase2_opcode_js_temporal/runs/20260905T071012.063911Z_2fc5a36206e2_202609078,202609078,1,33000,earlier,0.9460932697086047,0.9380397582721051,0.008053511436499683,0.01
sweeps/phase2_opcode_js_temporal/runs/20260905T071012.063911Z_2fc5a36206e2_202609078,202609078,1,33500,earlier,0.9424660944404585,0.9380731380071616,0.004392956433296846,0.01
sweeps/phase2_opcode_js_temporal/runs/20260905T071012.063911Z_2fc5a36206e2_202609078,202609078,1,34000,earlier,0.9387567822333898,0.9317800422244904,0.0069767400088993625,0.01
sweeps/phase2_opcode_js_temporal/runs/20260905T071012.063911Z_2fc5a36206e2_202609078,202609078,1,34500,earlier,0.9382918225736956,0.930648635902631,0.007643186671064561,0.01
sweeps/phase2_opcode_js_temporal/runs/20260905T071012.063911Z_2fc5a36206e2_202609078,202609078,1,35000,earlier,0.9382356639465355,0.9319956548870965,0.006240009059439,0.01
sweeps/phase2_opcode_js_temporal/runs/20260905T071012.063911Z_2fc5a36206e2_202609078,202609078,1,35500,earlier,0.9385813998192285,0.9309815295521824,0.007599870267046116,0.01
sweeps/phase2_opcode_js_temporal/runs/20260905T071012.063911Z_2fc5a36206e2_202609078,202609078,1,36000,earlier,0.9391314305602201,0.9310128233838972,0.008118607176322845,0.01
sweeps/phase2_opcode_js_temporal/runs/20260905T071012.063911Z_2fc5a36206e2_202609078,202609078,1,36500,earlier,0.9422792737170437,0.9348104802040942,0.00746879351294949,0.01
sweeps/phase2_opcode_js_temporal/runs/20260905T071012.063911Z_2fc5a36206e2_202609078,202609078,1,37000,earlier,0.9428774545339003,0.9365334388931913,0.0063440156407089665,0.01
sweeps/phase2_opcode_js_temporal/runs/20260905T071012.063911Z_2fc5a36206e2_202609078,202609078,1,37500,earlier,0.9403423617745609,0.9346303074573609,0.0057120543172000104,0.01
sweeps/phase2_opcode_js_temporal/runs/20260905T071012.063911Z_2fc5a36206e2_202609078,202609078,1,38000,earlier,0.9408536217558504,0.9361434267598878,0.004710194995962591,0.01
sweeps/phase2_opcode_js_temporal/runs/20260905T071012.063911Z_2fc5a36206e2_202609078,202609078,1,38500,earlier,0.9401137188477928,0.9355839320672605,0.0045297867805322856,0.01
sweeps/phase2_opcode_js_temporal/runs/20260905T071012.063911Z_2fc5a36206e2_202609078,202609078,1,39000,earlier,0.9397883280811653,0.9361521901236378,0.0036361379575274855,0.01
sweeps/phase2_opcode_js_temporal/runs/20260905T071012.063911Z_2fc5a36206e2_202609078,202609078,1,39500,earlier,0.9419394420598061,0.9384500457430924,0.0034893963167136333,0.01
sweeps/phase2_opcode_js_temporal/runs/20260905T071012.063911Z_2fc5a36206e2_202609078,202609078,1,40000,earlier,0.944673178250471,0.9422637228245238,0.0024094554259472822,0.01
sweeps/phase2_opcode_js_temporal/runs/20260905T071012.063911Z_2fc5a36206e2_202609078,202609078,1,40500,earlier,0.9459174130295316,0.943626719731658,0.0022906932978735695,0.02
sweeps/phase2_opcode_js_temporal/runs/20260905T071012.063911Z_2fc5a36206e2_202609078,202609078,1,41000,earlier,0.9439923432922416,0.9431823461294749,0.0008099971627666402,0.25
sweeps/phase2_opcode_js_temporal/runs/20260905T071012.063911Z_2fc5a36206e2_202609078,202609078,1,41500,earlier,0.941540676140087,0.9397813789357535,0.001759297204333432,0.06
sweeps/phase2_opcode_js_temporal/runs/20260905T071012.063911Z_2fc5a36206e2_202609078,202609078,1,42000,earlier,0.9464700986651519,0.9428812634836868,0.003588835181465022,0.01
sweeps/phase2_opcode_js_temporal/runs/20260905T071012.063911Z_2fc5a36206e2_202609078,202609078,1,42500,earlier,0.9463587187543328,0.9390871479978581,0.007271570756474666,0.01
sweeps/phase2_opcode_js_temporal/runs/20260905T071012.063911Z_2fc5a36206e2_202609078,202609078,1,43000,earlier,0.948217408949821,0.9428680485811468,0.005349360368674172,0.01
sweeps/phase2_opcode_js_temporal/runs/20260905T071012.063911Z_2fc5a36206e2_202609078,202609078,1,43500,earlier,0.9436758925979658,0.9386123563689325,0.0050635362290333275,0.01
sweeps/phase2_opcode_js_temporal/runs/20260905T071012.063911Z_2fc5a36206e2_202609078,202609078,1,44000,earlier,0.9394493321374539,0.9337426113619687,0.0057067207754851745,0.01
sweeps/phase2_opcode_js_temporal/runs/20260905T071012.063911Z_2fc5a36206e2_202609078,202609078,1,44500,earlier,0.9438773145504745,0.9381845660162763,0.005692748534198211,0.01
sweeps/phase2_opcode_js_temporal/runs/20260905T071012.063911Z_2fc5a36206e2_202609078,202609078,1,45000,final,0.9392313685077043,0.9360467674364611,0.003184601071243187,0.02
sweeps/phase2_opcode_js_temporal/runs/20260905T071012.063911Z_2fc5a36206e2_202609078,202609078,1,45500,final,0.9422970895475691,0.9404446364242024,0.0018524531233666819,0.04
sweeps/phase2_opcode_js_temporal/runs/20260905T071012.063911Z_2fc5a36206e2_202609078,202609078,1,46000,final,0.9415398568787313,0.9391646229632703,0.002375233915461017,0.02
sweeps/phase2_opcode_js_temporal/runs/20260905T071012.063911Z_2fc5a36206e2_202609078,202609078,1,46500,final,0.9412273170055755,0.9387468316273884,0.002480485378187125,0.04
sweeps/phase2_opcode_js_temporal/runs/20260905T071012.063911Z_2fc5a36206e2_202609078,202609078,1,47000,final,0.9448735570828342,0.9418389962981715,0.0030345607846626876,0.01
sweeps/phase2_opcode_js_temporal/runs/20260905T071012.063911Z_2fc5a36206e2_202609078,202609078,1,47500,final,0.9456513008499732,0.9413708709677308,0.00428042988224242,0.01
sweeps/phase2_opcode_js_temporal/runs/20260905T071012.063911Z_2fc5a36206e2_202609078,202609078,1,48000,final,0.9458742412734535,0.941276591469673,0.004597649803780524,0.01
sweeps/phase2_opcode_js_temporal/runs/20260905T071012.063911Z_2fc5a36206e2_202609078,202609078,1,48500,final,0.9420282735777463,0.9348736699423748,0.00715460363537157,0.01
sweeps/phase2_opcode_js_temporal/runs/20260905T071012.063911Z_2fc5a36206e2_202609078,202609078,1,49000,final,0.9437190395122227,0.9364902503643974,0.007228789147825321,0.01
sweeps/phase2_opcode_js_temporal/runs/20260905T071012.063911Z_2fc5a36206e2_202609078,202609078,1,49500,final,0.948210573459374,0.9436866397315131,0.004523933727860863,0.01
sweeps/phase2_opcode_js_temporal/runs/20260905T071012.064871Z_94e027f2582c_202609079,202609079,1,0,earlier,0.9688627521562422,0.9685897741204276,0.00027297803581460833,0.09
sweeps/phase2_opcode_js_temporal/runs/20260905T071012.064871Z_94e027f2582c_202609079,202609079,1,500,earlier,0.9624787052059159,0.9615047272161699,0.0009739779897460776,0.01
sweeps/phase2_opcode_js_temporal/runs/20260905T071012.064871Z_94e027f2582c_202609079,202609079,1,1000,earlier,0.9581516240942916,0.9559912172214641,0.0021604068728274806,0.01
sweeps/phase2_opcode_js_temporal/runs/20260905T071012.064871Z_94e027f2582c_202609079,202609079,1,1500,earlier,0.9492108998696436,0.9443126004071318,0.004898299462511746,0.01
sweeps/phase2_opcode_js_temporal/runs/20260905T071012.064871Z_94e027f2582c_202609079,202609079,1,2000,earlier,0.9445075272900163,0.9375084378902001,0.006999089399816194,0.01
sweeps/phase2_opcode_js_temporal/runs/20260905T071012.064871Z_94e027f2582c_202609079,202609079,1,2500,earlier,0.9444317727479604,0.9391016944886746,0.005330078259285775,0.01
sweeps/phase2_opcode_js_temporal/runs/20260905T071012.064871Z_94e027f2582c_202609079,202609079,1,3000,earlier,0.9405949202144133,0.93622192719936,0.004372993015053228,0.01
sweeps/phase2_opcode_js_temporal/runs/20260905T071012.064871Z_94e027f2582c_202609079,202609079,1,3500,earlier,0.94524918119526,0.9403573537781721,0.004891827417087935,0.01
sweeps/phase2_opcode_js_temporal/runs/20260905T071012.064871Z_94e027f2582c_202609079,202609079,1,4000,earlier,0.9382117150690099,0.9321994124458144,0.00601230262319552,0.01
sweeps/phase2_opcode_js_temporal/runs/20260905T071012.064871Z_94e027f2582c_202609079,202609079,1,4500,earlier,0.9365456634389318,0.9292152556098552,0.007330407829076568,0.01
sweeps/phase2_opcode_js_temporal/runs/20260905T071012.064871Z_94e027f2582c_202609079,202609079,1,5000,earlier,0.9386945363074575,0.9317148187043597,0.00697971760309779,0.01
sweeps/phase2_opcode_js_temporal/runs/20260905T071012.064871Z_94e027f2582c_202609079,202609079,1,5500,earlier,0.9405788081935779,0.9341682220681452,0.00641058612543266,0.01
sweeps/phase2_opcode_js_temporal/runs/20260905T071012.064871Z_94e027f2582c_202609079,202609079,1,6000,earlier,0.9336135485072674,0.9284281241290375,0.005185424378229886,0.01
sweeps/phase2_opcode_js_temporal/runs/20260905T071012.064871Z_94e027f2582c_202609079,202609079,1,6500,earlier,0.9365367804965025,0.9284363732126669,0.008100407283835542,0.01
sweeps/phase2_opcode_js_temporal/runs/20260905T071012.064871Z_94e027f2582c_202609079,202609079,1,7000,earlier,0.9355676079538788,0.9271825829372675,0.008385025016611314,0.01
sweeps/phase2_opcode_js_temporal/runs/20260905T071012.064871Z_94e027f2582c_202609079,202609079,1,7500,earlier,0.9360075490995086,0.9267285568664959,0.00927899223301265,0.01
sweeps/phase2_opcode_js_temporal/runs/20260905T071012.064871Z_94e027f2582c_202609079,202609079,1,8000,earlier,0.9347554835589147,0.926883076125169,0.007872407433745732,0.01
sweeps/phase2_opcode_js_temporal/runs/20260905T071012.064871Z_94e027f2582c_202609079,202609079,1,8500,earlier,0.935856947225541,0.9291440939388627,0.006712853286678366,0.01
sweeps/phase2_opcode_js_temporal/runs/20260905T071012.064871Z_94e027f2582c_202609079,202609079,1,9000,earlier,0.9402445569609275,0.9351223813591399,0.005122175601787515,0.01
sweeps/phase2_opcode_js_temporal/runs/20260905T071012.064871Z_94e027f2582c_202609079,202609079,1,9500,earlier,0.9383117078948047,0.9295658010976873,0.008745906797117398,0.01
sweeps/phase2_opcode_js_temporal/runs/20260905T071012.064871Z_94e027f2582c_202609079,202609079,1,10000,earlier,0.9403884452316517,0.9340420603573517,0.0063463848742999485,0.01
sweeps/phase2_opcode_js_temporal/runs/20260905T071012.064871Z_94e027f2582c_202609079,202609079,1,10500,earlier,0.94601288539071,0.9411243172899479,0.004888568100762103,0.01
sweeps/phase2_opcode_js_temporal/runs/20260905T071012.064871Z_94e027f2582c_202609079,202609079,1,11000,earlier,0.9496198488820994,0.9421628004475924,0.007457048434507008,0.01
sweeps/phase2_opcode_js_temporal/runs/20260905T071012.064871Z_94e027f2582c_202609079,202609079,1,11500,earlier,0.9407562302804324,0.9364785498792669,0.004277680401165496,0.01
sweeps/phase2_opcode_js_temporal/runs/20260905T071012.064871Z_94e027f2582c_202609079,202609079,1,12000,earlier,0.9464525423710803,0.9405768778111038,0.005875664559976568,0.01
sweeps/phase2_opcode_js_temporal/runs/20260905T071012.064871Z_94e027f2582c_202609079,202609079,1,12500,earlier,0.9458495592340388,0.9392526569854771,0.006596902248561687,0.01
sweeps/phase2_opcode_js_temporal/runs/20260905T071012.064871Z_94e027f2582c_202609079,202609079,1,13000,earlier,0.9475261120887314,0.9415524476070458,0.00597366448168557,0.01
sweeps/phase2_opcode_js_temporal/runs/20260905T071012.064871Z_94e027f2582c_202609079,202609079,1,13500,earlier,0.9482267149490821,0.9439478308859232,0.004278884063158905,0.01
sweeps/phase2_opcode_js_temporal/runs/20260905T071012.064871Z_94e027f2582c_202609079,202609079,1,14000,earlier,0.944079434430562,0.9413471844897139,0.002732249940848086,0.01
sweeps/phase2_opcode_js_temporal/runs/20260905T071012.064871Z_94e027f2582c_202609079,202609079,1,14500,earlier,0.9377828533448647,0.9367602111905015,0.001022642154363207,0.2
sweeps/phase2_opcode_js_temporal/runs/20260905T071012.064871Z_94e027f2582c_202609079,202609079,1,15000,earlier,0.9443722565396625,0.9424974083728893,0.0018748481667731909,0.03
sweeps/phase2_opcode_js_temporal/runs/20260905T071012.064871Z_94e027f2582c_202609079,202609079,1,15500,earlier,0.9391503953918592,0.9343997013257141,0.004750694066145034,0.01
sweeps/phase2_opcode_js_temporal/runs/20260905T071012.064871Z_94e027f2582c_202609079,202609079,1,16000,earlier,0.9401250239235274,0.937495222255681,0.002629801667846321,0.02
sweeps/phase2_opcode_js_temporal/runs/20260905T071012.064871Z_94e027f2582c_202609079,202609079,1,16500,earlier,0.9466662041613276,0.9440148747453256,0.0026513294160019907,0.01
sweeps/phase2_opcode_js_temporal/runs/20260905T071012.064871Z_94e027f2582c_202609079,202609079,1,17000,earlier,0.9394030724910136,0.9359670265079589,0.003436045983054692,0.01
sweeps/phase2_opcode_js_temporal/runs/20260905T071012.064871Z_94e027f2582c_202609079,202609079,1,17500,earlier,0.9362603557355765,0.9307171230642294,0.005543232671347154,0.01
sweeps/phase2_opcode_js_temporal/runs/20260905T071012.064871Z_94e027f2582c_202609079,202609079,1,18000,earlier,0.9341003899664155,0.9274708755967621,0.006629514369653422,0.01
sweeps/phase2_opcode_js_temporal/runs/20260905T071012.064871Z_94e027f2582c_202609079,202609079,1,18500,earlier,0.9396734949366844,0.930824498588416,0.008848996348268412,0.01
sweeps/phase2_opcode_js_temporal/runs/20260905T071012.064871Z_94e027f2582c_202609079,202609079,1,19000,earlier,0.9386978438591357,0.9303239084228064,0.00837393543632925,0.01
sweeps/phase2_opcode_js_temporal/runs/20260905T071012.064871Z_94e027f2582c_202609079,202609079,1,19500,earlier,0.9384749629952229,0.9313445679820795,0.007130395013143387,0.01
sweeps/phase2_opcode_js_temporal/runs/20260905T071012.064871Z_94e027f2582c_202609079,202609079,1,20000,earlier,0.9352485118618187,0.9256565620773476,0.009591949784471088,0.01
sweeps/phase2_opcode_js_temporal/runs/20260905T071012.064871Z_94e027f2582c_202609079,202609079,1,20500,earlier,0.940289535319283,0.9312571725685908,0.009032362750692302,0.01
sweeps/phase2_opcode_js_temporal/runs/20260905T071012.064871Z_94e027f2582c_202609079,202609079,1,21000,earlier,0.9420294817005989,0.936511822714559,0.005517658986039842,0.01
sweeps/phase2_opcode_js_temporal/runs/20260905T071012.064871Z_94e027f2582c_202609079,202609079,1,21500,earlier,0.9450073931962111,0.9393900945357491,0.005617298660462011,0.01
sweeps/phase2_opcode_js_temporal/runs/20260905T071012.064871Z_94e027f2582c_202609079,202609079,1,22000,earlier,0.9445533946353212,0.9397848963459605,0.0047684982893606565,0.01
sweeps/phase2_opcode_js_temporal/runs/20260905T071012.064871Z_94e027f2582c_202609079,202609079,1,22500,earlier,0.9429266117869375,0.9391275905825283,0.0037990212044092253,0.01
sweeps/phase2_opcode_js_temporal/runs/20260905T071012.064871Z_94e027f2582c_202609079,202609079,1,23000,earlier,0.9425510764617189,0.9377341217818219,0.0048169546798969565,0.01
sweeps/phase2_opcode_js_temporal/runs/20260905T071012.064871Z_94e027f2582c_202609079,202609079,1,23500,earlier,0.9401679529760347,0.9345459115878915,0.005622041388143262,0.01
sweeps/phase2_opcode_js_temporal/runs/20260905T071012.064871Z_94e027f2582c_202609079,202609079,1,24000,earlier,0.9373259555188599,0.930587683876655,0.006738271642204863,0.01
sweeps/phase2_opcode_js_temporal/runs/20260905T071012.064871Z_94e027f2582c_202609079,202609079,1,24500,earlier,0.9254910184993023,0.9124492270338657,0.013041791465436603,0.01
sweeps/phase2_opcode_js_temporal/runs/20260905T071012.064871Z_94e027f2582c_202609079,202609079,1,25000,earlier,0.9268448032959009,0.915975689556564,0.010869113739336855,0.01
sweeps/phase2_opcode_js_temporal/runs/20260905T071012.064871Z_94e027f2582c_202609079,202609079,1,25500,earlier,0.9386336656928633,0.9310707297854849,0.007562935907378443,0.01
sweeps/phase2_opcode_js_temporal/runs/20260905T071012.064871Z_94e027f2582c_202609079,202609079,1,26000,earlier,0.9443971185294391,0.9377416884413236,0.006655430088115533,0.01
sweeps/phase2_opcode_js_temporal/runs/20260905T071012.064871Z_94e027f2582c_202609079,202609079,1,26500,earlier,0.9402309646216502,0.9269018442069417,0.013329120414708573,0.01
sweeps/phase2_opcode_js_temporal/runs/20260905T071012.064871Z_94e027f2582c_202609079,202609079,1,27000,earlier,0.9351981074715395,0.9238922242683894,0.01130588320315018,0.01
sweeps/phase2_opcode_js_temporal/runs/20260905T071012.064871Z_94e027f2582c_202609079,202609079,1,27500,earlier,0.935291176920198,0.9280579557584288,0.0072332211617692765,0.01
sweeps/phase2_opcode_js_temporal/runs/20260905T071012.064871Z_94e027f2582c_202609079,202609079,1,28000,earlier,0.9391411263251555,0.9318957164976226,0.007245409827532856,0.01
sweeps/phase2_opcode_js_temporal/runs/20260905T071012.064871Z_94e027f2582c_202609079,202609079,1,28500,earlier,0.9413475502948098,0.9348216018243133,0.006525948470496479,0.01
sweeps/phase2_opcode_js_temporal/runs/20260905T071012.064871Z_94e027f2582c_202609079,202609079,1,29000,earlier,0.9451954544539874,0.9393869266131111,0.005808527840876376,0.01
sweeps/phase2_opcode_js_temporal/runs/20260905T071012.064871Z_94e027f2582c_202609079,202609079,1,29500,earlier,0.9433052742750919,0.9388471746395436,0.004458099635548329,0.01
sweeps/phase2_opcode_js_temporal/runs/20260905T071012.064871Z_94e027f2582c_202609079,202609079,1,30000,earlier,0.9417416379309795,0.9365528698941825,0.00518876803679702,0.01
sweeps/phase2_opcode_js_temporal/runs/20260905T071012.064871Z_94e027f2582c_202609079,202609079,1,30500,earlier,0.9393132128817915,0.9367473970181153,0.002565815863676213,0.02
sweeps/phase2_opcode_js_temporal/runs/20260905T071012.064871Z_94e027f2582c_202609079,202609079,1,31000,earlier,0.9412423954102578,0.9385020763108503,0.002740319099407529,0.02
sweeps/phase2_opcode_js_temporal/runs/20260905T071012.064871Z_94e027f2582c_202609079,202609079,1,31500,earlier,0.9436511590556418,0.9413653335812424,0.0022858254743993722,0.06
sweeps/phase2_opcode_js_temporal/runs/20260905T071012.064871Z_94e027f2582c_202609079,202609079,1,32000,earlier,0.9436427715001686,0.9400477809210755,0.0035949905790930714,0.01
sweeps/phase2_opcode_js_temporal/runs/20260905T071012.064871Z_94e027f2582c_202609079,202609079,1,32500,earlier,0.9431029510097291,0.9365814680335498,0.006521482976179271,0.01
sweeps/phase2_opcode_js_temporal/runs/20260905T071012.064871Z_94e027f2582c_202609079,202609079,1,33000,earlier,0.9347880650920645,0.9290476561553495,0.0057404089367150135,0.01
sweeps/phase2_opcode_js_temporal/runs/20260905T071012.064871Z_94e027f2582c_202609079,202609079,1,33500,earlier,0.9227128098905367,0.9150870073535836,0.007625802536953108,0.01
sweeps/phase2_opcode_js_temporal/runs/20260905T071012.064871Z_94e027f2582c_202609079,202609079,1,34000,earlier,0.9289939705539958,0.9257440825245576,0.0032498880294381527,0.05
sweeps/phase2_opcode_js_temporal/runs/20260905T071012.064871Z_94e027f2582c_202609079,202609079,1,34500,earlier,0.9362005355338954,0.9293379439057975,0.0068625916280978805,0.01
sweeps/phase2_opcode_js_temporal/runs/20260905T071012.064871Z_94e027f2582c_202609079,202609079,1,35000,earlier,0.9384672097846801,0.9315129183829856,0.006954291401694568,0.01
sweeps/phase2_opcode_js_temporal/runs/20260905T071012.064871Z_94e027f2582c_202609079,202609079,1,35500,earlier,0.9465899312476748,0.9426316511674446,0.0039582800802301366,0.01
sweeps/phase2_opcode_js_temporal/runs/20260905T071012.064871Z_94e027f2582c_202609079,202609079,1,36000,earlier,0.9352723878182674,0.9329457844935686,0.002326603324698806,0.07
sweeps/phase2_opcode_js_temporal/runs/20260905T071012.064871Z_94e027f2582c_202609079,202609079,1,36500,earlier,0.9381265426011289,0.9300805702575787,0.0080459723435502,0.01
sweeps/phase2_opcode_js_temporal/runs/20260905T071012.064871Z_94e027f2582c_202609079,202609079,1,37000,earlier,0.9385750863293807,0.9307467752756873,0.007828311053693415,0.01
sweeps/phase2_opcode_js_temporal/runs/20260905T071012.064871Z_94e027f2582c_202609079,202609079,1,37500,earlier,0.9256675119757906,0.913844046959056,0.011823465016734591,0.01
sweeps/phase2_opcode_js_temporal/runs/20260905T071012.064871Z_94e027f2582c_202609079,202609079,1,38000,earlier,0.9300571516373152,0.9183606236980301,0.011696527939285106,0.01
sweeps/phase2_opcode_js_temporal/runs/20260905T071012.064871Z_94e027f2582c_202609079,202609079,1,38500,earlier,0.9394510654771954,0.9311057670651077,0.008345298412087643,0.01
sweeps/phase2_opcode_js_temporal/runs/20260905T071012.064871Z_94e027f2582c_202609079,202609079,1,39000,earlier,0.9455067361673366,0.9382670148200202,0.00723972134731643,0.01
sweeps/phase2_opcode_js_temporal/runs/20260905T071012.064871Z_94e027f2582c_202609079,202609079,1,39500,earlier,0.9453390110179498,0.9391297607437841,0.006209250274165745,0.01
sweeps/phase2_opcode_js_temporal/runs/20260905T071012.064871Z_94e027f2582c_202609079,202609079,1,40000,earlier,0.9409298764002261,0.936655374529867,0.004274501870359049,0.01
sweeps/phase2_opcode_js_temporal/runs/20260905T071012.064871Z_94e027f2582c_202609079,202609079,1,40500,earlier,0.9449914887719675,0.9374496958614644,0.0075417929105030534,0.01
sweeps/phase2_opcode_js_temporal/runs/20260905T071012.064871Z_94e027f2582c_202609079,202609079,1,41000,earlier,0.9450644512186142,0.9372076340428798,0.007856817175734387,0.01
sweeps/phase2_opcode_js_temporal/runs/20260905T071012.064871Z_94e027f2582c_202609079,202609079,1,41500,earlier,0.9491480630847822,0.945482248090103,0.0036658149946792173,0.01
sweeps/phase2_opcode_js_temporal/runs/20260905T071012.064871Z_94e027f2582c_202609079,202609079,1,42000,earlier,0.9524086045259333,0.9493687537117353,0.0030398508141979974,0.01
sweeps/phase2_opcode_js_temporal/runs/20260905T071012.064871Z_94e027f2582c_202609079,202609079,1,42500,earlier,0.9524999382971545,0.9494581602716833,0.0030417780254712312,0.01
sweeps/phase2_opcode_js_temporal/runs/20260905T071012.064871Z_94e027f2582c_202609079,202609079,1,43000,earlier,0.9535635324367392,0.9506734278355582,0.0028901046011809983,0.01
sweeps/phase2_opcode_js_temporal/runs/20260905T071012.064871Z_94e027f2582c_202609079,202609079,1,43500,earlier,0.9509756749565519,0.9462953996600032,0.004680275296548686,0.01
sweeps/phase2_opcode_js_temporal/runs/20260905T071012.064871Z_94e027f2582c_202609079,202609079,1,44000,earlier,0.9487111828945118,0.9422097161711304,0.006501466723381477,0.01
sweeps/phase2_opcode_js_temporal/runs/20260905T071012.064871Z_94e027f2582c_202609079,202609079,1,44500,earlier,0.9423852881383311,0.9312064478487612,0.011178840289569947,0.01
sweeps/phase2_opcode_js_temporal/runs/20260905T071012.064871Z_94e027f2582c_202609079,202609079,1,45000,final,0.945700962748679,0.9352942233032704,0.010406739445408597,0.01
sweeps/phase2_opcode_js_temporal/runs/20260905T071012.064871Z_94e027f2582c_202609079,202609079,1,45500,final,0.946572215369337,0.9405501632319356,0.006022052137401368,0.01
sweeps/phase2_opcode_js_temporal/runs/20260905T071012.064871Z_94e027f2582c_202609079,202609079,1,46000,final,0.9419631222205562,0.9333904101417364,0.008572712078819822,0.01
sweeps/phase2_opcode_js_temporal/runs/20260905T071012.064871Z_94e027f2582c_202609079,202609079,1,46500,final,0.942644135926392,0.9355185720252808,0.007125563901111187,0.01
sweeps/phase2_opcode_js_temporal/runs/20260905T071012.064871Z_94e027f2582c_202609079,202609079,1,47000,final,0.9432187133756752,0.9368722804922669,0.006346432883408304,0.01
sweeps/phase2_opcode_js_temporal/runs/20260905T071012.064871Z_94e027f2582c_202609079,202609079,1,47500,final,0.9452372715709005,0.9363833180796496,0.008853953491250954,0.01
sweeps/phase2_opcode_js_temporal/runs/20260905T071012.064871Z_94e027f2582c_202609079,202609079,1,48000,final,0.9484410723211355,0.9395216072040113,0.008919465117124159,0.01
sweeps/phase2_opcode_js_temporal/runs/20260905T071012.064871Z_94e027f2582c_202609079,202609079,1,48500,final,0.9492679763113895,0.9420501885958382,0.00721778771555126,0.01
sweeps/phase2_opcode_js_temporal/runs/20260905T071012.064871Z_94e027f2582c_202609079,202609079,1,49000,final,0.9479617472365923,0.9430799257787071,0.004881821457885183,0.01
sweeps/phase2_opcode_js_temporal/runs/20260905T071012.064871Z_94e027f2582c_202609079,202609079,1,49500,final,0.940756473402389,0.9381565171920541,0.0025999562103349305,0.05
sweeps/phase2_opcode_js_temporal/runs/20260905T164009.857017Z_12bf232a9832_202609070,202609070,8,0,earlier,0.968415075854068,0.9683932948582993,2.1780995768772016e-05,0.51
sweeps/phase2_opcode_js_temporal/runs/20260905T164009.857017Z_12bf232a9832_202609070,202609070,8,500,earlier,0.9376433375925699,0.9356720095858028,0.001971328006767137,0.06
sweeps/phase2_opcode_js_temporal/runs/20260905T164009.857017Z_12bf232a9832_202609070,202609070,8,1000,earlier,0.9149633643990042,0.9122546491942153,0.0027087152047888807,0.06
sweeps/phase2_opcode_js_temporal/runs/20260905T164009.857017Z_12bf232a9832_202609070,202609070,8,1500,earlier,0.9106815542004503,0.9086294928379218,0.0020520613625284456,0.02
sweeps/phase2_opcode_js_temporal/runs/20260905T164009.857017Z_12bf232a9832_202609070,202609070,8,2000,earlier,0.9088761681453114,0.9053049065805919,0.00357126156471943,0.01
sweeps/phase2_opcode_js_temporal/runs/20260905T164009.857017Z_12bf232a9832_202609070,202609070,8,2500,earlier,0.9186015664154051,0.916699840913048,0.0019017255023571211,0.05
sweeps/phase2_opcode_js_temporal/runs/20260905T164009.857017Z_12bf232a9832_202609070,202609070,8,3000,earlier,0.9228110893686006,0.920709299991178,0.0021017893774225582,0.04
sweeps/phase2_opcode_js_temporal/runs/20260905T164009.857017Z_12bf232a9832_202609070,202609070,8,3500,earlier,0.9266198922352958,0.9275107404107646,-0.0008908481754688058,0.82
sweeps/phase2_opcode_js_temporal/runs/20260905T164009.857017Z_12bf232a9832_202609070,202609070,8,4000,earlier,0.9286907425856469,0.929322859453898,-0.0006321168682511535,0.71
sweeps/phase2_opcode_js_temporal/runs/20260905T164009.857017Z_12bf232a9832_202609070,202609070,8,4500,earlier,0.9258630264635729,0.9249431773828296,0.0009198490807432735,0.17
sweeps/phase2_opcode_js_temporal/runs/20260905T164009.857017Z_12bf232a9832_202609070,202609070,8,5000,earlier,0.9180422698818792,0.9177926250135252,0.00024964486835399313,0.36
sweeps/phase2_opcode_js_temporal/runs/20260905T164009.857017Z_12bf232a9832_202609070,202609070,8,5500,earlier,0.9245669354308778,0.9249652425062561,-0.00039830707537835686,0.73
sweeps/phase2_opcode_js_temporal/runs/20260905T164009.857017Z_12bf232a9832_202609070,202609070,8,6000,earlier,0.9272024251471738,0.9261296602242657,0.0010727649229080871,0.16
sweeps/phase2_opcode_js_temporal/runs/20260905T164009.857017Z_12bf232a9832_202609070,202609070,8,6500,earlier,0.9180152138816993,0.9177320703579779,0.0002831435237213853,0.45
sweeps/phase2_opcode_js_temporal/runs/20260905T164009.857017Z_12bf232a9832_202609070,202609070,8,7000,earlier,0.9083537525678961,0.9079227856558616,0.00043096691203448056,0.37
sweeps/phase2_opcode_js_temporal/runs/20260905T164009.857017Z_12bf232a9832_202609070,202609070,8,7500,earlier,0.9170594802193464,0.91594009748535,0.0011193827339963658,0.16
sweeps/phase2_opcode_js_temporal/runs/20260905T164009.857017Z_12bf232a9832_202609070,202609070,8,8000,earlier,0.9207298119348694,0.9189172490954173,0.001812562839452081,0.03
sweeps/phase2_opcode_js_temporal/runs/20260905T164009.857017Z_12bf232a9832_202609070,202609070,8,8500,earlier,0.9187018107574635,0.9174514262811754,0.0012503844762881133,0.07
sweeps/phase2_opcode_js_temporal/runs/20260905T164009.857017Z_12bf232a9832_202609070,202609070,8,9000,earlier,0.9264337969587737,0.925548232713559,0.0008855642452146872,0.22
sweeps/phase2_opcode_js_temporal/runs/20260905T164009.857017Z_12bf232a9832_202609070,202609070,8,9500,earlier,0.9364083458501882,0.9356948275294049,0.0007135183207832574,0.11
sweeps/phase2_opcode_js_temporal/runs/20260905T164009.857017Z_12bf232a9832_202609070,202609070,8,10000,earlier,0.9294064897038267,0.9288545204929702,0.0005519692108564289,0.33
sweeps/phase2_opcode_js_temporal/runs/20260905T164009.857017Z_12bf232a9832_202609070,202609070,8,10500,earlier,0.9288679007775534,0.9289325268985545,-6.462612100111009e-05,0.58
sweeps/phase2_opcode_js_temporal/runs/20260905T164009.857017Z_12bf232a9832_202609070,202609070,8,11000,earlier,0.9264806461692067,0.9265748061396328,-9.415997042616642e-05,0.52
sweeps/phase2_opcode_js_temporal/runs/20260905T164009.857017Z_12bf232a9832_202609070,202609070,8,11500,earlier,0.9154285940139851,0.9152475508491584,0.0001810431648266997,0.38
sweeps/phase2_opcode_js_temporal/runs/20260905T164009.857017Z_12bf232a9832_202609070,202609070,8,12000,earlier,0.9278271481307735,0.9294177984373059,-0.0015906503065323818,0.98
sweeps/phase2_opcode_js_temporal/runs/20260905T164009.857017Z_12bf232a9832_202609070,202609070,8,12500,earlier,0.9257219822234639,0.9262565328869031,-0.000534550663439215,0.78
sweeps/phase2_opcode_js_temporal/runs/20260905T164009.857017Z_12bf232a9832_202609070,202609070,8,13000,earlier,0.9207733091329311,0.9221590710111034,-0.001385761878172298,0.95
sweeps/phase2_opcode_js_temporal/runs/20260905T164009.857017Z_12bf232a9832_202609070,202609070,8,13500,earlier,0.9252562009673797,0.9268943278160077,-0.0016381268486279632,0.98
sweeps/phase2_opcode_js_temporal/runs/20260905T164009.857017Z_12bf232a9832_202609070,202609070,8,14000,earlier,0.924195002207908,0.9255168992531156,-0.0013218970452076872,0.89
sweeps/phase2_opcode_js_temporal/runs/20260905T164009.857017Z_12bf232a9832_202609070,202609070,8,14500,earlier,0.9219321921169208,0.9224355510921436,-0.0005033589752228007,0.72
sweeps/phase2_opcode_js_temporal/runs/20260905T164009.857017Z_12bf232a9832_202609070,202609070,8,15000,earlier,0.9296394489897386,0.9298147432867953,-0.00017529429705664956,0.56
sweeps/phase2_opcode_js_temporal/runs/20260905T164009.857017Z_12bf232a9832_202609070,202609070,8,15500,earlier,0.9267951844407655,0.9260257373271331,0.00076944711363236,0.22
sweeps/phase2_opcode_js_temporal/runs/20260905T164009.857017Z_12bf232a9832_202609070,202609070,8,16000,earlier,0.911455531743707,0.9104488338806098,0.0010066978630971501,0.2
sweeps/phase2_opcode_js_temporal/runs/20260905T164009.857017Z_12bf232a9832_202609070,202609070,8,16500,earlier,0.9096134660342897,0.9103782168441837,-0.0007647508098940214,0.73
sweeps/phase2_opcode_js_temporal/runs/20260905T164009.857017Z_12bf232a9832_202609070,202609070,8,17000,earlier,0.914749472650496,0.9151314122670908,-0.00038193961659482856,0.64
sweeps/phase2_opcode_js_temporal/runs/20260905T164009.857017Z_12bf232a9832_202609070,202609070,8,17500,earlier,0.9239248763764182,0.9239727389967757,-4.786262035749722e-05,0.54
sweeps/phase2_opcode_js_temporal/runs/20260905T164009.857017Z_12bf232a9832_202609070,202609070,8,18000,earlier,0.9222099484657316,0.9223947958584346,-0.00018484739270308026,0.58
sweeps/phase2_opcode_js_temporal/runs/20260905T164009.857017Z_12bf232a9832_202609070,202609070,8,18500,earlier,0.9216878743784149,0.9233097592564912,-0.0016218848780762407,0.93
sweeps/phase2_opcode_js_temporal/runs/20260905T164009.857017Z_12bf232a9832_202609070,202609070,8,19000,earlier,0.9214189354581854,0.9225214545606897,-0.0011025191025042513,0.79
sweeps/phase2_opcode_js_temporal/runs/20260905T164009.857017Z_12bf232a9832_202609070,202609070,8,19500,earlier,0.9244417899383609,0.9222335795627495,0.0022082103756113636,0.08
sweeps/phase2_opcode_js_temporal/runs/20260905T164009.857017Z_12bf232a9832_202609070,202609070,8,20000,earlier,0.943029761125573,0.9407515327492335,0.0022782283763395084,0.01
sweeps/phase2_opcode_js_temporal/runs/20260905T164009.857017Z_12bf232a9832_202609070,202609070,8,20500,earlier,0.9340619684834688,0.9341578823117388,-9.591382827001116e-05,0.59
sweeps/phase2_opcode_js_temporal/runs/20260905T164009.857017Z_12bf232a9832_202609070,202609070,8,21000,earlier,0.9282690842357357,0.9265770288469635,0.0016920553887722622,0.1
sweeps/phase2_opcode_js_temporal/runs/20260905T164009.857017Z_12bf232a9832_202609070,202609070,8,21500,earlier,0.9303163545868145,0.9289266888712822,0.00138966571553234,0.07
sweeps/phase2_opcode_js_temporal/runs/20260905T164009.857017Z_12bf232a9832_202609070,202609070,8,22000,earlier,0.9355404893516943,0.933951323397049,0.0015891659546453107,0.03
sweeps/phase2_opcode_js_temporal/runs/20260905T164009.857017Z_12bf232a9832_202609070,202609070,8,22500,earlier,0.9339510988859784,0.9331521098894076,0.0007989889965708263,0.23
sweeps/phase2_opcode_js_temporal/runs/20260905T164009.857017Z_12bf232a9832_202609070,202609070,8,23000,earlier,0.9317423905410651,0.9308025362217224,0.0009398543193427367,0.19
sweeps/phase2_opcode_js_temporal/runs/20260905T164009.857017Z_12bf232a9832_202609070,202609070,8,23500,earlier,0.9335064731322211,0.9330820700796664,0.00042440305255475597,0.37
sweeps/phase2_opcode_js_temporal/runs/20260905T164009.857017Z_12bf232a9832_202609070,202609070,8,24000,earlier,0.931119361650881,0.9311735514196192,-5.41897687381665e-05,0.53
sweeps/phase2_opcode_js_temporal/runs/20260905T164009.857017Z_12bf232a9832_202609070,202609070,8,24500,earlier,0.933167489268276,0.9309889843040082,0.0021785049642677468,0.01
sweeps/phase2_opcode_js_temporal/runs/20260905T164009.857017Z_12bf232a9832_202609070,202609070,8,25000,earlier,0.9248090334306638,0.9234367897453485,0.0013722436853152997,0.17
sweeps/phase2_opcode_js_temporal/runs/20260905T164009.857017Z_12bf232a9832_202609070,202609070,8,25500,earlier,0.9279336305451411,0.9281910044199299,-0.0002573738747887466,0.61
sweeps/phase2_opcode_js_temporal/runs/20260905T164009.857017Z_12bf232a9832_202609070,202609070,8,26000,earlier,0.9240976667733922,0.9213832571592696,0.002714409614122615,0.01
sweeps/phase2_opcode_js_temporal/runs/20260905T164009.857017Z_12bf232a9832_202609070,202609070,8,26500,earlier,0.9251770845972702,0.9248163945968114,0.0003606900004587965,0.35
sweeps/phase2_opcode_js_temporal/runs/20260905T164009.857017Z_12bf232a9832_202609070,202609070,8,27000,earlier,0.9276074092437107,0.926042245776188,0.0015651634675226678,0.06
sweeps/phase2_opcode_js_temporal/runs/20260905T164009.857017Z_12bf232a9832_202609070,202609070,8,27500,earlier,0.9236002915418966,0.9211092524318935,0.002491039110003146,0.02
sweeps/phase2_opcode_js_temporal/runs/20260905T164009.857017Z_12bf232a9832_202609070,202609070,8,28000,earlier,0.9062386905471608,0.905580106691773,0.000658583855387751,0.36
sweeps/phase2_opcode_js_temporal/runs/20260905T164009.857017Z_12bf232a9832_202609070,202609070,8,28500,earlier,0.9058645063045385,0.9040731666825661,0.001791339621972421,0.16
sweeps/phase2_opcode_js_temporal/runs/20260905T164009.857017Z_12bf232a9832_202609070,202609070,8,29000,earlier,0.9123689551297361,0.9118478021347909,0.000521152994945262,0.41
sweeps/phase2_opcode_js_temporal/runs/20260905T164009.857017Z_12bf232a9832_202609070,202609070,8,29500,earlier,0.9111177998667926,0.909825256435483,0.0012925434313096895,0.16
sweeps/phase2_opcode_js_temporal/runs/20260905T164009.857017Z_12bf232a9832_202609070,202609070,8,30000,earlier,0.8969389601654612,0.8964460887360305,0.0004928714294306635,0.39
sweeps/phase2_opcode_js_temporal/runs/20260905T164009.857017Z_12bf232a9832_202609070,202609070,8,30500,earlier,0.8977041580174874,0.8978322982341629,-0.00012814021667550968,0.49
sweeps/phase2_opcode_js_temporal/runs/20260905T164009.857017Z_12bf232a9832_202609070,202609070,8,31000,earlier,0.9071253435008833,0.9069052173041571,0.00022012619672617806,0.41
sweeps/phase2_opcode_js_temporal/runs/20260905T164009.857017Z_12bf232a9832_202609070,202609070,8,31500,earlier,0.9171505595812295,0.9169559075758911,0.00019465200533841376,0.43
sweeps/phase2_opcode_js_temporal/runs/20260905T164009.857017Z_12bf232a9832_202609070,202609070,8,32000,earlier,0.9221022470889167,0.9220178511139709,8.439597494580564e-05,0.43
sweeps/phase2_opcode_js_temporal/runs/20260905T164009.857017Z_12bf232a9832_202609070,202609070,8,32500,earlier,0.9180273150630599,0.9176140238996182,0.0004132911634416869,0.38
sweeps/phase2_opcode_js_temporal/runs/20260905T164009.857017Z_12bf232a9832_202609070,202609070,8,33000,earlier,0.9230615706446471,0.9215054387693481,0.001556131875299016,0.11
sweeps/phase2_opcode_js_temporal/runs/20260905T164009.857017Z_12bf232a9832_202609070,202609070,8,33500,earlier,0.9076627535810682,0.9053434101426893,0.002319343438378918,0.05
sweeps/phase2_opcode_js_temporal/runs/20260905T164009.857017Z_12bf232a9832_202609070,202609070,8,34000,earlier,0.9083101979939617,0.9086922747232428,-0.0003820767292810334,0.65
sweeps/phase2_opcode_js_temporal/runs/20260905T164009.857017Z_12bf232a9832_202609070,202609070,8,34500,earlier,0.9198270231215473,0.9179631322261251,0.00186389089542216,0.07
sweeps/phase2_opcode_js_temporal/runs/20260905T164009.857017Z_12bf232a9832_202609070,202609070,8,35000,earlier,0.9173364232349515,0.9196044633265407,-0.0022680400915892074,0.93
sweeps/phase2_opcode_js_temporal/runs/20260905T164009.857017Z_12bf232a9832_202609070,202609070,8,35500,earlier,0.9269548374615008,0.9267425117607964,0.0002123257007043966,0.45
sweeps/phase2_opcode_js_temporal/runs/20260905T164009.857017Z_12bf232a9832_202609070,202609070,8,36000,earlier,0.9323541347762166,0.9318310394434157,0.0005230953328009269,0.33
sweeps/phase2_opcode_js_temporal/runs/20260905T164009.857017Z_12bf232a9832_202609070,202609070,8,36500,earlier,0.9378353705542637,0.9378296490118249,5.721542438830163e-06,0.49
sweeps/phase2_opcode_js_temporal/runs/20260905T164009.857017Z_12bf232a9832_202609070,202609070,8,37000,earlier,0.9267277784480888,0.9231659956814005,0.0035617827666883928,0.01
sweeps/phase2_opcode_js_temporal/runs/20260905T164009.857017Z_12bf232a9832_202609070,202609070,8,37500,earlier,0.9187147402371125,0.9162991575660083,0.0024155826711041994,0.05
sweeps/phase2_opcode_js_temporal/runs/20260905T164009.857017Z_12bf232a9832_202609070,202609070,8,38000,earlier,0.9087216156098592,0.9078627475315945,0.0008588680782647407,0.3
sweeps/phase2_opcode_js_temporal/runs/20260905T164009.857017Z_12bf232a9832_202609070,202609070,8,38500,earlier,0.9267093153381475,0.9260294958288442,0.0006798195093032922,0.28
sweeps/phase2_opcode_js_temporal/runs/20260905T164009.857017Z_12bf232a9832_202609070,202609070,8,39000,earlier,0.9208915313934288,0.9205182980006299,0.00037323339279893286,0.35
sweeps/phase2_opcode_js_temporal/runs/20260905T164009.857017Z_12bf232a9832_202609070,202609070,8,39500,earlier,0.926876956136303,0.9259040781171103,0.0009728780191927688,0.18
sweeps/phase2_opcode_js_temporal/runs/20260905T164009.857017Z_12bf232a9832_202609070,202609070,8,40000,earlier,0.926200828047269,0.9242629275715366,0.0019379004757323903,0.04
sweeps/phase2_opcode_js_temporal/runs/20260905T164009.857017Z_12bf232a9832_202609070,202609070,8,40500,earlier,0.9299271450529241,0.9311317449326774,-0.0012045998797532986,0.83
sweeps/phase2_opcode_js_temporal/runs/20260905T164009.857017Z_12bf232a9832_202609070,202609070,8,41000,earlier,0.9238434845677695,0.922016664635661,0.0018268199321085365,0.07
sweeps/phase2_opcode_js_temporal/runs/20260905T164009.857017Z_12bf232a9832_202609070,202609070,8,41500,earlier,0.9254449851053448,0.9252421910317158,0.00020279407362899793,0.43
sweeps/phase2_opcode_js_temporal/runs/20260905T164009.857017Z_12bf232a9832_202609070,202609070,8,42000,earlier,0.9264012818594037,0.9256879913357077,0.000713290523696064,0.3
sweeps/phase2_opcode_js_temporal/runs/20260905T164009.857017Z_12bf232a9832_202609070,202609070,8,42500,earlier,0.9292833258748512,0.9300268779487596,-0.0007435520739084156,0.7
sweeps/phase2_opcode_js_temporal/runs/20260905T164009.857017Z_12bf232a9832_202609070,202609070,8,43000,earlier,0.9306721910166005,0.9304110471886433,0.0002611438279571665,0.36
sweeps/phase2_opcode_js_temporal/runs/20260905T164009.857017Z_12bf232a9832_202609070,202609070,8,43500,earlier,0.9132341680473874,0.9131352407512255,9.892729616189921e-05,0.49
sweeps/phase2_opcode_js_temporal/runs/20260905T164009.857017Z_12bf232a9832_202609070,202609070,8,44000,earlier,0.9257896477635725,0.925708129895239,8.151786833354713e-05,0.47
sweeps/phase2_opcode_js_temporal/runs/20260905T164009.857017Z_12bf232a9832_202609070,202609070,8,44500,earlier,0.9332341894480954,0.9330903120632531,0.00014387738484233914,0.48
sweeps/phase2_opcode_js_temporal/runs/20260905T164009.857017Z_12bf232a9832_202609070,202609070,8,45000,final,0.9316642182055539,0.929807678122434,0.001856540083119862,0.05
sweeps/phase2_opcode_js_temporal/runs/20260905T164009.857017Z_12bf232a9832_202609070,202609070,8,45500,final,0.936593159428031,0.9370386797216971,-0.0004455202936660685,0.7
sweeps/phase2_opcode_js_temporal/runs/20260905T164009.857017Z_12bf232a9832_202609070,202609070,8,46000,final,0.9346049149635098,0.9343323244796946,0.0002725904838152271,0.44
sweeps/phase2_opcode_js_temporal/runs/20260905T164009.857017Z_12bf232a9832_202609070,202609070,8,46500,final,0.9260730422401329,0.9246672735127017,0.0014057687274311448,0.16
sweeps/phase2_opcode_js_temporal/runs/20260905T164009.857017Z_12bf232a9832_202609070,202609070,8,47000,final,0.9298149707741629,0.9282777480909955,0.0015372226831673608,0.12
sweeps/phase2_opcode_js_temporal/runs/20260905T164009.857017Z_12bf232a9832_202609070,202609070,8,47500,final,0.9347724725164065,0.9335070263487092,0.001265446167697304,0.1
sweeps/phase2_opcode_js_temporal/runs/20260905T164009.857017Z_12bf232a9832_202609070,202609070,8,48000,final,0.9345412439217697,0.9319053879448063,0.002635855976963475,0.03
sweeps/phase2_opcode_js_temporal/runs/20260905T164009.857017Z_12bf232a9832_202609070,202609070,8,48500,final,0.9371608829170417,0.9325831194592024,0.0045777634578393345,0.01
sweeps/phase2_opcode_js_temporal/runs/20260905T164009.857017Z_12bf232a9832_202609070,202609070,8,49000,final,0.9188373700623846,0.9185082030218851,0.00032916704049956724,0.41
sweeps/phase2_opcode_js_temporal/runs/20260905T164009.857017Z_12bf232a9832_202609070,202609070,8,49500,final,0.9271202079988589,0.9263696891842238,0.0007505188146350594,0.23
sweeps/phase2_opcode_js_temporal/runs/20260905T164009.856991Z_ecc30c19bee8_202609071,202609071,8,0,earlier,0.9699797254672569,0.9699638422929501,1.588317430678554e-05,0.45
sweeps/phase2_opcode_js_temporal/runs/20260905T164009.856991Z_ecc30c19bee8_202609071,202609071,8,500,earlier,0.9543323076080495,0.9545176089034345,-0.00018530129538496531,0.56
sweeps/phase2_opcode_js_temporal/runs/20260905T164009.856991Z_ecc30c19bee8_202609071,202609071,8,1000,earlier,0.9404743567446406,0.939809384919619,0.0006649718250216763,0.22
sweeps/phase2_opcode_js_temporal/runs/20260905T164009.856991Z_ecc30c19bee8_202609071,202609071,8,1500,earlier,0.9446000500059727,0.9428623460457167,0.0017377039602559652,0.04
sweeps/phase2_opcode_js_temporal/runs/20260905T164009.856991Z_ecc30c19bee8_202609071,202609071,8,2000,earlier,0.9381382564936142,0.9358407153330451,0.0022975411605690166,0.01
sweeps/phase2_opcode_js_temporal/runs/20260905T164009.856991Z_ecc30c19bee8_202609071,202609071,8,2500,earlier,0.9400850946953758,0.9384406377297008,0.0016444569656750563,0.04
sweeps/phase2_opcode_js_temporal/runs/20260905T164009.856991Z_ecc30c19bee8_202609071,202609071,8,3000,earlier,0.9345809633198148,0.9344880056998458,9.295761996896967e-05,0.47
sweeps/phase2_opcode_js_temporal/runs/20260905T164009.856991Z_ecc30c19bee8_202609071,202609071,8,3500,earlier,0.9384389941749544,0.9372648805813928,0.0011741135935615654,0.07
sweeps/phase2_opcode_js_temporal/runs/20260905T164009.856991Z_ecc30c19bee8_202609071,202609071,8,4000,earlier,0.9338059341288941,0.9324184695967285,0.0013874645321656498,0.08
sweeps/phase2_opcode_js_temporal/runs/20260905T164009.856991Z_ecc30c19bee8_202609071,202609071,8,4500,earlier,0.9319906347725806,0.9312980485916148,0.0006925861809657929,0.2
sweeps/phase2_opcode_js_temporal/runs/20260905T164009.856991Z_ecc30c19bee8_202609071,202609071,8,5000,earlier,0.9284938119899003,0.9279564663254063,0.0005373456644940378,0.17
sweeps/phase2_opcode_js_temporal/runs/20260905T164009.856991Z_ecc30c19bee8_202609071,202609071,8,5500,earlier,0.9300185169260713,0.9294502216871157,0.0005682952389556295,0.23
sweeps/phase2_opcode_js_temporal/runs/20260905T164009.856991Z_ecc30c19bee8_202609071,202609071,8,6000,earlier,0.9355753659124044,0.9345606036613573,0.00101476225104713,0.06
sweeps/phase2_opcode_js_temporal/runs/20260905T164009.856991Z_ecc30c19bee8_202609071,202609071,8,6500,earlier,0.9374404902960296,0.9361214892489785,0.0013190010470510716,0.01
sweeps/phase2_opcode_js_temporal/runs/20260905T164009.856991Z_ecc30c19bee8_202609071,202609071,8,7000,earlier,0.9349569075007025,0.9341525854353361,0.0008043220653664029,0.14
sweeps/phase2_opcode_js_temporal/runs/20260905T164009.856991Z_ecc30c19bee8_202609071,202609071,8,7500,earlier,0.9391228223380369,0.9383067599450398,0.0008160623929971411,0.14
sweeps/phase2_opcode_js_temporal/runs/20260905T164009.856991Z_ecc30c19bee8_202609071,202609071,8,8000,earlier,0.9383760243967585,0.9367606197938697,0.0016154046028887814,0.06
sweeps/phase2_opcode_js_temporal/runs/20260905T164009.856991Z_ecc30c19bee8_202609071,202609071,8,8500,earlier,0.9375797352090857,0.9363027424745874,0.0012769927344982168,0.03
sweeps/phase2_opcode_js_temporal/runs/20260905T164009.856991Z_ecc30c19bee8_202609071,202609071,8,9000,earlier,0.9377919368643054,0.9377680886165335,2.3848247771907083e-05,0.53
sweeps/phase2_opcode_js_temporal/runs/20260905T164009.856991Z_ecc30c19bee8_202609071,202609071,8,9500,earlier,0.9231637100618603,0.9247366300591545,-0.0015729199972942531,0.95
sweeps/phase2_opcode_js_temporal/runs/20260905T164009.856991Z_ecc30c19bee8_202609071,202609071,8,10000,earlier,0.9249533632137891,0.9233705066496704,0.0015828565641187176,0.04
sweeps/phase2_opcode_js_temporal/runs/20260905T164009.856991Z_ecc30c19bee8_202609071,202609071,8,10500,earlier,0.9292189660113588,0.9275025173659862,0.0017164486453725702,0.07
sweeps/phase2_opcode_js_temporal/runs/20260905T164009.856991Z_ecc30c19bee8_202609071,202609071,8,11000,earlier,0.9301894744732563,0.9265460548863759,0.0036434195868804142,0.01
sweeps/phase2_opcode_js_temporal/runs/20260905T164009.856991Z_ecc30c19bee8_202609071,202609071,8,11500,earlier,0.923946720628327,0.9217673340489728,0.0021793865793541256,0.02
sweeps/phase2_opcode_js_temporal/runs/20260905T164009.856991Z_ecc30c19bee8_202609071,202609071,8,12000,earlier,0.9269838889388878,0.925831723614582,0.0011521653243058427,0.09
sweeps/phase2_opcode_js_temporal/runs/20260905T164009.856991Z_ecc30c19bee8_202609071,202609071,8,12500,earlier,0.9317701066601709,0.9298330827971241,0.0019370238630468384,0.02
sweeps/phase2_opcode_js_temporal/runs/20260905T164009.856991Z_ecc30c19bee8_202609071,202609071,8,13000,earlier,0.9262036597064212,0.9255231521581088,0.0006805075483123924,0.2
sweeps/phase2_opcode_js_temporal/runs/20260905T164009.856991Z_ecc30c19bee8_202609071,202609071,8,13500,earlier,0.9253480759833642,0.9244426419024975,0.0009054340808667405,0.19
sweeps/phase2_opcode_js_temporal/runs/20260905T164009.856991Z_ecc30c19bee8_202609071,202609071,8,14000,earlier,0.921695942758413,0.9205374083598673,0.0011585343985457408,0.16
sweeps/phase2_opcode_js_temporal/runs/20260905T164009.856991Z_ecc30c19bee8_202609071,202609071,8,14500,earlier,0.9275273786081666,0.9259467467926416,0.0015806318155250354,0.04
sweeps/phase2_opcode_js_temporal/runs/20260905T164009.856991Z_ecc30c19bee8_202609071,202609071,8,15000,earlier,0.9262618156091932,0.9259540603829394,0.00030775522625381413,0.39
sweeps/phase2_opcode_js_temporal/runs/20260905T164009.856991Z_ecc30c19bee8_202609071,202609071,8,15500,earlier,0.9299461886516069,0.9297742062631535,0.00017198238845339553,0.48
sweeps/phase2_opcode_js_temporal/runs/20260905T164009.856991Z_ecc30c19bee8_202609071,202609071,8,16000,earlier,0.9252153235407006,0.9231811715076772,0.002034152033023373,0.03
sweeps/phase2_opcode_js_temporal/runs/20260905T164009.856991Z_ecc30c19bee8_202609071,202609071,8,16500,earlier,0.9208372363698778,0.9209650016451102,-0.00012776527523239434,0.57
sweeps/phase2_opcode_js_temporal/runs/20260905T164009.856991Z_ecc30c19bee8_202609071,202609071,8,17000,earlier,0.9248724535465047,0.9236990104533136,0.0011734430931911177,0.1
sweeps/phase2_opcode_js_temporal/runs/20260905T164009.856991Z_ecc30c19bee8_202609071,202609071,8,17500,earlier,0.9284138667040451,0.9269608312565224,0.0014530354475227325,0.08
sweeps/phase2_opcode_js_temporal/runs/20260905T164009.856991Z_ecc30c19bee8_202609071,202609071,8,18000,earlier,0.9256139185995107,0.9241952412590085,0.0014186773405021613,0.08
sweeps/phase2_opcode_js_temporal/runs/20260905T164009.856991Z_ecc30c19bee8_202609071,202609071,8,18500,earlier,0.9222148635006335,0.921771744214906,0.00044311928572748904,0.31
sweeps/phase2_opcode_js_temporal/runs/20260905T164009.856991Z_ecc30c19bee8_202609071,202609071,8,19000,earlier,0.919198963774553,0.9204080813003106,-0.001209117525757586,0.87
sweeps/phase2_opcode_js_temporal/runs/20260905T164009.856991Z_ecc30c19bee8_202609071,202609071,8,19500,earlier,0.9266292464791134,0.9258091705538519,0.0008200759252614542,0.26
sweeps/phase2_opcode_js_temporal/runs/20260905T164009.856991Z_ecc30c19bee8_202609071,202609071,8,20000,earlier,0.9224026658054761,0.9209315984255311,0.001471067379945068,0.12
sweeps/phase2_opcode_js_temporal/runs/20260905T164009.856991Z_ecc30c19bee8_202609071,202609071,8,20500,earlier,0.9166825349861238,0.9156111181688651,0.0010714168172587524,0.19
sweeps/phase2_opcode_js_temporal/runs/20260905T164009.856991Z_ecc30c19bee8_202609071,202609071,8,21000,earlier,0.9226974271214731,0.9217913750280562,0.0009060520934168759,0.24
sweeps/phase2_opcode_js_temporal/runs/20260905T164009.856991Z_ecc30c19bee8_202609071,202609071,8,21500,earlier,0.9237557534951149,0.9233147344203798,0.00044101907473503843,0.34
sweeps/phase2_opcode_js_temporal/runs/20260905T164009.856991Z_ecc30c19bee8_202609071,202609071,8,22000,earlier,0.9314018861287022,0.9312011728953791,0.0002007132333231576,0.43
sweeps/phase2_opcode_js_temporal/runs/20260905T164009.856991Z_ecc30c19bee8_202609071,202609071,8,22500,earlier,0.9321003084799638,0.9326521970473397,-0.0005518885673758689,0.79
sweeps/phase2_opcode_js_temporal/runs/20260905T164009.856991Z_ecc30c19bee8_202609071,202609071,8,23000,earlier,0.9289587366350156,0.9289722234715152,-1.3486836499598809e-05,0.56
sweeps/phase2_opcode_js_temporal/runs/20260905T164009.856991Z_ecc30c19bee8_202609071,202609071,8,23500,earlier,0.9280680119968727,0.9275688865316076,0.0004991254652650934,0.34
sweeps/phase2_opcode_js_temporal/runs/20260905T164009.856991Z_ecc30c19bee8_202609071,202609071,8,24000,earlier,0.9152020204996986,0.9149897762386092,0.0002122442610893449,0.42
sweeps/phase2_opcode_js_temporal/runs/20260905T164009.856991Z_ecc30c19bee8_202609071,202609071,8,24500,earlier,0.9272439921347857,0.9257853807572253,0.001458611377560426,0.1
sweeps/phase2_opcode_js_temporal/runs/20260905T164009.856991Z_ecc30c19bee8_202609071,202609071,8,25000,earlier,0.9324845754527907,0.9325213676597977,-3.679220700691932e-05,0.48
sweeps/phase2_opcode_js_temporal/runs/20260905T164009.856991Z_ecc30c19bee8_202609071,202609071,8,25500,earlier,0.9271947532562651,0.9270251346520381,0.00016961860422703978,0.45
sweeps/phase2_opcode_js_temporal/runs/20260905T164009.856991Z_ecc30c19bee8_202609071,202609071,8,26000,earlier,0.9255123411260404,0.9268812348141453,-0.0013688936881048885,0.85
sweeps/phase2_opcode_js_temporal/runs/20260905T164009.856991Z_ecc30c19bee8_202609071,202609071,8,26500,earlier,0.9311293270005079,0.9308836097010659,0.0002457172994420054,0.41
sweeps/phase2_opcode_js_temporal/runs/20260905T164009.856991Z_ecc30c19bee8_202609071,202609071,8,27000,earlier,0.9324180831527363,0.9302983547309577,0.002119728421778655,0.02
sweeps/phase2_opcode_js_temporal/runs/20260905T164009.856991Z_ecc30c19bee8_202609071,202609071,8,27500,earlier,0.9311704525729092,0.9305081514547148,0.0006623011181944305,0.24
sweeps/phase2_opcode_js_temporal/runs/20260905T164009.856991Z_ecc30c19bee8_202609071,202609071,8,28000,earlier,0.9204186939983097,0.9194834616838337,0.0009352323144760089,0.23
sweeps/phase2_opcode_js_temporal/runs/20260905T164009.856991Z_ecc30c19bee8_202609071,202609071,8,28500,earlier,0.9251332503799752,0.9246372821693822,0.0004959682105929453,0.35
sweeps/phase2_opcode_js_temporal/runs/20260905T164009.856991Z_ecc30c19bee8_202609071,202609071,8,29000,earlier,0.921021426895014,0.9229523349801333,-0.0019309080851193094,0.91
sweeps/phase2_opcode_js_temporal/runs/20260905T164009.856991Z_ecc30c19bee8_202609071,202609071,8,29500,earlier,0.9281524612399563,0.9283455196393283,-0.00019305839937200364,0.57
sweeps/phase2_opcode_js_temporal/runs/20260905T164009.856991Z_ecc30c19bee8_202609071,202609071,8,30000,earlier,0.9200192733929046,0.9214274521038207,-0.0014081787109161414,0.83
sweeps/phase2_opcode_js_temporal/runs/20260905T164009.856991Z_ecc30c19bee8_202609071,202609071,8,30500,earlier,0.9228133017756157,0.9224815672450712,0.00033173453054446966,0.45
sweeps/phase2_opcode_js_temporal/runs/20260905T164009.856991Z_ecc30c19bee8_202609071,202609071,8,31000,earlier,0.9333115342472236,0.9328487322621595,0.00046280198506409853,0.32
sweeps/phase2_opcode_js_temporal/runs/20260905T164009.856991Z_ecc30c19bee8_202609071,202609071,8,31500,earlier,0.9305514052137082,0.9288648883432656,0.0016865168704425226,0.06
sweeps/phase2_opcode_js_temporal/runs/20260905T164009.856991Z_ecc30c19bee8_202609071,202609071,8,32000,earlier,0.9270342719330783,0.9266923868478218,0.0003418850852564548,0.38
sweeps/phase2_opcode_js_temporal/runs/20260905T164009.856991Z_ecc30c19bee8_202609071,202609071,8,32500,earlier,0.926861612109537,0.9266601257132717,0.00020148639626527132,0.39
sweeps/phase2_opcode_js_temporal/runs/20260905T164009.856991Z_ecc30c19bee8_202609071,202609071,8,33000,earlier,0.9222734637085428,0.9207981680777636,0.0014752956307791942,0.17
sweeps/phase2_opcode_js_temporal/runs/20260905T164009.856991Z_ecc30c19bee8_202609071,202609071,8,33500,earlier,0.9146358534972152,0.9155635385964129,-0.000927685099197717,0.63
sweeps/phase2_opcode_js_temporal/runs/20260905T164009.856991Z_ecc30c19bee8_202609071,202609071,8,34000,earlier,0.927310159686524,0.9275431583951618,-0.00023299870863779937,0.58
sweeps/phase2_opcode_js_temporal/runs/20260905T164009.856991Z_ecc30c19bee8_202609071,202609071,8,34500,earlier,0.9269177348484335,0.9255346516124161,0.001383083236017435,0.16
sweeps/phase2_opcode_js_temporal/runs/20260905T164009.856991Z_ecc30c19bee8_202609071,202609071,8,35000,earlier,0.9330713394921801,0.9317399991108073,0.0013313403813728364,0.14
sweeps/phase2_opcode_js_temporal/runs/20260905T164009.856991Z_ecc30c19bee8_202609071,202609071,8,35500,earlier,0.9312861534867114,0.9285366986843434,0.00274945480236799,0.02
sweeps/phase2_opcode_js_temporal/runs/20260905T164009.856991Z_ecc30c19bee8_202609071,202609071,8,36000,earlier,0.9267324750502631,0.92571027938749,0.0010221956627731732,0.28
sweeps/phase2_opcode_js_temporal/runs/20260905T164009.856991Z_ecc30c19bee8_202609071,202609071,8,36500,earlier,0.9263129455275637,0.9252512973897881,0.0010616481377756504,0.23
sweeps/phase2_opcode_js_temporal/runs/20260905T164009.856991Z_ecc30c19bee8_202609071,202609071,8,37000,earlier,0.9288061368888917,0.9263807939823147,0.0024253429065770327,0.07
sweeps/phase2_opcode_js_temporal/runs/20260905T164009.856991Z_ecc30c19bee8_202609071,202609071,8,37500,earlier,0.9289807178002201,0.9265490677978917,0.002431650002328367,0.05
sweeps/phase2_opcode_js_temporal/runs/20260905T164009.856991Z_ecc30c19bee8_202609071,202609071,8,38000,earlier,0.9161863171410456,0.9133937952324995,0.002792521908546064,0.03
sweeps/phase2_opcode_js_temporal/runs/20260905T164009.856991Z_ecc30c19bee8_202609071,202609071,8,38500,earlier,0.9170915173624824,0.9173945115574854,-0.0003029941950030146,0.61
sweeps/phase2_opcode_js_temporal/runs/20260905T164009.856991Z_ecc30c19bee8_202609071,202609071,8,39000,earlier,0.9276026666991217,0.927237043276503,0.0003656234226186994,0.31
sweeps/phase2_opcode_js_temporal/runs/20260905T164009.856991Z_ecc30c19bee8_202609071,202609071,8,39500,earlier,0.9239495579214726,0.9228302726438481,0.0011192852776245044,0.18
sweeps/phase2_opcode_js_temporal/runs/20260905T164009.856991Z_ecc30c19bee8_202609071,202609071,8,40000,earlier,0.9218336138758529,0.9194974835304207,0.00233613034543223,0.09
sweeps/phase2_opcode_js_temporal/runs/20260905T164009.856991Z_ecc30c19bee8_202609071,202609071,8,40500,earlier,0.9241761491540181,0.9234534432996282,0.0007227058543899378,0.23
sweeps/phase2_opcode_js_temporal/runs/20260905T164009.856991Z_ecc30c19bee8_202609071,202609071,8,41000,earlier,0.9259413720610401,0.9271520929233507,-0.0012107208623105548,0.79
sweeps/phase2_opcode_js_temporal/runs/20260905T164009.856991Z_ecc30c19bee8_202609071,202609071,8,41500,earlier,0.9270137455073173,0.9268382451248119,0.00017550038250535582,0.49
sweeps/phase2_opcode_js_temporal/runs/20260905T164009.856991Z_ecc30c19bee8_202609071,202609071,8,42000,earlier,0.9269371856681371,0.9257050685562321,0.0012321171119049623,0.15
sweeps/phase2_opcode_js_temporal/runs/20260905T164009.856991Z_ecc30c19bee8_202609071,202609071,8,42500,earlier,0.9198908421850267,0.917617400315427,0.002273441869599657,0.1
sweeps/phase2_opcode_js_temporal/runs/20260905T164009.856991Z_ecc30c19bee8_202609071,202609071,8,43000,earlier,0.9277332884477092,0.9265645359304637,0.0011687525172454638,0.19
sweeps/phase2_opcode_js_temporal/runs/20260905T164009.856991Z_ecc30c19bee8_202609071,202609071,8,43500,earlier,0.924861727563678,0.9218012877483677,0.003060439815310345,0.01
sweeps/phase2_opcode_js_temporal/runs/20260905T164009.856991Z_ecc30c19bee8_202609071,202609071,8,44000,earlier,0.9286213766911285,0.9256669849789716,0.002954391712156945,0.03
sweeps/phase2_opcode_js_temporal/runs/20260905T164009.856991Z_ecc30c19bee8_202609071,202609071,8,44500,earlier,0.9194515367868579,0.9210140212430566,-0.001562484456198776,0.83
sweeps/phase2_opcode_js_temporal/runs/20260905T164009.856991Z_ecc30c19bee8_202609071,202609071,8,45000,final,0.9275993555694785,0.9289086342845129,-0.0013092787150343899,0.86
sweeps/phase2_opcode_js_temporal/runs/20260905T164009.856991Z_ecc30c19bee8_202609071,202609071,8,45500,final,0.9304122087825197,0.9318973882099301,-0.0014851794274103325,0.94
sweeps/phase2_opcode_js_temporal/runs/20260905T164009.856991Z_ecc30c19bee8_202609071,202609071,8,46000,final,0.9234084384084142,0.9251483817029216,-0.001739943294507329,0.93
sweeps/phase2_opcode_js_temporal/runs/20260905T164009.856991Z_ecc30c19bee8_202609071,202609071,8,46500,final,0.9245556396531164,0.9246889552094938,-0.00013331555637741133,0.59
sweeps/phase2_opcode_js_temporal/runs/20260905T164009.856991Z_ecc30c19bee8_202609071,202609071,8,47000,final,0.9286195462757902,0.9287651736741218,-0.00014562739833157146,0.49
sweeps/phase2_opcode_js_temporal/runs/20260905T164009.856991Z_ecc30c19bee8_202609071,202609071,8,47500,final,0.9170454194097227,0.9189871892274942,-0.0019417698177714993,0.91
sweeps/phase2_opcode_js_temporal/runs/20260905T164009.856991Z_ecc30c19bee8_202609071,202609071,8,48000,final,0.9125939301562135,0.9128989795177871,-0.00030504936157360607,0.63
sweeps/phase2_opcode_js_temporal/runs/20260905T164009.856991Z_ecc30c19bee8_202609071,202609071,8,48500,final,0.9159305941066337,0.9189521816426299,-0.0030215875359962396,0.96
sweeps/phase2_opcode_js_temporal/runs/20260905T164009.856991Z_ecc30c19bee8_202609071,202609071,8,49000,final,0.9149076219368399,0.9166129859043444,-0.0017053639675044252,0.9
sweeps/phase2_opcode_js_temporal/runs/20260905T164009.856991Z_ecc30c19bee8_202609071,202609071,8,49500,final,0.9196800108401089,0.9194268158297542,0.00025319501035470093,0.45
sweeps/phase2_opcode_js_temporal/runs/20260905T164009.857008Z_0f54069a124f_202609072,202609072,8,0,earlier,0.9689708470264827,0.9689258659029389,4.4981123543785806e-05,0.39
sweeps/phase2_opcode_js_temporal/runs/20260905T164009.857008Z_0f54069a124f_202609072,202609072,8,500,earlier,0.9277327258927828,0.9270433246593751,0.0006894012334076605,0.32
sweeps/phase2_opcode_js_temporal/runs/20260905T164009.857008Z_0f54069a124f_202609072,202609072,8,1000,earlier,0.9286225927133568,0.9272265495294536,0.001396043183903184,0.12
sweeps/phase2_opcode_js_temporal/runs/20260905T164009.857008Z_0f54069a124f_202609072,202609072,8,1500,earlier,0.9328494134414275,0.9318383067799849,0.0010111066614425512,0.16
sweeps/phase2_opcode_js_temporal/runs/20260905T164009.857008Z_0f54069a124f_202609072,202609072,8,2000,earlier,0.923746811152562,0.9219847312527069,0.0017620798998551068,0.04
sweeps/phase2_opcode_js_temporal/runs/20260905T164009.857008Z_0f54069a124f_202609072,202609072,8,2500,earlier,0.9253237409685482,0.9254048640919506,-8.112312340236016e-05,0.52
sweeps/phase2_opcode_js_temporal/runs/20260905T164009.857008Z_0f54069a124f_202609072,202609072,8,3000,earlier,0.9302620394342034,0.9290218870256769,0.0012401524085264848,0.04
sweeps/phase2_opcode_js_temporal/runs/20260905T164009.857008Z_0f54069a124f_202609072,202609072,8,3500,earlier,0.9235757781744586,0.9232251802828814,0.000350597891577209,0.35
sweeps/phase2_opcode_js_temporal/runs/20260905T164009.857008Z_0f54069a124f_202609072,202609072,8,4000,earlier,0.9209100173696767,0.920676171949541,0.0002338454201357143,0.41
sweeps/phase2_opcode_js_temporal/runs/20260905T164009.857008Z_0f54069a124f_202609072,202609072,8,4500,earlier,0.9295653556918136,0.9297136428911326,-0.00014828719931891943,0.55
sweeps/phase2_opcode_js_temporal/runs/20260905T164009.857008Z_0f54069a124f_202609072,202609072,8,5000,earlier,0.9259356764575017,0.9260193646900744,-8.368823257265401e-05,0.51
sweeps/phase2_opcode_js_temporal/runs/20260905T164009.857008Z_0f54069a124f_202609072,202609072,8,5500,earlier,0.9199262140098731,0.9182511249598589,0.0016750890500141224,0.1
sweeps/phase2_opcode_js_temporal/runs/20260905T164009.857008Z_0f54069a124f_202609072,202609072,8,6000,earlier,0.9246760528901989,0.9240538557148608,0.0006221971753381794,0.21
sweeps/phase2_opcode_js_temporal/runs/20260905T164009.857008Z_0f54069a124f_202609072,202609072,8,6500,earlier,0.9257155386971344,0.92402948736574,0.0016860513313944336,0.03
sweeps/phase2_opcode_js_temporal/runs/20260905T164009.857008Z_0f54069a124f_202609072,202609072,8,7000,earlier,0.9229652356015898,0.9214605515952466,0.0015046840063431821,0.03
sweeps/phase2_opcode_js_temporal/runs/20260905T164009.857008Z_0f54069a124f_202609072,202609072,8,7500,earlier,0.9213275326594915,0.9192191749546644,0.0021083577048270907,0.01
sweeps/phase2_opcode_js_temporal/runs/20260905T164009.857008Z_0f54069a124f_202609072,202609072,8,8000,earlier,0.921224003516167,0.9203816345211248,0.0008423689950421975,0.22
sweeps/phase2_opcode_js_temporal/runs/20260905T164009.857008Z_0f54069a124f_202609072,202609072,8,8500,earlier,0.9121225263822592,0.9130750244416616,-0.0009524980594023402,0.82
sweeps/phase2_opcode_js_temporal/runs/20260905T164009.857008Z_0f54069a124f_202609072,202609072,8,9000,earlier,0.9129203623043154,0.9138804882565069,-0.0009601259521915262,0.83
sweeps/phase2_opcode_js_temporal/runs/20260905T164009.857008Z_0f54069a124f_202609072,202609072,8,9500,earlier,0.9166994321410887,0.9170269476584617,-0.00032751551737297824,0.63
sweeps/phase2_opcode_js_temporal/runs/20260905T164009.857008Z_0f54069a124f_202609072,202609072,8,10000,earlier,0.9236956680968751,0.9234423969146416,0.0002532711822335054,0.46
sweeps/phase2_opcode_js_temporal/runs/20260905T164009.857008Z_0f54069a124f_202609072,202609072,8,10500,earlier,0.9235443265929695,0.922194790483393,0.0013495361095764435,0.06
sweeps/phase2_opcode_js_temporal/runs/20260905T164009.857008Z_0f54069a124f_202609072,202609072,8,11000,earlier,0.9298380086515602,0.9306303083327884,-0.0007922996812281813,0.87
sweeps/phase2_opcode_js_temporal/runs/20260905T164009.857008Z_0f54069a124f_202609072,202609072,8,11500,earlier,0.9252247795946491,0.9253014012866786,-7.662169202948821e-05,0.54
sweeps/phase2_opcode_js_temporal/runs/20260905T164009.857008Z_0f54069a124f_202609072,202609072,8,12000,earlier,0.9142159298664109,0.9133428949576825,0.0008730349087283651,0.25
sweeps/phase2_opcode_js_temporal/runs/20260905T164009.857008Z_0f54069a124f_202609072,202609072,8,12500,earlier,0.9259552618952173,0.9259084519733847,4.680992183259125e-05,0.44
sweeps/phase2_opcode_js_temporal/runs/20260905T164009.857008Z_0f54069a124f_202609072,202609072,8,13000,earlier,0.91977440515294,0.9176500537893593,0.00212435136358069,0.05
sweeps/phase2_opcode_js_temporal/runs/20260905T164009.857008Z_0f54069a124f_202609072,202609072,8,13500,earlier,0.9253791200615922,0.923274549610276,0.002104570451316179,0.04
sweeps/phase2_opcode_js_temporal/runs/20260905T164009.857008Z_0f54069a124f_202609072,202609072,8,14000,earlier,0.903282935079499,0.9026553780095856,0.0006275570699133537,0.3
sweeps/phase2_opcode_js_temporal/runs/20260905T164009.857008Z_0f54069a124f_202609072,202609072,8,14500,earlier,0.9148438332740556,0.9128393930518329,0.002004440222222681,0.06
sweeps/phase2_opcode_js_temporal/runs/20260905T164009.857008Z_0f54069a124f_202609072,202609072,8,15000,earlier,0.9164692271027007,0.9141035835476018,0.0023656435550989396,0.04
sweeps/phase2_opcode_js_temporal/runs/20260905T164009.857008Z_0f54069a124f_202609072,202609072,8,15500,earlier,0.9117312803951569,0.9086756367691454,0.003055643626011517,0.04
sweeps/phase2_opcode_js_temporal/runs/20260905T164009.857008Z_0f54069a124f_202609072,202609072,8,16000,earlier,0.9115201117081776,0.9080372069883687,0.0034829047198089436,0.01
sweeps/phase2_opcode_js_temporal/runs/20260905T164009.857008Z_0f54069a124f_202609072,202609072,8,16500,earlier,0.9169717165529939,0.9137809467234749,0.0031907698295190468,0.01
sweeps/phase2_opcode_js_temporal/runs/20260905T164009.857008Z_0f54069a124f_202609072,202609072,8,17000,earlier,0.9271279931670924,0.9270933940614503,3.459910564207469e-05,0.44
sweeps/phase2_opcode_js_temporal/runs/20260905T164009.857008Z_0f54069a124f_202609072,202609072,8,17500,earlier,0.937870113125763,0.9363673517345436,0.0015027613912194093,0.06
sweeps/phase2_opcode_js_temporal/runs/20260905T164009.857008Z_0f54069a124f_202609072,202609072,8,18000,earlier,0.9308824277610132,0.93037102183463,0.0005114059263831017,0.3
sweeps/phase2_opcode_js_temporal/runs/20260905T164009.857008Z_0f54069a124f_202609072,202609072,8,18500,earlier,0.9342006668078472,0.9330830689458297,0.0011175978620174831,0.12
sweeps/phase2_opcode_js_temporal/runs/20260905T164009.857008Z_0f54069a124f_202609072,202609072,8,19000,earlier,0.9333168297904242,0.9325089868917028,0.0008078428987213782,0.16
sweeps/phase2_opcode_js_temporal/runs/20260905T164009.857008Z_0f54069a124f_202609072,202609072,8,19500,earlier,0.9232265405398292,0.9233751777986597,-0.0001486372588305196,0.54
sweeps/phase2_opcode_js_temporal/runs/20260905T164009.857008Z_0f54069a124f_202609072,202609072,8,20000,earlier,0.9301360987632229,0.9287450115098296,0.0013910872533933194,0.1
sweeps/phase2_opcode_js_temporal/runs/20260905T164009.857008Z_0f54069a124f_202609072,202609072,8,20500,earlier,0.9203402843738354,0.919182578788072,0.0011577055857634466,0.21
sweeps/phase2_opcode_js_temporal/runs/20260905T164009.857008Z_0f54069a124f_202609072,202609072,8,21000,earlier,0.9290302144606714,0.9299805660866485,-0.0009503516259771194,0.77
sweeps/phase2_opcode_js_temporal/runs/20260905T164009.857008Z_0f54069a124f_202609072,202609072,8,21500,earlier,0.9328353709128279,0.9335587643570034,-0.0007233934441754908,0.82
sweeps/phase2_opcode_js_temporal/runs/20260905T164009.857008Z_0f54069a124f_202609072,202609072,8,22000,earlier,0.9312222150932212,0.9300321362476555,0.0011900788455657674,0.15
sweeps/phase2_opcode_js_temporal/runs/20260905T164009.857008Z_0f54069a124f_202609072,202609072,8,22500,earlier,0.9354299887072345,0.9350602386011434,0.0003697501060910824,0.34
sweeps/phase2_opcode_js_temporal/runs/20260905T164009.857008Z_0f54069a124f_202609072,202609072,8,23000,earlier,0.928187727913688,0.9281307788384812,5.694907520681358e-05,0.44
sweeps/phase2_opcode_js_temporal/runs/20260905T164009.857008Z_0f54069a124f_202609072,202609072,8,23500,earlier,0.9305598842476742,0.9281306823212342,0.0024292019264400277,0.04
sweeps/phase2_opcode_js_temporal/runs/20260905T164009.857008Z_0f54069a124f_202609072,202609072,8,24000,earlier,0.9323735332568154,0.9296808232396674,0.0026927100171479923,0.01
sweeps/phase2_opcode_js_temporal/runs/20260905T164009.857008Z_0f54069a124f_202609072,202609072,8,24500,earlier,0.9313474804366877,0.9294779502575274,0.0018695301791602503,0.03
sweeps/phase2_opcode_js_temporal/runs/20260905T164009.857008Z_0f54069a124f_202609072,202609072,8,25000,earlier,0.9307885831801005,0.929795762058928,0.0009928211211724935,0.13
sweeps/phase2_opcode_js_temporal/runs/20260905T164009.857008Z_0f54069a124f_202609072,202609072,8,25500,earlier,0.9182274838339449,0.91803938282832,0.00018810100562494103,0.46
sweeps/phase2_opcode_js_temporal/runs/20260905T164009.857008Z_0f54069a124f_202609072,202609072,8,26000,earlier,0.9217370533144414,0.9221827236844996,-0.0004456703700581599,0.74
sweeps/phase2_opcode_js_temporal/runs/20260905T164009.857008Z_0f54069a124f_202609072,202609072,8,26500,earlier,0.9142317357677052,0.9131542960772555,0.0010774396904497108,0.28
sweeps/phase2_opcode_js_temporal/runs/20260905T164009.857008Z_0f54069a124f_202609072,202609072,8,27000,earlier,0.9131104745123471,0.9115184095605339,0.001592064951813188,0.15
sweeps/phase2_opcode_js_temporal/runs/20260905T164009.857008Z_0f54069a124f_202609072,202609072,8,27500,earlier,0.9184973241185058,0.917641250622253,0.0008560734962528294,0.3
sweeps/phase2_opcode_js_temporal/runs/20260905T164009.857008Z_0f54069a124f_202609072,202609072,8,28000,earlier,0.9224556079264813,0.9225396130541006,-8.400512761930212e-05,0.57
sweeps/phase2_opcode_js_temporal/runs/20260905T164009.857008Z_0f54069a124f_202609072,202609072,8,28500,earlier,0.9195121059666446,0.9216988113998199,-0.00218670543317534,0.98
sweeps/phase2_opcode_js_temporal/runs/20260905T164009.857008Z_0f54069a124f_202609072,202609072,8,29000,earlier,0.9297576823113981,0.9284262290502224,0.0013314532611756746,0.14
sweeps/phase2_opcode_js_temporal/runs/20260905T164009.857008Z_0f54069a124f_202609072,202609072,8,29500,earlier,0.9240662377944476,0.9223809499023385,0.0016852878921090886,0.07
sweeps/phase2_opcode_js_temporal/runs/20260905T164009.857008Z_0f54069a124f_202609072,202609072,8,30000,earlier,0.9222332415215083,0.9192314661643167,0.003001775357191594,0.02
sweeps/phase2_opcode_js_temporal/runs/20260905T164009.857008Z_0f54069a124f_202609072,202609072,8,30500,earlier,0.9217139894083158,0.9220448098284114,-0.0003308204200955789,0.59
sweeps/phase2_opcode_js_temporal/runs/20260905T164009.857008Z_0f54069a124f_202609072,202609072,8,31000,earlier,0.9199841911799005,0.919484721778226,0.0004994694016744461,0.32
sweeps/phase2_opcode_js_temporal/runs/20260905T164009.857008Z_0f54069a124f_202609072,202609072,8,31500,earlier,0.9106641160842266,0.9119273988807782,-0.0012632827965516347,0.79
sweeps/phase2_opcode_js_temporal/runs/20260905T164009.857008Z_0f54069a124f_202609072,202609072,8,32000,earlier,0.9229017071990073,0.922244753038663,0.0006569541603442808,0.29
sweeps/phase2_opcode_js_temporal/runs/20260905T164009.857008Z_0f54069a124f_202609072,202609072,8,32500,earlier,0.9258357041880395,0.9245601431998829,0.001275560988156621,0.14
sweeps/phase2_opcode_js_temporal/runs/20260905T164009.857008Z_0f54069a124f_202609072,202609072,8,33000,earlier,0.9304128274533208,0.929224491966829,0.0011883354864917761,0.19
sweeps/phase2_opcode_js_temporal/runs/20260905T164009.857008Z_0f54069a124f_202609072,202609072,8,33500,earlier,0.9302620447454133,0.9299876074124424,0.00027443733297094486,0.37
sweeps/phase2_opcode_js_temporal/runs/20260905T164009.857008Z_0f54069a124f_202609072,202609072,8,34000,earlier,0.909133812130592,0.9075600560908141,0.0015737560397778294,0.26
sweeps/phase2_opcode_js_temporal/runs/20260905T164009.857008Z_0f54069a124f_202609072,202609072,8,34500,earlier,0.9158192349216006,0.9111560273494081,0.004663207572192407,0.01
sweeps/phase2_opcode_js_temporal/runs/20260905T164009.857008Z_0f54069a124f_202609072,202609072,8,35000,earlier,0.9224111174193207,0.9206069736407873,0.0018041437785334402,0.05
sweeps/phase2_opcode_js_temporal/runs/20260905T164009.857008Z_0f54069a124f_202609072,202609072,8,35500,earlier,0.9272117962914964,0.9247941983446939,0.002417597946802519,0.03
sweeps/phase2_opcode_js_temporal/runs/20260905T164009.857008Z_0f54069a124f_202609072,202609072,8,36000,earlier,0.9296817940931911,0.9296476868371575,3.410725603358866e-05,0.46
sweeps/phase2_opcode_js_temporal/runs/20260905T164009.857008Z_0f54069a124f_202609072,202609072,8,36500,earlier,0.9269675320654795,0.9250245105653677,0.00194302150011183,0.04
sweeps/phase2_opcode_js_temporal/runs/20260905T164009.857008Z_0f54069a124f_202609072,202609072,8,37000,earlier,0.9328055232698824,0.9299254237392295,0.0028800995306529353,0.03
sweeps/phase2_opcode_js_temporal/runs/20260905T164009.857008Z_0f54069a124f_202609072,202609072,8,37500,earlier,0.9311277109322591,0.9311306306889023,-2.9197566432381805e-06,0.47
sweeps/phase2_opcode_js_temporal/runs/20260905T164009.857008Z_0f54069a124f_202609072,202609072,8,38000,earlier,0.9231903543102067,0.9211636949110328,0.0020266593991739024,0.09
sweeps/phase2_opcode_js_temporal/runs/20260905T164009.857008Z_0f54069a124f_202609072,202609072,8,38500,earlier,0.9227742108576712,0.9230256165948154,-0.0002514057371442169,0.55
sweeps/phase2_opcode_js_temporal/runs/20260905T164009.857008Z_0f54069a124f_202609072,202609072,8,39000,earlier,0.9079283707409269,0.9067581401113574,0.0011702306295695575,0.25
sweeps/phase2_opcode_js_temporal/runs/20260905T164009.857008Z_0f54069a124f_202609072,202609072,8,39500,earlier,0.896404971620627,0.8966909007287884,-0.00028592910816138684,0.6
sweeps/phase2_opcode_js_temporal/runs/20260905T164009.857008Z_0f54069a124f_202609072,202609072,8,40000,earlier,0.9103760410799487,0.9080723488867002,0.002303692193248552,0.06
sweeps/phase2_opcode_js_temporal/runs/20260905T164009.857008Z_0f54069a124f_202609072,202609072,8,40500,earlier,0.9148508862796405,0.9162319702336242,-0.0013810839539837305,0.89
sweeps/phase2_opcode_js_temporal/runs/20260905T164009.857008Z_0f54069a124f_202609072,202609072,8,41000,earlier,0.9108783091207264,0.9128499188789152,-0.001971609758188775,0.91
sweeps/phase2_opcode_js_temporal/runs/20260905T164009.857008Z_0f54069a124f_202609072,202609072,8,41500,earlier,0.913751459446138,0.912584474698252,0.001166984747886013,0.21
sweeps/phase2_opcode_js_temporal/runs/20260905T164009.857008Z_0f54069a124f_202609072,202609072,8,42000,earlier,0.921812291077167,0.920857998709105,0.000954292368061993,0.25
sweeps/phase2_opcode_js_temporal/runs/20260905T164009.857008Z_0f54069a124f_202609072,202609072,8,42500,earlier,0.9224655594965201,0.9196446867952346,0.002820872701285504,0.01
sweeps/phase2_opcode_js_temporal/runs/20260905T164009.857008Z_0f54069a124f_202609072,202609072,8,43000,earlier,0.9089338927950574,0.9094032878622884,-0.0004693950672309821,0.66
sweeps/phase2_opcode_js_temporal/runs/20260905T164009.857008Z_0f54069a124f_202609072,202609072,8,43500,earlier,0.9267942957034593,0.9255356747125973,0.0012586209908619361,0.19
sweeps/phase2_opcode_js_temporal/runs/20260905T164009.857008Z_0f54069a124f_202609072,202609072,8,44000,earlier,0.9231098817475069,0.9199737884317193,0.0031360933157875692,0.02
sweeps/phase2_opcode_js_temporal/runs/20260905T164009.857008Z_0f54069a124f_202609072,202609072,8,44500,earlier,0.9267316939750302,0.924764501813461,0.0019671921615691534,0.04
sweeps/phase2_opcode_js_temporal/runs/20260905T164009.857008Z_0f54069a124f_202609072,202609072,8,45000,final,0.9180419847590557,0.9175770325183399,0.0004649522407158546,0.44
sweeps/phase2_opcode_js_temporal/runs/20260905T164009.857008Z_0f54069a124f_202609072,202609072,8,45500,final,0.9073406209912042,0.9093651215634382,-0.0020245005722340226,0.85
sweeps/phase2_opcode_js_temporal/runs/20260905T164009.857008Z_0f54069a124f_202609072,202609072,8,46000,final,0.9187995364271561,0.9180549473065078,0.0007445891206482314,0.34
sweeps/phase2_opcode_js_temporal/runs/20260905T164009.857008Z_0f54069a124f_202609072,202609072,8,46500,final,0.8925879885522872,0.8918673995743542,0.0007205889779329233,0.36
sweeps/phase2_opcode_js_temporal/runs/20260905T164009.857008Z_0f54069a124f_202609072,202609072,8,47000,final,0.9196516797473482,0.9198425763713012,-0.00019089662395299634,0.6
sweeps/phase2_opcode_js_temporal/runs/20260905T164009.857008Z_0f54069a124f_202609072,202609072,8,47500,final,0.9289666862827441,0.9276537146447127,0.0013129716380314571,0.16
sweeps/phase2_opcode_js_temporal/runs/20260905T164009.857008Z_0f54069a124f_202609072,202609072,8,48000,final,0.9264024555651164,0.9249752888173881,0.001427166747728248,0.11
sweeps/phase2_opcode_js_temporal/runs/20260905T164009.857008Z_0f54069a124f_202609072,202609072,8,48500,final,0.9268082414154718,0.9256840062852982,0.0011242351301735676,0.2
sweeps/phase2_opcode_js_temporal/runs/20260905T164009.857008Z_0f54069a124f_202609072,202609072,8,49000,final,0.9227020978875405,0.9211905574085206,0.0015115404790199127,0.17
sweeps/phase2_opcode_js_temporal/runs/20260905T164009.857008Z_0f54069a124f_202609072,202609072,8,49500,final,0.9308562903268087,0.9303834792982368,0.0004728110285718845,0.3
sweeps/phase2_opcode_js_temporal/runs/20260905T164009.856994Z_924f9b565091_202609073,202609073,8,0,earlier,0.9703024868833213,0.9702388298980225,6.365698529886554e-05,0.37
sweeps/phase2_opcode_js_temporal/runs/20260905T164009.856994Z_924f9b565091_202609073,202609073,8,500,earlier,0.9537177422720673,0.954267626305148,-0.0005498840330807608,0.79
sweeps/phase2_opcode_js_temporal/runs/20260905T164009.856994Z_924f9b565091_202609073,202609073,8,1000,earlier,0.9433968589189021,0.9430888494957034,0.0003080094231987518,0.39
sweeps/phase2_opcode_js_temporal/runs/20260905T164009.856994Z_924f9b565091_202609073,202609073,8,1500,earlier,0.9362099017361477,0.9354891738109566,0.000720727925191067,0.27
sweeps/phase2_opcode_js_temporal/runs/20260905T164009.856994Z_924f9b565091_202609073,202609073,8,2000,earlier,0.9156573717922388,0.9179557429220501,-0.0022983711298112386,0.99
sweeps/phase2_opcode_js_temporal/runs/20260905T164009.856994Z_924f9b565091_202609073,202609073,8,2500,earlier,0.9107837062747389,0.9086521219815078,0.0021315842932311257,0.06
sweeps/phase2_opcode_js_temporal/runs/20260905T164009.856994Z_924f9b565091_202609073,202609073,8,3000,earlier,0.9190067526362585,0.9169511114871836,0.0020556411490749715,0.02
sweeps/phase2_opcode_js_temporal/runs/20260905T164009.856994Z_924f9b565091_202609073,202609073,8,3500,earlier,0.9258835624442507,0.9254183856316401,0.0004651768126106015,0.27
sweeps/phase2_opcode_js_temporal/runs/20260905T164009.856994Z_924f9b565091_202609073,202609073,8,4000,earlier,0.9225061819617628,0.9222534060789961,0.00025277588276673146,0.44
sweeps/phase2_opcode_js_temporal/runs/20260905T164009.856994Z_924f9b565091_202609073,202609073,8,4500,earlier,0.928770478429704,0.9290705223159763,-0.0003000438862723609,0.63
sweeps/phase2_opcode_js_temporal/runs/20260905T164009.856994Z_924f9b565091_202609073,202609073,8,5000,earlier,0.9190652316065258,0.9189843877425112,8.08438640145237e-05,0.4
sweeps/phase2_opcode_js_temporal/runs/20260905T164009.856994Z_924f9b565091_202609073,202609073,8,5500,earlier,0.9203347995271007,0.920823785400007,-0.0004889858729062446,0.71
sweeps/phase2_opcode_js_temporal/runs/20260905T164009.856994Z_924f9b565091_202609073,202609073,8,6000,earlier,0.9166979843156209,0.9155404302335801,0.0011575540820407682,0.14
sweeps/phase2_opcode_js_temporal/runs/20260905T164009.856994Z_924f9b565091_202609073,202609073,8,6500,earlier,0.9151230132919537,0.9131914888382301,0.0019315244537235765,0.11
sweeps/phase2_opcode_js_temporal/runs/20260905T164009.856994Z_924f9b565091_202609073,202609073,8,7000,earlier,0.9195668971041547,0.9199512007113536,-0.000384303607198877,0.68
sweeps/phase2_opcode_js_temporal/runs/20260905T164009.856994Z_924f9b565091_202609073,202609073,8,7500,earlier,0.9187337057572815,0.9182017950990995,0.0005319106581820332,0.26
sweeps/phase2_opcode_js_temporal/runs/20260905T164009.856994Z_924f9b565091_202609073,202609073,8,8000,earlier,0.9254321333231674,0.9237510932169657,0.0016810401062017366,0.01
sweeps/phase2_opcode_js_temporal/runs/20260905T164009.856994Z_924f9b565091_202609073,202609073,8,8500,earlier,0.9175595199514059,0.9170297608550539,0.0005297590963520005,0.33
sweeps/phase2_opcode_js_temporal/runs/20260905T164009.856994Z_924f9b565091_202609073,202609073,8,9000,earlier,0.9227227853857747,0.9222653448290098,0.0004574405567648876,0.27
sweeps/phase2_opcode_js_temporal/runs/20260905T164009.856994Z_924f9b565091_202609073,202609073,8,9500,earlier,0.920805747142088,0.9230548983760566,-0.002249151233968627,0.98
sweeps/phase2_opcode_js_temporal/runs/20260905T164009.856994Z_924f9b565091_202609073,202609073,8,10000,earlier,0.9310232714448272,0.9317942012320601,-0.0007709297872329213,0.84
sweeps/phase2_opcode_js_temporal/runs/20260905T164009.856994Z_924f9b565091_202609073,202609073,8,10500,earlier,0.922337530769295,0.92343257058067,-0.0010950398113749316,0.8
sweeps/phase2_opcode_js_temporal/runs/20260905T164009.856994Z_924f9b565091_202609073,202609073,8,11000,earlier,0.9258599554810211,0.9264203645193672,-0.000560409038346088,0.7
sweeps/phase2_opcode_js_temporal/runs/20260905T164009.856994Z_924f9b565091_202609073,202609073,8,11500,earlier,0.9241828189694536,0.9224562936820668,0.0017265252873868153,0.11
sweeps/phase2_opcode_js_temporal/runs/20260905T164009.856994Z_924f9b565091_202609073,202609073,8,12000,earlier,0.9226618372510784,0.922709645786217,-4.780853513852712e-05,0.49
sweeps/phase2_opcode_js_temporal/runs/20260905T164009.856994Z_924f9b565091_202609073,202609073,8,12500,earlier,0.9260547588694164,0.9248818307428842,0.0011729281265321356,0.14
sweeps/phase2_opcode_js_temporal/runs/20260905T164009.856994Z_924f9b565091_202609073,202609073,8,13000,earlier,0.9171868391361022,0.9164606680213296,0.000726171114772578,0.22
sweeps/phase2_opcode_js_temporal/runs/20260905T164009.856994Z_924f9b565091_202609073,202609073,8,13500,earlier,0.9283888373563953,0.9278931054083422,0.0004957319480530797,0.29
sweeps/phase2_opcode_js_temporal/runs/20260905T164009.856994Z_924f9b565091_202609073,202609073,8,14000,earlier,0.9254890558070737,0.9246161812486617,0.0008728745584120068,0.24
sweeps/phase2_opcode_js_temporal/runs/20260905T164009.856994Z_924f9b565091_202609073,202609073,8,14500,earlier,0.9282978216188411,0.9281580285289671,0.0001397930898739963,0.5
sweeps/phase2_opcode_js_temporal/runs/20260905T164009.856994Z_924f9b565091_202609073,202609073,8,15000,earlier,0.9200501243701553,0.9207302791953783,-0.0006801548252229894,0.75
sweeps/phase2_opcode_js_temporal/runs/20260905T164009.856994Z_924f9b565091_202609073,202609073,8,15500,earlier,0.922417735772404,0.9240354886667509,-0.0016177528943468467,0.93
sweeps/phase2_opcode_js_temporal/runs/20260905T164009.856994Z_924f9b565091_202609073,202609073,8,16000,earlier,0.9267598579387629,0.9265290584357742,0.0002307995029887655,0.39
sweeps/phase2_opcode_js_temporal/runs/20260905T164009.856994Z_924f9b565091_202609073,202609073,8,16500,earlier,0.9151450231330792,0.9150320334319648,0.00011298970111439655,0.48
sweeps/phase2_opcode_js_temporal/runs/20260905T164009.856994Z_924f9b565091_202609073,202609073,8,17000,earlier,0.9153965560269971,0.9161795399007158,-0.0007829838737186678,0.77
sweeps/phase2_opcode_js_temporal/runs/20260905T164009.856994Z_924f9b565091_202609073,202609073,8,17500,earlier,0.918107546294034,0.9170248393675577,0.0010827069264762734,0.17
sweeps/phase2_opcode_js_temporal/runs/20260905T164009.856994Z_924f9b565091_202609073,202609073,8,18000,earlier,0.9233354840861342,0.9206968078509309,0.0026386762352033077,0.03
sweeps/phase2_opcode_js_temporal/runs/20260905T164009.856994Z_924f9b565091_202609073,202609073,8,18500,earlier,0.9239451706475149,0.9206725953325283,0.003272575314986592,0.01
sweeps/phase2_opcode_js_temporal/runs/20260905T164009.856994Z_924f9b565091_202609073,202609073,8,19000,earlier,0.9210288146209834,0.920133803263187,0.0008950113577964602,0.21
sweeps/phase2_opcode_js_temporal/runs/20260905T164009.856994Z_924f9b565091_202609073,202609073,8,19500,earlier,0.9149256443440159,0.9149595355283122,-3.389118429630855e-05,0.51
sweeps/phase2_opcode_js_temporal/runs/20260905T164009.856994Z_924f9b565091_202609073,202609073,8,20000,earlier,0.9191452743111257,0.9193862210272291,-0.00024094671610341845,0.6
sweeps/phase2_opcode_js_temporal/runs/20260905T164009.856994Z_924f9b565091_202609073,202609073,8,20500,earlier,0.9160541302843771,0.9172012934760765,-0.0011471631916993852,0.85
sweeps/phase2_opcode_js_temporal/runs/20260905T164009.856994Z_924f9b565091_202609073,202609073,8,21000,earlier,0.9129590905622471,0.9129739565116914,-1.4865949444331505e-05,0.46
sweeps/phase2_opcode_js_temporal/runs/20260905T164009.856994Z_924f9b565091_202609073,202609073,8,21500,earlier,0.9142987579729727,0.9120545707572285,0.0022441872157441534,0.06
sweeps/phase2_opcode_js_temporal/runs/20260905T164009.856994Z_924f9b565091_202609073,202609073,8,22000,earlier,0.9088935853901174,0.9078731598831724,0.001020425506945033,0.23
sweeps/phase2_opcode_js_temporal/runs/20260905T164009.856994Z_924f9b565091_202609073,202609073,8,22500,earlier,0.9116713540339789,0.9111588377761244,0.0005125162578545339,0.35
sweeps/phase2_opcode_js_temporal/runs/20260905T164009.856994Z_924f9b565091_202609073,202609073,8,23000,earlier,0.9126355183697248,0.9130214135855695,-0.00038589521584475595,0.65
sweeps/phase2_opcode_js_temporal/runs/20260905T164009.856994Z_924f9b565091_202609073,202609073,8,23500,earlier,0.9132205148704843,0.9123673187333441,0.0008531961371401886,0.23
sweeps/phase2_opcode_js_temporal/runs/20260905T164009.856994Z_924f9b565091_202609073,202609073,8,24000,earlier,0.9075096528446869,0.9054725765267366,0.0020370763179502482,0.08
sweeps/phase2_opcode_js_temporal/runs/20260905T164009.856994Z_924f9b565091_202609073,202609073,8,24500,earlier,0.9062724394050655,0.9041147696936379,0.002157669711427612,0.08
sweeps/phase2_opcode_js_temporal/runs/20260905T164009.856994Z_924f9b565091_202609073,202609073,8,25000,earlier,0.9191522807502479,0.9165836714791105,0.0025686092711374453,0.06
sweeps/phase2_opcode_js_temporal/runs/20260905T164009.856994Z_924f9b565091_202609073,202609073,8,25500,earlier,0.9155653886352783,0.9150410302128138,0.0005243584224644549,0.38
sweeps/phase2_opcode_js_temporal/runs/20260905T164009.856994Z_924f9b565091_202609073,202609073,8,26000,earlier,0.9196025447448262,0.9165767901943348,0.0030257545504913663,0.05
sweeps/phase2_opcode_js_temporal/runs/20260905T164009.856994Z_924f9b565091_202609073,202609073,8,26500,earlier,0.9152827671992546,0.9123915591409163,0.0028912080583383126,0.03
sweeps/phase2_opcode_js_temporal/runs/20260905T164009.856994Z_924f9b565091_202609073,202609073,8,27000,earlier,0.9319153085913641,0.9280119331583049,0.0039033754330591863,0.01
sweeps/phase2_opcode_js_temporal/runs/20260905T164009.856994Z_924f9b565091_202609073,202609073,8,27500,earlier,0.9342851589865593,0.9342762187689431,8.940217616215662e-06,0.52
sweeps/phase2_opcode_js_temporal/runs/20260905T164009.856994Z_924f9b565091_202609073,202609073,8,28000,earlier,0.9331420043763154,0.9303769598434816,0.0027650445328338824,0.03
sweeps/phase2_opcode_js_temporal/runs/20260905T164009.856994Z_924f9b565091_202609073,202609073,8,28500,earlier,0.9183473414708155,0.9176992628544871,0.0006480786163284291,0.32
sweeps/phase2_opcode_js_temporal/runs/20260905T164009.856994Z_924f9b565091_202609073,202609073,8,29000,earlier,0.9287323773235779,0.9281696478582316,0.0005627294653463011,0.32
sweeps/phase2_opcode_js_temporal/runs/20260905T164009.856994Z_924f9b565091_202609073,202609073,8,29500,earlier,0.9265554708681719,0.92463137349494,0.0019240973732319588,0.11
sweeps/phase2_opcode_js_temporal/runs/20260905T164009.856994Z_924f9b565091_202609073,202609073,8,30000,earlier,0.9272538909498207,0.92551910386554,0.0017347870842806534,0.07
sweeps/phase2_opcode_js_temporal/runs/20260905T164009.856994Z_924f9b565091_202609073,202609073,8,30500,earlier,0.9281551446728378,0.9271899911515449,0.0009651535212928941,0.21
sweeps/phase2_opcode_js_temporal/runs/20260905T164009.856994Z_924f9b565091_202609073,202609073,8,31000,earlier,0.9282257219876076,0.9264905242907696,0.0017351976968379423,0.08
sweeps/phase2_opcode_js_temporal/runs/20260905T164009.856994Z_924f9b565091_202609073,202609073,8,31500,earlier,0.9201139834993338,0.9211594928877129,-0.0010455093883791067,0.76
sweeps/phase2_opcode_js_temporal/runs/20260905T164009.856994Z_924f9b565091_202609073,202609073,8,32000,earlier,0.9170946642425256,0.9180470181324955,-0.0009523538899698369,0.78
sweeps/phase2_opcode_js_temporal/runs/20260905T164009.856994Z_924f9b565091_202609073,202609073,8,32500,earlier,0.9248604647286578,0.9259641988072693,-0.001103734078611529,0.84
sweeps/phase2_opcode_js_temporal/runs/20260905T164009.856994Z_924f9b565091_202609073,202609073,8,33000,earlier,0.9276232270604141,0.9275912491990991,3.197786131503566e-05,0.46
sweeps/phase2_opcode_js_temporal/runs/20260905T164009.856994Z_924f9b565091_202609073,202609073,8,33500,earlier,0.9330190497361194,0.9311946158838935,0.0018244338522258596,0.04
sweeps/phase2_opcode_js_temporal/runs/20260905T164009.856994Z_924f9b565091_202609073,202609073,8,34000,earlier,0.9325421298159263,0.9305539300464521,0.001988199769474175,0.09
sweeps/phase2_opcode_js_temporal/runs/20260905T164009.856994Z_924f9b565091_202609073,202609073,8,34500,earlier,0.9097474231892626,0.9101037726944309,-0.00035634950516827413,0.65
sweeps/phase2_opcode_js_temporal/runs/20260905T164009.856994Z_924f9b565091_202609073,202609073,8,35000,earlier,0.9290653222249876,0.9285111419732879,0.0005541802516997318,0.31
sweeps/phase2_opcode_js_temporal/runs/20260905T164009.856994Z_924f9b565091_202609073,202609073,8,35500,earlier,0.9321491865760981,0.9304041592384344,0.001745027337663685,0.06
sweeps/phase2_opcode_js_temporal/runs/20260905T164009.856994Z_924f9b565091_202609073,202609073,8,36000,earlier,0.926594058087122,0.9266474249822964,-5.336689517432269e-05,0.48
sweeps/phase2_opcode_js_temporal/runs/20260905T164009.856994Z_924f9b565091_202609073,202609073,8,36500,earlier,0.9347272207173153,0.9336389542708906,0.0010882664464246794,0.15
sweeps/phase2_opcode_js_temporal/runs/20260905T164009.856994Z_924f9b565091_202609073,202609073,8,37000,earlier,0.9202956356210995,0.9167141985958012,0.0035814370252983396,0.01
sweeps/phase2_opcode_js_temporal/runs/20260905T164009.856994Z_924f9b565091_202609073,202609073,8,37500,earlier,0.9285021574005293,0.9286078164933931,-0.00010565909286375241,0.52
sweeps/phase2_opcode_js_temporal/runs/20260905T164009.856994Z_924f9b565091_202609073,202609073,8,38000,earlier,0.911635140958275,0.9109707051492585,0.0006644358090165392,0.36
sweeps/phase2_opcode_js_temporal/runs/20260905T164009.856994Z_924f9b565091_202609073,202609073,8,38500,earlier,0.9221946882853223,0.9227363109340525,-0.0005416226487302556,0.71
sweeps/phase2_opcode_js_temporal/runs/20260905T164009.856994Z_924f9b565091_202609073,202609073,8,39000,earlier,0.9298195644987355,0.9296931802663675,0.00012638423236799312,0.42
sweeps/phase2_opcode_js_temporal/runs/20260905T164009.856994Z_924f9b565091_202609073,202609073,8,39500,earlier,0.9194562686842365,0.9190295371636924,0.0004267315205440658,0.35
sweeps/phase2_opcode_js_temporal/runs/20260905T164009.856994Z_924f9b565091_202609073,202609073,8,40000,earlier,0.9243062887991692,0.9228973478215687,0.0014089409776004702,0.1
sweeps/phase2_opcode_js_temporal/runs/20260905T164009.856994Z_924f9b565091_202609073,202609073,8,40500,earlier,0.9112439676324948,0.9120974253689901,-0.0008534577364952556,0.7
sweeps/phase2_opcode_js_temporal/runs/20260905T164009.856994Z_924f9b565091_202609073,202609073,8,41000,earlier,0.9218605416425838,0.9225921339712011,-0.0007315923286173032,0.66
sweeps/phase2_opcode_js_temporal/runs/20260905T164009.856994Z_924f9b565091_202609073,202609073,8,41500,earlier,0.9237430315504063,0.9227283271017963,0.00101470444860996,0.22
sweeps/phase2_opcode_js_temporal/runs/20260905T164009.856994Z_924f9b565091_202609073,202609073,8,42000,earlier,0.9266825771509143,0.9265102358979446,0.00017234125296972103,0.44
sweeps/phase2_opcode_js_temporal/runs/20260905T164009.856994Z_924f9b565091_202609073,202609073,8,42500,earlier,0.9237173199023461,0.9218648230863521,0.0018524968159939759,0.17
sweeps/phase2_opcode_js_temporal/runs/20260905T164009.856994Z_924f9b565091_202609073,202609073,8,43000,earlier,0.9162789940706456,0.9146139134144053,0.0016650806562402698,0.15
sweeps/phase2_opcode_js_temporal/runs/20260905T164009.856994Z_924f9b565091_202609073,202609073,8,43500,earlier,0.9231648852377332,0.9226670221504606,0.0004978630872726209,0.34
sweeps/phase2_opcode_js_temporal/runs/20260905T164009.856994Z_924f9b565091_202609073,202609073,8,44000,earlier,0.9272470573850741,0.9254506754345866,0.00179638195048748,0.07
sweeps/phase2_opcode_js_temporal/runs/20260905T164009.856994Z_924f9b565091_202609073,202609073,8,44500,earlier,0.9264662742595566,0.9276077741859159,-0.0011414999263592573,0.85
sweeps/phase2_opcode_js_temporal/runs/20260905T164009.856994Z_924f9b565091_202609073,202609073,8,45000,final,0.9299049897933668,0.9308241171104216,-0.0009191273170547909,0.81
sweeps/phase2_opcode_js_temporal/runs/20260905T164009.856994Z_924f9b565091_202609073,202609073,8,45500,final,0.9258095930237319,0.9242066418281918,0.0016029511955401032,0.09
sweeps/phase2_opcode_js_temporal/runs/20260905T164009.856994Z_924f9b565091_202609073,202609073,8,46000,final,0.9245841165232623,0.9242983504057821,0.00028576611748021286,0.38
sweeps/phase2_opcode_js_temporal/runs/20260905T164009.856994Z_924f9b565091_202609073,202609073,8,46500,final,0.9266135528573279,0.9241638460632521,0.0024497067940758566,0.03
sweeps/phase2_opcode_js_temporal/runs/20260905T164009.856994Z_924f9b565091_202609073,202609073,8,47000,final,0.9310382359207822,0.927911296110185,0.0031269398105971957,0.02
sweeps/phase2_opcode_js_temporal/runs/20260905T164009.856994Z_924f9b565091_202609073,202609073,8,47500,final,0.9259909662838368,0.9240414200622494,0.0019495462215873838,0.05
sweeps/phase2_opcode_js_temporal/runs/20260905T164009.856994Z_924f9b565091_202609073,202609073,8,48000,final,0.9240684348390457,0.9235549928348121,0.000513442004233533,0.39
sweeps/phase2_opcode_js_temporal/runs/20260905T164009.856994Z_924f9b565091_202609073,202609073,8,48500,final,0.9180698633259327,0.9182063353220502,-0.00013647199611754868,0.5
sweeps/phase2_opcode_js_temporal/runs/20260905T164009.856994Z_924f9b565091_202609073,202609073,8,49000,final,0.9210007969567281,0.9198473037085625,0.0011534932481656046,0.22
sweeps/phase2_opcode_js_temporal/runs/20260905T164009.856994Z_924f9b565091_202609073,202609073,8,49500,final,0.9096344912174069,0.9071879770139663,0.002446514203440664,0.09
sweeps/phase2_opcode_js_temporal/runs/20260905T164009.857014Z_6c69b6159f3b_202609074,202609074,8,0,earlier,0.9682818759962795,0.9686698385552933,-0.0003879625590138547,0.97
sweeps/phase2_opcode_js_temporal/runs/20260905T164009.857014Z_6c69b6159f3b_202609074,202609074,8,500,earlier,0.9472588148799845,0.946113454710156,0.0011453601698285798,0.12
sweeps/phase2_opcode_js_temporal/runs/20260905T164009.857014Z_6c69b6159f3b_202609074,202609074,8,1000,earlier,0.9274983511707449,0.9255346500060937,0.001963701164651166,0.03
sweeps/phase2_opcode_js_temporal/runs/20260905T164009.857014Z_6c69b6159f3b_202609074,202609074,8,1500,earlier,0.9301232433338052,0.9292703120984268,0.0008529312353784402,0.17
sweeps/phase2_opcode_js_temporal/runs/20260905T164009.857014Z_6c69b6159f3b_202609074,202609074,8,2000,earlier,0.9311855570127104,0.9312996160757923,-0.00011405906308181724,0.57
sweeps/phase2_opcode_js_temporal/runs/20260905T164009.857014Z_6c69b6159f3b_202609074,202609074,8,2500,earlier,0.9215210482324725,0.9212399416721241,0.00028110656034840975,0.35
sweeps/phase2_opcode_js_temporal/runs/20260905T164009.857014Z_6c69b6159f3b_202609074,202609074,8,3000,earlier,0.9298423892540835,0.9293428064114038,0.0004995828426797022,0.25
sweeps/phase2_opcode_js_temporal/runs/20260905T164009.857014Z_6c69b6159f3b_202609074,202609074,8,3500,earlier,0.9370107014740116,0.9361054125643983,0.0009052889096132777,0.08
sweeps/phase2_opcode_js_temporal/runs/20260905T164009.857014Z_6c69b6159f3b_202609074,202609074,8,4000,earlier,0.9313020485905099,0.9297952193346791,0.0015068292558307883,0.05
sweeps/phase2_opcode_js_temporal/runs/20260905T164009.857014Z_6c69b6159f3b_202609074,202609074,8,4500,earlier,0.9391876460851298,0.9381360896102914,0.0010515564748384554,0.09
sweeps/phase2_opcode_js_temporal/runs/20260905T164009.857014Z_6c69b6159f3b_202609074,202609074,8,5000,earlier,0.9275388342914769,0.9248471680861011,0.0026916662053757534,0.01
sweeps/phase2_opcode_js_temporal/runs/20260905T164009.857014Z_6c69b6159f3b_202609074,202609074,8,5500,earlier,0.9304860333017664,0.9304510866343787,3.494666738768082e-05,0.53
sweeps/phase2_opcode_js_temporal/runs/20260905T164009.857014Z_6c69b6159f3b_202609074,202609074,8,6000,earlier,0.9301152528164218,0.9295146890410015,0.0006005637754202819,0.24
sweeps/phase2_opcode_js_temporal/runs/20260905T164009.857014Z_6c69b6159f3b_202609074,202609074,8,6500,earlier,0.9291341565272321,0.9290043215531008,0.0001298349741313265,0.47
sweeps/phase2_opcode_js_temporal/runs/20260905T164009.857014Z_6c69b6159f3b_202609074,202609074,8,7000,earlier,0.9187054547949648,0.917514835312599,0.0011906194823657623,0.15
sweeps/phase2_opcode_js_temporal/runs/20260905T164009.857014Z_6c69b6159f3b_202609074,202609074,8,7500,earlier,0.9242989036494493,0.9219362046300698,0.002362699019379577,0.02
sweeps/phase2_opcode_js_temporal/runs/20260905T164009.857014Z_6c69b6159f3b_202609074,202609074,8,8000,earlier,0.9297600997481259,0.9285855514338035,0.001174548314322399,0.05
sweeps/phase2_opcode_js_temporal/runs/20260905T164009.857014Z_6c69b6159f3b_202609074,202609074,8,8500,earlier,0.9319402003621486,0.9313403464424989,0.0005998539196497843,0.2
sweeps/phase2_opcode_js_temporal/runs/20260905T164009.857014Z_6c69b6159f3b_202609074,202609074,8,9000,earlier,0.9191423633114684,0.9178713039458829,0.0012710593655854696,0.13
sweeps/phase2_opcode_js_temporal/runs/20260905T164009.857014Z_6c69b6159f3b_202609074,202609074,8,9500,earlier,0.9133798691722064,0.9137585583211986,-0.0003786891489921951,0.61
sweeps/phase2_opcode_js_temporal/runs/20260905T164009.857014Z_6c69b6159f3b_202609074,202609074,8,10000,earlier,0.9202528753722719,0.9208951668523258,-0.0006422914800539026,0.79
sweeps/phase2_opcode_js_temporal/runs/20260905T164009.857014Z_6c69b6159f3b_202609074,202609074,8,10500,earlier,0.9258465506972273,0.9246885576186059,0.001157993078621411,0.08
sweeps/phase2_opcode_js_temporal/runs/20260905T164009.857014Z_6c69b6159f3b_202609074,202609074,8,11000,earlier,0.9301244118584252,0.9304632148779842,-0.0003388030195590197,0.71
sweeps/phase2_opcode_js_temporal/runs/20260905T164009.857014Z_6c69b6159f3b_202609074,202609074,8,11500,earlier,0.930313335624796,0.9300789853578095,0.00023435026698648276,0.35
sweeps/phase2_opcode_js_temporal/runs/20260905T164009.857014Z_6c69b6159f3b_202609074,202609074,8,12000,earlier,0.9289398235738066,0.9272450624433187,0.0016947611304878318,0.04
sweeps/phase2_opcode_js_temporal/runs/20260905T164009.857014Z_6c69b6159f3b_202609074,202609074,8,12500,earlier,0.9309820956275467,0.9308559308604429,0.00012616476710380908,0.45
sweeps/phase2_opcode_js_temporal/runs/20260905T164009.857014Z_6c69b6159f3b_202609074,202609074,8,13000,earlier,0.9303383945245268,0.9287648267584651,0.0015735677660617675,0.04
sweeps/phase2_opcode_js_temporal/runs/20260905T164009.857014Z_6c69b6159f3b_202609074,202609074,8,13500,earlier,0.9202912400454629,0.9210883377123962,-0.0007970976669332552,0.75
sweeps/phase2_opcode_js_temporal/runs/20260905T164009.857014Z_6c69b6159f3b_202609074,202609074,8,14000,earlier,0.9251070845224075,0.9246715207673593,0.0004355637550482738,0.33
sweeps/phase2_opcode_js_temporal/runs/20260905T164009.857014Z_6c69b6159f3b_202609074,202609074,8,14500,earlier,0.9173990139333789,0.9185577799346093,-0.001158766001230438,0.82
sweeps/phase2_opcode_js_temporal/runs/20260905T164009.857014Z_6c69b6159f3b_202609074,202609074,8,15000,earlier,0.9154897163528191,0.9165393915308893,-0.0010496751780701974,0.82
sweeps/phase2_opcode_js_temporal/runs/20260905T164009.857014Z_6c69b6159f3b_202609074,202609074,8,15500,earlier,0.9195325493514606,0.9196014077716497,-6.88584201891107e-05,0.54
sweeps/phase2_opcode_js_temporal/runs/20260905T164009.857014Z_6c69b6159f3b_202609074,202609074,8,16000,earlier,0.9222953397599459,0.921901956069873,0.00039338369007291263,0.33
sweeps/phase2_opcode_js_temporal/runs/20260905T164009.857014Z_6c69b6159f3b_202609074,202609074,8,16500,earlier,0.9176993448886975,0.9178543876223757,-0.0001550427336781679,0.55
sweeps/phase2_opcode_js_temporal/runs/20260905T164009.857014Z_6c69b6159f3b_202609074,202609074,8,17000,earlier,0.9237573481715975,0.9232587531261258,0.0004985950454716725,0.41
sweeps/phase2_opcode_js_temporal/runs/20260905T164009.857014Z_6c69b6159f3b_202609074,202609074,8,17500,earlier,0.91840980937364,0.9203509962983532,-0.001941186924713123,0.97
sweeps/phase2_opcode_js_temporal/runs/20260905T164009.857014Z_6c69b6159f3b_202609074,202609074,8,18000,earlier,0.9259041281102985,0.9242412812510733,0.0016628468592252421,0.05
sweeps/phase2_opcode_js_temporal/runs/20260905T164009.857014Z_6c69b6159f3b_202609074,202609074,8,18500,earlier,0.9210224122499175,0.9183236049264669,0.002698807323450625,0.02
sweeps/phase2_opcode_js_temporal/runs/20260905T164009.857014Z_6c69b6159f3b_202609074,202609074,8,19000,earlier,0.9288948722764214,0.9267756228741686,0.002119249402252832,0.01
sweeps/phase2_opcode_js_temporal/runs/20260905T164009.857014Z_6c69b6159f3b_202609074,202609074,8,19500,earlier,0.9294599604563519,0.927584942113027,0.0018750183433249301,0.06
sweeps/phase2_opcode_js_temporal/runs/20260905T164009.857014Z_6c69b6159f3b_202609074,202609074,8,20000,earlier,0.922871273081942,0.9205379837961918,0.002333289285750162,0.02
sweeps/phase2_opcode_js_temporal/runs/20260905T164009.857014Z_6c69b6159f3b_202609074,202609074,8,20500,earlier,0.9172891488495158,0.9131418156037149,0.004147333245800966,0.01
sweeps/phase2_opcode_js_temporal/runs/20260905T164009.857014Z_6c69b6159f3b_202609074,202609074,8,21000,earlier,0.9286157430674474,0.9261002117301135,0.002515531337333954,0.01
sweeps/phase2_opcode_js_temporal/runs/20260905T164009.857014Z_6c69b6159f3b_202609074,202609074,8,21500,earlier,0.9317631142915318,0.929949823277621,0.0018132910139108116,0.05
sweeps/phase2_opcode_js_temporal/runs/20260905T164009.857014Z_6c69b6159f3b_202609074,202609074,8,22000,earlier,0.9363877772939039,0.936803144729048,-0.00041536743514414276,0.65
sweeps/phase2_opcode_js_temporal/runs/20260905T164009.857014Z_6c69b6159f3b_202609074,202609074,8,22500,earlier,0.934386699644727,0.9340578842777996,0.0003288153669274152,0.34
sweeps/phase2_opcode_js_temporal/runs/20260905T164009.857014Z_6c69b6159f3b_202609074,202609074,8,23000,earlier,0.9319427563582928,0.9310122807339903,0.0009304756243024848,0.23
sweeps/phase2_opcode_js_temporal/runs/20260905T164009.857014Z_6c69b6159f3b_202609074,202609074,8,23500,earlier,0.937367234353886,0.9344517609273993,0.002915473426486681,0.01
sweeps/phase2_opcode_js_temporal/runs/20260905T164009.857014Z_6c69b6159f3b_202609074,202609074,8,24000,earlier,0.9406336988203432,0.9388624028897274,0.0017712959306157572,0.02
sweeps/phase2_opcode_js_temporal/runs/20260905T164009.857014Z_6c69b6159f3b_202609074,202609074,8,24500,earlier,0.938102480592256,0.9367017750894563,0.0014007055027996929,0.1
sweeps/phase2_opcode_js_temporal/runs/20260905T164009.857014Z_6c69b6159f3b_202609074,202609074,8,25000,earlier,0.9365669264296961,0.9357471376306774,0.0008197887990186725,0.14
sweeps/phase2_opcode_js_temporal/runs/20260905T164009.857014Z_6c69b6159f3b_202609074,202609074,8,25500,earlier,0.9394871361370635,0.939760305184202,-0.00027316904713847734,0.61
sweeps/phase2_opcode_js_temporal/runs/20260905T164009.857014Z_6c69b6159f3b_202609074,202609074,8,26000,earlier,0.9322844480430476,0.9318605292815896,0.00042391876145797536,0.33
sweeps/phase2_opcode_js_temporal/runs/20260905T164009.857014Z_6c69b6159f3b_202609074,202609074,8,26500,earlier,0.9383038314733737,0.93785623002276,0.0004476014506137327,0.35
sweeps/phase2_opcode_js_temporal/runs/20260905T164009.857014Z_6c69b6159f3b_202609074,202609074,8,27000,earlier,0.9255693646698073,0.9236509225727936,0.0019184420970137506,0.06
sweeps/phase2_opcode_js_temporal/runs/20260905T164009.857014Z_6c69b6159f3b_202609074,202609074,8,27500,earlier,0.9309433751520604,0.929422662839123,0.0015207123129373779,0.06
sweeps/phase2_opcode_js_temporal/runs/20260905T164009.857014Z_6c69b6159f3b_202609074,202609074,8,28000,earlier,0.9252419999636465,0.9240441963969881,0.0011978035666584397,0.16
sweeps/phase2_opcode_js_temporal/runs/20260905T164009.857014Z_6c69b6159f3b_202609074,202609074,8,28500,earlier,0.9241236542999931,0.9222280249564981,0.0018956293434949645,0.07
sweeps/phase2_opcode_js_temporal/runs/20260905T164009.857014Z_6c69b6159f3b_202609074,202609074,8,29000,earlier,0.9281116829362823,0.9269691095117608,0.0011425734245215091,0.13
sweeps/phase2_opcode_js_temporal/runs/20260905T164009.857014Z_6c69b6159f3b_202609074,202609074,8,29500,earlier,0.9168178297587095,0.9144303123855699,0.0023875173731395805,0.06
sweeps/phase2_opcode_js_temporal/runs/20260905T164009.857014Z_6c69b6159f3b_202609074,202609074,8,30000,earlier,0.9274912528331314,0.926130205529351,0.0013610473037803938,0.11
sweeps/phase2_opcode_js_temporal/runs/20260905T164009.857014Z_6c69b6159f3b_202609074,202609074,8,30500,earlier,0.9295528694259714,0.9277764364521671,0.001776432973804254,0.07
sweeps/phase2_opcode_js_temporal/runs/20260905T164009.857014Z_6c69b6159f3b_202609074,202609074,8,31000,earlier,0.9303697666525469,0.9293450883596794,0.0010246782928674536,0.25
sweeps/phase2_opcode_js_temporal/runs/20260905T164009.857014Z_6c69b6159f3b_202609074,202609074,8,31500,earlier,0.9283621319145784,0.927080549930476,0.0012815819841024423,0.16
sweeps/phase2_opcode_js_temporal/runs/20260905T164009.857014Z_6c69b6159f3b_202609074,202609074,8,32000,earlier,0.9321877590154247,0.9300303336267005,0.00215742538872421,0.02
sweeps/phase2_opcode_js_temporal/runs/20260905T164009.857014Z_6c69b6159f3b_202609074,202609074,8,32500,earlier,0.9299551054016382,0.927928318358208,0.0020267870434301782,0.05
sweeps/phase2_opcode_js_temporal/runs/20260905T164009.857014Z_6c69b6159f3b_202609074,202609074,8,33000,earlier,0.9250230228637331,0.9250518323272003,-2.880946346728308e-05,0.5
sweeps/phase2_opcode_js_temporal/runs/20260905T164009.857014Z_6c69b6159f3b_202609074,202609074,8,33500,earlier,0.9308093587641352,0.9279583030896031,0.0028510556745320326,0.02
sweeps/phase2_opcode_js_temporal/runs/20260905T164009.857014Z_6c69b6159f3b_202609074,202609074,8,34000,earlier,0.9338575642764141,0.9320729246784446,0.001784639597969484,0.07
sweeps/phase2_opcode_js_temporal/runs/20260905T164009.857014Z_6c69b6159f3b_202609074,202609074,8,34500,earlier,0.9314539974533829,0.9303207753408081,0.0011332221125747166,0.15
sweeps/phase2_opcode_js_temporal/runs/20260905T164009.857014Z_6c69b6159f3b_202609074,202609074,8,35000,earlier,0.9278529626832073,0.9248516587363965,0.0030013039468107516,0.02
sweeps/phase2_opcode_js_temporal/runs/20260905T164009.857014Z_6c69b6159f3b_202609074,202609074,8,35500,earlier,0.9303745257354801,0.9275814215257868,0.0027931042096932535,0.02
sweeps/phase2_opcode_js_temporal/runs/20260905T164009.857014Z_6c69b6159f3b_202609074,202609074,8,36000,earlier,0.911353365319545,0.9087010655984166,0.0026522997211284594,0.07
sweeps/phase2_opcode_js_temporal/runs/20260905T164009.857014Z_6c69b6159f3b_202609074,202609074,8,36500,earlier,0.920069710305887,0.917536296113788,0.0025334141920990705,0.03
sweeps/phase2_opcode_js_temporal/runs/20260905T164009.857014Z_6c69b6159f3b_202609074,202609074,8,37000,earlier,0.925394829445097,0.9246651560865773,0.0007296733585197002,0.32
sweeps/phase2_opcode_js_temporal/runs/20260905T164009.857014Z_6c69b6159f3b_202609074,202609074,8,37500,earlier,0.9314227431895691,0.9313947637507013,2.7979438867786754e-05,0.49
sweeps/phase2_opcode_js_temporal/runs/20260905T164009.857014Z_6c69b6159f3b_202609074,202609074,8,38000,earlier,0.9142097040681155,0.9132186446776621,0.0009910593904534082,0.26
sweeps/phase2_opcode_js_temporal/runs/20260905T164009.857014Z_6c69b6159f3b_202609074,202609074,8,38500,earlier,0.9293889399278049,0.9289229072361044,0.0004660326917005353,0.35
sweeps/phase2_opcode_js_temporal/runs/20260905T164009.857014Z_6c69b6159f3b_202609074,202609074,8,39000,earlier,0.9258663511353874,0.9243371742342665,0.0015291769011208656,0.11
sweeps/phase2_opcode_js_temporal/runs/20260905T164009.857014Z_6c69b6159f3b_202609074,202609074,8,39500,earlier,0.900770776878843,0.9011581162182585,-0.00038733933941548226,0.56
sweeps/phase2_opcode_js_temporal/runs/20260905T164009.857014Z_6c69b6159f3b_202609074,202609074,8,40000,earlier,0.9112998243857852,0.9106103258635521,0.0006894985222331007,0.31
sweeps/phase2_opcode_js_temporal/runs/20260905T164009.857014Z_6c69b6159f3b_202609074,202609074,8,40500,earlier,0.9161862652531679,0.9161629778058501,2.3287447317832388e-05,0.51
sweeps/phase2_opcode_js_temporal/runs/20260905T164009.857014Z_6c69b6159f3b_202609074,202609074,8,41000,earlier,0.9069848780794844,0.9077831120316107,-0.0007982339521263038,0.67
sweeps/phase2_opcode_js_temporal/runs/20260905T164009.857014Z_6c69b6159f3b_202609074,202609074,8,41500,earlier,0.9125609936283443,0.9136309231642769,-0.0010699295359325456,0.79
sweeps/phase2_opcode_js_temporal/runs/20260905T164009.857014Z_6c69b6159f3b_202609074,202609074,8,42000,earlier,0.9220864080049445,0.9221382795370475,-5.1871532103064943e-05,0.49
sweeps/phase2_opcode_js_temporal/runs/20260905T164009.857014Z_6c69b6159f3b_202609074,202609074,8,42500,earlier,0.9180042576241021,0.9201425861263871,-0.002138328502285014,0.97
sweeps/phase2_opcode_js_temporal/runs/20260905T164009.857014Z_6c69b6159f3b_202609074,202609074,8,43000,earlier,0.930833280047833,0.9306020722981935,0.00023120774963947266,0.45
sweeps/phase2_opcode_js_temporal/runs/20260905T164009.857014Z_6c69b6159f3b_202609074,202609074,8,43500,earlier,0.9294243554896072,0.9291114459982184,0.0003129094913888464,0.41
sweeps/phase2_opcode_js_temporal/runs/20260905T164009.857014Z_6c69b6159f3b_202609074,202609074,8,44000,earlier,0.9302763875386852,0.9305771875317947,-0.0003007999931095018,0.6
sweeps/phase2_opcode_js_temporal/runs/20260905T164009.857014Z_6c69b6159f3b_202609074,202609074,8,44500,earlier,0.9352400821302913,0.9342630470837953,0.0009770350464960442,0.17
sweeps/phase2_opcode_js_temporal/runs/20260905T164009.857014Z_6c69b6159f3b_202609074,202609074,8,45000,final,0.9260507224952704,0.9258821963840822,0.00016852611118822747,0.45
sweeps/phase2_opcode_js_temporal/runs/20260905T164009.857014Z_6c69b6159f3b_202609074,202609074,8,45500,final,0.9104667055733854,0.9077325145256725,0.002734191047712886,0.09
sweeps/phase2_opcode_js_temporal/runs/20260905T164009.857014Z_6c69b6159f3b_202609074,202609074,8,46000,final,0.925423941936109,0.9253168851227724,0.00010705681333655903,0.48
sweeps/phase2_opcode_js_temporal/runs/20260905T164009.857014Z_6c69b6159f3b_202609074,202609074,8,46500,final,0.9333714088657991,0.9320898589518951,0.0012815499139039455,0.1
sweeps/phase2_opcode_js_temporal/runs/20260905T164009.857014Z_6c69b6159f3b_202609074,202609074,8,47000,final,0.9250557522220461,0.9244917403135581,0.0005640119084879824,0.35
sweeps/phase2_opcode_js_temporal/runs/20260905T164009.857014Z_6c69b6159f3b_202609074,202609074,8,47500,final,0.9264172594670845,0.9228613667253391,0.0035558927417453923,0.01
sweeps/phase2_opcode_js_temporal/runs/20260905T164009.857014Z_6c69b6159f3b_202609074,202609074,8,48000,final,0.9312500004747154,0.9306060442570204,0.0006439562176949742,0.26
sweeps/phase2_opcode_js_temporal/runs/20260905T164009.857014Z_6c69b6159f3b_202609074,202609074,8,48500,final,0.9293386524857535,0.9303976049768129,-0.0010589524910593617,0.84
sweeps/phase2_opcode_js_temporal/runs/20260905T164009.857014Z_6c69b6159f3b_202609074,202609074,8,49000,final,0.9175774369115092,0.919515671814938,-0.0019382349034288149,0.88
sweeps/phase2_opcode_js_temporal/runs/20260905T164009.857014Z_6c69b6159f3b_202609074,202609074,8,49500,final,0.9233916667911425,0.9215160021397028,0.0018756646514397346,0.12
sweeps/phase2_opcode_js_temporal/runs/20260905T164009.856992Z_2a73646b83f0_202609075,202609075,8,0,earlier,0.9689167311319523,0.9689748643610641,-5.8133229111745344e-05,0.63
sweeps/phase2_opcode_js_temporal/runs/20260905T164009.856992Z_2a73646b83f0_202609075,202609075,8,500,earlier,0.9581801135438688,0.9572865723595049,0.0008935411843639107,0.12
sweeps/phase2_opcode_js_temporal/runs/20260905T164009.856992Z_2a73646b83f0_202609075,202609075,8,1000,earlier,0.9451353633788212,0.944280426196653,0.000854937182168225,0.16
sweeps/phase2_opcode_js_temporal/runs/20260905T164009.856992Z_2a73646b83f0_202609075,202609075,8,1500,earlier,0.9256489932444575,0.9241153077621583,0.001533685482299152,0.1
sweeps/phase2_opcode_js_temporal/runs/20260905T164009.856992Z_2a73646b83f0_202609075,202609075,8,2000,earlier,0.930716563759491,0.9289825079673145,0.0017340557921764477,0.03
sweeps/phase2_opcode_js_temporal/runs/20260905T164009.856992Z_2a73646b83f0_202609075,202609075,8,2500,earlier,0.9222335101053856,0.9219642353171844,0.000269274788201157,0.42
sweeps/phase2_opcode_js_temporal/runs/20260905T164009.856992Z_2a73646b83f0_202609075,202609075,8,3000,earlier,0.9226882033415353,0.922742171220524,-5.3967878988703255e-05,0.54
sweeps/phase2_opcode_js_temporal/runs/20260905T164009.856992Z_2a73646b83f0_202609075,202609075,8,3500,earlier,0.9203428979476792,0.9202879339575062,5.496399017301812e-05,0.48
sweeps/phase2_opcode_js_temporal/runs/20260905T164009.856992Z_2a73646b83f0_202609075,202609075,8,4000,earlier,0.9136935596503145,0.9123549286764362,0.0013386309738783186,0.13
sweeps/phase2_opcode_js_temporal/runs/20260905T164009.856992Z_2a73646b83f0_202609075,202609075,8,4500,earlier,0.9204471119005959,0.9193840265906879,0.0010630853099080628,0.13
sweeps/phase2_opcode_js_temporal/runs/20260905T164009.856992Z_2a73646b83f0_202609075,202609075,8,5000,earlier,0.9242915709745898,0.9234999989107123,0.000791572063877477,0.19
sweeps/phase2_opcode_js_temporal/runs/20260905T164009.856992Z_2a73646b83f0_202609075,202609075,8,5500,earlier,0.9301182269184852,0.9292571002182636,0.0008611267002216483,0.14
sweeps/phase2_opcode_js_temporal/runs/20260905T164009.856992Z_2a73646b83f0_202609075,202609075,8,6000,earlier,0.9321803272851495,0.9298308620091038,0.002349465276045737,0.01
sweeps/phase2_opcode_js_temporal/runs/20260905T164009.856992Z_2a73646b83f0_202609075,202609075,8,6500,earlier,0.9344013869045505,0.9332110455264273,0.0011903413781232386,0.1
sweeps/phase2_opcode_js_temporal/runs/20260905T164009.856992Z_2a73646b83f0_202609075,202609075,8,7000,earlier,0.9342542408776869,0.9337592617876482,0.0004949790900387052,0.23
sweeps/phase2_opcode_js_temporal/runs/20260905T164009.856992Z_2a73646b83f0_202609075,202609075,8,7500,earlier,0.936119863492224,0.9353059232329968,0.0008139402592272083,0.1
sweeps/phase2_opcode_js_temporal/runs/20260905T164009.856992Z_2a73646b83f0_202609075,202609075,8,8000,earlier,0.9384946200378446,0.938453130952976,4.148908486856229e-05,0.45
sweeps/phase2_opcode_js_temporal/runs/20260905T164009.856992Z_2a73646b83f0_202609075,202609075,8,8500,earlier,0.9361847286951999,0.9355689024667501,0.0006158262284498006,0.21
sweeps/phase2_opcode_js_temporal/runs/20260905T164009.856992Z_2a73646b83f0_202609075,202609075,8,9000,earlier,0.9300925738670408,0.9293060150228348,0.0007865588442059757,0.16
sweeps/phase2_opcode_js_temporal/runs/20260905T164009.856992Z_2a73646b83f0_202609075,202609075,8,9500,earlier,0.9285783557710583,0.9282481150510566,0.00033024072000165106,0.33
sweeps/phase2_opcode_js_temporal/runs/20260905T164009.856992Z_2a73646b83f0_202609075,202609075,8,10000,earlier,0.9196816107146005,0.9177694229226383,0.0019121877919622277,0.03
sweeps/phase2_opcode_js_temporal/runs/20260905T164009.856992Z_2a73646b83f0_202609075,202609075,8,10500,earlier,0.922766431950762,0.9227111881535925,5.524379716947969e-05,0.49
sweeps/phase2_opcode_js_temporal/runs/20260905T164009.856992Z_2a73646b83f0_202609075,202609075,8,11000,earlier,0.9222650571912475,0.921309046806755,0.000956010384492556,0.2
sweeps/phase2_opcode_js_temporal/runs/20260905T164009.856992Z_2a73646b83f0_202609075,202609075,8,11500,earlier,0.9291103811159156,0.9287570199645064,0.00035336115140915947,0.3
sweeps/phase2_opcode_js_temporal/runs/20260905T164009.856992Z_2a73646b83f0_202609075,202609075,8,12000,earlier,0.9224110663313749,0.9220070721702888,0.00040399416108616304,0.37
sweeps/phase2_opcode_js_temporal/runs/20260905T164009.856992Z_2a73646b83f0_202609075,202609075,8,12500,earlier,0.9152229989462551,0.9138586035880228,0.0013643953582322954,0.11
sweeps/phase2_opcode_js_temporal/runs/20260905T164009.856992Z_2a73646b83f0_202609075,202609075,8,13000,earlier,0.9107377799247398,0.909607950143697,0.0011298297810428126,0.24
sweeps/phase2_opcode_js_temporal/runs/20260905T164009.856992Z_2a73646b83f0_202609075,202609075,8,13500,earlier,0.9003245864715819,0.9009775124295244,-0.0006529259579425295,0.63
sweeps/phase2_opcode_js_temporal/runs/20260905T164009.856992Z_2a73646b83f0_202609075,202609075,8,14000,earlier,0.9056387163957018,0.905319142098695,0.0003195742970067972,0.41
sweeps/phase2_opcode_js_temporal/runs/20260905T164009.856992Z_2a73646b83f0_202609075,202609075,8,14500,earlier,0.8928536030517686,0.8911285313827628,0.0017250716690058177,0.13
sweeps/phase2_opcode_js_temporal/runs/20260905T164009.856992Z_2a73646b83f0_202609075,202609075,8,15000,earlier,0.9083207676016622,0.906438556960226,0.0018822106414362327,0.07
sweeps/phase2_opcode_js_temporal/runs/20260905T164009.856992Z_2a73646b83f0_202609075,202609075,8,15500,earlier,0.897833014905696,0.8962581969069637,0.0015748179987322697,0.08
sweeps/phase2_opcode_js_temporal/runs/20260905T164009.856992Z_2a73646b83f0_202609075,202609075,8,16000,earlier,0.8921637237113321,0.89196163806101,0.00020208565032209247,0.41
sweeps/phase2_opcode_js_temporal/runs/20260905T164009.856992Z_2a73646b83f0_202609075,202609075,8,16500,earlier,0.9091836832594641,0.9079938951397178,0.0011897881197462379,0.1
sweeps/phase2_opcode_js_temporal/runs/20260905T164009.856992Z_2a73646b83f0_202609075,202609075,8,17000,earlier,0.9163528660233047,0.9165937999812823,-0.0002409339579776404,0.65
sweeps/phase2_opcode_js_temporal/runs/20260905T164009.856992Z_2a73646b83f0_202609075,202609075,8,17500,earlier,0.92015183247677,0.9189887740621977,0.0011630584145723155,0.08
sweeps/phase2_opcode_js_temporal/runs/20260905T164009.856992Z_2a73646b83f0_202609075,202609075,8,18000,earlier,0.9191651234432826,0.9188171784048811,0.00034794503840152036,0.35
sweeps/phase2_opcode_js_temporal/runs/20260905T164009.856992Z_2a73646b83f0_202609075,202609075,8,18500,earlier,0.9246546949482289,0.9253006512323116,-0.0006459562840827049,0.83
sweeps/phase2_opcode_js_temporal/runs/20260905T164009.856992Z_2a73646b83f0_202609075,202609075,8,19000,earlier,0.9244252671354166,0.9241173906428344,0.0003078764925822375,0.39
sweeps/phase2_opcode_js_temporal/runs/20260905T164009.856992Z_2a73646b83f0_202609075,202609075,8,19500,earlier,0.9242944741239526,0.9221754246600717,0.002119049463880862,0.02
sweeps/phase2_opcode_js_temporal/runs/20260905T164009.856992Z_2a73646b83f0_202609075,202609075,8,20000,earlier,0.9243167122418998,0.923070110715737,0.0012466015261628494,0.11
sweeps/phase2_opcode_js_temporal/runs/20260905T164009.856992Z_2a73646b83f0_202609075,202609075,8,20500,earlier,0.9214340261716001,0.9213546663034734,7.935986812668272e-05,0.48
sweeps/phase2_opcode_js_temporal/runs/20260905T164009.856992Z_2a73646b83f0_202609075,202609075,8,21000,earlier,0.9159025044763573,0.9146258379557357,0.0012766665206216388,0.15
sweeps/phase2_opcode_js_temporal/runs/20260905T164009.856992Z_2a73646b83f0_202609075,202609075,8,21500,earlier,0.9235844486429108,0.9220768072157601,0.0015076414271506522,0.06
sweeps/phase2_opcode_js_temporal/runs/20260905T164009.856992Z_2a73646b83f0_202609075,202609075,8,22000,earlier,0.9191272322358179,0.9182728825484546,0.0008543496873633094,0.2
sweeps/phase2_opcode_js_temporal/runs/20260905T164009.856992Z_2a73646b83f0_202609075,202609075,8,22500,earlier,0.9236371013365613,0.9224859762059948,0.0011511251305664771,0.18
sweeps/phase2_opcode_js_temporal/runs/20260905T164009.856992Z_2a73646b83f0_202609075,202609075,8,23000,earlier,0.9147790530469675,0.9162286334534009,-0.0014495804064333928,0.87
sweeps/phase2_opcode_js_temporal/runs/20260905T164009.856992Z_2a73646b83f0_202609075,202609075,8,23500,earlier,0.9246772569852167,0.9257800975920761,-0.00110284060685939,0.84
sweeps/phase2_opcode_js_temporal/runs/20260905T164009.856992Z_2a73646b83f0_202609075,202609075,8,24000,earlier,0.909809625771658,0.9114313339862724,-0.0016217082146143813,0.87
sweeps/phase2_opcode_js_temporal/runs/20260905T164009.856992Z_2a73646b83f0_202609075,202609075,8,24500,earlier,0.9011966920642013,0.901652286080998,-0.0004555940167967343,0.6
sweeps/phase2_opcode_js_temporal/runs/20260905T164009.856992Z_2a73646b83f0_202609075,202609075,8,25000,earlier,0.916043950680126,0.9147171869793367,0.001326763700789324,0.18
sweeps/phase2_opcode_js_temporal/runs/20260905T164009.856992Z_2a73646b83f0_202609075,202609075,8,25500,earlier,0.9297026510136348,0.9277035975619214,0.001999053451713362,0.02
sweeps/phase2_opcode_js_temporal/runs/20260905T164009.856992Z_2a73646b83f0_202609075,202609075,8,26000,earlier,0.9280729479607013,0.9262088824869976,0.0018640654737036577,0.03
sweeps/phase2_opcode_js_temporal/runs/20260905T164009.856992Z_2a73646b83f0_202609075,202609075,8,26500,earlier,0.9212515204960391,0.9209056307423641,0.0003458897536749994,0.37
sweeps/phase2_opcode_js_temporal/runs/20260905T164009.856992Z_2a73646b83f0_202609075,202609075,8,27000,earlier,0.9251487970857499,0.9235478903683126,0.0016009067174372893,0.08
sweeps/phase2_opcode_js_temporal/runs/20260905T164009.856992Z_2a73646b83f0_202609075,202609075,8,27500,earlier,0.9316106123547704,0.9314352951421628,0.00017531721260755084,0.46
sweeps/phase2_opcode_js_temporal/runs/20260905T164009.856992Z_2a73646b83f0_202609075,202609075,8,28000,earlier,0.931330483930616,0.9304452049877868,0.000885278942829193,0.2
sweeps/phase2_opcode_js_temporal/runs/20260905T164009.856992Z_2a73646b83f0_202609075,202609075,8,28500,earlier,0.92704281473837,0.9293048170135879,-0.002262002275217889,0.98
sweeps/phase2_opcode_js_temporal/runs/20260905T164009.856992Z_2a73646b83f0_202609075,202609075,8,29000,earlier,0.9310814864858926,0.9303075049021369,0.0007739815837557451,0.16
sweeps/phase2_opcode_js_temporal/runs/20260905T164009.856992Z_2a73646b83f0_202609075,202609075,8,29500,earlier,0.9194273495542008,0.9216510483679289,-0.002223698813728081,0.96
sweeps/phase2_opcode_js_temporal/runs/20260905T164009.856992Z_2a73646b83f0_202609075,202609075,8,30000,earlier,0.934418392580049,0.9341757753888669,0.0002426171911821262,0.41
sweeps/phase2_opcode_js_temporal/runs/20260905T164009.856992Z_2a73646b83f0_202609075,202609075,8,30500,earlier,0.9329405955978383,0.9324120323967396,0.0005285632010986197,0.3
sweeps/phase2_opcode_js_temporal/runs/20260905T164009.856992Z_2a73646b83f0_202609075,202609075,8,31000,earlier,0.9360420219987053,0.9361028123189674,-6.079032026207187e-05,0.52
sweeps/phase2_opcode_js_temporal/runs/20260905T164009.856992Z_2a73646b83f0_202609075,202609075,8,31500,earlier,0.9202111725494645,0.9175480249965973,0.002663147552867229,0.04
sweeps/phase2_opcode_js_temporal/runs/20260905T164009.856992Z_2a73646b83f0_202609075,202609075,8,32000,earlier,0.9202842568370687,0.9199376251765768,0.00034663166049186955,0.41
sweeps/phase2_opcode_js_temporal/runs/20260905T164009.856992Z_2a73646b83f0_202609075,202609075,8,32500,earlier,0.9102335829983698,0.9114584090805942,-0.0012248260822244061,0.79
sweeps/phase2_opcode_js_temporal/runs/20260905T164009.856992Z_2a73646b83f0_202609075,202609075,8,33000,earlier,0.9235011805803435,0.9237668957460127,-0.0002657151656692003,0.63
sweeps/phase2_opcode_js_temporal/runs/20260905T164009.856992Z_2a73646b83f0_202609075,202609075,8,33500,earlier,0.9273078232170557,0.9247915880823063,0.0025162351347494116,0.02
sweeps/phase2_opcode_js_temporal/runs/20260905T164009.856992Z_2a73646b83f0_202609075,202609075,8,34000,earlier,0.9227939823608019,0.9195937755553852,0.003200206805416661,0.02
sweeps/phase2_opcode_js_temporal/runs/20260905T164009.856992Z_2a73646b83f0_202609075,202609075,8,34500,earlier,0.9231677177783384,0.922767782926478,0.0003999348518604062,0.45
sweeps/phase2_opcode_js_temporal/runs/20260905T164009.856992Z_2a73646b83f0_202609075,202609075,8,35000,earlier,0.9162704170752215,0.9148315316871897,0.0014388853880318297,0.16
sweeps/phase2_opcode_js_temporal/runs/20260905T164009.856992Z_2a73646b83f0_202609075,202609075,8,35500,earlier,0.920803831625899,0.9216905099728011,-0.0008866783469021478,0.77
sweeps/phase2_opcode_js_temporal/runs/20260905T164009.856992Z_2a73646b83f0_202609075,202609075,8,36000,earlier,0.9228435789763784,0.9229477842482127,-0.00010420527183430117,0.56
sweeps/phase2_opcode_js_temporal/runs/20260905T164009.856992Z_2a73646b83f0_202609075,202609075,8,36500,earlier,0.9183659383428735,0.9160857774717478,0.0022801608711257026,0.07
sweeps/phase2_opcode_js_temporal/runs/20260905T164009.856992Z_2a73646b83f0_202609075,202609075,8,37000,earlier,0.9289339516390417,0.9268322365905552,0.002101715048486441,0.04
sweeps/phase2_opcode_js_temporal/runs/20260905T164009.856992Z_2a73646b83f0_202609075,202609075,8,37500,earlier,0.8922265498369031,0.8940696505654075,-0.0018431007285044654,0.83
sweeps/phase2_opcode_js_temporal/runs/20260905T164009.856992Z_2a73646b83f0_202609075,202609075,8,38000,earlier,0.8999532377144218,0.8967847653668946,0.0031684723475272625,0.03
sweeps/phase2_opcode_js_temporal/runs/20260905T164009.856992Z_2a73646b83f0_202609075,202609075,8,38500,earlier,0.895865341542353,0.8972899932371127,-0.0014246516947596932,0.78
sweeps/phase2_opcode_js_temporal/runs/20260905T164009.856992Z_2a73646b83f0_202609075,202609075,8,39000,earlier,0.9099729619569803,0.9079076735646538,0.0020652883923264476,0.07
sweeps/phase2_opcode_js_temporal/runs/20260905T164009.856992Z_2a73646b83f0_202609075,202609075,8,39500,earlier,0.9133738430157271,0.9088391699542989,0.004534673061428185,0.03
sweeps/phase2_opcode_js_temporal/runs/20260905T164009.856992Z_2a73646b83f0_202609075,202609075,8,40000,earlier,0.9209774167388566,0.9186365396103218,0.002340877128534813,0.05
sweeps/phase2_opcode_js_temporal/runs/20260905T164009.856992Z_2a73646b83f0_202609075,202609075,8,40500,earlier,0.9211730000810499,0.9191983381904938,0.001974661890556062,0.05
sweeps/phase2_opcode_js_temporal/runs/20260905T164009.856992Z_2a73646b83f0_202609075,202609075,8,41000,earlier,0.9168753781612642,0.9181003132343168,-0.0012249350730526576,0.85
sweeps/phase2_opcode_js_temporal/runs/20260905T164009.856992Z_2a73646b83f0_202609075,202609075,8,41500,earlier,0.9174895108928439,0.916313026263479,0.0011764846293649267,0.19
sweeps/phase2_opcode_js_temporal/runs/20260905T164009.856992Z_2a73646b83f0_202609075,202609075,8,42000,earlier,0.9239753218910947,0.9228595158292343,0.0011158060618603471,0.14
sweeps/phase2_opcode_js_temporal/runs/20260905T164009.856992Z_2a73646b83f0_202609075,202609075,8,42500,earlier,0.9160413928808503,0.9157481374174778,0.0002932554633724438,0.44
sweeps/phase2_opcode_js_temporal/runs/20260905T164009.856992Z_2a73646b83f0_202609075,202609075,8,43000,earlier,0.9243258566693123,0.9244339597496246,-0.00010810308031228288,0.55
sweeps/phase2_opcode_js_temporal/runs/20260905T164009.856992Z_2a73646b83f0_202609075,202609075,8,43500,earlier,0.9254342658998115,0.9255018934151392,-6.762751532773947e-05,0.57
sweeps/phase2_opcode_js_temporal/runs/20260905T164009.856992Z_2a73646b83f0_202609075,202609075,8,44000,earlier,0.931253317902726,0.9310962363036799,0.00015708159904614938,0.45
sweeps/phase2_opcode_js_temporal/runs/20260905T164009.856992Z_2a73646b83f0_202609075,202609075,8,44500,earlier,0.9182282019229485,0.9149107824359372,0.003317419487011364,0.04
sweeps/phase2_opcode_js_temporal/runs/20260905T164009.856992Z_2a73646b83f0_202609075,202609075,8,45000,final,0.919730771849498,0.9197695876388007,-3.881578930264862e-05,0.5
sweeps/phase2_opcode_js_temporal/runs/20260905T164009.856992Z_2a73646b83f0_202609075,202609075,8,45500,final,0.9172578632880917,0.9146791105236614,0.0025787527644303143,0.05
sweeps/phase2_opcode_js_temporal/runs/20260905T164009.856992Z_2a73646b83f0_202609075,202609075,8,46000,final,0.91346298465651,0.9142702818095546,-0.0008072971530446171,0.73
sweeps/phase2_opcode_js_temporal/runs/20260905T164009.856992Z_2a73646b83f0_202609075,202609075,8,46500,final,0.9170293638488421,0.9154713898384689,0.0015579740103732753,0.15
sweeps/phase2_opcode_js_temporal/runs/20260905T164009.856992Z_2a73646b83f0_202609075,202609075,8,47000,final,0.9260324031687548,0.9229073867885688,0.00312501638018603,0.01
sweeps/phase2_opcode_js_temporal/runs/20260905T164009.856992Z_2a73646b83f0_202609075,202609075,8,47500,final,0.9218542363647096,0.9204326593006892,0.0014215770640204628,0.16
sweeps/phase2_opcode_js_temporal/runs/20260905T164009.856992Z_2a73646b83f0_202609075,202609075,8,48000,final,0.9234142121724275,0.9219530911449235,0.0014611210275039532,0.13
sweeps/phase2_opcode_js_temporal/runs/20260905T164009.856992Z_2a73646b83f0_202609075,202609075,8,48500,final,0.9321222457285133,0.9312851928977928,0.0008370528307205527,0.17
sweeps/phase2_opcode_js_temporal/runs/20260905T164009.856992Z_2a73646b83f0_202609075,202609075,8,49000,final,0.9254943733599565,0.9249487703200991,0.0005456030398574008,0.28
sweeps/phase2_opcode_js_temporal/runs/20260905T164009.856992Z_2a73646b83f0_202609075,202609075,8,49500,final,0.9236051116491025,0.9249545676970774,-0.001349456047974873,0.84
sweeps/phase2_opcode_js_temporal/runs/20260905T164009.857014Z_602775c0ab74_202609076,202609076,8,0,earlier,0.9685012088379258,0.9686283638993548,-0.00012715506142901845,0.76
sweeps/phase2_opcode_js_temporal/runs/20260905T164009.857014Z_602775c0ab74_202609076,202609076,8,500,earlier,0.9637707001234113,0.9632543951312854,0.0005163049921258489,0.05
sweeps/phase2_opcode_js_temporal/runs/20260905T164009.857014Z_602775c0ab74_202609076,202609076,8,1000,earlier,0.9389198144214854,0.9372966706311107,0.0016231437903747592,0.09
sweeps/phase2_opcode_js_temporal/runs/20260905T164009.857014Z_602775c0ab74_202609076,202609076,8,1500,earlier,0.9159714292506977,0.9129436575447706,0.0030277717059271625,0.01
sweeps/phase2_opcode_js_temporal/runs/20260905T164009.857014Z_602775c0ab74_202609076,202609076,8,2000,earlier,0.9280739214678864,0.9271218885858907,0.0009520328819956347,0.18
sweeps/phase2_opcode_js_temporal/runs/20260905T164009.857014Z_602775c0ab74_202609076,202609076,8,2500,earlier,0.9092001250760222,0.9066630495532149,0.0025370755228073527,0.01
sweeps/phase2_opcode_js_temporal/runs/20260905T164009.857014Z_602775c0ab74_202609076,202609076,8,3000,earlier,0.9229868432794479,0.9223460187980069,0.0006408244814409825,0.15
sweeps/phase2_opcode_js_temporal/runs/20260905T164009.857014Z_602775c0ab74_202609076,202609076,8,3500,earlier,0.9053184929184229,0.9036988722310105,0.001619620687412393,0.1
sweeps/phase2_opcode_js_temporal/runs/20260905T164009.857014Z_602775c0ab74_202609076,202609076,8,4000,earlier,0.9087960175081111,0.9091208623388543,-0.00032484483074313175,0.62
sweeps/phase2_opcode_js_temporal/runs/20260905T164009.857014Z_602775c0ab74_202609076,202609076,8,4500,earlier,0.9124893064189843,0.9123656875275199,0.0001236188914643943,0.49
sweeps/phase2_opcode_js_temporal/runs/20260905T164009.857014Z_602775c0ab74_202609076,202609076,8,5000,earlier,0.9173874797798715,0.9170026572337646,0.0003848225461068333,0.37
sweeps/phase2_opcode_js_temporal/runs/20260905T164009.857014Z_602775c0ab74_202609076,202609076,8,5500,earlier,0.9215834071577725,0.91985026163091,0.001733145526862545,0.07
sweeps/phase2_opcode_js_temporal/runs/20260905T164009.857014Z_602775c0ab74_202609076,202609076,8,6000,earlier,0.9284753362362643,0.9287294661010824,-0.00025412986481809785,0.64
sweeps/phase2_opcode_js_temporal/runs/20260905T164009.857014Z_602775c0ab74_202609076,202609076,8,6500,earlier,0.9257244116345715,0.9235759547219407,0.0021484569126308806,0.01
sweeps/phase2_opcode_js_temporal/runs/20260905T164009.857014Z_602775c0ab74_202609076,202609076,8,7000,earlier,0.9266179976525926,0.9240600692670381,0.0025579283855544643,0.03
sweeps/phase2_opcode_js_temporal/runs/20260905T164009.857014Z_602775c0ab74_202609076,202609076,8,7500,earlier,0.9290694278526516,0.9263001574189457,0.002769270433705895,0.01
sweeps/phase2_opcode_js_temporal/runs/20260905T164009.857014Z_602775c0ab74_202609076,202609076,8,8000,earlier,0.9178736689793725,0.9159843893578891,0.0018892796214834418,0.06
sweeps/phase2_opcode_js_temporal/runs/20260905T164009.857014Z_602775c0ab74_202609076,202609076,8,8500,earlier,0.923870298218566,0.9213777111544605,0.0024925870641054892,0.01
sweeps/phase2_opcode_js_temporal/runs/20260905T164009.857014Z_602775c0ab74_202609076,202609076,8,9000,earlier,0.9229971994467865,0.9232247868841748,-0.0002275874373882658,0.63
sweeps/phase2_opcode_js_temporal/runs/20260905T164009.857014Z_602775c0ab74_202609076,202609076,8,9500,earlier,0.9236124835498778,0.9227509914660548,0.0008614920838230233,0.2
sweeps/phase2_opcode_js_temporal/runs/20260905T164009.857014Z_602775c0ab74_202609076,202609076,8,10000,earlier,0.9140605291352006,0.9135675084859791,0.0004930206492215206,0.35
sweeps/phase2_opcode_js_temporal/runs/20260905T164009.857014Z_602775c0ab74_202609076,202609076,8,10500,earlier,0.9228566463441685,0.9222060879928897,0.0006505583512788071,0.25
sweeps/phase2_opcode_js_temporal/runs/20260905T164009.857014Z_602775c0ab74_202609076,202609076,8,11000,earlier,0.9174655979355749,0.9176977955981526,-0.00023219766257764896,0.6
sweeps/phase2_opcode_js_temporal/runs/20260905T164009.857014Z_602775c0ab74_202609076,202609076,8,11500,earlier,0.9131353730909865,0.9137030970029039,-0.0005677239119173949,0.65
sweeps/phase2_opcode_js_temporal/runs/20260905T164009.857014Z_602775c0ab74_202609076,202609076,8,12000,earlier,0.9316542340483658,0.9311632801664288,0.0004909538819369841,0.28
sweeps/phase2_opcode_js_temporal/runs/20260905T164009.857014Z_602775c0ab74_202609076,202609076,8,12500,earlier,0.9348816089209713,0.9342926647684313,0.0005889441525399608,0.25
sweeps/phase2_opcode_js_temporal/runs/20260905T164009.857014Z_602775c0ab74_202609076,202609076,8,13000,earlier,0.9231651122662031,0.9215409865958764,0.0016241256703267704,0.07
sweeps/phase2_opcode_js_temporal/runs/20260905T164009.857014Z_602775c0ab74_202609076,202609076,8,13500,earlier,0.9309584585858144,0.9294493845332623,0.001509074052552073,0.07
sweeps/phase2_opcode_js_temporal/runs/20260905T164009.857014Z_602775c0ab74_202609076,202609076,8,14000,earlier,0.9294783386383777,0.926765814998638,0.002712523639739728,0.01
sweeps/phase2_opcode_js_temporal/runs/20260905T164009.857014Z_602775c0ab74_202609076,202609076,8,14500,earlier,0.9285625426890141,0.9274161743225494,0.0011463683664646451,0.11
sweeps/phase2_opcode_js_temporal/runs/20260905T164009.857014Z_602775c0ab74_202609076,202609076,8,15000,earlier,0.9157436261454818,0.9140421915633126,0.0017014345821692034,0.06
sweeps/phase2_opcode_js_temporal/runs/20260905T164009.857014Z_602775c0ab74_202609076,202609076,8,15500,earlier,0.9226765237672059,0.9213647695426972,0.0013117542245086877,0.12
sweeps/phase2_opcode_js_temporal/runs/20260905T164009.857014Z_602775c0ab74_202609076,202609076,8,16000,earlier,0.9263023619916513,0.9257962345120081,0.0005061274796431814,0.32
sweeps/phase2_opcode_js_temporal/runs/20260905T164009.857014Z_602775c0ab74_202609076,202609076,8,16500,earlier,0.9210751493379398,0.9196904553901548,0.001384693947784954,0.11
sweeps/phase2_opcode_js_temporal/runs/20260905T164009.857014Z_602775c0ab74_202609076,202609076,8,17000,earlier,0.9233039126610011,0.9246878279293647,-0.001383915268363567,0.91
sweeps/phase2_opcode_js_temporal/runs/20260905T164009.857014Z_602775c0ab74_202609076,202609076,8,17500,earlier,0.9249356338158714,0.9245977414709329,0.0003378923449385285,0.38
sweeps/phase2_opcode_js_temporal/runs/20260905T164009.857014Z_602775c0ab74_202609076,202609076,8,18000,earlier,0.9321572216615159,0.9322661300190614,-0.00010890835754551187,0.55
sweeps/phase2_opcode_js_temporal/runs/20260905T164009.857014Z_602775c0ab74_202609076,202609076,8,18500,earlier,0.9211022251566143,0.9209454511915972,0.0001567739650171207,0.41
sweeps/phase2_opcode_js_temporal/runs/20260905T164009.857014Z_602775c0ab74_202609076,202609076,8,19000,earlier,0.9238086770215465,0.9233254866138667,0.0004831904076797455,0.35
sweeps/phase2_opcode_js_temporal/runs/20260905T164009.857014Z_602775c0ab74_202609076,202609076,8,19500,earlier,0.9282204322934737,0.9261901955327554,0.0020302367607183402,0.04
sweeps/phase2_opcode_js_temporal/runs/20260905T164009.857014Z_602775c0ab74_202609076,202609076,8,20000,earlier,0.9206678161898698,0.9184588482807954,0.002208967909074433,0.08
sweeps/phase2_opcode_js_temporal/runs/20260905T164009.857014Z_602775c0ab74_202609076,202609076,8,20500,earlier,0.9202042622485938,0.9183653060486897,0.0018389561999040405,0.06
sweeps/phase2_opcode_js_temporal/runs/20260905T164009.857014Z_602775c0ab74_202609076,202609076,8,21000,earlier,0.9138070143297103,0.9126640114748928,0.0011430028548174986,0.18
sweeps/phase2_opcode_js_temporal/runs/20260905T164009.857014Z_602775c0ab74_202609076,202609076,8,21500,earlier,0.9155877087274991,0.9163658759644757,-0.0007781672369766568,0.72
sweeps/phase2_opcode_js_temporal/runs/20260905T164009.857014Z_602775c0ab74_202609076,202609076,8,22000,earlier,0.9193782062259386,0.9172442768090563,0.0021339294168822853,0.03
sweeps/phase2_opcode_js_temporal/runs/20260905T164009.857014Z_602775c0ab74_202609076,202609076,8,22500,earlier,0.9224516491802279,0.9218969205509477,0.0005547286292801878,0.34
sweeps/phase2_opcode_js_temporal/runs/20260905T164009.857014Z_602775c0ab74_202609076,202609076,8,23000,earlier,0.9199723264982926,0.9171031181588969,0.0028692083393957457,0.01
sweeps/phase2_opcode_js_temporal/runs/20260905T164009.857014Z_602775c0ab74_202609076,202609076,8,23500,earlier,0.92223705606692,0.9204393631371022,0.0017976929298177957,0.07
sweeps/phase2_opcode_js_temporal/runs/20260905T164009.857014Z_602775c0ab74_202609076,202609076,8,24000,earlier,0.927312041821726,0.9266451582840877,0.0006668835376383297,0.2
sweeps/phase2_opcode_js_temporal/runs/20260905T164009.857014Z_602775c0ab74_202609076,202609076,8,24500,earlier,0.9234469370060729,0.9222624737079752,0.0011844632980977376,0.18
sweeps/phase2_opcode_js_temporal/runs/20260905T164009.857014Z_602775c0ab74_202609076,202609076,8,25000,earlier,0.924242366240146,0.9238180942788085,0.0004242719613375412,0.37
sweeps/phase2_opcode_js_temporal/runs/20260905T164009.857014Z_602775c0ab74_202609076,202609076,8,25500,earlier,0.9130216872580587,0.9121674014186062,0.0008542858394524622,0.27
sweeps/phase2_opcode_js_temporal/runs/20260905T164009.857014Z_602775c0ab74_202609076,202609076,8,26000,earlier,0.9094541955293068,0.9073856370436703,0.0020685584856365846,0.13
sweeps/phase2_opcode_js_temporal/runs/20260905T164009.857014Z_602775c0ab74_202609076,202609076,8,26500,earlier,0.916541090270851,0.9144636290752185,0.0020774611956324573,0.06
sweeps/phase2_opcode_js_temporal/runs/20260905T164009.857014Z_602775c0ab74_202609076,202609076,8,27000,earlier,0.8934440402847705,0.8921979854936221,0.0012460547911484765,0.28
sweeps/phase2_opcode_js_temporal/runs/20260905T164009.857014Z_602775c0ab74_202609076,202609076,8,27500,earlier,0.9146461289965637,0.9117302658058706,0.0029158631906931465,0.02
sweeps/phase2_opcode_js_temporal/runs/20260905T164009.857014Z_602775c0ab74_202609076,202609076,8,28000,earlier,0.9169878750519619,0.9154649404650392,0.001522934586922653,0.13
sweeps/phase2_opcode_js_temporal/runs/20260905T164009.857014Z_602775c0ab74_202609076,202609076,8,28500,earlier,0.920067577908321,0.91959312055043,0.00047445735789108934,0.32
sweeps/phase2_opcode_js_temporal/runs/20260905T164009.857014Z_602775c0ab74_202609076,202609076,8,29000,earlier,0.9268646015754177,0.9254956913724837,0.0013689102029340594,0.1
sweeps/phase2_opcode_js_temporal/runs/20260905T164009.857014Z_602775c0ab74_202609076,202609076,8,29500,earlier,0.9292267870012627,0.928062558169292,0.0011642288319707594,0.12
sweeps/phase2_opcode_js_temporal/runs/20260905T164009.857014Z_602775c0ab74_202609076,202609076,8,30000,earlier,0.9156837583192464,0.9141190983210767,0.0015646599981696818,0.18
sweeps/phase2_opcode_js_temporal/runs/20260905T164009.857014Z_602775c0ab74_202609076,202609076,8,30500,earlier,0.9269010910429684,0.9252785093816128,0.0016225816613555377,0.14
sweeps/phase2_opcode_js_temporal/runs/20260905T164009.857014Z_602775c0ab74_202609076,202609076,8,31000,earlier,0.9256095746480176,0.9228411949047978,0.002768379743219862,0.03
sweeps/phase2_opcode_js_temporal/runs/20260905T164009.857014Z_602775c0ab74_202609076,202609076,8,31500,earlier,0.9114643463743741,0.9102936442601466,0.0011707021142275398,0.25
sweeps/phase2_opcode_js_temporal/runs/20260905T164009.857014Z_602775c0ab74_202609076,202609076,8,32000,earlier,0.9243862020754817,0.9243242396603545,6.196241512723688e-05,0.44
sweeps/phase2_opcode_js_temporal/runs/20260905T164009.857014Z_602775c0ab74_202609076,202609076,8,32500,earlier,0.9274264283602868,0.9264341719902612,0.000992256370025535,0.17
sweeps/phase2_opcode_js_temporal/runs/20260905T164009.857014Z_602775c0ab74_202609076,202609076,8,33000,earlier,0.9332380106171092,0.9322161964292479,0.0010218141878612919,0.16
sweeps/phase2_opcode_js_temporal/runs/20260905T164009.857014Z_602775c0ab74_202609076,202609076,8,33500,earlier,0.927283792501309,0.9269584673375673,0.0003253251637417298,0.39
sweeps/phase2_opcode_js_temporal/runs/20260905T164009.857014Z_602775c0ab74_202609076,202609076,8,34000,earlier,0.9274212032367765,0.9271616932863143,0.00025950995046220005,0.47
sweeps/phase2_opcode_js_temporal/runs/20260905T164009.857014Z_602775c0ab74_202609076,202609076,8,34500,earlier,0.936077806296429,0.9356313071056401,0.0004464991907888738,0.31
sweeps/phase2_opcode_js_temporal/runs/20260905T164009.857014Z_602775c0ab74_202609076,202609076,8,35000,earlier,0.9320590764402729,0.9313125101441988,0.0007465662960740582,0.3
sweeps/phase2_opcode_js_temporal/runs/20260905T164009.857014Z_602775c0ab74_202609076,202609076,8,35500,earlier,0.9300147964995723,0.9297950481010833,0.00021974839848903915,0.42
sweeps/phase2_opcode_js_temporal/runs/20260905T164009.857014Z_602775c0ab74_202609076,202609076,8,36000,earlier,0.931787989352525,0.9311412352091443,0.0006467541433807789,0.29
sweeps/phase2_opcode_js_temporal/runs/20260905T164009.857014Z_602775c0ab74_202609076,202609076,8,36500,earlier,0.9334542796092212,0.9329852315021891,0.00046904810703207733,0.37
sweeps/phase2_opcode_js_temporal/runs/20260905T164009.857014Z_602775c0ab74_202609076,202609076,8,37000,earlier,0.9241643391360854,0.925267249815104,-0.001102910679018576,0.79
sweeps/phase2_opcode_js_temporal/runs/20260905T164009.857014Z_602775c0ab74_202609076,202609076,8,37500,earlier,0.9254570846367366,0.9260987289983268,-0.000641644361590199,0.76
sweeps/phase2_opcode_js_temporal/runs/20260905T164009.857014Z_602775c0ab74_202609076,202609076,8,38000,earlier,0.9276764858511641,0.9265660169424024,0.0011104689087617636,0.18
sweeps/phase2_opcode_js_temporal/runs/20260905T164009.857014Z_602775c0ab74_202609076,202609076,8,38500,earlier,0.9260444691926846,0.9257403658332085,0.00030410335947606004,0.39
sweeps/phase2_opcode_js_temporal/runs/20260905T164009.857014Z_602775c0ab74_202609076,202609076,8,39000,earlier,0.9285070830346979,0.9284844770985585,2.2605936139341587e-05,0.5
sweeps/phase2_opcode_js_temporal/runs/20260905T164009.857014Z_602775c0ab74_202609076,202609076,8,39500,earlier,0.9276741003801988,0.9282883547637882,-0.0006142543835894188,0.65
sweeps/phase2_opcode_js_temporal/runs/20260905T164009.857014Z_602775c0ab74_202609076,202609076,8,40000,earlier,0.9318668953982953,0.9299054065428021,0.0019614888554931875,0.1
sweeps/phase2_opcode_js_temporal/runs/20260905T164009.857014Z_602775c0ab74_202609076,202609076,8,40500,earlier,0.9372277848453362,0.9366739081717721,0.0005538766735641021,0.29
sweeps/phase2_opcode_js_temporal/runs/20260905T164009.857014Z_602775c0ab74_202609076,202609076,8,41000,earlier,0.9311079051698816,0.9314317383140275,-0.0003238331441458575,0.62
sweeps/phase2_opcode_js_temporal/runs/20260905T164009.857014Z_602775c0ab74_202609076,202609076,8,41500,earlier,0.9333275524676096,0.9326140892937205,0.0007134631738890951,0.36
sweeps/phase2_opcode_js_temporal/runs/20260905T164009.857014Z_602775c0ab74_202609076,202609076,8,42000,earlier,0.9294921151826129,0.9307978303663015,-0.001305715183688605,0.81
sweeps/phase2_opcode_js_temporal/runs/20260905T164009.857014Z_602775c0ab74_202609076,202609076,8,42500,earlier,0.9265550774631672,0.9263265547647789,0.00022852269838835593,0.41
sweeps/phase2_opcode_js_temporal/runs/20260905T164009.857014Z_602775c0ab74_202609076,202609076,8,43000,earlier,0.9326555111524875,0.9302587360921442,0.0023967750603433036,0.07
sweeps/phase2_opcode_js_temporal/runs/20260905T164009.857014Z_602775c0ab74_202609076,202609076,8,43500,earlier,0.9238984497473003,0.9200980598075555,0.0038003899397447416,0.01
sweeps/phase2_opcode_js_temporal/runs/20260905T164009.857014Z_602775c0ab74_202609076,202609076,8,44000,earlier,0.9184011744447979,0.9173214043164136,0.0010797701283842276,0.2
sweeps/phase2_opcode_js_temporal/runs/20260905T164009.857014Z_602775c0ab74_202609076,202609076,8,44500,earlier,0.9282566411066534,0.9252274027435733,0.003029238363080111,0.01
sweeps/phase2_opcode_js_temporal/runs/20260905T164009.857014Z_602775c0ab74_202609076,202609076,8,45000,final,0.9312197989527036,0.9283983076619589,0.0028214912907447154,0.02
sweeps/phase2_opcode_js_temporal/runs/20260905T164009.857014Z_602775c0ab74_202609076,202609076,8,45500,final,0.9233931865645073,0.9243167478586605,-0.0009235612941531635,0.78
sweeps/phase2_opcode_js_temporal/runs/20260905T164009.857014Z_602775c0ab74_202609076,202609076,8,46000,final,0.9238368713599919,0.9221046969762987,0.001732174383693219,0.08
sweeps/phase2_opcode_js_temporal/runs/20260905T164009.857014Z_602775c0ab74_202609076,202609076,8,46500,final,0.9319459462195148,0.9318099899405706,0.0001359562789441382,0.43
sweeps/phase2_opcode_js_temporal/runs/20260905T164009.857014Z_602775c0ab74_202609076,202609076,8,47000,final,0.9299855574034747,0.9287936073167303,0.0011919500867443311,0.17
sweeps/phase2_opcode_js_temporal/runs/20260905T164009.857014Z_602775c0ab74_202609076,202609076,8,47500,final,0.9397524368440188,0.9376561899048189,0.002096246939199853,0.05
sweeps/phase2_opcode_js_temporal/runs/20260905T164009.857014Z_602775c0ab74_202609076,202609076,8,48000,final,0.9368325855496824,0.9346658849328754,0.0021667006168070158,0.05
sweeps/phase2_opcode_js_temporal/runs/20260905T164009.857014Z_602775c0ab74_202609076,202609076,8,48500,final,0.9235754396552728,0.9218337599716855,0.0017416796835872939,0.15
sweeps/phase2_opcode_js_temporal/runs/20260905T164009.857014Z_602775c0ab74_202609076,202609076,8,49000,final,0.9312359014014013,0.9301758036297554,0.0010600977716459514,0.24
sweeps/phase2_opcode_js_temporal/runs/20260905T164009.857014Z_602775c0ab74_202609076,202609076,8,49500,final,0.9341141251287394,0.931743017243504,0.002371107885235424,0.03
sweeps/phase2_opcode_js_temporal/runs/20260905T164009.857005Z_aadd336b389b_202609077,202609077,8,0,earlier,0.9699762767917058,0.9696391109400181,0.0003371658516877485,0.04
sweeps/phase2_opcode_js_temporal/runs/20260905T164009.857005Z_aadd336b389b_202609077,202609077,8,500,earlier,0.9464837450688255,0.9481536969762949,-0.0016699519074694358,0.98
sweeps/phase2_opcode_js_temporal/runs/20260905T164009.857005Z_aadd336b389b_202609077,202609077,8,1000,earlier,0.9338351211277265,0.9336402647173925,0.00019485641033401002,0.4
sweeps/phase2_opcode_js_temporal/runs/20260905T164009.857005Z_aadd336b389b_202609077,202609077,8,1500,earlier,0.9136127164781576,0.9122016561025159,0.0014110603756416484,0.13
sweeps/phase2_opcode_js_temporal/runs/20260905T164009.857005Z_aadd336b389b_202609077,202609077,8,2000,earlier,0.9131517885049855,0.9118648451713669,0.001286943333618562,0.17
sweeps/phase2_opcode_js_temporal/runs/20260905T164009.857005Z_aadd336b389b_202609077,202609077,8,2500,earlier,0.9094609483676389,0.9075423114628672,0.0019186369047716756,0.03
sweeps/phase2_opcode_js_temporal/runs/20260905T164009.857005Z_aadd336b389b_202609077,202609077,8,3000,earlier,0.9148276556443715,0.9149180508206601,-9.039517628861571e-05,0.55
sweeps/phase2_opcode_js_temporal/runs/20260905T164009.857005Z_aadd336b389b_202609077,202609077,8,3500,earlier,0.9132066700565615,0.9122915872747908,0.0009150827817707707,0.16
sweeps/phase2_opcode_js_temporal/runs/20260905T164009.857005Z_aadd336b389b_202609077,202609077,8,4000,earlier,0.9182469818754952,0.9174942767813635,0.0007527050941317226,0.27
sweeps/phase2_opcode_js_temporal/runs/20260905T164009.857005Z_aadd336b389b_202609077,202609077,8,4500,earlier,0.9205451082261202,0.917722175078327,0.0028229331477932496,0.01
sweeps/phase2_opcode_js_temporal/runs/20260905T164009.857005Z_aadd336b389b_202609077,202609077,8,5000,earlier,0.9156452244751794,0.9142820548279638,0.0013631696472156118,0.09
sweeps/phase2_opcode_js_temporal/runs/20260905T164009.857005Z_aadd336b389b_202609077,202609077,8,5500,earlier,0.9185062441250037,0.9178169689258363,0.000689275199167394,0.24
sweeps/phase2_opcode_js_temporal/runs/20260905T164009.857005Z_aadd336b389b_202609077,202609077,8,6000,earlier,0.9139921728386041,0.9139261606702043,6.60121683998538e-05,0.51
sweeps/phase2_opcode_js_temporal/runs/20260905T164009.857005Z_aadd336b389b_202609077,202609077,8,6500,earlier,0.9287498933460396,0.9280184939262255,0.0007313994198141494,0.18
sweeps/phase2_opcode_js_temporal/runs/20260905T164009.857005Z_aadd336b389b_202609077,202609077,8,7000,earlier,0.9290848199232793,0.9280317624720633,0.0010530574512159774,0.11
sweeps/phase2_opcode_js_temporal/runs/20260905T164009.857005Z_aadd336b389b_202609077,202609077,8,7500,earlier,0.931379977696736,0.930510214320277,0.000869763376458943,0.14
sweeps/phase2_opcode_js_temporal/runs/20260905T164009.857005Z_aadd336b389b_202609077,202609077,8,8000,earlier,0.9293623720911072,0.9279953464769762,0.0013670256141309345,0.09
sweeps/phase2_opcode_js_temporal/runs/20260905T164009.857005Z_aadd336b389b_202609077,202609077,8,8500,earlier,0.9226984329491633,0.9223424997731808,0.0003559331759824813,0.39
sweeps/phase2_opcode_js_temporal/runs/20260905T164009.857005Z_aadd336b389b_202609077,202609077,8,9000,earlier,0.926342177861955,0.9259742574173396,0.0003679204446154216,0.33
sweeps/phase2_opcode_js_temporal/runs/20260905T164009.857005Z_aadd336b389b_202609077,202609077,8,9500,earlier,0.923634649278699,0.9222326723447445,0.0014019769339544963,0.08
sweeps/phase2_opcode_js_temporal/runs/20260905T164009.857005Z_aadd336b389b_202609077,202609077,8,10000,earlier,0.9246828599673784,0.9245980071993382,8.485276804026665e-05,0.52
sweeps/phase2_opcode_js_temporal/runs/20260905T164009.857005Z_aadd336b389b_202609077,202609077,8,10500,earlier,0.9280815746965448,0.9269499853949904,0.0011315893015544365,0.12
sweeps/phase2_opcode_js_temporal/runs/20260905T164009.857005Z_aadd336b389b_202609077,202609077,8,11000,earlier,0.9331105851231083,0.9325698197274684,0.0005407653956398528,0.23
sweeps/phase2_opcode_js_temporal/runs/20260905T164009.857005Z_aadd336b389b_202609077,202609077,8,11500,earlier,0.9241715532421558,0.9244531858401942,-0.0002816325980383727,0.66
sweeps/phase2_opcode_js_temporal/runs/20260905T164009.857005Z_aadd336b389b_202609077,202609077,8,12000,earlier,0.9147310732158361,0.913677635687915,0.0010534375279210861,0.19
sweeps/phase2_opcode_js_temporal/runs/20260905T164009.857005Z_aadd336b389b_202609077,202609077,8,12500,earlier,0.9173115956293979,0.9155386131082374,0.0017729825211605377,0.04
sweeps/phase2_opcode_js_temporal/runs/20260905T164009.857005Z_aadd336b389b_202609077,202609077,8,13000,earlier,0.9188562555125754,0.9181885286630382,0.000667726849537198,0.27
sweeps/phase2_opcode_js_temporal/runs/20260905T164009.857005Z_aadd336b389b_202609077,202609077,8,13500,earlier,0.9159809212013392,0.9159411269334559,3.979426788336404e-05,0.48
sweeps/phase2_opcode_js_temporal/runs/20260905T164009.857005Z_aadd336b389b_202609077,202609077,8,14000,earlier,0.925145568446163,0.9245321565471176,0.0006134118990454018,0.23
sweeps/phase2_opcode_js_temporal/runs/20260905T164009.857005Z_aadd336b389b_202609077,202609077,8,14500,earlier,0.9276827893080367,0.9274969789466929,0.0001858103613437967,0.45
sweeps/phase2_opcode_js_temporal/runs/20260905T164009.857005Z_aadd336b389b_202609077,202609077,8,15000,earlier,0.9357761175240844,0.9368652357732045,-0.001089118249120058,0.94
sweeps/phase2_opcode_js_temporal/runs/20260905T164009.857005Z_aadd336b389b_202609077,202609077,8,15500,earlier,0.9271365974519606,0.9281128913639739,-0.0009762939120132597,0.79
sweeps/phase2_opcode_js_temporal/runs/20260905T164009.857005Z_aadd336b389b_202609077,202609077,8,16000,earlier,0.9147952927239147,0.9132010913664605,0.0015942013574541392,0.11
sweeps/phase2_opcode_js_temporal/runs/20260905T164009.857005Z_aadd336b389b_202609077,202609077,8,16500,earlier,0.9158263905361382,0.9170211244581066,-0.0011947339219683384,0.85
sweeps/phase2_opcode_js_temporal/runs/20260905T164009.857005Z_aadd336b389b_202609077,202609077,8,17000,earlier,0.9233775277679753,0.92222728116899,0.0011502465989853272,0.21
sweeps/phase2_opcode_js_temporal/runs/20260905T164009.857005Z_aadd336b389b_202609077,202609077,8,17500,earlier,0.9250107321430818,0.9247479742245177,0.000262757918564116,0.41
sweeps/phase2_opcode_js_temporal/runs/20260905T164009.857005Z_aadd336b389b_202609077,202609077,8,18000,earlier,0.9266743145358327,0.9267617651315996,-8.74505957668692e-05,0.52
sweeps/phase2_opcode_js_temporal/runs/20260905T164009.857005Z_aadd336b389b_202609077,202609077,8,18500,earlier,0.9240632728950516,0.9246453545754344,-0.0005820816803827622,0.75
sweeps/phase2_opcode_js_temporal/runs/20260905T164009.857005Z_aadd336b389b_202609077,202609077,8,19000,earlier,0.9293020828447818,0.9286428501800023,0.0006592326647795188,0.28
sweeps/phase2_opcode_js_temporal/runs/20260905T164009.857005Z_aadd336b389b_202609077,202609077,8,19500,earlier,0.927290518520662,0.9267804791257499,0.0005100393949121207,0.31
sweeps/phase2_opcode_js_temporal/runs/20260905T164009.857005Z_aadd336b389b_202609077,202609077,8,20000,earlier,0.9296421429774985,0.9293761508320288,0.000265992145469629,0.42
sweeps/phase2_opcode_js_temporal/runs/20260905T164009.857005Z_aadd336b389b_202609077,202609077,8,20500,earlier,0.9246144466748796,0.9247530463816039,-0.00013859970672436273,0.61
sweeps/phase2_opcode_js_temporal/runs/20260905T164009.857005Z_aadd336b389b_202609077,202609077,8,21000,earlier,0.920215345743267,0.9211420855752779,-0.0009267398320108589,0.7
sweeps/phase2_opcode_js_temporal/runs/20260905T164009.857005Z_aadd336b389b_202609077,202609077,8,21500,earlier,0.925225626849924,0.9234261284436924,0.0017994984062316144,0.09
sweeps/phase2_opcode_js_temporal/runs/20260905T164009.857005Z_aadd336b389b_202609077,202609077,8,22000,earlier,0.9257623034739151,0.9264340466485673,-0.0006717431746522395,0.78
sweeps/phase2_opcode_js_temporal/runs/20260905T164009.857005Z_aadd336b389b_202609077,202609077,8,22500,earlier,0.9217176587272257,0.9209624579437449,0.0007552007834807917,0.24
sweeps/phase2_opcode_js_temporal/runs/20260905T164009.857005Z_aadd336b389b_202609077,202609077,8,23000,earlier,0.9271186205105981,0.9268433633742325,0.00027525713636566973,0.39
sweeps/phase2_opcode_js_temporal/runs/20260905T164009.857005Z_aadd336b389b_202609077,202609077,8,23500,earlier,0.9201651549826163,0.9207303127950301,-0.0005651578124138412,0.71
sweeps/phase2_opcode_js_temporal/runs/20260905T164009.857005Z_aadd336b389b_202609077,202609077,8,24000,earlier,0.9180858920213679,0.9195478138296969,-0.0014619218083289365,0.9
sweeps/phase2_opcode_js_temporal/runs/20260905T164009.857005Z_aadd336b389b_202609077,202609077,8,24500,earlier,0.9182113673315191,0.9174518280731213,0.0007595392583977789,0.3
sweeps/phase2_opcode_js_temporal/runs/20260905T164009.857005Z_aadd336b389b_202609077,202609077,8,25000,earlier,0.9210738340314285,0.9187222832952662,0.0023515507361623333,0.01
sweeps/phase2_opcode_js_temporal/runs/20260905T164009.857005Z_aadd336b389b_202609077,202609077,8,25500,earlier,0.9242760451135813,0.9238991360677883,0.00037690904579301687,0.36
sweeps/phase2_opcode_js_temporal/runs/20260905T164009.857005Z_aadd336b389b_202609077,202609077,8,26000,earlier,0.9325398866416619,0.9308145444390943,0.0017253422025675924,0.05
sweeps/phase2_opcode_js_temporal/runs/20260905T164009.857005Z_aadd336b389b_202609077,202609077,8,26500,earlier,0.9296380362996408,0.9301718708653793,-0.0005338345657385224,0.71
sweeps/phase2_opcode_js_temporal/runs/20260905T164009.857005Z_aadd336b389b_202609077,202609077,8,27000,earlier,0.9284217726668272,0.9276930795779905,0.0007286930888367182,0.22
sweeps/phase2_opcode_js_temporal/runs/20260905T164009.857005Z_aadd336b389b_202609077,202609077,8,27500,earlier,0.9312319912271488,0.9296414243838542,0.0015905668432946163,0.07
sweeps/phase2_opcode_js_temporal/runs/20260905T164009.857005Z_aadd336b389b_202609077,202609077,8,28000,earlier,0.9251943655182729,0.9240714534978203,0.001122912020452671,0.17
sweeps/phase2_opcode_js_temporal/runs/20260905T164009.857005Z_aadd336b389b_202609077,202609077,8,28500,earlier,0.9325728959020181,0.9314923653827294,0.0010805305192886916,0.11
sweeps/phase2_opcode_js_temporal/runs/20260905T164009.857005Z_aadd336b389b_202609077,202609077,8,29000,earlier,0.9327526561090829,0.9319996699841085,0.0007529861249743197,0.22
sweeps/phase2_opcode_js_temporal/runs/20260905T164009.857005Z_aadd336b389b_202609077,202609077,8,29500,earlier,0.9319089705246694,0.9318417145551066,6.725596956280722e-05,0.51
sweeps/phase2_opcode_js_temporal/runs/20260905T164009.857005Z_aadd336b389b_202609077,202609077,8,30000,earlier,0.9342741500653443,0.9350380990964683,-0.0007639490311239783,0.81
sweeps/phase2_opcode_js_temporal/runs/20260905T164009.857005Z_aadd336b389b_202609077,202609077,8,30500,earlier,0.930495306707672,0.9305310911780555,-3.5784470383548594e-05,0.58
sweeps/phase2_opcode_js_temporal/runs/20260905T164009.857005Z_aadd336b389b_202609077,202609077,8,31000,earlier,0.9198217024067276,0.9188106952904748,0.0010110071162527934,0.26
sweeps/phase2_opcode_js_temporal/runs/20260905T164009.857005Z_aadd336b389b_202609077,202609077,8,31500,earlier,0.9152016672594868,0.9163246089443245,-0.0011229416848377305,0.78
sweeps/phase2_opcode_js_temporal/runs/20260905T164009.857005Z_aadd336b389b_202609077,202609077,8,32000,earlier,0.9283318389810405,0.9270555168524395,0.0012763221286010706,0.15
sweeps/phase2_opcode_js_temporal/runs/20260905T164009.857005Z_aadd336b389b_202609077,202609077,8,32500,earlier,0.9265947096612536,0.9268167285751688,-0.0002220189139152673,0.57
sweeps/phase2_opcode_js_temporal/runs/20260905T164009.857005Z_aadd336b389b_202609077,202609077,8,33000,earlier,0.9293899419489263,0.9278274435765772,0.0015624983723491193,0.05
sweeps/phase2_opcode_js_temporal/runs/20260905T164009.857005Z_aadd336b389b_202609077,202609077,8,33500,earlier,0.9247913743470018,0.9232691984903625,0.001522175856639274,0.17
sweeps/phase2_opcode_js_temporal/runs/20260905T164009.857005Z_aadd336b389b_202609077,202609077,8,34000,earlier,0.9308031848228946,0.9286142301707856,0.0021889546521089986,0.03
sweeps/phase2_opcode_js_temporal/runs/20260905T164009.857005Z_aadd336b389b_202609077,202609077,8,34500,earlier,0.9205940066759313,0.9171920862982575,0.0034019203776737283,0.02
sweeps/phase2_opcode_js_temporal/runs/20260905T164009.857005Z_aadd336b389b_202609077,202609077,8,35000,earlier,0.9248052095724116,0.9213756144356652,0.003429595136746455,0.01
sweeps/phase2_opcode_js_temporal/runs/20260905T164009.857005Z_aadd336b389b_202609077,202609077,8,35500,earlier,0.9298476720890915,0.9296219249960589,0.00022574709303258,0.35
sweeps/phase2_opcode_js_temporal/runs/20260905T164009.857005Z_aadd336b389b_202609077,202609077,8,36000,earlier,0.9301016924299845,0.9286161839830538,0.001485508446930739,0.1
sweeps/phase2_opcode_js_temporal/runs/20260905T164009.857005Z_aadd336b389b_202609077,202609077,8,36500,earlier,0.9255214725727663,0.9249290260504575,0.0005924465223088315,0.27
sweeps/phase2_opcode_js_temporal/runs/20260905T164009.857005Z_aadd336b389b_202609077,202609077,8,37000,earlier,0.918787645422128,0.9150692541764263,0.0037183912457017243,0.01
sweeps/phase2_opcode_js_temporal/runs/20260905T164009.857005Z_aadd336b389b_202609077,202609077,8,37500,earlier,0.9230452592936913,0.9208518231944519,0.0021934360992393875,0.05
sweeps/phase2_opcode_js_temporal/runs/20260905T164009.857005Z_aadd336b389b_202609077,202609077,8,38000,earlier,0.9156759121785402,0.9178990280388686,-0.0022231158603284173,0.97
sweeps/phase2_opcode_js_temporal/runs/20260905T164009.857005Z_aadd336b389b_202609077,202609077,8,38500,earlier,0.919210426676544,0.9186054578864103,0.0006049687901336087,0.33
sweeps/phase2_opcode_js_temporal/runs/20260905T164009.857005Z_aadd336b389b_202609077,202609077,8,39000,earlier,0.9219694091090725,0.9224418094050999,-0.00047240029602735323,0.63
sweeps/phase2_opcode_js_temporal/runs/20260905T164009.857005Z_aadd336b389b_202609077,202609077,8,39500,earlier,0.9217476945649684,0.9226647973366559,-0.0009171027716874391,0.74
sweeps/phase2_opcode_js_temporal/runs/20260905T164009.857005Z_aadd336b389b_202609077,202609077,8,40000,earlier,0.9308075361681918,0.929619683285714,0.0011878528824778023,0.12
sweeps/phase2_opcode_js_temporal/runs/20260905T164009.857005Z_aadd336b389b_202609077,202609077,8,40500,earlier,0.9280792585336443,0.9272359463968549,0.0008433121367893426,0.31
sweeps/phase2_opcode_js_temporal/runs/20260905T164009.857005Z_aadd336b389b_202609077,202609077,8,41000,earlier,0.9290843920584263,0.9271782442549373,0.0019061478034889667,0.06
sweeps/phase2_opcode_js_temporal/runs/20260905T164009.857005Z_aadd336b389b_202609077,202609077,8,41500,earlier,0.9162119979550659,0.914485403301743,0.0017265946533229215,0.12
sweeps/phase2_opcode_js_temporal/runs/20260905T164009.857005Z_aadd336b389b_202609077,202609077,8,42000,earlier,0.920034826973337,0.9152484755659989,0.004786351407338185,0.01
sweeps/phase2_opcode_js_temporal/runs/20260905T164009.857005Z_aadd336b389b_202609077,202609077,8,42500,earlier,0.9180475658680222,0.9178314455921199,0.00021612027590223182,0.37
sweeps/phase2_opcode_js_temporal/runs/20260905T164009.857005Z_aadd336b389b_202609077,202609077,8,43000,earlier,0.9162952688300652,0.915787681264177,0.0005075875658882012,0.37
sweeps/phase2_opcode_js_temporal/runs/20260905T164009.857005Z_aadd336b389b_202609077,202609077,8,43500,earlier,0.913396353740619,0.9127544753982976,0.0006418783423214336,0.39
sweeps/phase2_opcode_js_temporal/runs/20260905T164009.857005Z_aadd336b389b_202609077,202609077,8,44000,earlier,0.9160743848051992,0.914723720921788,0.0013506638834112072,0.22
sweeps/phase2_opcode_js_temporal/runs/20260905T164009.857005Z_aadd336b389b_202609077,202609077,8,44500,earlier,0.9257778580686173,0.9255897426790965,0.0001881153895207932,0.43
sweeps/phase2_opcode_js_temporal/runs/20260905T164009.857005Z_aadd336b389b_202609077,202609077,8,45000,final,0.9194609368335845,0.916923230014507,0.002537706819077501,0.08
sweeps/phase2_opcode_js_temporal/runs/20260905T164009.857005Z_aadd336b389b_202609077,202609077,8,45500,final,0.9267431600990775,0.9259508316274574,0.0007923284716201406,0.29
sweeps/phase2_opcode_js_temporal/runs/20260905T164009.857005Z_aadd336b389b_202609077,202609077,8,46000,final,0.9295474800608153,0.9281140675258873,0.0014334125349280136,0.12
sweeps/phase2_opcode_js_temporal/runs/20260905T164009.857005Z_aadd336b389b_202609077,202609077,8,46500,final,0.9273847662085118,0.9256847095530502,0.0017000566554616903,0.08
sweeps/phase2_opcode_js_temporal/runs/20260905T164009.857005Z_aadd336b389b_202609077,202609077,8,47000,final,0.9207706406083159,0.9194041549718688,0.0013664856364471456,0.2
sweeps/phase2_opcode_js_temporal/runs/20260905T164009.857005Z_aadd336b389b_202609077,202609077,8,47500,final,0.9240062634862317,0.9230882691946222,0.0009179942916095474,0.28
sweeps/phase2_opcode_js_temporal/runs/20260905T164009.857005Z_aadd336b389b_202609077,202609077,8,48000,final,0.921610808905587,0.9232185634484841,-0.0016077545428970774,0.9
sweeps/phase2_opcode_js_temporal/runs/20260905T164009.857005Z_aadd336b389b_202609077,202609077,8,48500,final,0.9108587100677674,0.9106869712368804,0.00017173883088705821,0.45
sweeps/phase2_opcode_js_temporal/runs/20260905T164009.857005Z_aadd336b389b_202609077,202609077,8,49000,final,0.9166908836822957,0.9163978824891806,0.0002930011931150389,0.4
sweeps/phase2_opcode_js_temporal/runs/20260905T164009.857005Z_aadd336b389b_202609077,202609077,8,49500,final,0.9169955315191192,0.9178258650500207,-0.0008303335309015614,0.67
sweeps/phase2_opcode_js_temporal/runs/20260905T164009.856999Z_b95bee38f9c3_202609078,202609078,8,0,earlier,0.9697100575737228,0.9695415848891186,0.00016847268460418174,0.17
sweeps/phase2_opcode_js_temporal/runs/20260905T164009.856999Z_b95bee38f9c3_202609078,202609078,8,500,earlier,0.9515580752399708,0.9514062229561528,0.000151852283817977,0.42
sweeps/phase2_opcode_js_temporal/runs/20260905T164009.856999Z_b95bee38f9c3_202609078,202609078,8,1000,earlier,0.9376254926487375,0.9372722461580784,0.0003532464906591537,0.3
sweeps/phase2_opcode_js_temporal/runs/20260905T164009.856999Z_b95bee38f9c3_202609078,202609078,8,1500,earlier,0.9154363564676643,0.915714941428123,-0.0002785849604587387,0.59
sweeps/phase2_opcode_js_temporal/runs/20260905T164009.856999Z_b95bee38f9c3_202609078,202609078,8,2000,earlier,0.9266149288777121,0.9263706896314524,0.00024423924625971427,0.38
sweeps/phase2_opcode_js_temporal/runs/20260905T164009.856999Z_b95bee38f9c3_202609078,202609078,8,2500,earlier,0.9214960807020277,0.9219375543849306,-0.00044147368290292643,0.71
sweeps/phase2_opcode_js_temporal/runs/20260905T164009.856999Z_b95bee38f9c3_202609078,202609078,8,3000,earlier,0.9343609292102564,0.9342439477596037,0.00011698145065264232,0.49
sweeps/phase2_opcode_js_temporal/runs/20260905T164009.856999Z_b95bee38f9c3_202609078,202609078,8,3500,earlier,0.9220250943840678,0.9224549458432052,-0.0004298514591374314,0.7
sweeps/phase2_opcode_js_temporal/runs/20260905T164009.856999Z_b95bee38f9c3_202609078,202609078,8,4000,earlier,0.9255643519848317,0.9254597325864554,0.0001046193983762489,0.49
sweeps/phase2_opcode_js_temporal/runs/20260905T164009.856999Z_b95bee38f9c3_202609078,202609078,8,4500,earlier,0.9183374666513223,0.9189794818045424,-0.0006420151532200435,0.76
sweeps/phase2_opcode_js_temporal/runs/20260905T164009.856999Z_b95bee38f9c3_202609078,202609078,8,5000,earlier,0.9201830401879609,0.9194414009965847,0.0007416391913762643,0.16
sweeps/phase2_opcode_js_temporal/runs/20260905T164009.856999Z_b95bee38f9c3_202609078,202609078,8,5500,earlier,0.9171018234992556,0.9162165184243052,0.0008853050749504376,0.19
sweeps/phase2_opcode_js_temporal/runs/20260905T164009.856999Z_b95bee38f9c3_202609078,202609078,8,6000,earlier,0.9222083696301612,0.9218774671442757,0.0003309024858855203,0.37
sweeps/phase2_opcode_js_temporal/runs/20260905T164009.856999Z_b95bee38f9c3_202609078,202609078,8,6500,earlier,0.9238326771339174,0.9236133783199456,0.00021929881397175777,0.41
sweeps/phase2_opcode_js_temporal/runs/20260905T164009.856999Z_b95bee38f9c3_202609078,202609078,8,7000,earlier,0.9312100129216603,0.9305356759502902,0.0006743369713700931,0.16
sweeps/phase2_opcode_js_temporal/runs/20260905T164009.856999Z_b95bee38f9c3_202609078,202609078,8,7500,earlier,0.928559692723879,0.9293395824327029,-0.0007798897088239221,0.86
sweeps/phase2_opcode_js_temporal/runs/20260905T164009.856999Z_b95bee38f9c3_202609078,202609078,8,8000,earlier,0.9310196826419996,0.9291530496893246,0.0018666329526750847,0.02
sweeps/phase2_opcode_js_temporal/runs/20260905T164009.856999Z_b95bee38f9c3_202609078,202609078,8,8500,earlier,0.9303264316384102,0.9285891316027709,0.001737300035639322,0.02
sweeps/phase2_opcode_js_temporal/runs/20260905T164009.856999Z_b95bee38f9c3_202609078,202609078,8,9000,earlier,0.9344014337372805,0.9333850384451929,0.001016395292087524,0.05
sweeps/phase2_opcode_js_temporal/runs/20260905T164009.856999Z_b95bee38f9c3_202609078,202609078,8,9500,earlier,0.9266664875974311,0.9241754572193543,0.0024910303780767418,0.01
sweeps/phase2_opcode_js_temporal/runs/20260905T164009.856999Z_b95bee38f9c3_202609078,202609078,8,10000,earlier,0.9262397756187126,0.9243189913383943,0.0019207842803182773,0.01
sweeps/phase2_opcode_js_temporal/runs/20260905T164009.856999Z_b95bee38f9c3_202609078,202609078,8,10500,earlier,0.9305541717654843,0.9296317480814668,0.0009224236840175148,0.1
sweeps/phase2_opcode_js_temporal/runs/20260905T164009.856999Z_b95bee38f9c3_202609078,202609078,8,11000,earlier,0.9305551965519272,0.9301067746519628,0.00044842189996441295,0.29
sweeps/phase2_opcode_js_temporal/runs/20260905T164009.856999Z_b95bee38f9c3_202609078,202609078,8,11500,earlier,0.9346688275968459,0.9330491511821347,0.0016196764147111686,0.01
sweeps/phase2_opcode_js_temporal/runs/20260905T164009.856999Z_b95bee38f9c3_202609078,202609078,8,12000,earlier,0.9293563648858341,0.927980025038577,0.0013763398472570465,0.08
sweeps/phase2_opcode_js_temporal/runs/20260905T164009.856999Z_b95bee38f9c3_202609078,202609078,8,12500,earlier,0.9262793828113512,0.9236802266391896,0.002599156172161665,0.01
sweeps/phase2_opcode_js_temporal/runs/20260905T164009.856999Z_b95bee38f9c3_202609078,202609078,8,13000,earlier,0.9236979388864281,0.9222623398349389,0.001435599051489267,0.07
sweeps/phase2_opcode_js_temporal/runs/20260905T164009.856999Z_b95bee38f9c3_202609078,202609078,8,13500,earlier,0.9200597114903885,0.9203894497980856,-0.0003297383076971139,0.65
sweeps/phase2_opcode_js_temporal/runs/20260905T164009.856999Z_b95bee38f9c3_202609078,202609078,8,14000,earlier,0.9289168969389608,0.9292559662965527,-0.0003390693575918702,0.63
sweeps/phase2_opcode_js_temporal/runs/20260905T164009.856999Z_b95bee38f9c3_202609078,202609078,8,14500,earlier,0.9313683068816363,0.9312253075607168,0.0001429993209195457,0.46
sweeps/phase2_opcode_js_temporal/runs/20260905T164009.856999Z_b95bee38f9c3_202609078,202609078,8,15000,earlier,0.9294851575532859,0.9277364116517812,0.0017487459015046447,0.03
sweeps/phase2_opcode_js_temporal/runs/20260905T164009.856999Z_b95bee38f9c3_202609078,202609078,8,15500,earlier,0.9297037479132139,0.9289539141163324,0.0007498337968814273,0.21
sweeps/phase2_opcode_js_temporal/runs/20260905T164009.856999Z_b95bee38f9c3_202609078,202609078,8,16000,earlier,0.9292594661180653,0.9291677290367715,9.173708129384117e-05,0.47
sweeps/phase2_opcode_js_temporal/runs/20260905T164009.856999Z_b95bee38f9c3_202609078,202609078,8,16500,earlier,0.9280261751043732,0.9271620222730338,0.0008641528313394486,0.24
sweeps/phase2_opcode_js_temporal/runs/20260905T164009.856999Z_b95bee38f9c3_202609078,202609078,8,17000,earlier,0.9007182457008601,0.8957769233131687,0.004941322387691405,0.01
sweeps/phase2_opcode_js_temporal/runs/20260905T164009.856999Z_b95bee38f9c3_202609078,202609078,8,17500,earlier,0.9189574248246222,0.914603930001639,0.004353494822983195,0.01
sweeps/phase2_opcode_js_temporal/runs/20260905T164009.856999Z_b95bee38f9c3_202609078,202609078,8,18000,earlier,0.9229902077730988,0.9211028786045712,0.0018873291685276294,0.04
sweeps/phase2_opcode_js_temporal/runs/20260905T164009.856999Z_b95bee38f9c3_202609078,202609078,8,18500,earlier,0.924407183713837,0.9237787919298548,0.0006283917839822184,0.28
sweeps/phase2_opcode_js_temporal/runs/20260905T164009.856999Z_b95bee38f9c3_202609078,202609078,8,19000,earlier,0.9220024295109492,0.9193937909004454,0.002608638610503866,0.03
sweeps/phase2_opcode_js_temporal/runs/20260905T164009.856999Z_b95bee38f9c3_202609078,202609078,8,19500,earlier,0.9276888840316565,0.9263036810968315,0.001385202934825025,0.05
sweeps/phase2_opcode_js_temporal/runs/20260905T164009.856999Z_b95bee38f9c3_202609078,202609078,8,20000,earlier,0.926801087787555,0.9263443951639212,0.00045669262363379204,0.28
sweeps/phase2_opcode_js_temporal/runs/20260905T164009.856999Z_b95bee38f9c3_202609078,202609078,8,20500,earlier,0.9298420369701477,0.9297912697456105,5.076722453711824e-05,0.52
sweeps/phase2_opcode_js_temporal/runs/20260905T164009.856999Z_b95bee38f9c3_202609078,202609078,8,21000,earlier,0.930515337966743,0.9298730788171642,0.0006422591495788277,0.23
sweeps/phase2_opcode_js_temporal/runs/20260905T164009.856999Z_b95bee38f9c3_202609078,202609078,8,21500,earlier,0.9334962095644692,0.9329707617824862,0.0005254477819830461,0.29
sweeps/phase2_opcode_js_temporal/runs/20260905T164009.856999Z_b95bee38f9c3_202609078,202609078,8,22000,earlier,0.9217235504653254,0.9190953327277944,0.002628217737530969,0.01
sweeps/phase2_opcode_js_temporal/runs/20260905T164009.856999Z_b95bee38f9c3_202609078,202609078,8,22500,earlier,0.9247615408347313,0.923458126359166,0.0013034144755652566,0.1
sweeps/phase2_opcode_js_temporal/runs/20260905T164009.856999Z_b95bee38f9c3_202609078,202609078,8,23000,earlier,0.9339990800050604,0.9332365510472532,0.0007625289578071515,0.2
sweeps/phase2_opcode_js_temporal/runs/20260905T164009.856999Z_b95bee38f9c3_202609078,202609078,8,23500,earlier,0.9164449581128183,0.9172559958192961,-0.0008110377064777241,0.75
sweeps/phase2_opcode_js_temporal/runs/20260905T164009.856999Z_b95bee38f9c3_202609078,202609078,8,24000,earlier,0.9162023959199583,0.9165703812360967,-0.00036798531613835284,0.58
sweeps/phase2_opcode_js_temporal/runs/20260905T164009.856999Z_b95bee38f9c3_202609078,202609078,8,24500,earlier,0.9213539783243818,0.9211788996781981,0.00017507864618371283,0.43
sweeps/phase2_opcode_js_temporal/runs/20260905T164009.856999Z_b95bee38f9c3_202609078,202609078,8,25000,earlier,0.9318967470115912,0.9320623451716189,-0.00016559816002770233,0.53
sweeps/phase2_opcode_js_temporal/runs/20260905T164009.856999Z_b95bee38f9c3_202609078,202609078,8,25500,earlier,0.9258749334037505,0.9252846754021504,0.0005902580016000636,0.36
sweeps/phase2_opcode_js_temporal/runs/20260905T164009.856999Z_b95bee38f9c3_202609078,202609078,8,26000,earlier,0.9304177349771061,0.9294281768503171,0.0009895581267890252,0.24
sweeps/phase2_opcode_js_temporal/runs/20260905T164009.856999Z_b95bee38f9c3_202609078,202609078,8,26500,earlier,0.9187674381761384,0.9204003387976266,-0.0016329006214882424,0.92
sweeps/phase2_opcode_js_temporal/runs/20260905T164009.856999Z_b95bee38f9c3_202609078,202609078,8,27000,earlier,0.9326436810823867,0.9328182500095383,-0.0001745689271516193,0.58
sweeps/phase2_opcode_js_temporal/runs/20260905T164009.856999Z_b95bee38f9c3_202609078,202609078,8,27500,earlier,0.9268108004929896,0.9262530705889273,0.0005577299040623318,0.31
sweeps/phase2_opcode_js_temporal/runs/20260905T164009.856999Z_b95bee38f9c3_202609078,202609078,8,28000,earlier,0.9342680729406412,0.9347044588101225,-0.0004363858694813594,0.7
sweeps/phase2_opcode_js_temporal/runs/20260905T164009.856999Z_b95bee38f9c3_202609078,202609078,8,28500,earlier,0.9333907918785931,0.9342044352251304,-0.0008136433465373294,0.77
sweeps/phase2_opcode_js_temporal/runs/20260905T164009.856999Z_b95bee38f9c3_202609078,202609078,8,29000,earlier,0.9321478884897034,0.9303836822733051,0.0017642062163982786,0.1
sweeps/phase2_opcode_js_temporal/runs/20260905T164009.856999Z_b95bee38f9c3_202609078,202609078,8,29500,earlier,0.929195056657271,0.9273633810841356,0.0018316755731353496,0.08
sweeps/phase2_opcode_js_temporal/runs/20260905T164009.856999Z_b95bee38f9c3_202609078,202609078,8,30000,earlier,0.9258649021565974,0.9245070954835171,0.0013578066730803862,0.12
sweeps/phase2_opcode_js_temporal/runs/20260905T164009.856999Z_b95bee38f9c3_202609078,202609078,8,30500,earlier,0.9249423459799359,0.9242428687239717,0.0006994772559641982,0.25
sweeps/phase2_opcode_js_temporal/runs/20260905T164009.856999Z_b95bee38f9c3_202609078,202609078,8,31000,earlier,0.9318900554865903,0.9305792197835246,0.0013108357030656714,0.1
sweeps/phase2_opcode_js_temporal/runs/20260905T164009.856999Z_b95bee38f9c3_202609078,202609078,8,31500,earlier,0.9369007317453385,0.936641075636743,0.00025965610859546295,0.4
sweeps/phase2_opcode_js_temporal/runs/20260905T164009.856999Z_b95bee38f9c3_202609078,202609078,8,32000,earlier,0.9200749467974465,0.9194051003211109,0.0006698464763356116,0.27
sweeps/phase2_opcode_js_temporal/runs/20260905T164009.856999Z_b95bee38f9c3_202609078,202609078,8,32500,earlier,0.9110077908738405,0.9077777602231858,0.003230030650654747,0.02
sweeps/phase2_opcode_js_temporal/runs/20260905T164009.856999Z_b95bee38f9c3_202609078,202609078,8,33000,earlier,0.91261208079445,0.9088249856161584,0.0037870951782915663,0.02
sweeps/phase2_opcode_js_temporal/runs/20260905T164009.856999Z_b95bee38f9c3_202609078,202609078,8,33500,earlier,0.9167974780555314,0.9158929952395932,0.0009044828159381346,0.26
sweeps/phase2_opcode_js_temporal/runs/20260905T164009.856999Z_b95bee38f9c3_202609078,202609078,8,34000,earlier,0.9234900079970634,0.922958735178424,0.0005312728186394056,0.29
sweeps/phase2_opcode_js_temporal/runs/20260905T164009.856999Z_b95bee38f9c3_202609078,202609078,8,34500,earlier,0.9056401541457685,0.902061586289648,0.0035785678561204293,0.01
sweeps/phase2_opcode_js_temporal/runs/20260905T164009.856999Z_b95bee38f9c3_202609078,202609078,8,35000,earlier,0.9217983583369675,0.9212593098682976,0.0005390484686699226,0.34
sweeps/phase2_opcode_js_temporal/runs/20260905T164009.856999Z_b95bee38f9c3_202609078,202609078,8,35500,earlier,0.9261712808835033,0.9271390400285886,-0.0009677591450852896,0.85
sweeps/phase2_opcode_js_temporal/runs/20260905T164009.856999Z_b95bee38f9c3_202609078,202609078,8,36000,earlier,0.9210740724279494,0.9200648946525881,0.0010091777753612474,0.22
sweeps/phase2_opcode_js_temporal/runs/20260905T164009.856999Z_b95bee38f9c3_202609078,202609078,8,36500,earlier,0.9199792917532106,0.9184193656336013,0.0015599261196093117,0.14
sweeps/phase2_opcode_js_temporal/runs/20260905T164009.856999Z_b95bee38f9c3_202609078,202609078,8,37000,earlier,0.9301947411713425,0.929425080076448,0.0007696610948945137,0.19
sweeps/phase2_opcode_js_temporal/runs/20260905T164009.856999Z_b95bee38f9c3_202609078,202609078,8,37500,earlier,0.9274506460155648,0.9277597946918671,-0.0003091486763022733,0.64
sweeps/phase2_opcode_js_temporal/runs/20260905T164009.856999Z_b95bee38f9c3_202609078,202609078,8,38000,earlier,0.9297398632554893,0.9283548661281285,0.001384997127360843,0.11
sweeps/phase2_opcode_js_temporal/runs/20260905T164009.856999Z_b95bee38f9c3_202609078,202609078,8,38500,earlier,0.9044028304050121,0.9036862953648552,0.000716535040156896,0.36
sweeps/phase2_opcode_js_temporal/runs/20260905T164009.856999Z_b95bee38f9c3_202609078,202609078,8,39000,earlier,0.9222637222962858,0.9219367568495698,0.0003269654467160654,0.37
sweeps/phase2_opcode_js_temporal/runs/20260905T164009.856999Z_b95bee38f9c3_202609078,202609078,8,39500,earlier,0.9100680300998822,0.9108851901949956,-0.0008171600951133451,0.66
sweeps/phase2_opcode_js_temporal/runs/20260905T164009.856999Z_b95bee38f9c3_202609078,202609078,8,40000,earlier,0.9228740783854523,0.9226024957798542,0.00027158260559811964,0.45
sweeps/phase2_opcode_js_temporal/runs/20260905T164009.856999Z_b95bee38f9c3_202609078,202609078,8,40500,earlier,0.9277619049714367,0.929441276006793,-0.001679371035356314,0.92
sweeps/phase2_opcode_js_temporal/runs/20260905T164009.856999Z_b95bee38f9c3_202609078,202609078,8,41000,earlier,0.9216920487827388,0.9203841958624825,0.0013078529202562583,0.19
sweeps/phase2_opcode_js_temporal/runs/20260905T164009.856999Z_b95bee38f9c3_202609078,202609078,8,41500,earlier,0.9263614040440211,0.9263000330550524,6.137098896874527e-05,0.47
sweeps/phase2_opcode_js_temporal/runs/20260905T164009.856999Z_b95bee38f9c3_202609078,202609078,8,42000,earlier,0.9331192648504636,0.9325955795025651,0.0005236853478984838,0.29
sweeps/phase2_opcode_js_temporal/runs/20260905T164009.856999Z_b95bee38f9c3_202609078,202609078,8,42500,earlier,0.9290051032236297,0.9286405788964173,0.00036452432721245653,0.39
sweeps/phase2_opcode_js_temporal/runs/20260905T164009.856999Z_b95bee38f9c3_202609078,202609078,8,43000,earlier,0.9132568655966293,0.9123643282141477,0.0008925373824816285,0.2
sweeps/phase2_opcode_js_temporal/runs/20260905T164009.856999Z_b95bee38f9c3_202609078,202609078,8,43500,earlier,0.9211318438213709,0.9219142624695208,-0.000782418648149874,0.71
sweeps/phase2_opcode_js_temporal/runs/20260905T164009.856999Z_b95bee38f9c3_202609078,202609078,8,44000,earlier,0.923894577192397,0.9240467309905231,-0.00015215379812616447,0.58
sweeps/phase2_opcode_js_temporal/runs/20260905T164009.856999Z_b95bee38f9c3_202609078,202609078,8,44500,earlier,0.9353819314469946,0.9352472869283394,0.00013464451865519145,0.45
sweeps/phase2_opcode_js_temporal/runs/20260905T164009.856999Z_b95bee38f9c3_202609078,202609078,8,45000,final,0.9370834777477488,0.9358195638345557,0.0012639139131931376,0.08
sweeps/phase2_opcode_js_temporal/runs/20260905T164009.856999Z_b95bee38f9c3_202609078,202609078,8,45500,final,0.9273442331401361,0.9256182363490324,0.0017259967911037455,0.12
sweeps/phase2_opcode_js_temporal/runs/20260905T164009.856999Z_b95bee38f9c3_202609078,202609078,8,46000,final,0.9162953248456056,0.9156271592480019,0.0006681655976037426,0.34
sweeps/phase2_opcode_js_temporal/runs/20260905T164009.856999Z_b95bee38f9c3_202609078,202609078,8,46500,final,0.9257656331186259,0.923530296217202,0.0022353369014239677,0.05
sweeps/phase2_opcode_js_temporal/runs/20260905T164009.856999Z_b95bee38f9c3_202609078,202609078,8,47000,final,0.9186036792125042,0.9173197823938621,0.0012838968186420496,0.14
sweeps/phase2_opcode_js_temporal/runs/20260905T164009.856999Z_b95bee38f9c3_202609078,202609078,8,47500,final,0.920699996520461,0.9197212450208262,0.000978751499634778,0.21
sweeps/phase2_opcode_js_temporal/runs/20260905T164009.856999Z_b95bee38f9c3_202609078,202609078,8,48000,final,0.916731794631493,0.9162751558502138,0.0004566387812792172,0.35
sweeps/phase2_opcode_js_temporal/runs/20260905T164009.856999Z_b95bee38f9c3_202609078,202609078,8,48500,final,0.9286024263695725,0.9277908352900518,0.0008115910795206682,0.23
sweeps/phase2_opcode_js_temporal/runs/20260905T164009.856999Z_b95bee38f9c3_202609078,202609078,8,49000,final,0.9240583098219652,0.9236575608467303,0.00040074897523489916,0.39
sweeps/phase2_opcode_js_temporal/runs/20260905T164009.856999Z_b95bee38f9c3_202609078,202609078,8,49500,final,0.9261788248631895,0.9270157327210216,-0.000836907857832081,0.76
sweeps/phase2_opcode_js_temporal/runs/20260905T164009.857003Z_56aa6eb35cf5_202609079,202609079,8,0,earlier,0.96878583672726,0.9685523529102184,0.00023348381704169086,0.14
sweeps/phase2_opcode_js_temporal/runs/20260905T164009.857003Z_56aa6eb35cf5_202609079,202609079,8,500,earlier,0.942561876741261,0.9427400484465283,-0.00017817170526723825,0.58
sweeps/phase2_opcode_js_temporal/runs/20260905T164009.857003Z_56aa6eb35cf5_202609079,202609079,8,1000,earlier,0.9385622299005437,0.9391072532306223,-0.0005450233300785534,0.72
sweeps/phase2_opcode_js_temporal/runs/20260905T164009.857003Z_56aa6eb35cf5_202609079,202609079,8,1500,earlier,0.8936462108731367,0.8954064552235561,-0.0017602443504194376,0.94
sweeps/phase2_opcode_js_temporal/runs/20260905T164009.857003Z_56aa6eb35cf5_202609079,202609079,8,2000,earlier,0.9032276491334611,0.9029112479970417,0.0003164011364193975,0.37
sweeps/phase2_opcode_js_temporal/runs/20260905T164009.857003Z_56aa6eb35cf5_202609079,202609079,8,2500,earlier,0.9106373166726743,0.9102725085182574,0.00036480815441697345,0.35
sweeps/phase2_opcode_js_temporal/runs/20260905T164009.857003Z_56aa6eb35cf5_202609079,202609079,8,3000,earlier,0.9170622699850411,0.9181519421918929,-0.001089672206851744,0.87
sweeps/phase2_opcode_js_temporal/runs/20260905T164009.857003Z_56aa6eb35cf5_202609079,202609079,8,3500,earlier,0.9246696442615606,0.9247462796286855,-7.663536712487762e-05,0.51
sweeps/phase2_opcode_js_temporal/runs/20260905T164009.857003Z_56aa6eb35cf5_202609079,202609079,8,4000,earlier,0.9330912329201088,0.9320259897289079,0.0010652431912008264,0.1
sweeps/phase2_opcode_js_temporal/runs/20260905T164009.857003Z_56aa6eb35cf5_202609079,202609079,8,4500,earlier,0.9306685693517073,0.9300690352104294,0.000599534141277891,0.24
sweeps/phase2_opcode_js_temporal/runs/20260905T164009.857003Z_56aa6eb35cf5_202609079,202609079,8,5000,earlier,0.9383612011271832,0.9380596950826381,0.0003015060445451523,0.32
sweeps/phase2_opcode_js_temporal/runs/20260905T164009.857003Z_56aa6eb35cf5_202609079,202609079,8,5500,earlier,0.9397693818621852,0.9391543347437973,0.0006150471183878903,0.24
sweeps/phase2_opcode_js_temporal/runs/20260905T164009.857003Z_56aa6eb35cf5_202609079,202609079,8,6000,earlier,0.9384552731170838,0.9386869546564764,-0.00023168153939268077,0.68
sweeps/phase2_opcode_js_temporal/runs/20260905T164009.857003Z_56aa6eb35cf5_202609079,202609079,8,6500,earlier,0.9257149332922502,0.9258641472689522,-0.00014921397670197845,0.58
sweeps/phase2_opcode_js_temporal/runs/20260905T164009.857003Z_56aa6eb35cf5_202609079,202609079,8,7000,earlier,0.9307522592938454,0.9300939956558267,0.0006582636380186857,0.18
sweeps/phase2_opcode_js_temporal/runs/20260905T164009.857003Z_56aa6eb35cf5_202609079,202609079,8,7500,earlier,0.9148531823552708,0.9144044237506868,0.00044875860458404304,0.32
sweeps/phase2_opcode_js_temporal/runs/20260905T164009.857003Z_56aa6eb35cf5_202609079,202609079,8,8000,earlier,0.9291210302549878,0.9289818914011345,0.0001391388538533045,0.43
sweeps/phase2_opcode_js_temporal/runs/20260905T164009.857003Z_56aa6eb35cf5_202609079,202609079,8,8500,earlier,0.9190519265419388,0.9197479809289603,-0.0006960543870214719,0.73
sweeps/phase2_opcode_js_temporal/runs/20260905T164009.857003Z_56aa6eb35cf5_202609079,202609079,8,9000,earlier,0.918654500321439,0.9191017449722276,-0.000447244650788603,0.7
sweeps/phase2_opcode_js_temporal/runs/20260905T164009.857003Z_56aa6eb35cf5_202609079,202609079,8,9500,earlier,0.9145373092017306,0.9120395539508921,0.002497755250838507,0.04
sweeps/phase2_opcode_js_temporal/runs/20260905T164009.857003Z_56aa6eb35cf5_202609079,202609079,8,10000,earlier,0.9098624207714834,0.9087903166867515,0.0010721040847319063,0.19
sweeps/phase2_opcode_js_temporal/runs/20260905T164009.857003Z_56aa6eb35cf5_202609079,202609079,8,10500,earlier,0.9181238285132268,0.91783670064242,0.0002871278708068692,0.35
sweeps/phase2_opcode_js_temporal/runs/20260905T164009.857003Z_56aa6eb35cf5_202609079,202609079,8,11000,earlier,0.9221149904979798,0.9208315080204438,0.0012834824775360687,0.07
sweeps/phase2_opcode_js_temporal/runs/20260905T164009.857003Z_56aa6eb35cf5_202609079,202609079,8,11500,earlier,0.9176155609244538,0.9170703462410388,0.0005452146834150629,0.33
sweeps/phase2_opcode_js_temporal/runs/20260905T164009.857003Z_56aa6eb35cf5_202609079,202609079,8,12000,earlier,0.9245316548219477,0.9247714106218824,-0.00023975579993473772,0.55
sweeps/phase2_opcode_js_temporal/runs/20260905T164009.857003Z_56aa6eb35cf5_202609079,202609079,8,12500,earlier,0.9282328719586387,0.9273865927085306,0.0008462792501080507,0.18
sweeps/phase2_opcode_js_temporal/runs/20260905T164009.857003Z_56aa6eb35cf5_202609079,202609079,8,13000,earlier,0.9283827498288121,0.9275057946578296,0.0008769551709825185,0.17
sweeps/phase2_opcode_js_temporal/runs/20260905T164009.857003Z_56aa6eb35cf5_202609079,202609079,8,13500,earlier,0.9244056891516099,0.924291826883182,0.00011386226842791114,0.45
sweeps/phase2_opcode_js_temporal/runs/20260905T164009.857003Z_56aa6eb35cf5_202609079,202609079,8,14000,earlier,0.9257701299381259,0.9263936730115888,-0.0006235430734629066,0.74
sweeps/phase2_opcode_js_temporal/runs/20260905T164009.857003Z_56aa6eb35cf5_202609079,202609079,8,14500,earlier,0.9194776846781314,0.9199005543547147,-0.0004228696765833373,0.64
sweeps/phase2_opcode_js_temporal/runs/20260905T164009.857003Z_56aa6eb35cf5_202609079,202609079,8,15000,earlier,0.9262800013368725,0.9275681412978429,-0.0012881399609704358,0.87
sweeps/phase2_opcode_js_temporal/runs/20260905T164009.857003Z_56aa6eb35cf5_202609079,202609079,8,15500,earlier,0.9347823597621046,0.9360260698992121,-0.0012437101371075565,0.84
sweeps/phase2_opcode_js_temporal/runs/20260905T164009.857003Z_56aa6eb35cf5_202609079,202609079,8,16000,earlier,0.9349266961423862,0.9341970407902481,0.0007296553521380922,0.27
sweeps/phase2_opcode_js_temporal/runs/20260905T164009.857003Z_56aa6eb35cf5_202609079,202609079,8,16500,earlier,0.9296275659962147,0.9300186063239506,-0.00039104032773595865,0.6
sweeps/phase2_opcode_js_temporal/runs/20260905T164009.857003Z_56aa6eb35cf5_202609079,202609079,8,17000,earlier,0.9380911736572333,0.9375527605977185,0.0005384130595147418,0.27
sweeps/phase2_opcode_js_temporal/runs/20260905T164009.857003Z_56aa6eb35cf5_202609079,202609079,8,17500,earlier,0.9384698537332774,0.9368285038659724,0.0016413498673050197,0.03
sweeps/phase2_opcode_js_temporal/runs/20260905T164009.857003Z_56aa6eb35cf5_202609079,202609079,8,18000,earlier,0.9277121696217967,0.9253933447628371,0.0023188248589596228,0.06
sweeps/phase2_opcode_js_temporal/runs/20260905T164009.857003Z_56aa6eb35cf5_202609079,202609079,8,18500,earlier,0.9285417437580855,0.9277865700971962,0.0007551736608892856,0.2
sweeps/phase2_opcode_js_temporal/runs/20260905T164009.857003Z_56aa6eb35cf5_202609079,202609079,8,19000,earlier,0.9269104616753281,0.9219107224393784,0.004999739235949652,0.01
sweeps/phase2_opcode_js_temporal/runs/20260905T164009.857003Z_56aa6eb35cf5_202609079,202609079,8,19500,earlier,0.9237970247865211,0.9217179007608596,0.0020791240256615717,0.04
sweeps/phase2_opcode_js_temporal/runs/20260905T164009.857003Z_56aa6eb35cf5_202609079,202609079,8,20000,earlier,0.925485064730023,0.9254803980599786,4.66667004439536e-06,0.47
sweeps/phase2_opcode_js_temporal/runs/20260905T164009.857003Z_56aa6eb35cf5_202609079,202609079,8,20500,earlier,0.9281512875214143,0.9284329157651116,-0.0002816282436972628,0.64
sweeps/phase2_opcode_js_temporal/runs/20260905T164009.857003Z_56aa6eb35cf5_202609079,202609079,8,21000,earlier,0.9260310190582082,0.9259709431406619,6.0075917546309476e-05,0.52
sweeps/phase2_opcode_js_temporal/runs/20260905T164009.857003Z_56aa6eb35cf5_202609079,202609079,8,21500,earlier,0.9207662624717912,0.9194542609538072,0.0013120015179839406,0.13
sweeps/phase2_opcode_js_temporal/runs/20260905T164009.857003Z_56aa6eb35cf5_202609079,202609079,8,22000,earlier,0.9286548390554519,0.9259670298757752,0.0026878091796767034,0.01
sweeps/phase2_opcode_js_temporal/runs/20260905T164009.857003Z_56aa6eb35cf5_202609079,202609079,8,22500,earlier,0.9068974945030498,0.9061107736620049,0.0007867208410449189,0.3
sweeps/phase2_opcode_js_temporal/runs/20260905T164009.857003Z_56aa6eb35cf5_202609079,202609079,8,23000,earlier,0.9138045748172099,0.9139388827783154,-0.00013430796110547316,0.52
sweeps/phase2_opcode_js_temporal/runs/20260905T164009.857003Z_56aa6eb35cf5_202609079,202609079,8,23500,earlier,0.918151008543408,0.918306178517814,-0.00015516997440601088,0.51
sweeps/phase2_opcode_js_temporal/runs/20260905T164009.857003Z_56aa6eb35cf5_202609079,202609079,8,24000,earlier,0.9208635868814065,0.9223731658027604,-0.001509578921353949,0.92
sweeps/phase2_opcode_js_temporal/runs/20260905T164009.857003Z_56aa6eb35cf5_202609079,202609079,8,24500,earlier,0.9303180383868629,0.9307514777413968,-0.00043343935453388216,0.71
sweeps/phase2_opcode_js_temporal/runs/20260905T164009.857003Z_56aa6eb35cf5_202609079,202609079,8,25000,earlier,0.9257762225466605,0.9267461261310557,-0.0009699035843951931,0.79
sweeps/phase2_opcode_js_temporal/runs/20260905T164009.857003Z_56aa6eb35cf5_202609079,202609079,8,25500,earlier,0.9257461369989173,0.9265039118853582,-0.0007577748864409095,0.7
sweeps/phase2_opcode_js_temporal/runs/20260905T164009.857003Z_56aa6eb35cf5_202609079,202609079,8,26000,earlier,0.9159452265287377,0.9135452642699154,0.002399962258822219,0.04
sweeps/phase2_opcode_js_temporal/runs/20260905T164009.857003Z_56aa6eb35cf5_202609079,202609079,8,26500,earlier,0.9183499426856907,0.9172056978680901,0.0011442448176005593,0.17
sweeps/phase2_opcode_js_temporal/runs/20260905T164009.857003Z_56aa6eb35cf5_202609079,202609079,8,27000,earlier,0.9191499868954808,0.9183394754867743,0.0008105114087064713,0.24
sweeps/phase2_opcode_js_temporal/runs/20260905T164009.857003Z_56aa6eb35cf5_202609079,202609079,8,27500,earlier,0.9278483026690444,0.9267872241240631,0.0010610785449812754,0.17
sweeps/phase2_opcode_js_temporal/runs/20260905T164009.857003Z_56aa6eb35cf5_202609079,202609079,8,28000,earlier,0.9349726963486013,0.9334836510505135,0.0014890452980877988,0.1
sweeps/phase2_opcode_js_temporal/runs/20260905T164009.857003Z_56aa6eb35cf5_202609079,202609079,8,28500,earlier,0.937143972789706,0.9357958949954871,0.0013480777942188604,0.05
sweeps/phase2_opcode_js_temporal/runs/20260905T164009.857003Z_56aa6eb35cf5_202609079,202609079,8,29000,earlier,0.9233254245824561,0.9230979638496498,0.00022746073280632828,0.47
sweeps/phase2_opcode_js_temporal/runs/20260905T164009.857003Z_56aa6eb35cf5_202609079,202609079,8,29500,earlier,0.9328261148722051,0.9326792902080551,0.00014682466415005813,0.47
sweeps/phase2_opcode_js_temporal/runs/20260905T164009.857003Z_56aa6eb35cf5_202609079,202609079,8,30000,earlier,0.9297066790505731,0.9280497955182382,0.0016568835323349518,0.1
sweeps/phase2_opcode_js_temporal/runs/20260905T164009.857003Z_56aa6eb35cf5_202609079,202609079,8,30500,earlier,0.92822262891121,0.927235940391066,0.0009866885201439413,0.17
sweeps/phase2_opcode_js_temporal/runs/20260905T164009.857003Z_56aa6eb35cf5_202609079,202609079,8,31000,earlier,0.928608850411705,0.9271775612343622,0.0014312891773428094,0.08
sweeps/phase2_opcode_js_temporal/runs/20260905T164009.857003Z_56aa6eb35cf5_202609079,202609079,8,31500,earlier,0.9161305185954064,0.9130497393112816,0.003080779284124757,0.06
sweeps/phase2_opcode_js_temporal/runs/20260905T164009.857003Z_56aa6eb35cf5_202609079,202609079,8,32000,earlier,0.9093083116979072,0.9086506886035773,0.0006576230943298178,0.32
sweeps/phase2_opcode_js_temporal/runs/20260905T164009.857003Z_56aa6eb35cf5_202609079,202609079,8,32500,earlier,0.9237553878680214,0.921089918393674,0.002665469474347315,0.03
sweeps/phase2_opcode_js_temporal/runs/20260905T164009.857003Z_56aa6eb35cf5_202609079,202609079,8,33000,earlier,0.9337349819473366,0.9314419673210818,0.0022930146262548634,0.04
sweeps/phase2_opcode_js_temporal/runs/20260905T164009.857003Z_56aa6eb35cf5_202609079,202609079,8,33500,earlier,0.9264677650580305,0.924777435731523,0.0016903293265074781,0.08
sweeps/phase2_opcode_js_temporal/runs/20260905T164009.857003Z_56aa6eb35cf5_202609079,202609079,8,34000,earlier,0.926905280564516,0.9269825274409633,-7.72468764472789e-05,0.57
sweeps/phase2_opcode_js_temporal/runs/20260905T164009.857003Z_56aa6eb35cf5_202609079,202609079,8,34500,earlier,0.898223374856822,0.8983547409793273,-0.00013136612250530533,0.51
sweeps/phase2_opcode_js_temporal/runs/20260905T164009.857003Z_56aa6eb35cf5_202609079,202609079,8,35000,earlier,0.9086698286019941,0.908410820748902,0.00025900785309207475,0.41
sweeps/phase2_opcode_js_temporal/runs/20260905T164009.857003Z_56aa6eb35cf5_202609079,202609079,8,35500,earlier,0.9003542007762974,0.899387977811502,0.0009662229647953158,0.22
sweeps/phase2_opcode_js_temporal/runs/20260905T164009.857003Z_56aa6eb35cf5_202609079,202609079,8,36000,earlier,0.9118628974337841,0.9094794830052084,0.002383414428575703,0.09
sweeps/phase2_opcode_js_temporal/runs/20260905T164009.857003Z_56aa6eb35cf5_202609079,202609079,8,36500,earlier,0.9045752761590544,0.9035577211818011,0.00101755497725331,0.26
sweeps/phase2_opcode_js_temporal/runs/20260905T164009.857003Z_56aa6eb35cf5_202609079,202609079,8,37000,earlier,0.9132397633220302,0.9099198742701158,0.003319889051914382,0.03
sweeps/phase2_opcode_js_temporal/runs/20260905T164009.857003Z_56aa6eb35cf5_202609079,202609079,8,37500,earlier,0.9213070599943397,0.9187086891319595,0.0025983708623802393,0.03
sweeps/phase2_opcode_js_temporal/runs/20260905T164009.857003Z_56aa6eb35cf5_202609079,202609079,8,38000,earlier,0.9034035035029873,0.9019806180444719,0.0014228854585153217,0.21
sweeps/phase2_opcode_js_temporal/runs/20260905T164009.857003Z_56aa6eb35cf5_202609079,202609079,8,38500,earlier,0.912677134959793,0.9108252868626483,0.0018518480971446705,0.11
sweeps/phase2_opcode_js_temporal/runs/20260905T164009.857003Z_56aa6eb35cf5_202609079,202609079,8,39000,earlier,0.9146148458683675,0.9126450126565933,0.001969833211774241,0.09
sweeps/phase2_opcode_js_temporal/runs/20260905T164009.857003Z_56aa6eb35cf5_202609079,202609079,8,39500,earlier,0.924059094328642,0.920261782864813,0.0037973114638290006,0.01
sweeps/phase2_opcode_js_temporal/runs/20260905T164009.857003Z_56aa6eb35cf5_202609079,202609079,8,40000,earlier,0.9235051839150714,0.9210533959796531,0.002451787935418337,0.03
sweeps/phase2_opcode_js_temporal/runs/20260905T164009.857003Z_56aa6eb35cf5_202609079,202609079,8,40500,earlier,0.91851540561525,0.917966605856477,0.0005487997587729776,0.37
sweeps/phase2_opcode_js_temporal/runs/20260905T164009.857003Z_56aa6eb35cf5_202609079,202609079,8,41000,earlier,0.920875630443559,0.9213209046361058,-0.00044527419254680733,0.61
sweeps/phase2_opcode_js_temporal/runs/20260905T164009.857003Z_56aa6eb35cf5_202609079,202609079,8,41500,earlier,0.8930657461383356,0.8938040408440885,-0.0007382947057529288,0.69
sweeps/phase2_opcode_js_temporal/runs/20260905T164009.857003Z_56aa6eb35cf5_202609079,202609079,8,42000,earlier,0.9089380300476009,0.9086604034173413,0.00027762663025954204,0.41
sweeps/phase2_opcode_js_temporal/runs/20260905T164009.857003Z_56aa6eb35cf5_202609079,202609079,8,42500,earlier,0.9197987080084381,0.9193703618536513,0.00042834615478681837,0.32
sweeps/phase2_opcode_js_temporal/runs/20260905T164009.857003Z_56aa6eb35cf5_202609079,202609079,8,43000,earlier,0.9250643932439223,0.9227103600186768,0.002354033225245522,0.02
sweeps/phase2_opcode_js_temporal/runs/20260905T164009.857003Z_56aa6eb35cf5_202609079,202609079,8,43500,earlier,0.9282935923995006,0.9268027091303233,0.0014908832691773455,0.13
sweeps/phase2_opcode_js_temporal/runs/20260905T164009.857003Z_56aa6eb35cf5_202609079,202609079,8,44000,earlier,0.9130400291691967,0.9116469454926599,0.0013930836765367882,0.21
sweeps/phase2_opcode_js_temporal/runs/20260905T164009.857003Z_56aa6eb35cf5_202609079,202609079,8,44500,earlier,0.9162991465647664,0.9145478949926136,0.0017512515721528343,0.08
sweeps/phase2_opcode_js_temporal/runs/20260905T164009.857003Z_56aa6eb35cf5_202609079,202609079,8,45000,final,0.9177695597968696,0.9168160290684206,0.000953530728448948,0.31
sweeps/phase2_opcode_js_temporal/runs/20260905T164009.857003Z_56aa6eb35cf5_202609079,202609079,8,45500,final,0.9272213703869688,0.926967302092091,0.00025406829487784055,0.45
sweeps/phase2_opcode_js_temporal/runs/20260905T164009.857003Z_56aa6eb35cf5_202609079,202609079,8,46000,final,0.925765773956854,0.9243315753042947,0.0014341986525593375,0.17
sweeps/phase2_opcode_js_temporal/runs/20260905T164009.857003Z_56aa6eb35cf5_202609079,202609079,8,46500,final,0.9348293476776622,0.9333851726307081,0.0014441750469541548,0.05
sweeps/phase2_opcode_js_temporal/runs/20260905T164009.857003Z_56aa6eb35cf5_202609079,202609079,8,47000,final,0.9380638056956068,0.9391474847296792,-0.0010836790340724711,0.83
sweeps/phase2_opcode_js_temporal/runs/20260905T164009.857003Z_56aa6eb35cf5_202609079,202609079,8,47500,final,0.9322065907440504,0.9331429939918905,-0.0009364032478400564,0.78
sweeps/phase2_opcode_js_temporal/runs/20260905T164009.857003Z_56aa6eb35cf5_202609079,202609079,8,48000,final,0.9344282604569374,0.9321792083975547,0.002249052059382639,0.03
sweeps/phase2_opcode_js_temporal/runs/20260905T164009.857003Z_56aa6eb35cf5_202609079,202609079,8,48500,final,0.923757251451389,0.9205445695447894,0.0032126819065996237,0.03
sweeps/phase2_opcode_js_temporal/runs/20260905T164009.857003Z_56aa6eb35cf5_202609079,202609079,8,49000,final,0.9340188319514838,0.9324401960465348,0.0015786359049489995,0.1
sweeps/phase2_opcode_js_temporal/runs/20260905T164009.857003Z_56aa6eb35cf5_202609079,202609079,8,49500,final,0.9320942260938359,0.9300929531733866,0.0020012729204492707,0.07
