epoch,elapsed_seconds,character_reads,byte_entropy,brotli_size,compressed_bpb,high_order_entropy,dominant_tape_count,dominant_tape_fraction,distinct_tapes
1,2.764473207993433,1297815,7.999245490414335,262152,8.000244140625,-0.0009986502106649198,1,0.000244140625,4096
101,2.861985875060782,124033382,7.997080907913185,258205,7.879791259765625,0.11728964814756004,1,0.000244140625,4096
201,2.9571440829895437,244597650,7.993907698606494,255533,7.798248291015625,0.19565940759086864,2,0.00048828125,4095
301,3.0527373750228435,365297069,7.9897606879313035,253840,7.74658203125,0.24317865668130345,2,0.00048828125,4095
401,3.1442008749581873,478401275,7.983168695422866,252571,7.707855224609375,0.275313470813491,1,0.000244140625,4096
501,3.2382495829369873,590662433,7.979423994476171,251683,7.680755615234375,0.29866837924179634,1,0.000244140625,4096
601,3.3292314170394093,702232196,7.975227138773748,251043,7.661224365234375,0.31400277353937334,1,0.000244140625,4096
701,3.4215558329597116,812912756,7.970816182261959,249644,7.6185302734375,0.3522859088244594,3,0.000732421875,4094
801,3.5145994580816478,921866948,7.9623774469327575,249269,7.607086181640625,0.3552912652921325,1,0.000244140625,4096
901,3.6078466249164194,1028426342,7.9540712216777685,249345,7.609405517578125,0.3446657040996435,1,0.000244140625,4096
1001,3.7010180419310927,1134625382,7.944886944444024,248729,7.590606689453125,0.35428025499089877,1,0.000244140625,4096
1101,3.795418082969263,1242051996,7.9317027556178665,248147,7.572845458984375,0.35885729663349153,1,0.000244140625,4096
1201,3.8863387920428067,1347241045,7.918912456953595,247794,7.56207275390625,0.3568397030473447,1,0.000244140625,4096
1301,3.9793877920601517,1447028875,7.911484269772781,247223,7.544647216796875,0.36683705297590574,2,0.00048828125,4095
1401,4.07104712491855,1545344352,7.907322306935491,247778,7.56158447265625,0.345737834279241,1,0.000244140625,4096
1501,4.160217167111114,1644124548,7.902314959166642,248806,7.59295654296875,0.30935841619789173,1,0.000244140625,4096
1601,4.253317707916722,1743287537,7.893775270065197,249158,7.60369873046875,0.29007653959644664,1,0.000244140625,4096
1701,4.344733583042398,1842945332,7.8843684787214325,248693,7.589508056640625,0.29486042208080754,1,0.000244140625,4096
1801,4.435114125022665,1941815311,7.878104281828168,249093,7.601715087890625,0.27638919393754335,1,0.000244140625,4096
1901,4.526515332981944,2042647834,7.866814443980614,249753,7.621856689453125,0.2449577545274888,1,0.000244140625,4096
2001,4.619186749914661,2144511005,7.86281485136478,249579,7.616546630859375,0.24626822050540476,2,0.00048828125,4095
2101,4.712005374953151,2247386730,7.8529450183975005,249408,7.611328125,0.24161689339750048,1,0.000244140625,4096
2201,4.803155499976128,2348708568,7.839013078879485,247952,7.56689453125,0.27211854762948473,1,0.000244140625,4096
2301,4.894893208052963,2446244249,7.831820760058086,247873,7.564483642578125,0.26733711747996125,1,0.000244140625,4096
2401,4.985272832913324,2544050095,7.812575519713807,247143,7.542205810546875,0.2703697091669319,2,0.00048828125,4095
2501,5.079368042061105,2645850647,7.802326245199427,247244,7.5452880859375,0.25703815926192686,1,0.000244140625,4096
2601,5.176499041961506,2749755688,7.791051993449383,246399,7.519500732421875,0.2715512610275077,1,0.000244140625,4096
2701,5.2719752080738544,2849981303,7.778412328610908,246229,7.514312744140625,0.2640995844702827,1,0.000244140625,4096
2801,5.363172292010859,2949621834,7.7610218124000925,245473,7.491241455078125,0.2697803573219675,1,0.000244140625,4096
2901,5.458394082961604,3058707969,7.74782216517419,244967,7.475799560546875,0.2720226046273151,1,0.000244140625,4096
3001,5.553011666983366,3167259214,7.743662584990977,245286,7.48553466796875,0.25812791702222704,1,0.000244140625,4096
3101,5.647591083077714,3275499494,7.7237051718525365,245689,7.497833251953125,0.22587191989941147,1,0.000244140625,4096
3201,5.743720875121653,3387988058,7.712617272764917,246384,7.51904296875,0.19357430401491715,1,0.000244140625,4096
3301,5.841964750085026,3505719585,7.695450768128496,245949,7.505767822265625,0.18968294586287104,1,0.000244140625,4096
3401,5.941658917116001,3626989695,7.683881032507922,245593,7.494903564453125,0.1889774680547971,1,0.000244140625,4096
3501,6.0415846249088645,3745732269,7.668396833181339,245612,7.4954833984375,0.17291343474383858,1,0.000244140625,4096
3601,6.143673707963899,3864983032,7.653120842157542,245132,7.4808349609375,0.1722858812200423,1,0.000244140625,4096
3701,6.243128957925364,3985277502,7.654823550273562,246197,7.513336181640625,0.1414873686329372,1,0.000244140625,4096
3801,6.343316332902759,4100396156,7.671166356817602,247203,7.544036865234375,0.12712949158322662,1,0.000244140625,4096
3901,6.443823375040665,4218216649,7.679663037902156,247907,7.565521240234375,0.11414179766778076,1,0.000244140625,4096
4001,6.539745332906023,4333237525,7.674273825747828,247772,7.5614013671875,0.11287245856032779,1,0.000244140625,4096
4101,6.637607583077624,4450612503,7.671708886479599,247579,7.555511474609375,0.11619741187022381,1,0.000244140625,4096
4201,6.739940083120018,4577036721,7.667188529480757,246877,7.534088134765625,0.13310039471513235,1,0.000244140625,4096
4301,6.842507167020813,4701599129,7.662550999396831,246663,7.527557373046875,0.1349936263499556,1,0.000244140625,4096
4401,6.941332667134702,4825077136,7.650645288115932,246595,7.525482177734375,0.12516311038155692,1,0.000244140625,4096
4501,7.044358750106767,4950384052,7.654234455432314,247087,7.540496826171875,0.11373762926043884,1,0.000244140625,4096
4601,7.14820579206571,5073189328,7.648107211958246,246588,7.5252685546875,0.12283865727074605,1,0.000244140625,4096
4701,7.251143750036135,5201471963,7.653777650177906,247455,7.551727294921875,0.10205035525603101,1,0.000244140625,4096
4801,7.354539457941428,5330737670,7.644349324066797,247823,7.562957763671875,0.08139156039492157,1,0.000244140625,4096
4901,7.459529916988686,5461163379,7.634579046344864,247080,7.540283203125,0.0942958432198644,1,0.000244140625,4096
5001,7.564335708040744,5590329709,7.644146180891954,248193,7.574249267578125,0.06989691331382897,1,0.000244140625,4096
5101,7.663833207916468,5713112346,7.653615997912505,248187,7.574066162109375,0.07954983580312991,1,0.000244140625,4096
5201,7.764471875037998,5835736722,7.647011098362736,248063,7.570281982421875,0.07672911594086074,1,0.000244140625,4096
5301,7.864829542115331,5955147043,7.642785924879116,247615,7.556610107421875,0.08617581745724134,1,0.000244140625,4096
5401,7.965602500131354,6072846842,7.634679853371676,247543,7.554412841796875,0.08026701157480076,1,0.000244140625,4096
5501,8.066098083043471,6187725206,7.636045706756901,247609,7.556427001953125,0.0796187048037762,1,0.000244140625,4096
5601,8.166251792106777,6300925811,7.642873598919093,247952,7.56689453125,0.07597906766909279,1,0.000244140625,4096
5701,8.26705591706559,6417173359,7.621210919196852,247290,7.54669189453125,0.07451902466560156,1,0.000244140625,4096
5801,8.369096500100568,6537047676,7.616724946713088,247259,7.545745849609375,0.07097909710371297,1,0.000244140625,4096
5901,8.463898708112538,6655449654,7.618420387457526,247244,7.5452880859375,0.07313230152002603,1,0.000244140625,4096
6001,8.56410470791161,6771550804,7.608829059441124,246446,7.52093505859375,0.08789400084737409,1,0.000244140625,4096
6101,8.66351579199545,6890176941,7.606905663852445,246198,7.51336669921875,0.09353896463369527,1,0.000244140625,4096
6201,8.764481500023976,7016435772,7.605920726563985,246124,7.5111083984375,0.09481232812648521,1,0.000244140625,4096
6301,8.865918457973748,7142548540,7.599915486927713,245832,7.502197265625,0.09771822130271257,1,0.000244140625,4096
6401,8.968197874957696,7267737568,7.6015792868383425,245865,7.503204345703125,0.0983749411352175,1,0.000244140625,4096
6501,9.070436083013192,7389854956,7.575546609523824,245075,7.479095458984375,0.09645115053944942,1,0.000244140625,4096
6601,9.170756458071992,7509968141,7.575854318944285,245563,7.493988037109375,0.08186628183490985,1,0.000244140625,4096
6701,9.27362750004977,7636355974,7.576481213617562,245329,7.486846923828125,0.0896342897894371,1,0.000244140625,4096
6801,9.379604000132531,7764140743,7.570977830287759,245436,7.4901123046875,0.08086552560025861,1,0.000244140625,4096
6901,9.48264641710557,7894246210,7.5740166786889835,245162,7.48175048828125,0.09226619040773354,1,0.000244140625,4096
7001,9.582673999946564,8023331171,7.564376980384858,244437,7.459625244140625,0.10475173624423295,1,0.000244140625,4096
7101,9.684471166925505,8151153301,7.568283972651665,244511,7.461883544921875,0.10640042772979008,1,0.000244140625,4096
7201,9.788391957990825,8278096274,7.555874308744437,243820,7.4407958984375,0.11507841030693733,1,0.000244140625,4096
7301,9.89028716692701,8401373149,7.543228180475701,243059,7.417572021484375,0.1256561589913261,1,0.000244140625,4096
7401,9.992731374921277,8523050479,7.537424403513208,243533,7.432037353515625,0.1053870499975833,1,0.000244140625,4096
7501,10.09473341703415,8646972436,7.541349560350065,243921,7.443878173828125,0.09747138652194032,1,0.000244140625,4096
7601,10.195803167065606,8771542628,7.53461484613234,243942,7.44451904296875,0.09009580316358967,1,0.000244140625,4096
7701,10.296814332948998,8894918082,7.538372134378828,244272,7.45458984375,0.08378229062882792,1,0.000244140625,4096
7801,10.397765583125874,9020975147,7.535936753545651,244017,7.446807861328125,0.08912889221752618,1,0.000244140625,4096
7901,10.502727082930505,9147022113,7.5229812155991755,243441,7.429229736328125,0.09375147927105054,1,0.000244140625,4096
8001,10.604738249909133,9269817988,7.5161758753454295,243429,7.428863525390625,0.08731234995480452,1,0.000244140625,4096
8101,10.706647125072777,9392099203,7.5020364592651765,242719,7.407196044921875,0.09484041434330148,1,0.000244140625,4096
8201,10.810690167127177,9518013453,7.505590823397767,242728,7.407470703125,0.09812012027276662,1,0.000244140625,4096
8301,10.914930375060067,9648802887,7.508898779474686,242481,7.399932861328125,0.10896591814656098,2,0.00048828125,4095
8401,11.017880582949147,9777126852,7.521622842573606,243267,7.423919677734375,0.09770316483923125,1,0.000244140625,4096
8501,11.122647000011057,9907482016,7.529010959208746,243025,7.416534423828125,0.11247653538062075,1,0.000244140625,4096
8601,11.230452707968652,10043806536,7.537312901376874,243552,7.4326171875,0.1046957138768736,1,0.000244140625,4096
8701,11.337320083053783,10181666568,7.5255691019352575,243281,7.424346923828125,0.10122217810713252,1,0.000244140625,4096
8801,11.443584708031267,10325989937,7.539900308954463,243318,7.42547607421875,0.11442423473571317,1,0.000244140625,4096
8901,11.553015042096376,10475686276,7.546090275500404,242999,7.415740966796875,0.13034930870352923,1,0.000244140625,4096
9001,11.662596707930788,10631487018,7.550901983648369,241945,7.383575439453125,0.16732654419524362,1,0.000244140625,4096
9101,11.769761624978855,10787387981,7.55159926761475,241759,7.377899169921875,0.1737000976928753,1,0.000244140625,4096
9201,11.880837625125423,10937019960,7.536896590654895,241413,7.367340087890625,0.16955650276427026,1,0.000244140625,4096
9301,11.988774208119139,11084630288,7.527206908294287,241541,7.371246337890625,0.1559605704036624,1,0.000244140625,4096
9401,12.0968492499087,11230871413,7.523215769581176,241351,7.365447998046875,0.1577677715343011,1,0.000244140625,4096
9501,12.205809541977942,11379969912,7.513102340428693,240771,7.347747802734375,0.16535453769431818,1,0.000244140625,4096
9601,12.313698292011395,11531817582,7.4964559173475545,240607,7.342742919921875,0.15371299742567945,1,0.000244140625,4096
9701,12.42145787505433,11680013900,7.489361779723651,240194,7.33013916015625,0.1592226195674007,1,0.000244140625,4096
9801,12.533339250134304,11830998233,7.489562575489467,240922,7.35235595703125,0.13720661845821702,1,0.000244140625,4096
9901,12.642993499990553,11983047080,7.4978889615863515,241251,7.362396240234375,0.13549272135197654,1,0.000244140625,4096
10001,12.75330395810306,12133218478,7.492110388230371,241846,7.38055419921875,0.11155618901162079,1,0.000244140625,4096
10101,12.864867167081684,12283763434,7.4729250253337165,241066,7.35675048828125,0.1161745370524665,1,0.000244140625,4096
10201,12.97513350006193,12434629526,7.46524044788978,241142,7.35906982421875,0.10617062367103003,1,0.000244140625,4096
10301,13.085617291973904,12584011392,7.481724642480129,241947,7.383636474609375,0.09808816787075436,1,0.000244140625,4096
10401,13.192258791998029,12730933483,7.493151639413223,242599,7.403533935546875,0.08961770386634793,1,0.000244140625,4096
10501,13.300075792009011,12877413650,7.491287604841828,242827,7.410491943359375,0.08079566148245299,1,0.000244140625,4096
10601,13.406064874958247,13019435111,7.482231646284271,242491,7.400238037109375,0.08199360917489606,1,0.000244140625,4096
10701,13.510857583023608,13157907956,7.4879745646388045,243009,7.416046142578125,0.07192842206067951,1,0.000244140625,4096
10801,13.618024291936308,13296578647,7.478987117018072,242696,7.406494140625,0.07249297639307173,1,0.000244140625,4096
10901,13.724870250094682,13430114571,7.484477270097551,243089,7.418487548828125,0.0659897212694256,1,0.000244140625,4096
11001,13.829679707996547,13563692692,7.488378174919944,243481,7.430450439453125,0.057927735466819286,1,0.000244140625,4096
11101,13.933919042116031,13698045098,7.472654268445382,242677,7.405914306640625,0.06673996180475683,1,0.000244140625,4096
11201,14.037578332936391,13830144999,7.468407642984154,242413,7.397857666015625,0.07054997696852894,1,0.000244140625,4096
11301,14.141890666913241,13961732708,7.468479108920041,242704,7.40673828125,0.0617408276700413,1,0.000244140625,4096
11401,14.246949749998748,14092843869,7.475490531905847,242307,7.394622802734375,0.08086772917147211,1,0.000244140625,4096
11501,14.350441416958347,14222596391,7.480425718007806,242209,7.391632080078125,0.08879363792968142,1,0.000244140625,4096
11601,14.449605792062357,14345403596,7.50303390332006,243222,7.42254638671875,0.08048751660130993,1,0.000244140625,4096
11701,14.54696008306928,14462865673,7.494991794654442,243268,7.4239501953125,0.07104159934194243,1,0.000244140625,4096
11801,14.648631874937564,14579236528,7.4886024028332905,243129,7.419708251953125,0.06889415088016548,1,0.000244140625,4096
11901,14.747523250058293,14695559175,7.479427636236535,242951,7.414276123046875,0.06515151318965984,1,0.000244140625,4096
12001,14.84860908309929,14812845437,7.483007354970516,243129,7.419708251953125,0.06329910301739083,1,0.000244140625,4096
12101,14.94829749991186,14928768879,7.47247921482119,242755,7.408294677734375,0.06418453708681504,1,0.000244140625,4096
12201,15.049914249917492,15045977133,7.474768398590814,242731,7.407562255859375,0.06720614273143877,1,0.000244140625,4096
12301,15.146466417005286,15156504225,7.470164271369945,242366,7.39642333984375,0.07374093152619476,1,0.000244140625,4096
12401,15.243177833035588,15265751107,7.463547663677754,241900,7.3822021484375,0.0813455152402538,1,0.000244140625,4096
12501,15.342128542019054,15374309745,7.461515214169478,241350,7.36541748046875,0.09609773370072805,1,0.000244140625,4096
12601,15.439987041987479,15482863577,7.473468837878027,241494,7.36981201171875,0.10365682615927696,1,0.000244140625,4096
12701,15.53922133310698,15597084634,7.482666150253287,242050,7.38677978515625,0.09588636509703719,1,0.000244140625,4096
12801,15.637960500083864,15709455448,7.4791285818395385,241606,7.37322998046875,0.10589860137078855,1,0.000244140625,4096
12901,15.735802124952897,15817793156,7.499206603826573,242333,7.395416259765625,0.10379034406094778,1,0.000244140625,4096
13001,15.83482062490657,15925177779,7.508453709997264,243268,7.4239501953125,0.08450351468476391,1,0.000244140625,4096
13101,15.934667832916602,16031743375,7.50853515702314,242792,7.409423828125,0.09911132889813956,1,0.000244140625,4096
13201,16.031496207928285,16139429357,7.506079387574191,242279,7.393768310546875,0.11231107702731613,1,0.000244140625,4096
13301,16.131098417099565,16248654126,7.5056504448770855,242242,7.39263916015625,0.11301128472083555,1,0.000244140625,4096
13401,16.229640958132222,16360955867,7.509080286030912,242512,7.40087890625,0.10820137978091182,1,0.000244140625,4096
13501,16.327591666951776,16474217617,7.521110173068275,242746,7.40802001953125,0.11309015353702456,1,0.000244140625,4096
13601,16.426254791906103,16585374753,7.507669190053148,241586,7.37261962890625,0.13504956114689826,1,0.000244140625,4096
13701,16.52424016711302,16696950711,7.5097729630853385,241469,7.369049072265625,0.14072389081971348,1,0.000244140625,4096
13801,16.624315042048693,16809087795,7.518322930183931,241705,7.376251220703125,0.14207170948080616,1,0.000244140625,4096
13901,16.719678666908294,16920279979,7.52889181150014,241301,7.363922119140625,0.16496969235951475,1,0.000244140625,4096
14001,16.814755250001326,17031242283,7.526025055832803,241576,7.372314453125,0.153710602707803,1,0.000244140625,4096
14101,16.91186224995181,17142907697,7.526060154149718,240553,7.341094970703125,0.18496518344659307,1,0.000244140625,4096
14201,17.013601124985144,17260471297,7.540871663052115,241070,7.35687255859375,0.18399910445836465,1,0.000244140625,4096
14301,17.110707917017862,17371919118,7.54074296153153,241627,7.373870849609375,0.1668721119221548,1,0.000244140625,4096
14401,17.212964874925092,17485258013,7.546182383366192,242635,7.404632568359375,0.14154981500681707,1,0.000244140625,4096
14501,17.31102737504989,17603470823,7.537392864112661,242289,7.394073486328125,0.14331937778453607,1,0.000244140625,4096
14601,17.41075966693461,17722208908,7.528058669043421,241780,7.3785400390625,0.14951862998092125,1,0.000244140625,4096
14701,17.51197550003417,17844221179,7.526680013847738,241181,7.360260009765625,0.16642000408211288,1,0.000244140625,4096
14801,17.612169249914587,17970377011,7.503570227772736,240850,7.35015869140625,0.15341153636648563,1,0.000244140625,4096
14901,17.71621474996209,18101120811,7.505983409284635,240800,7.3486328125,0.15735059678463514,1,0.000244140625,4096
15001,17.81973550003022,18230903316,7.512709357657078,241117,7.358306884765625,0.15440247289145326,1,0.000244140625,4096
15101,17.921436375007033,18358757705,7.519752347134794,241927,7.383026123046875,0.13672622408791923,1,0.000244140625,4096
15201,18.024698625085875,18485574807,7.516260817370207,241773,7.378326416015625,0.13793440135458201,1,0.000244140625,4096
15301,18.129121999954805,18615941071,7.511966625775064,241489,7.369659423828125,0.1423072019469389,1,0.000244140625,4096
15401,18.229612374911085,18744280264,7.510520243906636,240968,7.353759765625,0.15676047828163586,1,0.000244140625,4096
15501,18.332974582910538,18871257006,7.5009158439782615,239967,7.323211669921875,0.1777041740563865,1,0.000244140625,4096
15601,18.436730958055705,19000911907,7.506471245748943,240050,7.32574462890625,0.1807266168426933,1,0.000244140625,4096
15701,18.536606749985367,19129293498,7.508307535345265,240544,7.3408203125,0.1674872228452653,1,0.000244140625,4096
15801,18.639890749938786,19253603891,7.520968394792474,241190,7.36053466796875,0.16043372682372414,1,0.000244140625,4096
15901,18.743186708074063,19377490097,7.507394908523557,240651,7.344085693359375,0.1633092151641824,1,0.000244140625,4096
16001,18.847786041907966,19505588164,7.491487282840479,239873,7.320343017578125,0.17114426526235427,1,0.000244140625,4096
16101,18.955127417109907,19635735726,7.486845604644175,239846,7.31951904296875,0.16732656167542537,1,0.000244140625,4096
16201,19.058940666960552,19766887342,7.477080564305792,240003,7.324310302734375,0.15277026157141727,1,0.000244140625,4096
16301,19.162922458024696,19894444051,7.479612567960119,240297,7.333282470703125,0.1463300972569943,1,0.000244140625,4096
16401,19.26516312500462,20019743144,7.482542709151517,240526,7.34027099609375,0.14227171305776665,1,0.000244140625,4096
16501,19.366194708039984,20143831953,7.494775842729032,240998,7.35467529296875,0.14010054976028208,1,0.000244140625,4096
16601,19.469840582925826,20267363694,7.496298964630471,241069,7.356842041015625,0.13945692361484596,1,0.000244140625,4096
16701,19.57449583313428,20394794540,7.498796719641259,241128,7.358642578125,0.14015414151625905,1,0.000244140625,4096
16801,19.677830582950264,20522853976,7.501984261037796,241477,7.369293212890625,0.13269104814717103,1,0.000244140625,4096
16901,19.784299333114177,20653852730,7.485538692453417,241238,7.36199951171875,0.1235391807346673,1,0.000244140625,4096
17001,19.885611000005156,20784191375,7.474850109699775,240862,7.35052490234375,0.12432520735602459,1,0.000244140625,4096
17101,19.988641666946933,20914578955,7.466203049707659,240390,7.33612060546875,0.13008244423890858,1,0.000244140625,4096
17201,20.09233804210089,21041238634,7.456972389025746,240044,7.3255615234375,0.13141086558824622,1,0.000244140625,4096
17301,20.193797792075202,21164885583,7.4552593518040675,240361,7.335235595703125,0.12002375610094251,1,0.000244140625,4096
17401,20.29635633295402,21287450788,7.461717496167102,240764,7.3475341796875,0.11418331647960223,1,0.000244140625,4096
17501,20.39851012500003,21406454643,7.458703628021523,241124,7.3585205078125,0.10018312020902265,1,0.000244140625,4096
17601,20.500504875089973,21522426884,7.447131321963091,240801,7.348663330078125,0.09846799188496558,1,0.000244140625,4096
17701,20.59830450010486,21635241872,7.446077924394557,240628,7.3433837890625,0.10269413533205718,1,0.000244140625,4096
17801,20.70115354191512,21747771318,7.445105211628357,240348,7.3348388671875,0.11026634444085737,1,0.000244140625,4096
17901,20.800425708061084,21859059909,7.440932189061803,240311,7.333709716796875,0.10722247226492776,1,0.000244140625,4096
18001,20.896465457975864,21972962997,7.440905781121776,239416,7.306396484375,0.13450929674677603,1,0.000244140625,4096
18101,20.994451750069857,22086873344,7.453066693832147,239837,7.319244384765625,0.13382230906652204,1,0.000244140625,4096
18201,21.09358979202807,22198963601,7.444250942902833,239134,7.29779052734375,0.1464604155590834,1,0.000244140625,4096
18301,21.18954991712235,22315378626,7.451113970445751,239372,7.3050537109375,0.14606025950825074,1,0.000244140625,4096
18401,21.289383749943227,22434266157,7.44584953553938,238405,7.275543212890625,0.1703063226487549,1,0.000244140625,4096
18501,21.389384708134457,22550592083,7.455379650235101,239484,7.3084716796875,0.14690797054760107,1,0.000244140625,4096
18601,21.489643667126074,22662059737,7.458027664512404,239828,7.3189697265625,0.13905793794990373,1,0.000244140625,4096
18701,21.587936667026952,22771874281,7.451104994438811,239798,7.31805419921875,0.13305079522006125,1,0.000244140625,4096
18801,21.689907167106867,22888609510,7.444841138861345,239938,7.32232666015625,0.12251447870509491,1,0.000244140625,4096
18901,21.791732999961823,23005695958,7.429800940555186,239487,7.308563232421875,0.12123770813331092,1,0.000244140625,4096
19001,21.893485167063773,23125547605,7.440827306630275,240313,7.333770751953125,0.10705655467714958,1,0.000244140625,4096
19101,21.996304207947105,23246773839,7.4474311384858085,240359,7.335174560546875,0.11225657793893351,1,0.000244140625,4096
19201,22.09450245811604,23361817174,7.450141981540943,240300,7.3333740234375,0.11676795810344309,1,0.000244140625,4096
19301,22.19303433294408,23479088700,7.453465876920553,240515,7.339935302734375,0.11353057418617762,1,0.000244140625,4096
19401,22.29203729191795,23595125334,7.443576025958388,240136,7.328369140625,0.11520688533338763,1,0.000244140625,4096
19501,22.391339333029464,23708424250,7.452730262128311,240954,7.35333251953125,0.09939774259706091,1,0.000244140625,4096
19601,22.49415925005451,23821095255,7.468133292991848,241241,7.362091064453125,0.10604222853872258,1,0.000244140625,4096
19701,22.595557250082493,23934370826,7.489361807015271,241853,7.380767822265625,0.10859398474964621,1,0.000244140625,4096
19801,22.692244458012283,24042877900,7.493482106911662,242301,7.394439697265625,0.09904240964603694,1,0.000244140625,4096
19901,22.789649083046243,24151045543,7.504223776467647,243115,7.419281005859375,0.08494277060827216,1,0.000244140625,4096
20001,22.888154292013496,24260954071,7.5041592291741415,242594,7.40338134765625,0.10077788151789147,1,0.000244140625,4096
20101,22.985886125126854,24368806475,7.514821897483541,242979,7.415130615234375,0.09969128224916624,1,0.000244140625,4096
20201,23.082325875060633,24477506238,7.512766369892323,242872,7.411865234375,0.10090113551732305,1,0.000244140625,4096
20301,23.182337916921824,24586303153,7.507514345571174,242148,7.3897705078125,0.11774383775867392,1,0.000244140625,4096
20401,23.279834707966074,24693368879,7.505204624511074,241084,7.3572998046875,0.14790481982357395,1,0.000244140625,4096
20501,23.37845908291638,24798878721,7.507087448280069,240837,7.349761962890625,0.15732548538944435,1,0.000244140625,4096
20601,23.4744035420008,24904816354,7.506853485670203,240584,7.342041015625,0.16481247004520316,1,0.000244140625,4096
20701,23.571389249991626,25009255126,7.50515564503059,240716,7.3460693359375,0.15908630909309007,1,0.000244140625,4096
20801,23.667696167016402,25110090033,7.521247256002335,241617,7.373565673828125,0.14768158217420968,1,0.000244140625,4096
20901,23.76271825004369,25208124915,7.519058352466633,241900,7.3822021484375,0.136856204029133,1,0.000244140625,4096
21001,23.860143542056903,25309244271,7.516760058490076,242089,7.387969970703125,0.12879008778695056,1,0.000244140625,4096
21101,23.957023499999195,25413778894,7.519768945494974,242037,7.386383056640625,0.13338588885434888,1,0.000244140625,4096
21201,24.05488995811902,25518598292,7.525486318133622,241583,7.372528076171875,0.15295824196174657,1,0.000244140625,4096
21301,24.15065237507224,25621975544,7.53538873077847,241238,7.36199951171875,0.17338921905971993,1,0.000244140625,4096
21401,24.248454374959692,25726643052,7.521966536099847,241090,7.35748291015625,0.1644836259435971,1,0.000244140625,4096
21501,24.34424979193136,25831155569,7.508452500875046,241119,7.358367919921875,0.15008458095317057,1,0.000244140625,4096
21601,24.43894700007513,25935466344,7.513083521643003,241428,7.3677978515625,0.14528567008050342,1,0.000244140625,4096
21701,24.535604750039056,26044221251,7.506593930573222,240600,7.342529296875,0.16406463369822166,1,0.000244140625,4096
21801,24.636268541915342,26163366052,7.503652896801822,240047,7.325653076171875,0.1779998206299469,1,0.000244140625,4096
21901,24.73505137511529,26281378682,7.481932374070639,238787,7.287200927734375,0.19473144633626394,1,0.000244140625,4096
22001,24.835580917075276,26403571256,7.47934827565872,237937,7.261260986328125,0.21808728933059474,1,0.000244140625,4096
22101,24.93742520804517,26524770988,7.482548699394897,239002,7.29376220703125,0.18878649236364708,1,0.000244140625,4096
22201,25.037304332945496,26644636446,7.477252972646991,239460,7.3077392578125,0.1695137148344914,1,0.000244140625,4096
22301,25.137404167093337,26761506353,7.4881892316958565,239792,7.31787109375,0.17031813794585648,1,0.000244140625,4096
22401,25.237938541918993,26879121362,7.486561267662615,240267,7.332366943359375,0.15419432430323976,1,0.000244140625,4096
22501,25.340198749909177,27000302329,7.500913501035572,240435,7.337493896484375,0.16341960455119686,1,0.000244140625,4096
22601,25.438255124958232,27120167649,7.505760421806615,240803,7.348724365234375,0.15703605657223996,1,0.000244140625,4096
22701,25.538782708114013,27237013255,7.508759833973709,241584,7.37255859375,0.13620124022370916,1,0.000244140625,4096
22801,25.637806416954845,27348882441,7.508306684684558,241946,7.38360595703125,0.12470072765330809,1,0.000244140625,4096
22901,25.73381520807743,27459404009,7.488326463124677,241391,7.366668701171875,0.12165776195280209,1,0.000244140625,4096
23001,25.83270079200156,27572568813,7.481208872353706,241792,7.37890625,0.10230262235370624,1,0.000244140625,4096
23101,25.930419832933694,27687507807,7.500855035770079,241974,7.38446044921875,0.11639458655132895,1,0.000244140625,4096
23201,26.03039937512949,27806037535,7.493053584117535,241894,7.38201904296875,0.11103454114878542,1,0.000244140625,4096
23301,26.132397042121738,27928509212,7.496302523929585,241828,7.3800048828125,0.11629764111708507,1,0.000244140625,4096
23401,26.233568208059296,28049731826,7.4687911493068455,240871,7.350799560546875,0.11799158875997051,1,0.000244140625,4096
23501,26.332287499913946,28170753692,7.473225657702335,241410,7.36724853515625,0.1059771225460846,1,0.000244140625,4096
23601,26.43485916708596,28299809999,7.4751064275296475,241199,7.360809326171875,0.11429710135777249,1,0.000244140625,4096
23701,26.53938787500374,28433323156,7.46966168856734,240513,7.339874267578125,0.12978742098921536,1,0.000244140625,4096
23801,26.64303550007753,28564853760,7.477127547582342,241100,7.3577880859375,0.11933946164484244,1,0.000244140625,4096
23901,26.7468584170565,28695258875,7.474390178564394,241543,7.371307373046875,0.10308280551751903,1,0.000244140625,4096
24001,26.853032750077546,28822282374,7.482441828452554,240478,7.33880615234375,0.14363567610880423,1,0.000244140625,4096
24101,26.95712499995716,28947704264,7.493588831603297,242062,7.38714599609375,0.10644283550954725,1,0.000244140625,4096
24201,27.058524708030745,29072029654,7.502393669278602,242705,7.406768798828125,0.09562487045047696,1,0.000244140625,4096
24301,27.15992374997586,29196068762,7.513249503285326,242375,7.396697998046875,0.11655150523845137,1,0.000244140625,4096
24401,27.262590792030096,29322084972,7.515201356376881,242282,7.39385986328125,0.12134149309563114,1,0.000244140625,4096
24501,27.363727167015895,29446948598,7.519391315039288,243029,7.416656494140625,0.1027348208986627,1,0.000244140625,4096
24601,27.466819250024855,29574236927,7.522712354900511,242727,7.407440185546875,0.11527216935363604,1,0.000244140625,4096
24701,27.569695791928098,29703917983,7.5286147655215725,242906,7.41290283203125,0.1157119334903225,1,0.000244140625,4096
24801,27.672491624951363,29834954945,7.518586106782877,243093,7.418609619140625,0.09997648764225175,1,0.000244140625,4096
24901,27.778356374939904,29970014453,7.524517305081266,242573,7.402740478515625,0.12177682656564137,1,0.000244140625,4096
25001,27.88356045796536,30107114795,7.521692224716565,242614,7.40399169921875,0.11770052549781518,1,0.000244140625,4096
25101,27.985889333067462,30246483851,7.520370548735029,242327,7.395233154296875,0.12513739443815375,1,0.000244140625,4096
25201,28.09348375000991,30385571588,7.532078920214557,242870,7.41180419921875,0.12027472099580727,1,0.000244140625,4096
25301,28.197769541991875,30523392165,7.541939436107979,243241,7.423126220703125,0.11881321540485423,1,0.000244140625,4096
25401,28.30109995813109,30654082902,7.551504727930183,243896,7.443115234375,0.10838949355518324,1,0.000244140625,4096
25501,28.406326957978308,30783921040,7.545453942942864,243931,7.444183349609375,0.10127059333348942,1,0.000244140625,4096
25601,28.512146374909207,30920760851,7.5469768033652285,243986,7.44586181640625,0.10111498695897847,1,0.000244140625,4096
25701,28.61544349999167,31059003215,7.550503813371124,244019,7.446868896484375,0.1036349168867492,1,0.000244140625,4096
25801,28.71961212507449,31196348843,7.5642095694405365,244284,7.4549560546875,0.10925351475303646,1,0.000244140625,4096
25901,28.826380792073905,31333677813,7.562196020997142,244490,7.46124267578125,0.10095334521589194,1,0.000244140625,4096
26001,28.933418167056516,31474036546,7.5588403026181465,244504,7.461669921875,0.09717038074314654,1,0.000244140625,4096
26101,29.03865879192017,31610969806,7.5590756916533595,244181,7.451812744140625,0.10726294751273446,1,0.000244140625,4096
26201,29.14466074993834,31752548861,7.5564613960734155,244221,7.453033447265625,0.10342794880779049,1,0.000244140625,4096
26301,29.253605500096455,31899609032,7.550603782245805,244241,7.453643798828125,0.09695998341767975,1,0.000244140625,4096
26401,29.358714000089094,32045941005,7.562001136864908,245113,7.480255126953125,0.08174600991178327,1,0.000244140625,4096
26501,29.467591958120465,32199428160,7.545717957874073,244706,7.46783447265625,0.07788348521782318,1,0.000244140625,4096
26601,29.578031500102952,32353112671,7.55422249739933,245073,7.479034423828125,0.07518807357120494,1,0.000244140625,4096
26701,29.685503124957904,32503039071,7.555426923828676,244999,7.476776123046875,0.07865080078180142,1,0.000244140625,4096
26801,29.79356324998662,32652898659,7.55443544368819,244569,7.463653564453125,0.09078187923506498,1,0.000244140625,4096
26901,29.902386208064854,32799172815,7.547937918119428,244263,7.454315185546875,0.09362273257255271,1,0.000244140625,4096
27001,30.00655704201199,32938810335,7.559448554371152,244465,7.460479736328125,0.09896881804302726,1,0.000244140625,4096
27101,30.112482374999672,33079155770,7.556162192154794,244437,7.459625244140625,0.0965369480141689,1,0.000244140625,4096
27201,30.217914167093113,33218198609,7.551952149202922,244019,7.446868896484375,0.10508325271854702,1,0.000244140625,4096
27301,30.322972541907802,33355606032,7.549161082742098,243316,7.4254150390625,0.1237460436795983,1,0.000244140625,4096
27401,30.428395374910906,33491266756,7.554129265546253,243676,7.4364013671875,0.11772789835875308,1,0.000244140625,4096
27501,30.5347110000439,33628433877,7.553871061960016,243706,7.43731689453125,0.11655416742876579,1,0.000244140625,4096
27601,30.641749250004068,33767466250,7.556030667832237,242245,7.392730712890625,0.1632999549416123,3,0.000732421875,4094
27701,30.746303958119825,33908179940,7.5390713530146165,239351,7.304412841796875,0.2346585112177415,1,0.000244140625,4096
27801,30.849877167027444,34044974694,7.535932697797278,238171,7.268402099609375,0.2675305981879026,2,0.00048828125,4095
27901,30.953730083070695,34187998756,7.54031848134001,237166,7.23773193359375,0.3025865477462597,1,0.000244140625,4096
28001,31.060821457998827,34326136577,7.537995168815841,237361,7.243682861328125,0.29431230748771586,2,0.00048828125,4095
28101,31.16724883299321,34459471427,7.536283648116103,238170,7.26837158203125,0.2679120660848531,1,0.000244140625,4096
28201,31.27194912498817,34593950290,7.521321374093633,237966,7.26214599609375,0.2591753779998829,1,0.000244140625,4096
28301,31.376966250129044,34731303634,7.500645662919093,237971,7.262298583984375,0.2383470789347184,1,0.000244140625,4096
28401,31.485078542027622,34876054290,7.484242352884772,238715,7.285003662109375,0.19923869077539713,1,0.000244140625,4096
28501,31.59315829211846,35023564609,7.49979206740713,239605,7.312164306640625,0.1876277607665049,1,0.000244140625,4096
28601,31.70171391707845,35171753598,7.483864576456642,239907,7.321380615234375,0.16248396122226705,1,0.000244140625,4096
28701,31.81171775003895,35322467490,7.482699620976946,240550,7.34100341796875,0.14169620300819563,1,0.000244140625,4096
28801,31.918933500070125,35470649104,7.4889930554025925,241470,7.36907958984375,0.11991346555884252,1,0.000244140625,4096
28901,32.02371304202825,35615345672,7.4840239645092534,241581,7.372467041015625,0.11155692349362845,1,0.000244140625,4096
29001,32.13037991710007,35763244925,7.472356593716174,241544,7.371337890625,0.10101870309117356,1,0.000244140625,4096
29101,32.241011624922976,35914727063,7.481491513866323,241513,7.370391845703125,0.11109966816319794,1,0.000244140625,4096
29201,32.34809112502262,36061262361,7.492326213517259,241851,7.380706787109375,0.11161942640788425,1,0.000244140625,4096
29301,32.4578458329197,36206124531,7.496498043126813,242206,7.39154052734375,0.10495751578306312,1,0.000244140625,4096
29401,32.5622697500512,36349386332,7.49819261087056,242665,7.405548095703125,0.09264451516743488,1,0.000244140625,4096
29501,32.66881795809604,36487114815,7.516156454622481,242880,7.412109375,0.10404707962248061,1,0.000244140625,4096
29601,32.77306020795368,36627111226,7.517806868409322,242482,7.39996337890625,0.11784348950307244,1,0.000244140625,4096
29701,32.880045833066106,36764939018,7.48733468325857,241707,7.376312255859375,0.11102242739919532,1,0.000244140625,4096
29801,32.98761887499131,36903931983,7.490381804089198,241653,7.374664306640625,0.11571749744857307,1,0.000244140625,4096
29901,33.093789250124246,37040793110,7.496777299653195,242360,7.396240234375,0.10053706527819539,1,0.000244140625,4096
30001,33.200310917105526,37180801553,7.4946396541755975,242356,7.3961181640625,0.09852149011309752,1,0.000244140625,4096
30101,33.30637737503275,37320195497,7.496218251265693,242244,7.3927001953125,0.10351805595319341,1,0.000244140625,4096
30201,33.411007582908496,37456812900,7.508266226326571,242617,7.404083251953125,0.1041829743734457,1,0.000244140625,4096
30301,33.5154692500364,37591981120,7.5186601230048655,242160,7.39013671875,0.12852340425486553,1,0.000244140625,4096
30401,33.62123516690917,37724276946,7.52097574352716,242533,7.401519775390625,0.11945596813653481,1,0.000244140625,4096
30501,33.72455458296463,37852692681,7.516332209250136,242902,7.41278076171875,0.10355144753138568,1,0.000244140625,4096
30601,33.828482083044946,37979895430,7.521638526710426,243438,7.42913818359375,0.09250034311667577,1,0.000244140625,4096
30701,33.92809454211965,38106855510,7.507580886485713,242889,7.412384033203125,0.0951968532825882,1,0.000244140625,4096
30801,34.02997358306311,38235682787,7.50168232002599,242684,7.4061279296875,0.09555439033849034,1,0.000244140625,4096
30901,34.13661833293736,38367736467,7.485935885552227,242141,7.389556884765625,0.09637900078660167,1,0.000244140625,4096
31001,34.240105292061344,38493634275,7.48861003425203,242505,7.400665283203125,0.08794475104890509,1,0.000244140625,4096
31101,34.342518666991964,38616915833,7.497406047621086,243090,7.41851806640625,0.07888798121483642,1,0.000244140625,4096
31201,34.443870292045176,38739335168,7.510681524810454,243672,7.436279296875,0.0744022279354537,1,0.000244140625,4096
31301,34.54612704203464,38857731039,7.51485658284413,243631,7.435028076171875,0.07982850667225527,1,0.000244140625,4096
31401,34.6473504579626,38977761976,7.52101440826909,243580,7.4334716796875,0.08754272858158973,1,0.000244140625,4096
31501,34.748316917102784,39098583319,7.520399943970214,243458,7.42974853515625,0.09065140881396427,1,0.000244140625,4096
31601,34.84809216693975,39215485131,7.5225164827948845,243319,7.425506591796875,0.0970098909980095,1,0.000244140625,4096
31701,34.94880341691896,39335348865,7.523716653658151,243549,7.432525634765625,0.09119101889252601,1,0.000244140625,4096
31801,35.05093495803885,39458481301,7.5354614849723465,243896,7.443115234375,0.09234625059734647,1,0.000244140625,4096
31901,35.15131300012581,39580086761,7.537539913681228,244071,7.448455810546875,0.08908410313435322,1,0.000244140625,4096
32001,35.253344875061885,39701162752,7.541826938515035,244078,7.44866943359375,0.09315750492128494,1,0.000244140625,4096
32101,35.35455079190433,39823749055,7.550864529562579,244331,7.456390380859375,0.09447414870320436,1,0.000244140625,4096
32201,35.45485524996184,39945429307,7.544232615277885,243579,7.433441162109375,0.11079145316850969,1,0.000244140625,4096
32301,35.5552558330819,40066836597,7.545544367604304,243202,7.42193603515625,0.12360833244805391,1,0.000244140625,4096
32401,35.65597891691141,40190292060,7.541912977247732,242767,7.408660888671875,0.13325208857585658,1,0.000244140625,4096
32501,35.75673958309926,40310918361,7.545723782100421,242900,7.4127197265625,0.1330040555379206,1,0.000244140625,4096
32601,35.85978008294478,40428634731,7.543542748090596,242344,7.395751953125,0.1477907949655961,1,0.000244140625,4096
32701,35.96364037506282,40548666305,7.537801453639985,242460,7.3992919921875,0.1385094614524851,1,0.000244140625,4096
32801,36.06532624992542,40670407201,7.534551483074349,243089,7.418487548828125,0.11606393424622397,1,0.000244140625,4096
32901,36.16452779201791,40791831906,7.540045032300807,243492,7.4307861328125,0.10925889948830658,1,0.000244140625,4096
33001,36.26549750007689,40913882184,7.524171001474359,243032,7.416748046875,0.10742295459935924,1,0.000244140625,4096
33101,36.367079166928306,41036247274,7.510473516726223,241954,7.38385009765625,0.12662341906997288,1,0.000244140625,4096
33201,36.46814116695896,41161406612,7.511915450948852,242597,7.403472900390625,0.10844255055822671,1,0.000244140625,4096
33301,36.573893167078495,41289884412,7.520493425328592,243353,7.426544189453125,0.093949235875467,1,0.000244140625,4096
33401,36.67887125001289,41416376780,7.518347629388506,242747,7.408050537109375,0.11029709227913109,1,0.000244140625,4096
33501,36.77994833304547,41543254594,7.5123931996083275,242080,7.3876953125,0.12469788710832752,1,0.000244140625,4096
33601,36.88386274990626,41674386414,7.513314832935233,241783,7.378631591796875,0.13468324113835806,1,0.000244140625,4096
33701,36.987025167094544,41806417260,7.518537502071924,242325,7.395172119140625,0.12336538293129884,1,0.000244140625,4096
33801,37.08997170813382,41934364265,7.514593549160196,242305,7.394561767578125,0.12003178158207106,1,0.000244140625,4096
33901,37.19105300004594,42060907075,7.505560777399783,241890,7.38189697265625,0.12366380474353278,1,0.000244140625,4096
34001,37.29184954194352,42187296033,7.520391747866155,242644,7.4049072265625,0.11548452130365483,1,0.000244140625,4096
34101,37.39415324991569,42316835439,7.527016579985201,242206,7.39154052734375,0.1354760526414509,1,0.000244140625,4096
34201,37.49881195812486,42447804949,7.525230976711729,241747,7.377532958984375,0.14769801772735391,1,0.000244140625,4096
34301,37.5999088329263,42578769792,7.521096859379428,241243,7.362152099609375,0.15894475977005307,1,0.000244140625,4096
34401,37.70439454191364,42709535165,7.507308477005044,240162,7.32916259765625,0.17814587934879356,1,0.000244140625,4096
34501,37.805885625071824,42843450964,7.518389610402029,240142,7.32855224609375,0.18983736430827935,1,0.000244140625,4096
34601,37.91045970795676,42976062062,7.53688438838164,241158,7.35955810546875,0.17732628291289032,1,0.000244140625,4096
34701,38.0135136670433,43106638897,7.539974745050962,241341,7.365142822265625,0.1748319227853372,1,0.000244140625,4096
34801,38.11808733292855,43235764829,7.533973867322763,240549,7.340972900390625,0.19300096693213842,1,0.000244140625,4096
34901,38.21992658311501,43361617524,7.52493483555387,241546,7.37139892578125,0.15353590977261966,1,0.000244140625,4096
35001,38.323253541952,43490574231,7.524352201457255,241245,7.362213134765625,0.1621390666916298,1,0.000244140625,4096
35101,38.4275493749883,43625064667,7.523601001266931,241721,7.376739501953125,0.14686149931380577,1,0.000244140625,4096
35201,38.52964779199101,43756305515,7.521551747020208,241502,7.37005615234375,0.151495594676458,1,0.000244140625,4096
35301,38.631204542005435,43891073480,7.53395793083569,242218,7.39190673828125,0.14205119255444032,1,0.000244140625,4096
35401,38.73158570798114,44024044063,7.53078922237657,242210,7.39166259765625,0.13912662472032,1,0.000244140625,4096
35501,38.834735166979954,44154998085,7.530494335484071,242105,7.388458251953125,0.14203608353094577,1,0.000244140625,4096
35601,38.93782929191366,44283791118,7.518480454429119,242257,7.393096923828125,0.1253835306009936,1,0.000244140625,4096
35701,39.040890499949455,44408355760,7.5269577933443745,243046,7.41717529296875,0.10978250037562454,1,0.000244140625,4096
35801,39.14279945800081,44531059995,7.538574130637249,243736,7.438232421875,0.10034170876224913,1,0.000244140625,4096
35901,39.243255333043635,44653422061,7.547885262504925,244213,7.452789306640625,0.09509595586430031,1,0.000244140625,4096
36001,39.34264520811848,44774841559,7.550180469177201,243519,7.431610107421875,0.1185703617553262,1,0.000244140625,4096
36101,39.445586499990895,44897293466,7.562109700907407,243832,7.441162109375,0.1209475915324072,1,0.000244140625,4096
36201,39.54491791711189,45017319749,7.558908746944528,243636,7.4351806640625,0.12372808288202819,1,0.000244140625,4096
36301,39.64435587497428,45136264148,7.558672288994613,243508,7.4312744140625,0.12739787493211274,1,0.000244140625,4096
36401,39.743549041915685,45253035476,7.561876840884924,243108,7.4190673828125,0.14280945807242418,1,0.000244140625,4096
36501,39.84358054213226,45373592744,7.552273716843148,243229,7.422760009765625,0.12951370707752297,1,0.000244140625,4096
36601,39.94536795793101,45493890581,7.558160113788018,242851,7.411224365234375,0.1469357485536431,1,0.000244140625,4096
36701,40.0469719581306,45616919871,7.54240342738793,242395,7.397308349609375,0.14509507777855468,1,0.000244140625,4096
36801,40.148975792108104,45740567648,7.533315517688345,242287,7.394012451171875,0.13930306651646962,1,0.000244140625,4096
36901,40.250429457984865,45861150076,7.533888937867287,242953,7.414337158203125,0.11955177966416208,1,0.000244140625,4096
37001,40.34859983297065,45982893574,7.517223402775217,242191,7.391082763671875,0.12614063910334217,2,0.00048828125,4095
37101,40.45046879211441,46102907374,7.509917128840246,242243,7.392669677734375,0.11724745110587076,1,0.000244140625,4096
37201,40.55294341710396,46224138496,7.496622632339779,242437,7.398590087890625,0.0980325444491541,1,0.000244140625,4096
37301,40.6554937500041,46346176584,7.5013857612424015,243306,7.42510986328125,0.07627589796115153,1,0.000244140625,4096
37401,40.75804099999368,46465772047,7.492277347262603,243370,7.42706298828125,0.0652143589813532,1,0.000244140625,4096
37501,40.85779924993403,46583723813,7.4917230469936,243027,7.416595458984375,0.07512758800922459,1,0.000244140625,4096
37601,40.957943625049666,46701880786,7.490873880043825,242748,7.4080810546875,0.08279282535632504,1,0.000244140625,4096
37701,41.06119045801461,46825370107,7.490736102356125,241709,7.376373291015625,0.11436281134050041,1,0.000244140625,4096
37801,41.166351249907166,46955145361,7.490036954637061,241718,7.37664794921875,0.11338900541831087,1,0.000244140625,4096
37901,41.268732791999355,47082957837,7.50328383579322,242164,7.3902587890625,0.11302504673072011,1,0.000244140625,4096
38001,41.36903433292173,47205184929,7.503048044070329,241699,7.376068115234375,0.12697992883595433,1,0.000244140625,4096
38101,41.46773654199205,47328863566,7.511489962494325,241295,7.363739013671875,0.1477509488224502,1,0.000244140625,4096
38201,41.57089704205282,47455610050,7.523801749725347,241448,7.368408203125,0.15539354660034732,1,0.000244140625,4096
38301,41.67319579212926,47590056670,7.530950818524282,241423,7.367645263671875,0.16330555485240694,1,0.000244140625,4096
38401,41.779025292024016,47728485573,7.53112873792722,240926,7.35247802734375,0.1786507105834696,1,0.000244140625,4096
38501,41.88383474992588,47868800151,7.533092947418482,241835,7.380218505859375,0.15287444155910723,1,0.000244140625,4096
38601,41.9883542500902,48008313449,7.52655697284963,241320,7.364501953125,0.16205501972463043,1,0.000244140625,4096
38701,42.09544249996543,48148303573,7.525408455474628,240849,7.350128173828125,0.17528028164650333,1,0.000244140625,4096
38801,42.20064774993807,48286692112,7.532972037872879,241247,7.362274169921875,0.17069786795100406,1,0.000244140625,4096
38901,42.30429295799695,48425180992,7.54729389559581,242502,7.40057373046875,0.14672016512705977,1,0.000244140625,4096
39001,42.41129858302884,48566864051,7.533679590810568,242046,7.38665771484375,0.14702187596681782,1,0.000244140625,4096
39101,42.518254624912515,48710552779,7.5352018446306985,241960,7.384033203125,0.15116864150569853,1,0.000244140625,4096
39201,42.624411874916404,48856426431,7.539999539565381,242156,7.3900146484375,0.14998489112788072,1,0.000244140625,4096
39301,42.73173024994321,49003627285,7.527669748204206,241818,7.37969970703125,0.14797004117295565,1,0.000244140625,4096
39401,42.83923945808783,49155486475,7.5328862570542805,242196,7.3912353515625,0.1416509054917805,1,0.000244140625,4096
39501,42.946883500088006,49304969401,7.551448227748997,242395,7.397308349609375,0.15413987813962216,1,0.000244140625,4096
39601,43.05644758301787,49454950310,7.551802199022405,242209,7.391632080078125,0.16017011894428013,1,0.000244140625,4096
39701,43.163404332939535,49603343133,7.5527523376626196,242181,7.390777587890625,0.16197474977199455,1,0.000244140625,4096
39801,43.27072362508625,49749644615,7.544646629728136,241761,7.377960205078125,0.1666864246500106,1,0.000244140625,4096
39901,43.37674800003879,49897448710,7.52453841119447,240678,7.34490966796875,0.1796287432257202,1,0.000244140625,4096
40001,43.48356758290902,50046878989,7.5122646996253675,240510,7.33978271484375,0.17248198478161747,1,0.000244140625,4096
40101,43.5910730001051,50197296592,7.4958401678546345,239903,7.321258544921875,0.17458162293275947,1,0.000244140625,4096
40201,43.69725925009698,50340062010,7.499104542806491,240089,7.326934814453125,0.1721697283533663,1,0.000244140625,4096
40301,43.80293233296834,50479265273,7.492552018060088,240460,7.3382568359375,0.15429518212258841,1,0.000244140625,4096
40401,43.91094983299263,50619187088,7.492812697687777,241034,7.35577392578125,0.1370387719065267,1,0.000244140625,4096
40501,44.018161667045206,50762261199,7.486427138863993,240999,7.354705810546875,0.13172132831711814,1,0.000244140625,4096
40601,44.126500708051026,50907196472,7.484362621364813,241330,7.36480712890625,0.1195554924585629,1,0.000244140625,4096
40701,44.23600866692141,51049272103,7.493592786902857,241784,7.378662109375,0.11493067752785713,1,0.000244140625,4096
40801,44.337748292135075,51189072313,7.485830788857429,241861,7.381011962890625,0.10481882596680414,1,0.000244140625,4096
40901,44.43983745807782,51327406552,7.482389611364233,242020,7.3858642578125,0.09652535355173342,1,0.000244140625,4096
41001,44.545533958124,51467350773,7.466723365414179,241194,7.36065673828125,0.10606662713292891,1,0.000244140625,4096
41101,44.65307137509808,51609453885,7.476839466580447,241727,7.376922607421875,0.09991685915857218,1,0.000244140625,4096
41201,44.75788133312017,51748716236,7.472075827287567,241726,7.37689208984375,0.0951837374438167,1,0.000244140625,4096
41301,44.862404624931514,51887845511,7.473827390345112,241905,7.382354736328125,0.09147265401698679,1,0.000244140625,4096
41401,44.969973667059094,52029819622,7.471802737864402,241453,7.368560791015625,0.10324194684877686,2,0.00048828125,4095
41501,45.077427375130355,52173582321,7.4669893773624105,241597,7.372955322265625,0.09403405509678553,1,0.000244140625,4096
41601,45.18653933308087,52318699036,7.462881229996734,241259,7.362640380859375,0.10024084913735898,1,0.000244140625,4096
41701,45.295872000046074,52461578037,7.465858261720016,241024,7.35546875,0.11038951172001621,1,0.000244140625,4096
41801,45.40421975008212,52608745099,7.460364580031604,240939,7.352874755859375,0.1074898241722293,1,0.000244140625,4096
41901,45.510727582965046,52751151079,7.449149041810736,240134,7.32830810546875,0.12084093634198556,1,0.000244140625,4096
42001,45.61698116711341,52887233470,7.451465007441323,240810,7.34893798828125,0.1025270191600729,1,0.000244140625,4096
42101,45.7194426250644,53020125320,7.443347328232908,240628,7.3433837890625,0.09996353917040768,1,0.000244140625,4096
42201,45.8237621251028,53151137761,7.464602556739159,242233,7.392364501953125,0.07223805478603396,1,0.000244140625,4096
42301,45.927773291943595,53275491209,7.458592697182806,241354,7.36553955078125,0.09305314640155604,1,0.000244140625,4096
42401,46.02895229193382,53400997668,7.456088108445659,240490,7.33917236328125,0.11691574516440895,1,0.000244140625,4096
42501,46.13417812506668,53527583680,7.459779743334586,240569,7.341583251953125,0.11819649138146104,1,0.000244140625,4096
42601,46.239327542018145,53656656059,7.469908033299942,240997,7.354644775390625,0.11526325790931669,1,0.000244140625,4096
42701,46.3409141250886,53784085029,7.480576847217533,241778,7.37847900390625,0.10209784331128269,1,0.000244140625,4096
42801,46.443374916911125,53911386905,7.473366563528734,241540,7.3712158203125,0.1021507432162343,1,0.000244140625,4096
42901,46.54925320809707,54038922913,7.467391822175365,241177,7.360137939453125,0.10725388272224023,1,0.000244140625,4096
43001,46.65267500001937,54167152071,7.479652208338826,241206,7.36102294921875,0.11862925912007594,1,0.000244140625,4096
43101,46.75371808302589,54290715478,7.476851817319846,240738,7.34674072265625,0.13011109466359638,1,0.000244140625,4096
43201,46.85676300013438,54416725146,7.4884089823862094,241324,7.3646240234375,0.12378495894870944,1,0.000244140625,4096
43301,46.96157137490809,54544353913,7.487682161746621,241607,7.373260498046875,0.11442166369974593,1,0.000244140625,4096
43401,47.06558912503533,54671073849,7.506301874916848,242226,7.39215087890625,0.11415099601059797,1,0.000244140625,4096
43501,47.168729041935876,54798106048,7.496132981788372,240763,7.347503662109375,0.14862931967899673,1,0.000244140625,4096
43601,47.27102933311835,54919874415,7.492590768980463,240640,7.34375,0.14884076898046317,1,0.000244140625,4096
43701,47.37186675006524,55035586145,7.500853991904873,240980,7.3541259765625,0.14672801534237312,1,0.000244140625,4096
43801,47.47167554195039,55153824684,7.480135454845555,239992,7.323974609375,0.15616084547055475,1,0.000244140625,4096
43901,47.56874358304776,55266363318,7.474419784748471,239003,7.293792724609375,0.1806270601390958,1,0.000244140625,4096
44001,47.66635954193771,55379381258,7.4892536818815385,239282,7.30230712890625,0.1869465529752885,1,0.000244140625,4096
44101,47.76891037495807,55496383181,7.472816794987663,237815,7.257537841796875,0.21527895319078816,1,0.000244140625,4096
44201,47.87117116712034,55620106610,7.456854184086593,238145,7.267608642578125,0.18924554150846795,1,0.000244140625,4096
44301,47.973490457981825,55744933915,7.4717695117760545,238820,7.2882080078125,0.18356150396355453,1,0.000244140625,4096
44401,48.07749054208398,55872854287,7.479212803814053,238522,7.27911376953125,0.20009903428280307,1,0.000244140625,4096
44501,48.182893957942724,56003801243,7.474746558073408,238710,7.28485107421875,0.1898954838546576,1,0.000244140625,4096
44601,48.2845644580666,56133915412,7.4832242891931715,239365,7.304840087890625,0.1783842013025465,1,0.000244140625,4096
44701,48.38656533299945,56258712016,7.461288511632235,238797,7.287506103515625,0.17378240811660994,1,0.000244140625,4096
44801,48.48631975008175,56383352271,7.467294084402625,238867,7.289642333984375,0.1776517504182502,1,0.000244140625,4096
44901,48.58569616707973,56507574014,7.470493070886868,239505,7.309112548828125,0.1613805220587432,1,0.000244140625,4096
45001,48.68868854199536,56635302185,7.468299252453046,240028,7.3250732421875,0.14322601026554604,1,0.000244140625,4096
45101,48.791985749965534,56764013258,7.465449875316683,240199,7.330291748046875,0.1351581272698077,1,0.000244140625,4096
45201,48.89482675003819,56893463061,7.477403811929175,241326,7.36468505859375,0.11271875333542525,1,0.000244140625,4096
45301,48.997034874977544,57019290545,7.4817301547264705,241226,7.36163330078125,0.12009685394522052,1,0.000244140625,4096
45401,49.099863125011325,57146910027,7.488945133068412,241247,7.362274169921875,0.12667096314653659,1,0.000244140625,4096
45501,49.20292575005442,57274682804,7.490244544999181,241444,7.3682861328125,0.12195841218668058,1,0.000244140625,4096
45601,49.308612416964024,57405371682,7.482238865848782,240720,7.34619140625,0.13604745959878173,1,0.000244140625,4096
45701,49.41226108302362,57534181018,7.470875449061792,240309,7.333648681640625,0.13722676742116668,1,0.000244140625,4096
45801,49.51384429191239,57664782583,7.485472076401767,241077,7.357086181640625,0.12838589476114226,1,0.000244140625,4096
45901,49.61845012498088,57798285198,7.482123943765876,240997,7.354644775390625,0.12747916837525075,1,0.000244140625,4096
46001,49.7217065829318,57930525809,7.472924901851491,240550,7.34100341796875,0.13192148388274116,1,0.000244140625,4096
46101,49.82617541705258,58063523039,7.473668182589604,240558,7.34124755859375,0.13242062399585386,1,0.000244140625,4096
46201,49.92950383294374,58192920375,7.486343840290296,241316,7.3643798828125,0.12196395747779576,1,0.000244140625,4096
46301,50.03304004203528,58324089042,7.475756658492998,241027,7.355560302734375,0.12019635575862342,1,0.000244140625,4096
46401,50.13611083291471,58455374291,7.470279381133472,241019,7.355316162109375,0.11496321902409701,1,0.000244140625,4096
46501,50.241262750001624,58586043411,7.455941075937587,240634,7.34356689453125,0.11237418140633704,1,0.000244140625,4096
46601,50.34573695808649,58716016326,7.470710767933809,241411,7.367279052734375,0.1034317151994344,1,0.000244140625,4096
46701,50.44797387509607,58842508479,7.4674966503429285,241332,7.3648681640625,0.10262848628042853,1,0.000244140625,4096
46801,50.550971375079826,58967649641,7.469190295347752,241494,7.36981201171875,0.0993782836290018,1,0.000244140625,4096
46901,50.652535791974515,59092640503,7.471671275042823,241882,7.38165283203125,0.09001844301157291,1,0.000244140625,4096
47001,50.75669862492941,59218975172,7.466683961766471,241522,7.37066650390625,0.09601745786022065,1,0.000244140625,4096
47101,50.86171641713008,59346229167,7.461438920655362,241161,7.359649658203125,0.10178926245223696,1,0.000244140625,4096
47201,50.96614933293313,59473492396,7.476212403663246,241708,7.3763427734375,0.09986963022574624,1,0.000244140625,4096
47301,51.067196500021964,59599826066,7.485036066917673,242332,7.3953857421875,0.0896503247301732,1,0.000244140625,4096
47401,51.16726441704668,59724214834,7.485278683565013,242442,7.39874267578125,0.08653600778376269,1,0.000244140625,4096
47501,51.270753792021424,59846741339,7.498436982820549,243015,7.416229248046875,0.08220773477367427,1,0.000244140625,4096
47601,51.37219179212116,59973579218,7.493159261783623,242881,7.412139892578125,0.08101936920549768,1,0.000244140625,4096
47701,51.475001082988456,60100693507,7.5163516435065825,243378,7.42730712890625,0.08904451460033247,1,0.000244140625,4096
47801,51.58032645797357,60228773882,7.508460587289752,242537,7.401641845703125,0.1068187415866273,1,0.000244140625,4096
47901,51.68345091701485,60360534783,7.515557875296224,243001,7.415802001953125,0.09975587334309921,1,0.000244140625,4096
48001,51.786165833007544,60495478505,7.515297665706298,242513,7.400909423828125,0.11438824187817342,1,0.000244140625,4096
48101,51.88985066697933,60628022766,7.529855647716664,243409,7.428253173828125,0.10160247388853882,1,0.000244140625,4096
48201,51.98947145813145,60759346222,7.523957103539105,243025,7.416534423828125,0.10742267971097963,1,0.000244140625,4096
48301,52.091745167039335,60890741153,7.528016613265935,243205,7.422027587890625,0.10598902537530996,1,0.000244140625,4096
48401,52.198562250006944,61021366756,7.539721296090528,243393,7.427764892578125,0.11195640351240321,1,0.000244140625,4096
48501,52.303228582954034,61152840408,7.515699780825464,243183,7.421356201171875,0.09434357965358942,1,0.000244140625,4096
48601,52.40871979203075,61287500825,7.513670790417407,242777,7.408966064453125,0.10470472596428237,1,0.000244140625,4096
48701,52.51360366703011,61428287058,7.511379882273576,242118,7.38885498046875,0.12252490180482578,1,0.000244140625,4096
48801,52.62190137500875,61574183257,7.502927972460732,241650,7.37457275390625,0.12835521855448206,1,0.000244140625,4096
48901,52.730493125040084,61720156785,7.5040496490643775,242402,7.39752197265625,0.10652767640812755,1,0.000244140625,4096
49001,52.83944379212335,61867477022,7.519706516774676,242685,7.406158447265625,0.11354806950905072,1,0.000244140625,4096
49101,52.946706000017,62009663249,7.52787460199036,242778,7.40899658203125,0.1188780199591104,1,0.000244140625,4096
49201,53.055278999963775,62146191466,7.522182209907063,242676,7.4058837890625,0.11629842084456321,1,0.000244140625,4096
49301,53.157616208074614,62280863137,7.518684472321899,242240,7.392578125,0.1261063473218993,1,0.000244140625,4096
49401,53.263789708027616,62418487820,7.500101584669379,241282,7.36334228515625,0.1367592995131286,1,0.000244140625,4096
49501,53.371079167118296,62556194489,7.485031531490819,240499,7.339447021484375,0.14558451000644368,1,0.000244140625,4096
49601,53.47705929190852,62695631236,7.4929795316201275,240813,7.349029541015625,0.14394999060450253,1,0.000244140625,4096
49701,53.58113016700372,62828935312,7.500601985154605,241599,7.373016357421875,0.12758562773272963,1,0.000244140625,4096
49801,53.684356375131756,62960132156,7.507172005138873,242084,7.3878173828125,0.11935462232637306,1,0.000244140625,4096
49901,53.78879641694948,63094763508,7.51223558780417,242424,7.398193359375,0.11404222842917022,1,0.000244140625,4096
50001,53.89057624991983,63229206589,7.4989650758432855,241059,7.356536865234375,0.14242821060891053,1,0.000244140625,4096
50101,53.99486400000751,63366881473,7.490020227123854,241139,7.358978271484375,0.1310419556394793,1,0.000244140625,4096
50201,54.103830124950036,63504906822,7.493420826417771,240932,7.3526611328125,0.14075969360527107,1,0.000244140625,4096
50301,54.21161216706969,63648234699,7.497830890912438,240887,7.351287841796875,0.1465430491155626,1,0.000244140625,4096
50401,54.321262541925535,63795914198,7.513253096921756,241591,7.372772216796875,0.1404808801248807,1,0.000244140625,4096
50501,54.42819866701029,63943928666,7.505541064229662,241545,7.371368408203125,0.1341726560265366,1,0.000244140625,4096
50601,54.537189207971096,64094600578,7.514726133376069,241770,7.37823486328125,0.13649127009481887,1,0.000244140625,4096
50701,54.6453503749799,64248690740,7.505370558174337,241380,7.3663330078125,0.13903755036183707,1,0.000244140625,4096
50801,54.75508279190399,64402617609,7.486328236166222,240805,7.348785400390625,0.137542835775597,1,0.000244140625,4096
50901,54.86361175007187,64554338837,7.502793259901371,241564,7.3719482421875,0.13084501771387114,1,0.000244140625,4096
51001,54.97281112498604,64709017240,7.496073007050988,240413,7.336822509765625,0.15925049728536322,1,0.000244140625,4096
51101,55.08629000000656,64868352678,7.485412584467468,240297,7.333282470703125,0.15213011376434338,1,0.000244140625,4096
51201,55.19757012510672,65026699152,7.487727036101907,240443,7.337738037109375,0.14998899899253182,1,0.000244140625,4096
51301,55.30913525004871,65183454975,7.485291745662649,240130,7.32818603515625,0.1571057105063991,1,0.000244140625,4096
51401,55.42076979205012,65342327072,7.460684496422225,239009,7.293975830078125,0.16670866634409975,1,0.000244140625,4096
51501,55.534416042035446,65502100935,7.447926551834297,238922,7.29132080078125,0.1566057510530472,1,0.000244140625,4096
51601,55.647096750093624,65662371114,7.454461120809755,239422,7.30657958984375,0.14788153096600531,1,0.000244140625,4096
51701,55.76065112510696,65821962071,7.443993318185546,239338,7.30401611328125,0.13997720490429622,1,0.000244140625,4096
51801,55.872222082922235,65981602259,7.4367763707156485,239486,7.30853271484375,0.12824365587189845,1,0.000244140625,4096
51901,55.982995124999434,66142213249,7.4370423168987845,239587,7.311614990234375,0.12542732666440948,1,0.000244140625,4096
52001,56.09493912500329,66303425721,7.437554973934631,239925,7.321929931640625,0.11562504229400616,1,0.000244140625,4096
52101,56.20840979204513,66466467974,7.433866381822581,240242,7.33160400390625,0.10226237791633075,1,0.000244140625,4096
52201,56.323570041917264,66636854109,7.416874750225983,239885,7.320709228515625,0.09616552171035764,1,0.000244140625,4096
52301,56.438081624917686,66806849219,7.4181553149978665,239438,7.30706787109375,0.11108744390411651,1,0.000244140625,4096
52401,56.54872158309445,66970399322,7.4189830988128715,239681,7.314483642578125,0.10449945623474655,1,0.000244140625,4096
52501,56.6604048749432,67128692031,7.425849437437262,239592,7.311767578125,0.11408185931226189,1,0.000244140625,4096
52601,56.770551542053,67289364555,7.419965281175136,239573,7.311187744140625,0.10877753703451098,1,0.000244140625,4096
52701,56.88763125007972,67447032207,7.4269534853463774,239985,7.323760986328125,0.10319249901825245,1,0.000244140625,4096
52801,56.998258457984775,67606947654,7.4357746405862,240488,7.339111328125,0.09666331246120041,1,0.000244140625,4096
52901,57.104245875030756,67766388588,7.432002732411142,240548,7.3409423828125,0.09106034959864218,1,0.000244140625,4096
53001,57.21342341694981,67925109661,7.425501510625442,240383,7.335906982421875,0.08959452820356706,1,0.000244140625,4096
53101,57.325811750022694,68078036089,7.422251875032565,240393,7.336212158203125,0.08603971682943978,1,0.000244140625,4096
53201,57.434762791963294,68225705610,7.405353890890565,239174,7.29901123046875,0.10634266042181473,1,0.000244140625,4096
53301,57.54227758292109,68371394134,7.4087758654315925,239342,7.30413818359375,0.1046376818378425,1,0.000244140625,4096
53401,57.65057191695087,68518576148,7.407573326426595,239028,7.2945556640625,0.11301766236409527,1,0.000244140625,4096
53501,57.76083049993031,68673427597,7.409020170121748,239405,7.306060791015625,0.10295937910612274,1,0.000244140625,4096
53601,57.876334541942924,68836847266,7.425596725330996,240098,7.32720947265625,0.0983872526747458,1,0.000244140625,4096
53701,57.989289249992,69000588896,7.424030366551137,239932,7.3221435546875,0.10188681186363713,1,0.000244140625,4096
53801,58.09833774995059,69158466256,7.422188244509358,239772,7.3172607421875,0.10492750232185788,1,0.000244140625,4096
53901,58.20830966695212,69310653258,7.4127204038528145,239090,7.29644775390625,0.1162726499465645,1,0.000244140625,4096
54001,58.3213920830749,69465571611,7.414572617284968,239369,7.304962158203125,0.10961045908184275,1,0.000244140625,4096
54101,58.43318391707726,69620403472,7.421421251893934,239484,7.3084716796875,0.11294957220643376,1,0.000244140625,4096
54201,58.54533620807342,69775047886,7.4275141302226775,239586,7.31158447265625,0.11592965756642748,1,0.000244140625,4096
54301,58.65532858297229,69930954693,7.426937615714232,239583,7.311492919921875,0.11544469579235717,1,0.000244140625,4096
54401,58.76518870797008,70086422173,7.450479578336847,239894,7.32098388671875,0.12949569161809737,1,0.000244140625,4096
54501,58.87527612503618,70240275011,7.455822859869297,239822,7.31878662109375,0.13703623877554705,1,0.000244140625,4096
54601,58.984967000084,70394918451,7.451876956219229,239447,7.307342529296875,0.14453442692235363,1,0.000244140625,4096
54701,59.09688570792787,70546735075,7.44619599299369,238384,7.27490234375,0.17129364924369028,1,0.000244140625,4096
54801,59.29521654197015,70695255568,7.4488184672384214,238891,7.290374755859375,0.15844371137904645,1,0.000244140625,4096
54901,59.41058470797725,70844337913,7.426582857747668,237581,7.250396728515625,0.17618612923204324,1,0.000244140625,4096
55001,59.53919508308172,70994605490,7.418953608848301,236891,7.229339599609375,0.1896140092389258,1,0.000244140625,4096
55101,59.653832874959335,71142686817,7.419389003822641,237523,7.248626708984375,0.17076229483826566,1,0.000244140625,4096
55201,59.763462624978274,71288702261,7.418677785694009,238409,7.275665283203125,0.14301250249088415,1,0.000244140625,4096
55301,59.86948970798403,71431882652,7.42254156111694,238716,7.2850341796875,0.1375073814294403,1,0.000244140625,4096
55401,59.977393582928926,71572804406,7.413648705950302,238013,7.263580322265625,0.150068383684677,1,0.000244140625,4096
55501,60.08331558294594,71706727516,7.414425572003218,239168,7.298828125,0.11559744700321772,1,0.000244140625,4096
55601,60.18675012490712,71841986488,7.409356094827186,238861,7.289459228515625,0.11989686631156093,1,0.000244140625,4096
55701,60.31254604202695,71973742064,7.405885473807752,239521,7.309600830078125,0.09628464372962675,1,0.000244140625,4096
55801,60.417369625065476,72102665775,7.411073807667225,239864,7.320068359375,0.09100544829222468,1,0.000244140625,4096
55901,60.519929457921535,72228117774,7.4072769151711055,239204,7.2999267578125,0.10735015735860554,1,0.000244140625,4096
56001,60.62021249998361,72351296651,7.422405103051702,240121,7.327911376953125,0.09449372609857676,1,0.000244140625,4096
56101,60.72294962499291,72473719168,7.42576249935845,239276,7.3021240234375,0.12363847592095034,1,0.000244140625,4096
56201,60.82617291691713,72597277891,7.443656251416578,239760,7.31689453125,0.12676172016657805,1,0.000244140625,4096
56301,60.92796612507664,72718647819,7.450132550687449,239760,7.31689453125,0.1332380194374494,1,0.000244140625,4096
56401,61.03024366707541,72840286883,7.4425407870625255,239217,7.300323486328125,0.14221730073440053,2,0.00048828125,4095
56501,61.13109112507664,72963169569,7.462049037942258,239462,7.30780029296875,0.1542487449735077,1,0.000244140625,4096
56601,61.231741208117455,73089613429,7.470643535300503,239462,7.30780029296875,0.1628432423317534,1,0.000244140625,4096
56701,61.336078125052154,73216320185,7.458892112953796,239126,7.29754638671875,0.16134572623504617,1,0.000244140625,4096
56801,61.44055970804766,73344519166,7.454925752939081,238449,7.276885986328125,0.1780397666109561,2,0.00048828125,4095
56901,61.543683083029464,73474449634,7.45036916048579,238330,7.27325439453125,0.17711476595454023,1,0.000244140625,4096
57001,61.64600933296606,73605264642,7.457997972947738,238193,7.269073486328125,0.18892448661961314,1,0.000244140625,4096
57101,61.746315917000175,73733765817,7.4433397275192235,238188,7.2689208984375,0.17441882908172346,1,0.000244140625,4096
57201,61.84905637498014,73864955920,7.430606953710407,237692,7.2537841796875,0.1768227740229067,1,0.000244140625,4096
57301,61.95192904211581,74000247724,7.423174954213187,238178,7.26861572265625,0.15455923155693707,1,0.000244140625,4096
57401,62.05508816707879,74133562930,7.413748834778226,237365,7.243804931640625,0.1699439031376011,1,0.000244140625,4096
57501,62.15750562492758,74261907718,7.414640475485758,237709,7.254302978515625,0.16033749697013278,1,0.000244140625,4096
57601,62.25895299995318,74384390375,7.425177612783241,238402,7.27545166015625,0.14972595262699073,1,0.000244140625,4096
57701,62.35899887513369,74504405670,7.408907161977041,238011,7.263519287109375,0.1453878748676658,1,0.000244140625,4096
57801,62.461028875084594,74624196925,7.390756136650855,237567,7.249969482421875,0.14078665422897974,1,0.000244140625,4096
57901,62.56358216702938,74747073655,7.383989272106286,238235,7.270355224609375,0.11363404749691064,1,0.000244140625,4096
58001,62.664513000054285,74866494319,7.379586052742285,238003,7.263275146484375,0.11631090625790996,1,0.000244140625,4096
58101,62.76590491691604,74986339325,7.390726911366687,238249,7.270782470703125,0.11994444066356191,1,0.000244140625,4096
58201,62.8677297080867,75110708759,7.392209045479397,238686,7.28411865234375,0.10809039313564739,1,0.000244140625,4096
58301,62.967995499959216,75237429646,7.39629825668284,239161,7.298614501953125,0.09768375472971513,1,0.000244140625,4096
58401,63.068803916918114,75366224755,7.393420539851009,238796,7.2874755859375,0.10594495391350911,1,0.000244140625,4096
58501,63.17267133295536,75493904117,7.393881212956197,238641,7.282745361328125,0.11113585162807205,1,0.000244140625,4096
58601,63.27481137495488,75618999431,7.409307508092655,239079,7.296112060546875,0.11319544754578015,1,0.000244140625,4096
58701,63.37653254205361,75740323438,7.405228908090029,239172,7.2989501953125,0.1062787127775291,1,0.000244140625,4096
58801,63.478487082989886,75862218304,7.411193561985205,238774,7.28680419921875,0.12438936276645496,1,0.000244140625,4096
58901,63.581854542018846,75990958861,7.419277987210361,238664,7.283447265625,0.1358307215853607,1,0.000244140625,4096
59001,63.68505029194057,76131103032,7.439871125645588,238558,7.28021240234375,0.15965872330183828,1,0.000244140625,4096
59101,63.78829254209995,76270774011,7.442893530301215,238677,7.283843994140625,0.15904953616059014,1,0.000244140625,4096
59201,63.89369354210794,76412187417,7.455896283651024,238312,7.272705078125,0.18319120552602364,2,0.00048828125,4095
59301,64.0000370000489,76552885087,7.452181611441706,237708,7.2542724609375,0.19790915050420566,1,0.000244140625,4096
59401,64.10462895804085,76693297535,7.4568566242739465,238461,7.277252197265625,0.17960442700832147,1,0.000244140625,4096
59501,64.20808766712435,76828040056,7.455669454898164,239167,7.298797607421875,0.1568718474762889,1,0.000244140625,4096
59601,64.31114408303984,76965622482,7.466535037204156,239665,7.313995361328125,0.15253967587603068,1,0.000244140625,4096
59701,64.4163771669846,77106438611,7.467584847216145,239340,7.3040771484375,0.1635076987786448,1,0.000244140625,4096
59801,64.52401058305986,77249423787,7.483563786849947,238975,7.292938232421875,0.19062555442807216,1,0.000244140625,4096
59901,64.62886716704816,77394647653,7.475068968633099,238501,7.278472900390625,0.19659606824247433,1,0.000244140625,4096
60001,64.73319287505001,77540883777,7.4683354695097695,238345,7.273712158203125,0.19462331130664445,1,0.000244140625,4096
60101,64.8369554169476,77682451574,7.452495355995696,238108,7.2664794921875,0.1860158638081959,2,0.00048828125,4095
60201,64.94330604211427,77826201067,7.456329234507415,238885,7.290191650390625,0.16613758411678958,1,0.000244140625,4096
60301,65.04964787513018,77972577777,7.446682221440199,239292,7.3026123046875,0.14406991675269865,1,0.000244140625,4096
60401,65.15603050007485,78119003329,7.4338889586873655,237888,7.259765625,0.17412333368736554,1,0.000244140625,4096
60501,65.26297066709958,78262784858,7.44252476276502,237864,7.259033203125,0.18349155964001973,1,0.000244140625,4096
60601,65.37027533305809,78410504135,7.4466016155672135,238402,7.27545166015625,0.17114995541096345,1,0.000244140625,4096
60701,65.47860812512226,78556768767,7.454281475975032,238443,7.276702880859375,0.17757859511565677,1,0.000244140625,4096
60801,65.58646045811474,78700994524,7.4665653460519135,239097,7.296661376953125,0.16990396909878847,1,0.000244140625,4096
60901,65.69431466702372,78844827456,7.466225687208885,239160,7.298583984375,0.16764170283388502,1,0.000244140625,4096
61001,65.7985560419038,78985535970,7.474415834489493,239890,7.32086181640625,0.1535540180832431,1,0.000244140625,4096
61101,65.90559987490997,79127313760,7.461078271612267,239423,7.306610107421875,0.15446816419039244,1,0.000244140625,4096
61201,66.01219891710207,79267003045,7.474908462932122,240092,7.3270263671875,0.14788209574462208,1,0.000244140625,4096
61301,66.11874795798212,79404850736,7.46651219582722,239979,7.323577880859375,0.14293431496784503,1,0.000244140625,4096
61401,66.22298662504181,79543754262,7.46747704522223,240643,7.343841552734375,0.1236354924878551,1,0.000244140625,4096
61501,66.32707866700366,79677361256,7.4658063063926035,240839,7.349822998046875,0.11598330834572845,1,0.000244140625,4096
61601,66.43449516710825,79811185817,7.459468721065292,240444,7.3377685546875,0.12170016637779213,1,0.000244140625,4096
61701,66.54278304195032,79946570785,7.456104142366423,241030,7.35565185546875,0.10045228689767338,1,0.000244140625,4096
61801,66.64992208313197,80086102523,7.471215778172002,241962,7.38409423828125,0.08712153989075233,1,0.000244140625,4096
61901,66.75723808305338,80228803929,7.453560191058359,242032,7.38623046875,0.06732972230835887,1,0.000244140625,4096
62001,66.86367916711606,80371086025,7.457671974337526,241952,7.3837890625,0.07388291183752571,1,0.000244140625,4096
62101,66.97090616705827,80512963157,7.441631641673418,241557,7.371734619140625,0.06989702253279262,1,0.000244140625,4096
62201,67.07642604201101,80653776166,7.425853652172474,240860,7.3504638671875,0.07538978498497428,1,0.000244140625,4096
62301,67.1820529580582,80793092810,7.43398940616676,240769,7.347686767578125,0.08630263858863518,1,0.000244140625,4096
62401,67.2890035000164,80934132090,7.45539433834243,241324,7.3646240234375,0.0907703149049297,1,0.000244140625,4096
62501,67.3956749169156,81075935392,7.474979877900863,241970,7.38433837890625,0.09064149899461338,1,0.000244140625,4096
62601,67.50396662508138,81217340770,7.46218556541336,241186,7.36041259765625,0.10177296775711042,1,0.000244140625,4096
62701,67.61015354213305,81352223403,7.477017021662852,240767,7.347625732421875,0.12939128924097698,1,0.000244140625,4096
62801,67.71599358296953,81488000210,7.468360821252792,240183,7.329803466796875,0.13855735445591666,1,0.000244140625,4096
62901,67.82359375013039,81628532630,7.470936602651317,240288,7.3330078125,0.13792879015131732,1,0.000244140625,4096
63001,67.93017179192975,81772078055,7.468030772779323,239745,7.316436767578125,0.15159400520119792,1,0.000244140625,4096
63101,68.03877870808356,81914990932,7.468133204381294,239528,7.309814453125,0.15831875125629402,1,0.000244140625,4096
63201,68.14826508308761,82061826959,7.455934968391828,238838,7.28875732421875,0.16717764417307812,1,0.000244140625,4096
63301,68.25532320793718,82210554028,7.436101317154289,238100,7.2662353515625,0.16986596559178935,1,0.000244140625,4096
63401,68.36177108297125,82356193297,7.446995486009621,238837,7.288726806640625,0.15826867936899625,1,0.000244140625,4096
63501,68.4706936669536,82506221486,7.447702271140533,239139,7.297943115234375,0.14975915590615774,1,0.000244140625,4096
63601,68.57856987509876,82655306093,7.45716208978683,238969,7.292755126953125,0.16440696283370482,1,0.000244140625,4096
63701,68.68676737509668,82807556468,7.455477220413995,239285,7.302398681640625,0.15307853877336974,1,0.000244140625,4096
63801,68.79656537505798,82954860169,7.445524021882905,239965,7.323150634765625,0.12237338711728007,1,0.000244140625,4096
63901,68.90457249991596,83103311917,7.435561878110711,239504,7.30908203125,0.12647984686071112,1,0.000244140625,4096
64001,69.01393345813267,83253852272,7.427190812280454,238806,7.28778076171875,0.13941005056170397,1,0.000244140625,4096
64101,69.12307145795785,83406657016,7.441333463911021,239777,7.317413330078125,0.1239201338328959,1,0.000244140625,4096
64201,69.23499200004153,83564746382,7.443088788022259,239450,7.30743408203125,0.13565470599100937,1,0.000244140625,4096
64301,69.34657704201527,83724438448,7.449748522886146,240058,7.32598876953125,0.12375975335489642,1,0.000244140625,4096
64401,69.45628066710196,83883409300,7.466398849532884,240626,7.34332275390625,0.12307609562663391,1,0.000244140625,4096
64501,69.56579329213127,84046294072,7.483054701074363,241173,7.360015869140625,0.1230388319337381,1,0.000244140625,4096
64601,69.6741659999825,84209878346,7.500593951600698,241586,7.37261962890625,0.12797432269444808,1,0.000244140625,4096
64701,69.78485112497583,84372897650,7.504883082810062,241303,7.363983154296875,0.14089992851318733,1,0.000244140625,4096
64801,69.89593766699545,84535018267,7.506874306983266,241301,7.363922119140625,0.1429521878426412,1,0.000244140625,4096
64901,70.00603804201819,84694263011,7.51515363302576,242239,7.392547607421875,0.12260602560388456,1,0.000244140625,4096
65001,70.11442141700536,84849628302,7.521378959421499,242770,7.40875244140625,0.11262651801524903,1,0.000244140625,4096
65101,70.2233647920657,85001866655,7.533407722545485,242887,7.412322998046875,0.12108472449861019,1,0.000244140625,4096
65201,70.33291120803915,85152233920,7.5399621538619614,242292,7.3941650390625,0.14579711479946145,1,0.000244140625,4096
65301,70.44039241713472,85302966733,7.537555068220288,242788,7.4093017578125,0.1282533104077883,1,0.000244140625,4096
65401,70.55016441713087,85459452993,7.5432298228762935,242625,7.404327392578125,0.1389024302981685,1,0.000244140625,4096
65501,70.65747504192404,85612618237,7.530812368643199,242095,7.388153076171875,0.1426592924713237,1,0.000244140625,4096
65601,70.76412545796484,85758085247,7.535240047319191,242464,7.3994140625,0.13582598481919117,1,0.000244140625,4096
65701,70.87225445802324,85898979071,7.537884175602201,242710,7.40692138671875,0.13096278888345125,1,0.000244140625,4096
65801,70.9790614999365,86039975674,7.546694542793881,243167,7.420867919921875,0.1258266228720064,1,0.000244140625,4096
65901,71.0861154999584,86183784274,7.537563710639985,243305,7.425079345703125,0.11248436493685965,1,0.000244140625,4096
66001,71.1929310420528,86318858220,7.535634342190836,243475,7.430267333984375,0.10536700820646061,1,0.000244140625,4096
66101,71.29690562491305,86447034015,7.547209933527606,244193,7.452178955078125,0.09503097844948094,1,0.000244140625,4096
66201,71.39714762498625,86570289478,7.537814950273409,243663,7.436004638671875,0.10181031160153431,1,0.000244140625,4096
66301,71.49862325005233,86694629311,7.539635036274072,243667,7.436126708984375,0.10350832728969728,1,0.000244140625,4096
66401,71.59685487509705,86818953451,7.525482585569573,242894,7.41253662109375,0.11294596447582261,1,0.000244140625,4096
66501,71.69948299997486,86944518581,7.507272496007294,242657,7.405303955078125,0.1019685409291693,1,0.000244140625,4096
66601,71.80187724996358,87074957353,7.513522678038872,243058,7.41754150390625,0.0959811741326222,1,0.000244140625,4096
66701,71.90539408312179,87207312818,7.516442173095529,242838,7.41082763671875,0.10561453637677864,1,0.000244140625,4096
66801,72.01194633310661,87343325310,7.52038712888244,242817,7.410186767578125,0.11020036130431521,1,0.000244140625,4096
66901,72.1169925420545,87477509349,7.525948370475805,242719,7.407196044921875,0.11875232555393023,1,0.000244140625,4096
67001,72.22401966713369,87613320686,7.535331641138749,243311,7.425262451171875,0.11006918996687443,1,0.000244140625,4096
67101,72.32809733296745,87747701390,7.530105936262005,242311,7.394744873046875,0.13536106321512964,1,0.000244140625,4096
67201,72.43050775001757,87882570125,7.5275761419806955,242766,7.40863037109375,0.11894577088694547,1,0.000244140625,4096
67301,72.53408433310688,88013932709,7.523860349972757,242372,7.3966064453125,0.12725390466025743,1,0.000244140625,4096
67401,72.64066066709347,88149524330,7.530356215724069,242765,7.408599853515625,0.1217563622084441,1,0.000244140625,4096
67501,72.74358520796522,88281509148,7.539886076835991,243523,7.431732177734375,0.10815389910161599,1,0.000244140625,4096
67601,72.84609458292834,88413200321,7.529918239450173,243287,7.424530029296875,0.10538821015329791,1,0.000244140625,4096
67701,72.95187583309598,88544774854,7.520358753469722,242996,7.4156494140625,0.10470933940722205,1,0.000244140625,4096
67801,73.05701454193331,88675792524,7.528274405290912,242687,7.406219482421875,0.12205492286903663,1,0.000244140625,4096
67901,73.15951650007628,88805118279,7.522299715634189,242161,7.390167236328125,0.13213247930606364,1,0.000244140625,4096
68001,73.26255241711624,88933587252,7.535167196682325,242775,7.408905029296875,0.12626216738545004,1,0.000244140625,4096
68101,73.36301695811562,89061126586,7.523136165493991,242521,7.401153564453125,0.121982601040866,1,0.000244140625,4096
68201,73.46435649995692,89188597786,7.528302601085958,243257,7.423614501953125,0.10468809913283295,1,0.000244140625,4096
68301,73.56695408304222,89315321146,7.52964021613058,243508,7.4312744140625,0.09836580206807977,1,0.000244140625,4096
68401,73.66797920805402,89437140705,7.531456447917176,243116,7.4193115234375,0.11214492447967572,1,0.000244140625,4096
68501,73.770894250134,89557386342,7.5243255588595375,242867,7.411712646484375,0.11261291237516247,1,0.000244140625,4096
68601,73.87242166697979,89677695415,7.520642551167759,242825,7.410430908203125,0.11021164296463404,1,0.000244140625,4096
68701,73.97471662494354,89798596643,7.528373290807898,243154,7.42047119140625,0.10790209940164797,1,0.000244140625,4096
68801,74.07742591691203,89921188611,7.523425413627515,242646,7.40496826171875,0.11845715190876493,1,0.000244140625,4096
68901,74.1777251670137,90043318547,7.521328729188557,242052,7.3868408203125,0.1344879088760571,1,0.000244140625,4096
69001,74.27953587495722,90168722615,7.520584862029555,241754,7.37774658203125,0.14283827999830478,1,0.000244140625,4096
69101,74.3784312501084,90293024583,7.513480253061115,241826,7.37994384765625,0.13353640540486467,1,0.000244140625,4096
69201,74.4803112919908,90414509067,7.493848547763992,240815,7.349090576171875,0.14475797159211723,1,0.000244140625,4096
69301,74.58153516706079,90535192565,7.483492782021122,240137,7.328399658203125,0.15509312381799667,1,0.000244140625,4096
69401,74.68673695810139,90657326044,7.476965425056067,240362,7.33526611328125,0.14169931177481665,1,0.000244140625,4096
69501,74.78866104199551,90782411312,7.480295926969568,240468,7.3385009765625,0.1417949504070677,1,0.000244140625,4096
69601,74.89151512505487,90907386526,7.4801617150000235,239459,7.307708740234375,0.17245297476564847,1,0.000244140625,4096
69701,74.99578641704284,91044409343,7.474117325317913,238149,7.267730712890625,0.20638661242728773,1,0.000244140625,4096
69801,75.10130566707812,91188381557,7.471096470357196,237889,7.259796142578125,0.21130032777907104,1,0.000244140625,4096
69901,75.20875520794652,91341346185,7.45703070052019,237820,7.2576904296875,0.1993402708326899,1,0.000244140625,4096
70001,75.31815058295615,91489465051,7.461997715259515,237538,7.24908447265625,0.21291324260326494,1,0.000244140625,4096
70101,75.42697004205547,91636889882,7.470762101442843,238779,7.286956787109375,0.18380531433346814,1,0.000244140625,4096
70201,75.53200970799662,91781465486,7.47046179960061,239160,7.298583984375,0.17187781522560996,1,0.000244140625,4096
70301,75.63975041708909,91926405010,7.4775453635142695,239442,7.30718994140625,0.17035542210801946,1,0.000244140625,4096
70401,75.74843270797282,92073251293,7.489248878959447,239952,7.32275390625,0.16649497270944735,1,0.000244140625,4096
70501,75.86109212506562,92220288740,7.489680410021008,240040,7.325439453125,0.16424095689600815,1,0.000244140625,4096
70601,75.97350195795298,92363349097,7.475291618624221,239514,7.30938720703125,0.16590441159297065,1,0.000244140625,4096
70701,76.08065591705963,92505963543,7.4685097980012225,239935,7.322235107421875,0.1462746905793475,1,0.000244140625,4096
70801,76.18984583299607,92650571446,7.474349007424997,239964,7.3231201171875,0.15122889023749675,1,0.000244140625,4096
70901,76.30118641699664,92795021261,7.459520575966397,238829,7.288482666015625,0.17103790995077173,1,0.000244140625,4096
71001,76.40817966707982,92936932230,7.455868626313503,239400,7.305908203125,0.149960423188503,1,0.000244140625,4096
71101,76.51587191713043,93080558788,7.461684595949359,239377,7.305206298828125,0.15647829712123418,1,0.000244140625,4096
71201,76.62217366695404,93221506244,7.477845772841046,240646,7.34393310546875,0.13391266737229568,1,0.000244140625,4096
71301,76.72637483291328,93360015306,7.473795586635706,240977,7.354034423828125,0.1197611628075812,1,0.000244140625,4096
71401,76.83359633293003,93495414380,7.449563303579927,240605,7.342681884765625,0.10688141881430191,1,0.000244140625,4096
71501,76.93899441696703,93626877716,7.432613776693167,240094,7.32708740234375,0.10552637434941659,1,0.000244140625,4096
71601,77.04355941712856,93758082520,7.444642485306789,240394,7.33624267578125,0.1083998095255394,1,0.000244140625,4096
71701,77.14694733312353,93888067697,7.456175694038046,241166,7.35980224609375,0.0963734479442957,1,0.000244140625,4096
71801,77.25389437493868,94023565239,7.4592711864534715,241038,7.35589599609375,0.10337519035972154,1,0.000244140625,4096
71901,77.3571687079966,94159138889,7.461256256321403,242023,7.385955810546875,0.07530044577452788,1,0.000244140625,4096
72001,77.46184749994427,94298596723,7.470595571437216,241656,7.374755859375,0.09583971206221609,1,0.000244140625,4096
72101,77.56811037496664,94442004792,7.482638352463264,241763,7.378021240234375,0.10461711222888859,1,0.000244140625,4096
72201,77.67877145810053,94586550772,7.47635030517846,241337,7.365020751953125,0.11132955322533533,1,0.000244140625,4096
72301,77.78544066706672,94729399913,7.485251730193514,241876,7.3814697265625,0.10378200363101442,1,0.000244140625,4096
72401,77.89227441698313,94872420796,7.478622360113283,241866,7.38116455078125,0.09745780933203285,1,0.000244140625,4096
72501,78.00026595802046,95013545673,7.487424884784449,241630,7.37396240234375,0.11346248244069912,1,0.000244140625,4096
72601,78.10929887508973,95157435949,7.483320045872912,241451,7.368499755859375,0.11482029001353666,1,0.000244140625,4096
72701,78.21772595797665,95300122108,7.490440260143821,241898,7.38214111328125,0.1082991468625707,1,0.000244140625,4096
72801,78.32433083304204,95444404054,7.49600703963115,242001,7.385284423828125,0.11072261580302456,1,0.000244140625,4096
72901,78.4289373329375,95586409568,7.488579965572513,242265,7.393341064453125,0.09523890111938815,1,0.000244140625,4096
73001,78.53511091694236,95729650249,7.4748399530521406,241990,7.38494873046875,0.08989122258339055,1,0.000244140625,4096
73101,78.6421473750379,95872387505,7.48021600651897,242488,7.400146484375,0.08006952214396978,1,0.000244140625,4096
73201,78.75274120806716,96017884385,7.472806140511136,242053,7.386871337890625,0.08593480262051134,1,0.000244140625,4096
73301,78.86144970799796,96160035096,7.480579808463267,242554,7.40216064453125,0.07841916393201664,1,0.000244140625,4096
73401,78.96699316706508,96303167916,7.493950690362896,242924,7.4134521484375,0.08049854192539563,1,0.000244140625,4096
73501,79.07145858299918,96445275680,7.487086885521628,242205,7.391510009765625,0.09557687575600315,1,0.000244140625,4096
73601,79.18102937494405,96589162363,7.494835233132754,242460,7.3992919921875,0.09554324094525413,1,0.000244140625,4096
73701,79.28751045791432,96731595468,7.488395192140352,241345,7.365264892578125,0.12313029956222721,1,0.000244140625,4096
73801,79.39236537506804,96870392628,7.482310703776394,241260,7.3626708984375,0.11963980533889362,1,0.000244140625,4096
73901,79.49475012510084,97011497647,7.478229356250851,240780,7.3480224609375,0.13020689531335083,1,0.000244140625,4096
74001,79.60269058309495,97151991294,7.47451664266006,240258,7.33209228515625,0.14242435750380977,2,0.00048828125,4095
74101,79.70778354210779,97294777328,7.4742657818245055,240224,7.3310546875,0.14321109432450552,1,0.000244140625,4096
74201,79.81613325001672,97444459728,7.475763122964821,240355,7.335052490234375,0.14071063273044615,1,0.000244140625,4096
74301,79.92519233305939,97597545911,7.4663176554829125,239651,7.313568115234375,0.15274954024853749,1,0.000244140625,4096
74401,80.0336236669682,97751531688,7.473431884523203,239949,7.322662353515625,0.15076953100757784,1,0.000244140625,4096
74501,80.14271716703661,97905621079,7.477890679718733,240052,7.3258056640625,0.15208501565623322,1,0.000244140625,4096
74601,80.25190904201008,98064137789,7.491299619988769,240004,7.3243408203125,0.16695879967626936,1,0.000244140625,4096
74701,80.35665225004777,98220178903,7.487810083094359,239450,7.30743408203125,0.18037600106310858,1,0.000244140625,4096
74801,80.4681311249733,98376012703,7.487608994185694,239720,7.315673828125,0.1719351660606936,1,0.000244140625,4096
74901,80.57625729194842,98529053134,7.489089148314278,240418,7.33697509765625,0.15211405065802808,1,0.000244140625,4096
75001,80.68566045793705,98685078506,7.482784168349329,239623,7.312713623046875,0.1700705453024538,1,0.000244140625,4096
75101,80.79462508298457,98840966589,7.47454904174872,239633,7.313018798828125,0.1615302429205947,1,0.000244140625,4096
75201,80.90190962492488,98989965970,7.477787403411202,239249,7.301300048828125,0.1764873545830774,1,0.000244140625,4096
75301,81.01055479212664,99136737495,7.4850492070809675,240072,7.326416015625,0.15863319145596755,1,0.000244140625,4096
75401,81.1170815830119,99280977692,7.472632169075185,239764,7.3170166015625,0.1556155675126849,1,0.000244140625,4096
75501,81.22394399996847,99425084837,7.451441932041403,239443,7.307220458984375,0.14422147305702815,1,0.000244140625,4096
75601,81.33027249993756,99563255170,7.437814162370062,238553,7.280059814453125,0.15775434791693677,1,0.000244140625,4096
75701,81.43514712504111,99706908365,7.443726184095432,239119,7.297332763671875,0.14639342042355707,1,0.000244140625,4096
75801,81.5424021249637,99846501672,7.444494671239799,239384,7.305419921875,0.13907474936479858,1,0.000244140625,4096
75901,81.6526615829207,99986279967,7.444362283001629,240109,7.327545166015625,0.11681711698600417,1,0.000244140625,4096
76001,81.76017654198222,100121276157,7.451079549491183,240537,7.340606689453125,0.11047286003805823,1,0.000244140625,4096
76101,81.86309108301066,100253568822,7.461321928625802,240737,7.346710205078125,0.1146117235476769,1,0.000244140625,4096
76201,81.96637491695583,100383883633,7.462729538405416,241045,7.356109619140625,0.10661991926479075,1,0.000244140625,4096
76301,82.07131233299151,100518024749,7.468181918201909,241341,7.365142822265625,0.10303909593628369,1,0.000244140625,4096
76401,82.17514174990356,100648168076,7.4819789325031945,241759,7.377899169921875,0.10407976258131946,1,0.000244140625,4096
76501,82.27886925009079,100776093806,7.4797738801882705,241450,7.36846923828125,0.1113046419070205,1,0.000244140625,4096
76601,82.38182641705498,100901371397,7.487157130782158,241954,7.38385009765625,0.10330703312590828,1,0.000244140625,4096
76701,82.48564112512395,101026634528,7.516364049017042,242718,7.40716552734375,0.10919852167329225,1,0.000244140625,4096
76801,82.5856825420633,101149833032,7.528825054268003,242774,7.40887451171875,0.11995054254925286,1,0.000244140625,4096
76901,82.68595112510957,101270883241,7.532585276108533,243222,7.42254638671875,0.11003888938978257,1,0.000244140625,4096
77001,82.78841166710481,101390868444,7.53891816625833,242882,7.41217041015625,0.12674775610207956,1,0.000244140625,4096
77101,82.88939791708253,101511824448,7.538941204201741,242706,7.40679931640625,0.1321418877954912,2,0.00048828125,4095
77201,82.98950808309019,101633726857,7.540452828996051,243259,7.423675537109375,0.11677729188667563,1,0.000244140625,4096
77301,83.08922749990597,101755209225,7.541286544418632,242970,7.41485595703125,0.12643058738738233,1,0.000244140625,4096
77401,83.19099125009961,101877453296,7.536419789149932,242615,7.404022216796875,0.1323975723530566,1,0.000244140625,4096
77501,83.29298575012945,102001460512,7.5260313683070335,242720,7.4072265625,0.11880480580703345,1,0.000244140625,4096
77601,83.39148291712627,102129426570,7.539147755908644,242400,7.3974609375,0.14168681840864394,1,0.000244140625,4096
77701,83.4933444170747,102256921248,7.534290905904062,242400,7.3974609375,0.13682996840406236,1,0.000244140625,4096
77801,83.5963612080086,102381999862,7.528175769936387,242304,7.39453125,0.1336445199363867,1,0.000244140625,4096
77901,83.69972150004469,102508288637,7.534798864417685,242548,7.4019775390625,0.13282132535518532,1,0.000244140625,4096
78001,83.80021749995649,102633616627,7.539222162054851,241873,7.381378173828125,0.15784398822672596,1,0.000244140625,4096
78101,83.90463200001977,102756893978,7.548866197321953,242523,7.401214599609375,0.14765159771257785,1,0.000244140625,4096
78201,84.0071377500426,102879204763,7.547683603838212,242307,7.394622802734375,0.15306080110383657,1,0.000244140625,4096
78301,84.1065827079583,103002916648,7.550323892869452,243155,7.420501708984375,0.12982218388507683,1,0.000244140625,4096
78401,84.2124708329793,103133611669,7.553626680815071,242941,7.413970947265625,0.13965573354944638,1,0.000244140625,4096
78501,84.31946362508461,103268519154,7.5557306161050715,242711,7.406951904296875,0.14877871180819646,1,0.000244140625,4096
78601,84.42372129205614,103398732087,7.557896065942245,243106,7.41900634765625,0.13888971828599495,1,0.000244140625,4096
78701,84.52603054209612,103525586469,7.553268956797745,242637,7.404693603515625,0.14857535328212013,1,0.000244140625,4096
78801,84.62766162492335,103651850601,7.547299679926205,243062,7.41766357421875,0.12963610570745487,1,0.000244140625,4096
78901,84.7294839171227,103778515842,7.541905625173483,242705,7.406768798828125,0.13513682634535762,1,0.000244140625,4096
79001,84.8311483329162,103904489746,7.54231547286139,242908,7.4129638671875,0.12935160567389037,1,0.000244140625,4096
79101,84.93236270803027,104034595653,7.543582622267292,243349,7.426422119140625,0.1171605031266667,1,0.000244140625,4096
79201,85.03718341700733,104172065804,7.5306528527605305,242376,7.396728515625,0.13392433713553054,1,0.000244140625,4096
79301,85.14361437503248,104307652207,7.526307373225322,242130,7.38922119140625,0.13708618181907184,1,0.000244140625,4096
79401,85.24705595802516,104444392893,7.5240192383046445,242600,7.403564453125,0.12045478517964447,1,0.000244140625,4096
79501,85.35190141713247,104581327046,7.523527745744229,242542,7.40179443359375,0.12173331215047867,1,0.000244140625,4096
79601,85.45457254210487,104716703207,7.532181672773822,242378,7.39678955078125,0.135392121992572,1,0.000244140625,4096
79701,85.55867829197086,104850251816,7.532652897473268,241908,7.3824462890625,0.15020660841076783,1,0.000244140625,4096
79801,85.66020791698247,104984563989,7.5276332763276965,241474,7.36920166015625,0.15843161617144652,1,0.000244140625,4096
79901,85.76684933295473,105123486127,7.518639651843434,241732,7.3770751953125,0.14156445653093375,1,0.000244140625,4096
80001,85.87223350000568,105264189485,7.502994761893732,241540,7.3712158203125,0.13177894158123227,1,0.000244140625,4096
80101,85.97687358292751,105407008064,7.501642334719604,241209,7.361114501953125,0.1405278327664794,1,0.000244140625,4096
80201,86.08776054205373,105552749285,7.513670008936991,241593,7.372833251953125,0.140836756983866,1,0.000244140625,4096
80301,86.19560504192486,105701845809,7.521145736722125,242332,7.3953857421875,0.12575999453462483,1,0.000244140625,4096
80401,86.3017867919989,105847183862,7.512201754147281,240856,7.350341796875,0.16185995727228075,1,0.000244140625,4096
80501,86.40568875009194,105989195512,7.510382810221222,241095,7.357635498046875,0.15274731217434656,1,0.000244140625,4096
80601,86.5110553749837,106132746652,7.487003850165093,240000,7.32421875,0.16278510016509262,1,0.000244140625,4096
80701,86.61604462494142,106273734473,7.476269272712376,240480,7.3388671875,0.13740208521237562,1,0.000244140625,4096
80801,86.7226272081025,106413488823,7.476079910997527,241124,7.3585205078125,0.11755940318502667,1,0.000244140625,4096
80901,86.8305977920536,106552938952,7.461842217558719,240571,7.341644287109375,0.12019793044934435,1,0.000244140625,4096
81001,86.93855820805766,106693111804,7.453263463481872,240225,7.331085205078125,0.12217825840374719,1,0.000244140625,4096
81101,87.04450020799413,106835822474,7.4523498322199995,240089,7.326934814453125,0.12541501776687447,1,0.000244140625,4096
81201,87.14949137507938,106976496712,7.452728483123286,240283,7.332855224609375,0.11987325851391084,1,0.000244140625,4096
81301,87.25423766695894,107122807351,7.462644666421552,240969,7.353790283203125,0.10885438321842678,1,0.000244140625,4096
81401,87.36501387506723,107271931227,7.459084236387373,240814,7.34906005859375,0.11002417779362261,1,0.000244140625,4096
81501,87.47302591707557,107413320661,7.4603836230746685,240500,7.3394775390625,0.12090608401216851,1,0.000244140625,4096
81601,87.57976999995299,107551107655,7.456130948182653,240774,7.34783935546875,0.1082915927139032,1,0.000244140625,4096
81701,87.68339762510732,107687423545,7.4582970539788676,240975,7.353973388671875,0.10432366530699255,1,0.000244140625,4096
81801,87.78546474990435,107822445922,7.4630085273704445,240948,7.3531494140625,0.10985911330794451,1,0.000244140625,4096
81901,87.89001666707918,107953052765,7.4623857821164155,240916,7.3521728515625,0.11021293055391546,1,0.000244140625,4096
82001,87.99357391707599,108084679816,7.464451720732553,240987,7.354339599609375,0.11011212112317814,1,0.000244140625,4096
82101,88.09476200002246,108215131221,7.474605086723242,241784,7.378662109375,0.09594297734824231,1,0.000244140625,4096
82201,88.19936350011267,108348037226,7.484478056368531,241924,7.3829345703125,0.10154348605603136,1,0.000244140625,4096
82301,88.30565833300352,108480630269,7.463077123160435,241643,7.374359130859375,0.08871799230105992,1,0.000244140625,4096
82401,88.4102953330148,108607026409,7.469845868407581,242052,7.3868408203125,0.0830050480950808,1,0.000244140625,4096
82501,88.51299970806576,108727227260,7.482247269145113,242310,7.39471435546875,0.0875329136763634,1,0.000244140625,4096
82601,88.6161516669672,108847478702,7.475866917666595,241906,7.38238525390625,0.09348166376034506,1,0.000244140625,4096
82701,88.716968792025,108965118054,7.461778857099371,241217,7.361358642578125,0.10042021452124583,1,0.000244140625,4096
82801,88.8184374999255,109081079904,7.456607760691163,240883,7.351165771484375,0.10544198920678838,1,0.000244140625,4096
82901,88.91933779208921,109197154499,7.464112692920769,240796,7.3485107421875,0.11560195073326884,1,0.000244140625,4096
83001,89.02143370802514,109313164043,7.449703641088226,240622,7.34320068359375,0.10650295749447558,1,0.000244140625,4096
83101,89.11988995806314,109430027498,7.463978965106488,241257,7.362579345703125,0.10139961940336306,1,0.000244140625,4096
83201,89.219666833058,109546840820,7.470456943437888,241727,7.376922607421875,0.09353433601601324,1,0.000244140625,4096
83301,89.32262220792472,109668218954,7.481187259403268,241826,7.37994384765625,0.10124341174701801,1,0.000244140625,4096
83401,89.42200883291662,109793375026,7.476998104412136,241745,7.377471923828125,0.09952618058401086,1,0.000244140625,4096
83501,89.52298408304341,109918007825,7.470989964594969,241037,7.355865478515625,0.11512448607934367,1,0.000244140625,4096
83601,89.62535229208879,110042277793,7.482298202431345,241447,7.368377685546875,0.11392051688446969,1,0.000244140625,4096
83701,89.72535416693427,110165407543,7.477993825396747,240871,7.350799560546875,0.12719426484987206,1,0.000244140625,4096
83801,89.82875145808794,110287517604,7.482742343744825,240743,7.346893310546875,0.1358490331979496,1,0.000244140625,4096
83901,89.92677579191513,110408285537,7.498520246597118,241486,7.36956787109375,0.1289523755033679,1,0.000244140625,4096
84001,90.02689941693097,110528264804,7.497310732163282,241517,7.370513916015625,0.1267968161476567,1,0.000244140625,4096
84101,90.12829562509432,110646816947,7.505674166182409,241607,7.373260498046875,0.13241366813553412,1,0.000244140625,4096
84201,90.22606937494129,110769626349,7.506167436409536,241550,7.37152099609375,0.13464644031578565,1,0.000244140625,4096
84301,90.32815008307807,110891500949,7.520378596990301,242144,7.3896484375,0.13073015949030076,1,0.000244140625,4096
84401,90.42578108306043,111008064749,7.520029730422275,241687,7.375701904296875,0.14432782612539974,1,0.000244140625,4096
84501,90.52315591694787,111120432038,7.4987512691661316,241080,7.357177734375,0.14157353479113155,1,0.000244140625,4096
84601,90.6188598331064,111227439864,7.489355879007686,241111,7.358123779296875,0.13123209971081096,1,0.000244140625,4096
84701,90.71695737494156,111334236169,7.481261741919049,241235,7.361907958984375,0.1193537829346738,1,0.000244140625,4096
84801,90.81318154209293,111441747306,7.4775254699153315,241497,7.369903564453125,0.10762190546220651,1,0.000244140625,4096
84901,90.9099695419427,111548243871,7.47882717723118,242353,7.396026611328125,0.08280056590305485,1,0.000244140625,4096
85001,91.00424108305015,111651571051,7.461862892737955,241463,7.368865966796875,0.09299692594107967,1,0.000244140625,4096
85101,91.10396404191852,111753840281,7.471597759378439,241863,7.381072998046875,0.09052476133156429,1,0.000244140625,4096
85201,91.20230579213239,111861051823,7.460389821021728,240747,7.347015380859375,0.1133744401623531,1,0.000244140625,4096
85301,91.30095549998805,111973324674,7.4498442810728704,240119,7.327850341796875,0.12199393927599544,1,0.000244140625,4096
85401,91.40016058296897,112085380393,7.448009979339428,239353,7.304473876953125,0.1435361023863031,1,0.000244140625,4096
85501,91.49718162510544,112194187761,7.460013335261843,239124,7.2974853515625,0.16252798369934318,1,0.000244140625,4096
85601,91.59875412494875,112302599120,7.4429356155101685,239029,7.294586181640625,0.14834943386954347,1,0.000244140625,4096
85701,91.69750879192725,112413005019,7.4392236189887075,239363,7.304779052734375,0.13444456625433254,1,0.000244140625,4096
85801,91.79701220802963,112524484365,7.4398324109981,239508,7.3092041015625,0.13062830943560044,1,0.000244140625,4096
85901,91.89435570803471,112640773892,7.427223939141982,238880,7.2900390625,0.13718487664198165,1,0.000244140625,4096
86001,91.99128204211593,112751397226,7.433484672026628,239171,7.298919677734375,0.1345649942922531,1,0.000244140625,4096
86101,92.08959695813246,112863409328,7.439861489947437,238806,7.28778076171875,0.1520807282286869,1,0.000244140625,4096
86201,92.18947845790535,112974202912,7.437931244617862,239386,7.30548095703125,0.13245028758661181,1,0.000244140625,4096
86301,92.28844420798123,113085842285,7.450711123389185,239536,7.31005859375,0.14065252963918518,1,0.000244140625,4096
86401,92.38660850003362,113195749086,7.463475940710036,239013,7.294097900390625,0.16937804031941095,1,0.000244140625,4096
86501,92.4876616250258,113309152996,7.454372009034384,238943,7.291961669921875,0.16241033911250913,1,0.000244140625,4096
86601,92.58729708311148,113423394454,7.45433301483502,238543,7.279754638671875,0.17457837616314542,1,0.000244140625,4096
86701,92.68588708294556,113538733091,7.437732752762442,237557,7.249664306640625,0.18806844612181717,3,0.000732421875,4094
86801,92.78704275004566,113656173874,7.442887932717246,238472,7.277587890625,0.16530004209224636,1,0.000244140625,4096
86901,92.8882072919514,113776319179,7.452578910112357,238774,7.28680419921875,0.16577471089360696,1,0.000244140625,4096
87001,92.98509862506762,113897641415,7.452315466380371,239067,7.295745849609375,0.15656961677099623,1,0.000244140625,4096
87101,93.085006166948,114016837090,7.438711068690122,238487,7.278045654296875,0.16066541439324666,1,0.000244140625,4096
87201,93.18559024995193,114134205913,7.446168873543956,238884,7.2901611328125,0.1560077407314564,1,0.000244140625,4096
87301,93.2851910830941,114250892801,7.4602621891425684,239959,7.322967529296875,0.13729465984569345,1,0.000244140625,4096
87401,93.38474695803598,114362114602,7.454391654423753,240176,7.32958984375,0.12480181067375273,1,0.000244140625,4096
87501,93.4845617080573,114471214302,7.43852832881228,240207,7.330535888671875,0.10799244014040532,1,0.000244140625,4096
87601,93.58070004195906,114584048788,7.434268384693245,240644,7.3438720703125,0.09039631438074469,1,0.000244140625,4096
87701,93.67906837491319,114700940621,7.444771821224786,240925,7.352447509765625,0.0923243114591612,1,0.000244140625,4096
87801,93.78091537510045,114818704262,7.462783790293948,241443,7.368255615234375,0.09452817505957256,1,0.000244140625,4096
87901,93.88148033292964,114936215854,7.440109844420537,240839,7.349822998046875,0.09028684637366169,1,0.000244140625,4096
88001,93.98396783298813,115053423039,7.431557720806012,240078,7.32659912109375,0.10495859971226196,1,0.000244140625,4096
88101,94.08813679195009,115179414049,7.431673163450803,239753,7.316680908203125,0.11499225524767809,1,0.000244140625,4096
88201,94.19092495809309,115306854747,7.432224352465801,240394,7.33624267578125,0.09598167668455115,1,0.000244140625,4096
88301,94.2941049579531,115433013698,7.437252099226083,240404,7.3365478515625,0.10070424766358332,1,0.000244140625,4096
88401,94.39795737504028,115559580816,7.4525474147031705,240333,7.334381103515625,0.1181663111875455,1,0.000244140625,4096
88501,94.50019995798357,115684933974,7.455229789288676,240219,7.330902099609375,0.1243276896793013,1,0.000244140625,4096
88601,94.59696637513116,115805949083,7.466711534568734,240653,7.344146728515625,0.12256480605310927,1,0.000244140625,4096
88701,94.69805816700682,115926254076,7.477600846948466,241148,7.3592529296875,0.11834791726096583,1,0.000244140625,4096
88801,94.79844749998301,116044118313,7.455039671627902,239789,7.317779541015625,0.13726013061227693,1,0.000244140625,4096
88901,94.89901995798573,116162223791,7.452652128838686,239679,7.314422607421875,0.138229521416811,1,0.000244140625,4096
89001,95.00164083298296,116281596739,7.462780890229547,239153,7.298370361328125,0.16441052890142238,1,0.000244140625,4096
89101,95.1029545830097,116402520887,7.455395468022841,239015,7.294158935546875,0.16123653247596614,1,0.000244140625,4096
89201,95.20592445810325,116529193948,7.450018470836194,238794,7.28741455078125,0.16260392005494406,1,0.000244140625,4096
89301,95.31049662502483,116663234992,7.4694078034308875,239433,7.306915283203125,0.1624925202277625,1,0.000244140625,4096
89401,95.41637320793234,116798238033,7.463084742429509,239310,7.30316162109375,0.15992312133575926,1,0.000244140625,4096
89501,95.51896749995649,116931446039,7.471616522460992,239746,7.31646728515625,0.15514923730474184,1,0.000244140625,4096
89601,95.62238524993882,117062147430,7.472215100842073,240163,7.329193115234375,0.14302198560769774,1,0.000244140625,4096
89701,95.72779358294792,117193621243,7.46686332771262,240528,7.34033203125,0.12653129646261974,1,0.000244140625,4096
89801,95.83273058291525,117323207486,7.466950853350568,240524,7.3402099609375,0.12674089241306774,1,0.000244140625,4096
89901,95.93772533303127,117451851717,7.468529073864289,240149,7.328765869140625,0.1397632047236641,1,0.000244140625,4096
90001,96.04184075002559,117582808432,7.457604549573052,239973,7.323394775390625,0.13420977418242686,1,0.000244140625,4096
90101,96.14598600007594,117714356958,7.441067090709005,239610,7.31231689453125,0.12875019617775507,1,0.000244140625,4096
90201,96.2471892919857,117843173242,7.446330888278094,239957,7.322906494140625,0.1234243941374693,1,0.000244140625,4096
90301,96.3523419580888,117971293382,7.448569347379131,239745,7.316436767578125,0.1321325798010058,1,0.000244140625,4096
90401,96.45612800004892,118096376196,7.457021165368644,239806,7.31829833984375,0.13872282552489423,1,0.000244140625,4096
90501,96.55618104198948,118218260293,7.479831291761355,241223,7.361541748046875,0.11828954371448042,1,0.000244140625,4096
90601,96.65728870802559,118337190467,7.501596926010475,241649,7.374542236328125,0.12705468968234968,1,0.000244140625,4096
90701,96.7552913329564,118454398462,7.493969512037943,241246,7.36224365234375,0.1317258596941926,1,0.000244140625,4096
90801,96.8573928331025,118574434598,7.477750040276765,240655,7.344207763671875,0.13354227660489038,1,0.000244140625,4096
90901,96.95960312499665,118692695317,7.453298399435058,239736,7.316162109375,0.13713629006005768,1,0.000244140625,4096
91001,97.0589338329155,118805387114,7.4652325656552385,240891,7.351409912109375,0.11382265354586352,1,0.000244140625,4096
91101,97.1583682501223,118921069739,7.466957511732945,241241,7.362091064453125,0.10486644727981975,1,0.000244140625,4096
91201,97.25963874999434,119034373414,7.47453496417514,242021,7.385894775390625,0.08864018878451496,1,0.000244140625,4096
91301,97.36177524994127,119152441554,7.476062633865242,241207,7.361053466796875,0.11500916706836684,1,0.000244140625,4096
91401,97.4625404169783,119267986787,7.47296955378849,240822,7.34930419921875,0.1236653545697397,1,0.000244140625,4096
91501,97.56218575011007,119377330135,7.472103015316883,240455,7.338104248046875,0.1339987672700076,1,0.000244140625,4096
91601,97.66016979212873,119485341163,7.4616671904113225,240231,7.331268310546875,0.13039887986444754,1,0.000244140625,4096
91701,97.76099570794031,119589857782,7.467419191382591,240755,7.347259521484375,0.12015966989821614,1,0.000244140625,4096
91801,97.85792229208164,119692045575,7.45584628578576,240936,7.352783203125,0.1030630826607597,1,0.000244140625,4096
91901,97.95267179212533,119792221047,7.447507127656223,240907,7.351898193359375,0.09560893429684825,1,0.000244140625,4096
92001,98.05171166709624,119893428803,7.447307661641549,240801,7.348663330078125,0.098644331563424,1,0.000244140625,4096
92101,98.15036612492986,119997692607,7.445203234934927,241276,7.3631591796875,0.08204405524742686,1,0.000244140625,4096
92201,98.24962208303623,120101564245,7.456607790240403,241468,7.3690185546875,0.08758923555290288,1,0.000244140625,4096
92301,98.34880233299918,120207967397,7.469108485064938,242022,7.38592529296875,0.08318319209618785,1,0.000244140625,4096
92401,98.44393529207446,120310062096,7.459869623127216,241428,7.3677978515625,0.09207177156471591,1,0.000244140625,4096
92501,98.5390092919115,120409723472,7.4581229770765916,241541,7.371246337890625,0.08687663918596655,1,0.000244140625,4096
92601,98.6361347080674,120510432836,7.451975537800106,240918,7.35223388671875,0.0997416510813558,1,0.000244140625,4096
92701,98.73261937499046,120613575988,7.455127481795374,241500,7.3699951171875,0.08513236460787432,1,0.000244140625,4096
92801,98.82890170812607,120714066759,7.468425182898911,242289,7.394073486328125,0.074351696570786,1,0.000244140625,4096
92901,98.92693691700697,120814726633,7.467784589767798,242874,7.41192626953125,0.05585832023654813,1,0.000244140625,4096
93001,99.02291045803577,120912241424,7.465567748270431,242650,7.40509033203125,0.06047741623918057,1,0.000244140625,4096
93101,99.11751316697337,121003969632,7.473568309641637,243039,7.416961669921875,0.056606639719761986,1,0.000244140625,4096
93201,99.21180070796981,121093599408,7.460392516571206,242633,7.404571533203125,0.055820983368080945,1,0.000244140625,4096
93301,99.30687574995682,121184963045,7.447689598844407,241446,7.36834716796875,0.0793424308756574,1,0.000244140625,4096
93401,99.4013180420734,121279377767,7.464635632299564,242039,7.386444091796875,0.07819154050268917,1,0.000244140625,4096
93501,99.49437766708434,121373486972,7.477588401285594,242835,7.410736083984375,0.06685231730121899,1,0.000244140625,4096
93601,99.58793883305043,121462274587,7.478780782682964,242832,7.41064453125,0.0681362514329642,1,0.000244140625,4096
93701,99.6827255829703,121550138405,7.475100227273659,241935,7.383270263671875,0.09182996360178386,1,0.000244140625,4096
93801,99.77750354190357,121640544114,7.480366187197597,242320,7.39501953125,0.08534665594759705,1,0.000244140625,4096
93901,99.87007441697642,121730946810,7.496545996923137,243178,7.42120361328125,0.07534238364188717,1,0.000244140625,4096
94001,99.96326245809905,121823616539,7.493864094915746,243188,7.4215087890625,0.07235530585324579,1,0.000244140625,4096
94101,100.05703479191288,121918502842,7.500065125409364,243189,7.421539306640625,0.07852581876873899,1,0.000244140625,4096
94201,100.15041541703977,122012419241,7.490178867380452,242817,7.410186767578125,0.07999209980232713,1,0.000244140625,4096
94301,100.24204645794816,122105241669,7.493666830406154,242967,7.414764404296875,0.07890242610927878,1,0.000244140625,4096
94401,100.33614520798437,122196447432,7.510073587883129,243142,7.42010498046875,0.08996860741437906,1,0.000244140625,4096
94501,100.43151370808482,122286682881,7.494366862087688,242487,7.400115966796875,0.09425089529081276,1,0.000244140625,4096
94601,100.5290804579854,122383390893,7.496951024751127,242389,7.397125244140625,0.09982578061050162,1,0.000244140625,4096
94701,100.62479870812967,122477649415,7.494960600494906,242241,7.392608642578125,0.10235195791678109,1,0.000244140625,4096
94801,100.7176837080624,122571165340,7.512291382031917,242965,7.414703369140625,0.0975880128912916,1,0.000244140625,4096
94901,100.81267450004816,122663741028,7.510287647698657,243204,7.4219970703125,0.08829057738615731,1,0.000244140625,4096
95001,100.90873549995013,122757642555,7.505821178058053,242642,7.40484619140625,0.10097498665180282,1,0.000244140625,4096
95101,101.00452508311719,122852049425,7.500908891905842,242286,7.39398193359375,0.10692695831209242,1,0.000244140625,4096
95201,101.09905020799488,122946223626,7.513663517172098,242671,7.405731201171875,0.10793231600022324,1,0.000244140625,4096
95301,101.1964888330549,123043508725,7.523426179492423,242661,7.405426025390625,0.11800015410179832,1,0.000244140625,4096
95401,101.29321866692044,123142009501,7.513893045627217,242046,7.38665771484375,0.12723533078346705,1,0.000244140625,4096
95501,101.38877049996518,123241356066,7.503011024262315,242293,7.394195556640625,0.1088154676216897,1,0.000244140625,4096
95601,101.48465633299202,123338717566,7.498191168155307,242399,7.397430419921875,0.10076074823343184,1,0.000244140625,4096
95701,101.57961716712452,123440908906,7.485264952138373,241484,7.3695068359375,0.1157581162008734,1,0.000244140625,4096
95801,101.67773541691713,123543445393,7.489520679467002,241170,7.35992431640625,0.1295963630607524,1,0.000244140625,4096
95901,101.77432008297183,123644811689,7.488047514080252,240940,7.3529052734375,0.13514224064275204,1,0.000244140625,4096
96001,101.87281383294612,123748562588,7.492331024089056,240578,7.34185791015625,0.15047311393280616,1,0.000244140625,4096
96101,101.97035066690296,123852511998,7.491306301873575,240967,7.353729248046875,0.13757705382669982,1,0.000244140625,4096
96201,102.06959695811383,123961338778,7.50894674535905,241530,7.37091064453125,0.13803610082779993,1,0.000244140625,4096
96301,102.16590491705574,124069394912,7.502353039879617,241824,7.3798828125,0.12247022737961721,1,0.000244140625,4096
96401,102.26420324994251,124181069848,7.515816375013889,241807,7.379364013671875,0.13645236134201433,1,0.000244140625,4096
96501,102.36346291704103,124298354197,7.514509361858931,241311,7.364227294921875,0.1502820669370557,1,0.000244140625,4096
96601,102.4660389169585,124415475940,7.518400255119838,241613,7.373443603515625,0.1449566516042129,1,0.000244140625,4096
96701,102.56620379211381,124533015770,7.511506119945625,241342,7.36517333984375,0.14633278010187478,1,0.000244140625,4096
96801,102.6664325420279,124653715778,7.517530229010513,241728,7.376953125,0.1405771040105126,1,0.000244140625,4096
96901,102.76913137501106,124782641655,7.513308077291317,242285,7.393951416015625,0.11935666127569178,1,0.000244140625,4096
97001,102.87209029193036,124910267962,7.505688139423686,241531,7.370941162109375,0.13474697731431107,1,0.000244140625,4096
97101,102.97565279202536,125035792423,7.500914480011004,241402,7.36700439453125,0.13391008547975414,1,0.000244140625,4096
97201,103.07670029206201,125157834523,7.484687111941204,240938,7.35284423828125,0.13184287365995395,1,0.000244140625,4096
97301,103.17952808295377,125282735247,7.501263029705892,242244,7.3927001953125,0.10856283439339176,1,0.000244140625,4096
97401,103.28345212503336,125414748248,7.503716308624718,241778,7.37847900390625,0.1252373047184676,1,0.000244140625,4096
97501,103.38802058296278,125552427155,7.512396417611738,241635,7.374114990234375,0.13828142737736293,1,0.000244140625,4096
97601,103.49467562511563,125694370502,7.521683283258279,241258,7.36260986328125,0.1590734199770294,1,0.000244140625,4096
97701,103.60235812491737,125835872869,7.51672300001997,240177,7.329620361328125,0.18710263869184462,1,0.000244140625,4096
97801,103.7092146249488,125972573418,7.5142539818497855,240446,7.33782958984375,0.17642439200603555,1,0.000244140625,4096
97901,103.81368404207751,126113052479,7.519249065701392,239952,7.32275390625,0.19649515945139218,1,0.000244140625,4096
98001,103.9218113750685,126256743837,7.513995470050032,238895,7.290496826171875,0.2234986438781572,1,0.000244140625,4096
98101,104.02840704191476,126399608631,7.535746273055313,239106,7.29693603515625,0.23881023789906308,1,0.000244140625,4096
98201,104.13368904194795,126536834911,7.542481798776601,239798,7.31805419921875,0.22442759955785085,1,0.000244140625,4096
98301,104.23909100005403,126676388046,7.535680864122954,239747,7.316497802734375,0.2191830613885788,1,0.000244140625,4096
98401,104.344051042106,126816402999,7.530880598636026,239682,7.31451416015625,0.21636643847977588,1,0.000244140625,4096
98501,104.4528471250087,126955771154,7.539998173854419,240679,7.344940185546875,0.19505798830754362,1,0.000244140625,4096
98601,104.55790104204789,127096007200,7.535174863901418,240726,7.34637451171875,0.18880035218266844,1,0.000244140625,4096
98701,104.66369808302261,127237519821,7.525339770352149,241226,7.36163330078125,0.16370646957089896,1,0.000244140625,4096
98801,104.76973058306612,127380824158,7.533317179040516,241254,7.36248779296875,0.170829386071766,1,0.000244140625,4096
98901,104.87755275005475,127527008127,7.533737050343867,240993,7.354522705078125,0.1792143452657422,1,0.000244140625,4096
99001,104.98402229207568,127671671737,7.538437851023494,240490,7.33917236328125,0.1992654877422444,1,0.000244140625,4096
99101,105.09109612507746,127819726563,7.541398513045407,240614,7.34295654296875,0.1984419700766571,1,0.000244140625,4096
99201,105.1967875000555,127966607658,7.545739851021251,240966,7.35369873046875,0.192041120552501,1,0.000244140625,4096
99301,105.30522737512365,128107888791,7.5412459180201346,240041,7.325469970703125,0.21577594731700955,1,0.000244140625,4096
99401,105.41363795800135,128247785207,7.51722204982979,240159,7.329071044921875,0.18815100490791536,1,0.000244140625,4096
99501,105.51695354213007,128384309947,7.51142256921117,240272,7.33251953125,0.17890303796117024,1,0.000244140625,4096
99601,105.62300262507051,128517114480,7.500318763817905,239850,7.31964111328125,0.18067765053665497,1,0.000244140625,4096
99701,105.72683991701342,128649512258,7.503179173286662,240569,7.341583251953125,0.16159592133353673,1,0.000244140625,4096
99801,105.83269258309156,128779589133,7.505924051030287,241387,7.366546630859375,0.13937742017091193,1,0.000244140625,4096
99901,105.935247708112,128906264231,7.491288005597379,241313,7.364288330078125,0.1269996755192544,1,0.000244140625,4096
100000,106.03404950001277,129028414365,7.4765827691654385,241090,7.35748291015625,0.11909985900918851,1,0.000244140625,4096
