epoch,elapsed_seconds,character_reads,byte_entropy,brotli_size,compressed_bpb,high_order_entropy,dominant_tape_count,dominant_tape_fraction,distinct_tapes
1,2.7710241249296814,1361134,7.99924227356333,262151,8.000213623046875,-0.0009713494835450476,1,0.000244140625,4096
101,2.8677079579792917,126628722,7.996921184504132,257619,7.861907958984375,0.13501322551975736,1,0.000244140625,4096
201,2.96196600003168,241261619,7.99386923449084,255017,7.782501220703125,0.2113680137877152,1,0.000244140625,4096
301,3.0532849999144673,352061464,7.9896405165500495,253772,7.7445068359375,0.24513368061254948,1,0.000244140625,4096
401,3.147876540897414,462918449,7.985654139633626,253194,7.72686767578125,0.2587864638523758,1,0.000244140625,4096
501,3.2393794159870595,570962699,7.980536601004005,252550,7.70721435546875,0.27332224553525464,1,0.000244140625,4096
601,3.332709207898006,679081779,7.973140712387364,250925,7.657623291015625,0.3155174213717391,1,0.000244140625,4096
701,3.424892332870513,786042605,7.963772045819514,250506,7.64483642578125,0.31893562003826403,1,0.000244140625,4096
801,3.517716582864523,887654146,7.952724492069741,250005,7.629547119140625,0.3231773729291163,1,0.000244140625,4096
901,3.6113657080568373,992770456,7.94586378779202,250416,7.64208984375,0.3037739440420202,1,0.000244140625,4096
1001,3.703112040879205,1097104828,7.938858059081076,249825,7.624053955078125,0.3148041040029508,1,0.000244140625,4096
1101,3.7922471249476075,1204210274,7.923368234160564,249011,7.599212646484375,0.3241555876761888,1,0.000244140625,4096
1201,3.8877706250641495,1309541204,7.910377584561247,248135,7.572479248046875,0.33789833651437196,1,0.000244140625,4096
1301,3.980287999846041,1415478258,7.903215664446872,248241,7.575714111328125,0.32750155311874707,1,0.000244140625,4096
1401,4.07409608294256,1521416401,7.8997868376395335,249714,7.62066650390625,0.2791203337332835,1,0.000244140625,4096
1501,4.167136957868934,1626683005,7.888834096855776,249523,7.614837646484375,0.27399645037140097,1,0.000244140625,4096
1601,4.258293707855046,1732098070,7.878863415244445,248612,7.5870361328125,0.291827282431945,1,0.000244140625,4096
1701,4.351078874897212,1839152996,7.8701890167814375,248955,7.597503662109375,0.27268535467206245,1,0.000244140625,4096
1801,4.445844250032678,1950437309,7.8544620428441,248192,7.57421875,0.28024329284409966,1,0.000244140625,4096
1901,4.542617250001058,2059823932,7.837752090479009,248054,7.57000732421875,0.2677447662602592,1,0.000244140625,4096
2001,4.637942540924996,2171370271,7.826387009172954,245832,7.502197265625,0.3241897435479544,1,0.000244140625,4096
2101,4.735813915962353,2288122644,7.800984672997364,244604,7.4647216796875,0.3362629933098642,1,0.000244140625,4096
2201,4.828158125048503,2404805203,7.792901178651207,245945,7.505645751953125,0.28725542669808224,1,0.000244140625,4096
2301,4.923586125019938,2525345722,7.781885480836848,245771,7.500335693359375,0.2815497874774726,1,0.000244140625,4096
2401,5.020910833030939,2641719487,7.776962724004801,246492,7.5223388671875,0.25462385681730115,1,0.000244140625,4096
2501,5.119089040905237,2760448389,7.777081190933168,246746,7.53009033203125,0.24699085890191785,1,0.000244140625,4096
2601,5.216938375029713,2879949326,7.763566573684921,246856,7.533447265625,0.23011930805992087,1,0.000244140625,4096
2701,5.317820166004822,3000751545,7.747395604922867,246662,7.52752685546875,0.21986874945411738,1,0.000244140625,4096
2801,5.414792665978894,3122034676,7.74031372174689,246251,7.514984130859375,0.22532959088751525,1,0.000244140625,4096
2901,5.516017665853724,3248117121,7.716418553343068,245535,7.493133544921875,0.22328500842119325,1,0.000244140625,4096
3001,5.612345832865685,3377238625,7.700615322979839,244529,7.462432861328125,0.2381824616517143,1,0.000244140625,4096
3101,5.7153934999369085,3515736799,7.6925840998778865,244338,7.45660400390625,0.2359800959716365,1,0.000244140625,4096
3201,5.818221125053242,3656220518,7.695011669305225,245342,7.48724365234375,0.20776801696147462,1,0.000244140625,4096
3301,5.923273790860549,3797924844,7.702399985937772,245571,7.494232177734375,0.2081678082033971,1,0.000244140625,4096
3401,6.029856415931135,3941945343,7.6938249773446685,244710,7.46795654296875,0.22586843437591853,2,0.00048828125,4095
3501,6.136511290911585,4089694467,7.685262210541023,244965,7.475738525390625,0.20952368515039765,1,0.000244140625,4096
3601,6.245170000009239,4240755541,7.674695472893752,245394,7.48883056640625,0.18586490648750242,1,0.000244140625,4096
3701,6.350391665939242,4392641889,7.660149994236682,245065,7.478790283203125,0.18135971103355697,1,0.000244140625,4096
3801,6.455987790832296,4540137224,7.652106097600409,244951,7.475311279296875,0.17679481830353438,1,0.000244140625,4096
3901,6.562550332862884,4687916396,7.6431188651894955,244332,7.4564208984375,0.18669796675199546,1,0.000244140625,4096
4001,6.669980125036091,4839770185,7.633883331210481,245056,7.478515625,0.15536770621048124,1,0.000244140625,4096
4101,6.777049541007727,4990759656,7.634521355362993,245404,7.4891357421875,0.1453856131754927,1,0.000244140625,4096
4201,6.889330249978229,5142160908,7.636356315453358,246109,7.510650634765625,0.1257056806877328,1,0.000244140625,4096
4301,6.997463082894683,5295968847,7.632660532075217,246048,7.5087890625,0.12387146957521722,1,0.000244140625,4096
4401,7.103573582833633,5448817570,7.621766738627219,246095,7.510223388671875,0.11154334995534398,1,0.000244140625,4096
4501,7.210672915913165,5598649118,7.611148830058431,246069,7.509429931640625,0.1017188984178059,1,0.000244140625,4096
4601,7.319883165881038,5748786510,7.6141975175916485,246749,7.530181884765625,0.08401563282602353,1,0.000244140625,4096
4701,7.4311327079776675,5901615859,7.607266533350586,246097,7.510284423828125,0.096982109522461,1,0.000244140625,4096
4801,7.539904499892145,6054788762,7.603020917007608,246066,7.50933837890625,0.0936825381013584,1,0.000244140625,4096
4901,7.646810624981299,6205731317,7.6033346401597015,246246,7.51483154296875,0.08850309719095151,1,0.000244140625,4096
5001,7.757277082884684,6359348695,7.587089048134648,246117,7.510894775390625,0.07619427274402302,1,0.000244140625,4096
5101,7.8653496250044554,6520837216,7.589135699164,246020,7.5079345703125,0.08120112885150021,1,0.000244140625,4096
5201,7.974410540889949,6684957438,7.58535357231326,246566,7.52459716796875,0.06075640434451035,1,0.000244140625,4096
5301,8.085695749847218,6847413123,7.580112997271831,246366,7.51849365234375,0.06161934492808108,1,0.000244140625,4096
5401,8.199057250050828,7010479700,7.57728673641473,246449,7.521026611328125,0.05626012508660505,1,0.000244140625,4096
5501,8.311740665929392,7177921763,7.569764449143854,245713,7.498565673828125,0.07119877531572882,1,0.000244140625,4096
5601,8.425893499981612,7347371415,7.5748323745562915,245444,7.4903564453125,0.08447592924379155,1,0.000244140625,4096
5701,8.538897291058674,7516089562,7.572239726792906,244990,7.47650146484375,0.09573826194915558,1,0.000244140625,4096
5801,8.65241212490946,7682132769,7.543115214524876,244033,7.447296142578125,0.09581907194675132,1,0.000244140625,4096
5901,8.762893083039671,7852655346,7.538892024766693,244538,7.46270751953125,0.07618450523544329,1,0.000244140625,4096
6001,8.877377124968916,8021830061,7.536820507618573,244604,7.4647216796875,0.07209882793107258,1,0.000244140625,4096
6101,8.994194249855354,8192564645,7.54037040606343,244500,7.4615478515625,0.07882255450093023,1,0.000244140625,4096
6201,9.109046790981665,8365098146,7.541079076630355,244717,7.468170166015625,0.07290891061473026,1,0.000244140625,4096
6301,9.223458250053227,8538545764,7.5078823806859045,243299,7.424896240234375,0.08298614045152952,1,0.000244140625,4096
6401,9.339661458041519,8712663008,7.5062651279794625,243550,7.43255615234375,0.07370897563571255,1,0.000244140625,4096
6501,9.452434582868591,8886248151,7.508522471116438,243771,7.439300537109375,0.06922193400706256,1,0.000244140625,4096
6601,9.569270082982257,9064047994,7.502623686229526,243614,7.43450927734375,0.06811440888577636,1,0.000244140625,4096
6701,9.684018332976848,9241423684,7.507524335756648,243594,7.43389892578125,0.07362540997539835,1,0.000244140625,4096
6801,9.79949504090473,9419631529,7.513137419345065,244247,7.453826904296875,0.05931051504818985,1,0.000244140625,4096
6901,9.914558874908835,9594756228,7.51309827902659,244234,7.45343017578125,0.059668103245339665,1,0.000244140625,4096
7001,10.027988124871626,9770718237,7.510496949858741,244577,7.463897705078125,0.046599244780615834,1,0.000244140625,4096
7101,10.142431249842048,9943744693,7.520674522808536,244481,7.460968017578125,0.059706505230410656,1,0.000244140625,4096
7201,10.25652491603978,10110901179,7.503895449177926,244094,7.44915771484375,0.05473773433417595,1,0.000244140625,4096
7301,10.370141125051305,10277818333,7.498750435237617,244097,7.449249267578125,0.04950116765949186,1,0.000244140625,4096
7401,10.479274957906455,10439257639,7.486727833780224,243627,7.434906005859375,0.05182182792084866,1,0.000244140625,4096
7501,10.590879458002746,10600712603,7.4772960300816145,243478,7.43035888671875,0.046937143362864475,1,0.000244140625,4096
7601,10.70492091588676,10760124542,7.476016075525355,243415,7.428436279296875,0.0475797962284803,1,0.000244140625,4096
7701,10.816799707943574,10919849746,7.480143924539837,243675,7.436370849609375,0.043773074930461675,1,0.000244140625,4096
7801,10.928555040853098,11081973507,7.4714346067057384,243133,7.419830322265625,0.051604284440113446,1,0.000244140625,4096
7901,11.039782415842637,11242469019,7.486853159579203,243716,7.4376220703125,0.049231089266703165,1,0.000244140625,4096
8001,11.149081415962428,11400981775,7.496241911283712,243681,7.436553955078125,0.05968795620558698,1,0.000244140625,4096
8101,11.261873207986355,11561020670,7.496182728227884,243811,7.440521240234375,0.05566148799350934,1,0.000244140625,4096
8201,11.377093957969919,11718865714,7.501149995616491,243710,7.43743896484375,0.06371103077274132,1,0.000244140625,4096
8301,11.482770249946043,11877384710,7.500273207925881,243938,7.44439697265625,0.055876235269630925,1,0.000244140625,4096
8401,11.59415708296001,12038000699,7.510755659805824,243863,7.442108154296875,0.06864750550894883,1,0.000244140625,4096
8501,11.70438970788382,12193827907,7.516396351494502,243881,7.442657470703125,0.07373888079137725,1,0.000244140625,4096
8601,11.816152457846329,12351466585,7.514873591733583,244355,7.457122802734375,0.057750788999207714,1,0.000244140625,4096
8701,11.926447374979034,12509007103,7.5107055739027295,244717,7.468170166015625,0.042535407887104526,1,0.000244140625,4096
8801,12.038738749921322,12669893387,7.5117699547271375,244461,7.460357666015625,0.05141228871151249,1,0.000244140625,4096
8901,12.151559541001916,12838748527,7.515675388284995,244343,7.456756591796875,0.05891879648812015,1,0.000244140625,4096
9001,12.263745999895036,13002928086,7.529868954942081,244732,7.4686279296875,0.061241025254581416,1,0.000244140625,4096
9101,12.375510749872774,13159206842,7.536024150627128,244783,7.470184326171875,0.06583982445525294,1,0.000244140625,4096
9201,12.483091665897518,13310773660,7.568501242702263,246255,7.515106201171875,0.0533950415303881,1,0.000244140625,4096
9301,12.594075290951878,13462703488,7.560346225601435,245667,7.497161865234375,0.06318436036706032,1,0.000244140625,4096
9401,12.703177582938224,13614277887,7.541729675441925,245297,7.485870361328125,0.05585931411379974,1,0.000244140625,4096
9501,12.81351983291097,13760383450,7.541473157597371,244850,7.47222900390625,0.06924415369112058,1,0.000244140625,4096
9601,12.921196958050132,13906770273,7.5414424655416745,245218,7.48345947265625,0.05798299288542452,1,0.000244140625,4096
9701,13.028547500027344,14049331020,7.5423189879597,245240,7.484130859375,0.05818812858469968,1,0.000244140625,4096
9801,13.136206791037694,14196652881,7.544831761215084,245254,7.48455810546875,0.06027365574633414,1,0.000244140625,4096
9901,13.244743915973231,14344913420,7.540006533698747,244858,7.47247314453125,0.0675333891674974,1,0.000244140625,4096
10001,13.35536270798184,14495938308,7.533882446364159,244826,7.47149658203125,0.06238586433290916,1,0.000244140625,4096
10101,13.464900665916502,14652712833,7.520317955687375,244122,7.45001220703125,0.07030574865612493,1,0.000244140625,4096
10201,13.57809149986133,14813824764,7.523211853354089,244142,7.45062255859375,0.0725892947603386,1,0.000244140625,4096
10301,13.689249583054334,14975953881,7.512079022041622,243652,7.4356689453125,0.07641007672912181,1,0.000244140625,4096
10401,13.801756958011538,15133477928,7.504322488793818,243124,7.4195556640625,0.08476682473131802,1,0.000244140625,4096
10501,13.913106207968667,15288567806,7.504347824326647,243104,7.4189453125,0.08540251182664704,1,0.000244140625,4096
10601,14.02223337488249,15441998699,7.506460248514707,243233,7.422882080078125,0.08357816843658217,1,0.000244140625,4096
10701,14.132009124848992,15597816752,7.504281231407207,242690,7.40631103515625,0.09797019625095693,1,0.000244140625,4096
10801,14.238870000001043,15753145156,7.507682201436509,243257,7.423614501953125,0.08406769948338422,1,0.000244140625,4096
10901,14.35286191594787,15909589107,7.5066643452125685,242747,7.408050537109375,0.09861380810319353,1,0.000244140625,4096
11001,14.464818165870383,16064070510,7.507138449875935,243285,7.424468994140625,0.08266945573531004,1,0.000244140625,4096
11101,14.574887291062623,16217546497,7.508653882997024,243647,7.435516357421875,0.07313752557514874,1,0.000244140625,4096
11201,14.68362879101187,16370728186,7.496021839763399,241717,7.376617431640625,0.11940440812277409,1,0.000244140625,4096
11301,14.794371915981174,16523468440,7.490964657878198,242740,7.4078369140625,0.0831277438156981,1,0.000244140625,4096
11401,14.900599124841392,16671282896,7.485425633943464,242685,7.406158447265625,0.07926718667783916,1,0.000244140625,4096
11501,15.005090874852613,16819397413,7.473931432325854,242128,7.38916015625,0.08477127607585366,1,0.000244140625,4096
11601,15.114809416001663,16968829780,7.479419840694497,242121,7.388946533203125,0.09047330749137217,1,0.000244140625,4096
11701,15.224278958048671,17123474593,7.478686277055002,241879,7.381561279296875,0.09712499775812677,1,0.000244140625,4096
11801,15.334566874895245,17277214638,7.47609419608688,241422,7.36761474609375,0.10847944999312986,1,0.000244140625,4096
11901,15.443164583062753,17431952423,7.489698595801587,241978,7.38458251953125,0.10511607627033737,1,0.000244140625,4096
12001,15.554060833062977,17583005795,7.482875468584268,241777,7.378448486328125,0.10442698225614322,1,0.000244140625,4096
12101,15.664342582924291,17733600843,7.490480236182597,241875,7.381439208984375,0.10904102719822184,1,0.000244140625,4096
12201,15.777176999952644,17881219533,7.485704967659371,241387,7.366546630859375,0.11915833679999643,1,0.000244140625,4096
12301,15.886355208000168,18029802600,7.4938446656674,241762,7.37799072265625,0.1158539430111496,1,0.000244140625,4096
12401,15.994844707893208,18175219945,7.489993803871844,241395,7.366790771484375,0.12320303238746888,1,0.000244140625,4096
12501,16.100742500042543,18318960164,7.473347968454263,241350,7.36541748046875,0.10793048798551297,1,0.000244140625,4096
12601,16.209715332835913,18462702898,7.471590789433062,241867,7.381195068359375,0.09039572107368699,1,0.000244140625,4096
12701,16.318552125012502,18607745417,7.473552135818693,242508,7.4007568359375,0.07279529988119293,1,0.000244140625,4096
12801,16.42551108286716,18753356089,7.464999721829488,241643,7.374359130859375,0.09064059097011334,1,0.000244140625,4096
12901,16.53428849996999,18894905343,7.4637557649970265,241408,7.3671875,0.09656826499702653,1,0.000244140625,4096
13001,16.642008916009218,19036881325,7.44566385182076,241063,7.356658935546875,0.08900491627388529,1,0.000244140625,4096
13101,16.74963270802982,19180020412,7.456017964283291,241191,7.360565185546875,0.09545277873641567,1,0.000244140625,4096
13201,16.853890375001356,19321972607,7.45370896355448,241165,7.359771728515625,0.09393723503885543,1,0.000244140625,4096
13301,16.959796249866486,19464713481,7.465661638873671,242770,7.40875244140625,0.05690919746742118,1,0.000244140625,4096
13401,17.066050374880433,19608000709,7.468743602306711,241877,7.381500244140625,0.08724335816608608,1,0.000244140625,4096
13501,17.170606582891196,19750406601,7.478652829907057,241614,7.37347412109375,0.10517870881330715,1,0.000244140625,4096
13601,17.276913332985714,19892243495,7.470730716346441,241702,7.37615966796875,0.09457104837769137,1,0.000244140625,4096
13701,17.38421233301051,20032390686,7.466550386568361,241403,7.367034912109375,0.09951547445898612,1,0.000244140625,4096
13801,17.489970749942586,20172309072,7.4618325593243,241054,7.35638427734375,0.10544828198055001,1,0.000244140625,4096
13901,17.59452808299102,20309921631,7.455795830298477,240597,7.342437744140625,0.11335808615785226,1,0.000244140625,4096
14001,17.699184249853715,20445834108,7.472822953441833,241462,7.36883544921875,0.1039875042230829,1,0.000244140625,4096
14101,17.802673915866762,20581357483,7.478310618072516,241164,7.3597412109375,0.11856940713501629,1,0.000244140625,4096
14201,17.910382790956646,20717741670,7.4801409960964715,242031,7.386199951171875,0.09394104492459654,1,0.000244140625,4096
14301,18.012586707947776,20853537655,7.489000677496854,242198,7.39129638671875,0.09770429077810405,1,0.000244140625,4096
14401,18.11581362504512,20987057183,7.491689689286494,242232,7.392333984375,0.0993557049114937,1,0.000244140625,4096
14501,18.220324707916006,21121277309,7.493763402915245,242618,7.40411376953125,0.08964963338399468,1,0.000244140625,4096
14601,18.327756833052263,21257665499,7.514602641026422,243000,7.415771484375,0.09883115665142217,1,0.000244140625,4096
14701,18.433671665843576,21400327344,7.5157006349769615,242776,7.408935546875,0.1067650881019615,1,0.000244140625,4096
14801,18.538837332976982,21541215743,7.523494742040571,242512,7.40087890625,0.12261583579057067,1,0.000244140625,4096
14901,18.64588458300568,21682540467,7.535961001732351,242007,7.385467529296875,0.15049347243547562,1,0.000244140625,4096
15001,18.750923082930967,21822385332,7.528788057296822,241261,7.362701416015625,0.166086641281197,1,0.000244140625,4096
15101,18.856174750020728,21963978552,7.528592174257411,241224,7.361572265625,0.1670199086324109,1,0.000244140625,4096
15201,18.96366533287801,22107500915,7.526137394668033,241253,7.362457275390625,0.16368011927740778,1,0.000244140625,4096
15301,19.070355125004426,22245790520,7.526598549164483,241384,7.366455078125,0.16014347103948268,1,0.000244140625,4096
15401,19.175334624946117,22383884112,7.5379894475314595,241912,7.382568359375,0.1554210881564595,1,0.000244140625,4096
15501,19.281416249927133,22518349474,7.541159419751697,242689,7.406280517578125,0.1348789021735719,1,0.000244140625,4096
15601,19.386985125020146,22653332055,7.532143857483188,242948,7.4141845703125,0.11795928717068804,1,0.000244140625,4096
15701,19.49293537484482,22786450308,7.533806200732836,242523,7.401214599609375,0.1325916011234609,1,0.000244140625,4096
15801,19.59912983304821,22918493775,7.545462695832921,242909,7.412994384765625,0.13246831106729573,1,0.000244140625,4096
15901,19.702517790952697,23047595762,7.548458214695893,243527,7.431854248046875,0.11660396664901818,1,0.000244140625,4096
16001,19.80572195793502,23175958496,7.551885395420515,243535,7.432098388671875,0.1197870067486404,1,0.000244140625,4096
16101,19.908534874906763,23303899286,7.5554752987212375,243761,7.438995361328125,0.11647993739311246,1,0.000244140625,4096
16201,20.013883957872167,23432551352,7.558250861015456,244114,7.44976806640625,0.1084827946092064,1,0.000244140625,4096
16301,20.11484449985437,23561545520,7.554533608598787,243601,7.434112548828125,0.12042105977066164,1,0.000244140625,4096
16401,20.2202787080314,23690380047,7.545729754348489,243121,7.419464111328125,0.12626564302036414,1,0.000244140625,4096
16501,20.326992332935333,23822486894,7.547136105465456,242827,7.410491943359375,0.136644162106081,1,0.000244140625,4096
16601,20.43120866594836,23956443854,7.540606256265128,242666,7.40557861328125,0.1350276429838777,1,0.000244140625,4096
16701,20.537717832950875,24091774401,7.535250148960707,241729,7.376983642578125,0.15826650638258233,1,0.000244140625,4096
16801,20.64028341602534,24223169542,7.538166690163133,241931,7.383148193359375,0.15501849680375823,1,0.000244140625,4096
16901,20.742816207930446,24353208060,7.551266339266226,242562,7.40240478515625,0.1488615541099758,1,0.000244140625,4096
17001,20.84462891588919,24483242360,7.556779041953563,243107,7.419036865234375,0.13774217671918798,1,0.000244140625,4096
17101,20.942335332976654,24612186903,7.557988406806037,242649,7.405059814453125,0.15292859235291179,1,0.000244140625,4096
17201,21.04523104103282,24740709483,7.559200209173227,242430,7.39837646484375,0.16082374432947688,1,0.000244140625,4096
17301,21.147538249846548,24864974342,7.55777343721751,242620,7.4041748046875,0.15359863253001027,1,0.000244140625,4096
17401,21.246166582917795,24989620976,7.553885521216403,242996,7.4156494140625,0.13823610715390267,1,0.000244140625,4096
17501,21.34998833294958,25117113187,7.568066028675116,243451,7.429534912109375,0.13853111656574058,1,0.000244140625,4096
17601,21.449905958026648,25242079672,7.5632921814253145,243588,7.4337158203125,0.12957636111281445,1,0.000244140625,4096
17701,21.550230958033353,25367384219,7.553460241822258,243750,7.43865966796875,0.11480057385350761,1,0.000244140625,4096
17801,21.653313749935478,25492588110,7.555791105818877,243984,7.44580078125,0.10999032456887736,1,0.000244140625,4096
17901,21.754043665947393,25614765274,7.551950346498436,244039,7.447479248046875,0.10447109845156088,1,0.000244140625,4096
18001,21.853590332902968,25737306290,7.543548252186369,243709,7.437408447265625,0.10613980492074404,1,0.000244140625,4096
18101,21.955994749907404,25864172412,7.5515735832620265,243787,7.439788818359375,0.11178476490265155,1,0.000244140625,4096
18201,22.05736079090275,25987510165,7.548692657134726,243539,7.432220458984375,0.11647219815035115,1,0.000244140625,4096
18301,22.158354290993884,26107960661,7.551409904857157,243793,7.439971923828125,0.1114379810290318,1,0.000244140625,4096
18401,22.261091040913016,26227472883,7.550375778170683,242867,7.411712646484375,0.13866313168630828,1,0.000244140625,4096
18501,22.361109624849632,26344519045,7.5535433377684456,242838,7.41082763671875,0.14271570104969555,1,0.000244140625,4096
18601,22.460835832869634,26461511299,7.544720377589268,241867,7.381195068359375,0.16352530922989317,1,0.000244140625,4096
18701,22.559390707872808,26579628451,7.540794715053018,241956,7.3839111328125,0.15688358224051768,1,0.000244140625,4096
18801,22.66162204090506,26692509771,7.534954588901851,242618,7.40411376953125,0.13084081937060077,1,0.000244140625,4096
18901,22.76080537494272,26804147882,7.536483240142056,242964,7.4146728515625,0.12181038857955606,1,0.000244140625,4096
19001,22.860171540873125,26909789166,7.5317366157445615,243184,7.42138671875,0.11034989699456155,1,0.000244140625,4096
19101,22.95629774988629,27017515383,7.526962634187516,243134,7.41986083984375,0.10710179434376599,1,0.000244140625,4096
19201,23.054908083053306,27127794433,7.526989949025893,243414,7.42840576171875,0.09858418730714291,1,0.000244140625,4096
19301,23.15401304094121,27242521470,7.520670324381662,243666,7.43609619140625,0.08457413297541194,1,0.000244140625,4096
19401,23.253393416060135,27355454906,7.533878344657992,243816,7.440673828125,0.09320451653299244,1,0.000244140625,4096
19501,23.351172749884427,27467469148,7.526661483948615,243359,7.426727294921875,0.09993418902674023,1,0.000244140625,4096
19601,23.44825058290735,27582190316,7.534803489195338,244029,7.447174072265625,0.08762941692971271,1,0.000244140625,4096
19701,23.548860999988392,27694956487,7.5207061391898575,243539,7.432220458984375,0.08848568020548253,1,0.000244140625,4096
19801,23.647746291011572,27807303143,7.527700193978426,243538,7.43218994140625,0.0955102525721756,1,0.000244140625,4096
19901,23.745575041044503,27915700540,7.530560409756815,243112,7.419189453125,0.11137095663181462,1,0.000244140625,4096
20001,23.8437123328913,28027215981,7.543062777618525,243410,7.42828369140625,0.11477908621227506,1,0.000244140625,4096
20101,23.942069082986563,28139706680,7.524221980915533,241669,7.375152587890625,0.14906939302490763,1,0.000244140625,4096
20201,24.043084250064567,28260939742,7.523172393298635,240569,7.341583251953125,0.18158914134551019,1,0.000244140625,4096
20301,24.144431582884863,28383868540,7.525827500141723,240505,7.339630126953125,0.1861973731885982,1,0.000244140625,4096
20401,24.245698207989335,28507842077,7.529062916042361,241219,7.361419677734375,0.16764323830798578,1,0.000244140625,4096
20501,24.350547540932894,28634189115,7.529482797727411,242202,7.39141845703125,0.13806434069616103,1,0.000244140625,4096
20601,24.45457712491043,28761608514,7.535021217231648,243158,7.42059326171875,0.1144279555128982,1,0.000244140625,4096
20701,24.55857799993828,28895169698,7.530962689365542,242695,7.406463623046875,0.12449906631866714,1,0.000244140625,4096
20801,24.665903207845986,29031300500,7.53300561844622,242581,7.402984619140625,0.13002099930559474,1,0.000244140625,4096
20901,24.772771290969104,29170654223,7.535949187109582,242705,7.406768798828125,0.12918038828145662,1,0.000244140625,4096
21001,24.878622290911153,29310410688,7.550789536364586,243358,7.42669677734375,0.12409275902083561,1,0.000244140625,4096
21101,24.983834458049387,29450432385,7.54779805860133,242760,7.408447265625,0.13935079297633024,1,0.000244140625,4096
21201,25.089582624845207,29589534492,7.542663450225365,242882,7.41217041015625,0.13049304006911466,1,0.000244140625,4096
21301,25.195973749971017,29730835745,7.546647606710762,243661,7.435943603515625,0.11070400319513674,1,0.000244140625,4096
21401,25.30517524993047,29872534497,7.54755233417103,243545,7.432403564453125,0.115148769717905,1,0.000244140625,4096
21501,25.411556791048497,30014006049,7.553791431097853,243703,7.437225341796875,0.1165660893009779,1,0.000244140625,4096
21601,25.515762249939144,30159203820,7.546051321222356,243171,7.420989990234375,0.12506133098798067,1,0.000244140625,4096
21701,25.622372249839827,30306109596,7.538885179038569,242647,7.404998779296875,0.13388639974169436,1,0.000244140625,4096
21801,25.732288250001147,30456953155,7.534023634434484,242746,7.40802001953125,0.12600361490323397,1,0.000244140625,4096
21901,25.841784083051607,30605701134,7.5193820649687,242937,7.413848876953125,0.10553318801557499,1,0.000244140625,4096
22001,25.95072408299893,30751933307,7.513292675024247,243681,7.436553955078125,0.07673871994612202,1,0.000244140625,4096
22101,26.058910625055432,30898195743,7.511442396822945,244137,7.450469970703125,0.0609724261198199,1,0.000244140625,4096
22201,26.166005249833688,31039337874,7.5038594658710185,243527,7.431854248046875,0.07200521782414349,1,0.000244140625,4096
22301,26.272754041012377,31178588415,7.518337105382582,244189,7.452056884765625,0.0662802206169566,1,0.000244140625,4096
22401,26.38156033284031,31321175206,7.530659303554321,244829,7.471588134765625,0.05907116878869623,1,0.000244140625,4096
22501,26.488822165876627,31465019916,7.542551861091816,245333,7.486968994140625,0.05558286695119108,1,0.000244140625,4096
22601,26.59781620791182,31608216330,7.54870817954793,245656,7.496826171875,0.05188200767292983,1,0.000244140625,4096
22701,26.707023832947016,31754848620,7.544881023824384,245602,7.49517822265625,0.049702801168134414,1,0.000244140625,4096
22801,26.815502915997058,31902948010,7.548632634370814,244231,7.453338623046875,0.09529401132393911,1,0.000244140625,4096
22901,26.923385750036687,32044595353,7.538831733968433,242303,7.394500732421875,0.14433100154655776,1,0.000244140625,4096
23001,27.030573999974877,32182125788,7.526933282223574,240816,7.34912109375,0.17781218847357394,1,0.000244140625,4096
23101,27.13533733296208,32319037193,7.531390166334958,240238,7.33148193359375,0.19990823274120828,1,0.000244140625,4096
23201,27.23876874987036,32453296312,7.532950639379979,239136,7.2978515625,0.23509907687997877,1,0.000244140625,4096
23301,27.33970133285038,32582707454,7.517169291951658,238395,7.275238037109375,0.2419312548422834,1,0.000244140625,4096
23401,27.441054415889084,32707477699,7.528064850160371,238164,7.2681884765625,0.2598763735978711,1,0.000244140625,4096
23501,27.543009915854782,32829805967,7.538582935150826,239220,7.3004150390625,0.238167896088326,1,0.000244140625,4096
23601,27.647149082971737,32956371224,7.530058655971918,240682,7.34503173828125,0.18502691769066804,1,0.000244140625,4096
23701,27.747674082871526,33081414342,7.522875843429228,241590,7.37274169921875,0.15013414421047777,1,0.000244140625,4096
23801,27.850656915921718,33207580294,7.516819483034779,241544,7.371337890625,0.1454815924097792,1,0.000244140625,4096
23901,27.954971249913797,33334885108,7.5301377733368815,242583,7.403045654296875,0.1270921190400065,1,0.000244140625,4096
24001,28.059535207925364,33462814046,7.534612206576938,243035,7.416839599609375,0.11777260696756287,1,0.000244140625,4096
24101,28.164317958056927,33591235961,7.540585241073604,243440,7.42919921875,0.11138602232360384,1,0.000244140625,4096
24201,28.267190875019878,33718799555,7.546221805072858,243599,7.434051513671875,0.11217029140098322,1,0.000244140625,4096
24301,28.37194608291611,33846873254,7.551504508898928,243741,7.438385009765625,0.11311949913330288,1,0.000244140625,4096
24401,28.47868474991992,33980715552,7.545514715580335,243560,7.432861328125,0.11265338745533526,1,0.000244140625,4096
24501,28.585921874968335,34120281747,7.552969442117364,243497,7.430938720703125,0.1220307214142391,1,0.000244140625,4096
24601,28.69178295787424,34256748989,7.559579069690403,243486,7.43060302734375,0.12897604234665305,1,0.000244140625,4096
24701,28.798136041034013,34396639757,7.566925518427558,243658,7.43585205078125,0.13107346764630812,1,0.000244140625,4096
24801,28.902376165846363,34540520525,7.566971608175606,243839,7.441375732421875,0.12559587575373143,1,0.000244140625,4096
24901,29.01131233293563,34687530130,7.564359926315483,241890,7.38189697265625,0.1824629536592326,1,0.000244140625,4096
25001,29.11835674988106,34835670510,7.557210195550761,241771,7.378265380859375,0.1789448146913859,1,0.000244140625,4096
25101,29.230150416027755,34985815119,7.5559491139382295,241866,7.38116455078125,0.17478456315697954,1,0.000244140625,4096
25201,29.341719332849607,35138528177,7.559540356756788,241270,7.36297607421875,0.19656428253803782,1,0.000244140625,4096
25301,29.448918916052207,35282823250,7.547720665901178,241486,7.36956787109375,0.17815279480742774,1,0.000244140625,4096
25401,29.559366083005443,35426025718,7.542428865262577,241434,7.36798095703125,0.17444790823132728,1,0.000244140625,4096
25501,29.668649415951222,35573623887,7.524648689505133,240836,7.3497314453125,0.174917244192633,1,0.000244140625,4096
25601,29.778737040935084,35729759572,7.535812002157557,240609,7.342803955078125,0.19300804707943175,1,0.000244140625,4096
25701,29.890919707948342,35885845660,7.525933568911567,240440,7.337646484375,0.18828708453656695,1,0.000244140625,4096
25801,30.00142908305861,36039481965,7.511939140053999,240392,7.336181640625,0.17575749942899943,1,0.000244140625,4096
25901,30.112088040914387,36193336012,7.515882777626938,240325,7.334136962890625,0.18174581473631335,1,0.000244140625,4096
26001,30.22132304101251,36342706318,7.5085603532850715,240398,7.33636474609375,0.17219560719132154,1,0.000244140625,4096
26101,30.3309727080632,36499004786,7.5017938355139115,240036,7.3253173828125,0.17647645270141155,1,0.000244140625,4096
26201,30.44195345789194,36659476242,7.48884178012504,239740,7.3162841796875,0.17255760043753998,1,0.000244140625,4096
26301,30.555503790965304,36821743613,7.492628726083478,240646,7.34393310546875,0.14869562061472763,1,0.000244140625,4096
26401,30.666497540893033,36981407386,7.506636939259599,241382,7.36639404296875,0.1402428962908493,1,0.000244140625,4096
26501,30.775688583031297,37138629799,7.51979416998087,241580,7.3724365234375,0.14735764654337036,1,0.000244140625,4096
26601,30.88665433297865,37295676883,7.512467722858025,241588,7.3726806640625,0.139787058795525,1,0.000244140625,4096
26701,30.997301207855344,37449614866,7.520814008924317,241770,7.37823486328125,0.14257914564306695,1,0.000244140625,4096
26801,31.1104345000349,37608050276,7.516986021710845,241869,7.381256103515625,0.13572991819521985,1,0.000244140625,4096
26901,31.219021207885817,37763556143,7.518706625468795,241468,7.3690185546875,0.14968807078129487,1,0.000244140625,4096
27001,31.332138957921416,37914704398,7.522878951804659,241782,7.37860107421875,0.1442778775859086,1,0.000244140625,4096
27101,31.43750137486495,38060519611,7.513479284540755,241961,7.384063720703125,0.12941556383762975,1,0.000244140625,4096
27201,31.544440791010857,38209588701,7.525777536137484,242471,7.399627685546875,0.12614985059060935,1,0.000244140625,4096
27301,31.655142624862492,38357779442,7.522722909876386,242424,7.398193359375,0.1245295505013857,1,0.000244140625,4096
27401,31.76449325005524,38506189433,7.527778825349714,243146,7.42022705078125,0.10755177456846443,1,0.000244140625,4096
27501,31.870367707917467,38648622227,7.522534384974183,242480,7.39990234375,0.12263204122418259,1,0.000244140625,4096
27601,31.977393666049466,38786253107,7.522966039824544,242432,7.3984375,0.12452853982454393,1,0.000244140625,4096
27701,32.08087541605346,38922589039,7.528863491512025,242861,7.411529541015625,0.11733395049640016,1,0.000244140625,4096
27801,32.18619166593999,39060195545,7.53225584808665,243546,7.43243408203125,0.09982176605539994,1,0.000244140625,4096
27901,32.29404770792462,39196259000,7.531918037705966,243253,7.423492431640625,0.10842560606534057,1,0.000244140625,4096
28001,32.39693137491122,39337106738,7.530658171343619,243721,7.437774658203125,0.09288351314049414,1,0.000244140625,4096
28101,32.5028037908487,39481421994,7.5372289657792635,242986,7.41534423828125,0.12188472749801349,1,0.000244140625,4096
28201,32.60960858291946,39627318434,7.5298248048519385,242442,7.39874267578125,0.1310821290706885,1,0.000244140625,4096
28301,32.71845366596244,39775991256,7.526557645252666,242867,7.411712646484375,0.1148449987682909,1,0.000244140625,4096
28401,32.82730824989267,39925707434,7.513250088660351,242476,7.3997802734375,0.11346981522285127,1,0.000244140625,4096
28501,32.9345318749547,40069287946,7.514295414501421,242257,7.393096923828125,0.12119849067329636,1,0.000244140625,4096
28601,33.0389764579013,40208839804,7.514246151586262,242368,7.396484375,0.11776177658626175,1,0.000244140625,4096
28701,33.14408183284104,40350065852,7.516887561122207,242512,7.40087890625,0.11600865487220702,1,0.000244140625,4096
28801,33.24921662500128,40487441851,7.51908714129818,242734,7.40765380859375,0.11143333270443012,1,0.000244140625,4096
28901,33.354448457947,40621386952,7.525588675080789,243149,7.420318603515625,0.10527007156516444,1,0.000244140625,4096
29001,33.45834799995646,40753286385,7.512769074428794,242872,7.411865234375,0.10090384005379427,1,0.000244140625,4096
29101,33.560465374961495,40881200787,7.497193174302053,242424,7.398193359375,0.09899981492705301,1,0.000244140625,4096
29201,33.66368216602132,41011153614,7.497071553262022,242685,7.406158447265625,0.09091310599639701,1,0.000244140625,4096
29301,33.768982416018844,41142087837,7.48972403000151,241822,7.37982177734375,0.10990225265776044,1,0.000244140625,4096
29401,33.87317758286372,41268787741,7.479673447244435,241921,7.382843017578125,0.09683042966631028,1,0.000244140625,4096
29501,33.97440274991095,41396874351,7.472866076499546,241723,7.376800537109375,0.09606553939017104,1,0.000244140625,4096
29601,34.077579707838595,41524961614,7.488313653867323,242462,7.39935302734375,0.08896062652357273,1,0.000244140625,4096
29701,34.18321554083377,41652161562,7.487366262343977,242525,7.401275634765625,0.0860906275783524,1,0.000244140625,4096
29801,34.286764290882275,41779567085,7.480226133069435,242026,7.38604736328125,0.09417876978818462,1,0.000244140625,4096
29901,34.387418957892805,41903545294,7.480652379012097,241478,7.36932373046875,0.11132864854334734,1,0.000244140625,4096
30001,34.48655562498607,42025212880,7.491772161080763,241842,7.38043212890625,0.11134003217451305,1,0.000244140625,4096
30101,34.58715754095465,42151291789,7.494790080988108,241687,7.375701904296875,0.11908817669123284,1,0.000244140625,4096
30201,34.6889863749966,42272230410,7.482623954204797,240713,7.345977783203125,0.1366461710016722,1,0.000244140625,4096
30301,34.78891470795497,42394635079,7.494143037079564,240807,7.348846435546875,0.14529660153268864,1,0.000244140625,4096
30401,34.891163874883205,42513026352,7.49001807375078,240818,7.34918212890625,0.14083594484452977,1,0.000244140625,4096
30501,34.9890706660226,42629663334,7.491788141677388,240902,7.35174560546875,0.1400425362086377,1,0.000244140625,4096
30601,35.086124666035175,42742966547,7.494729271903852,241156,7.3594970703125,0.13523220159135185,1,0.000244140625,4096
30701,35.18867237493396,42855904410,7.487674709169131,240801,7.348663330078125,0.1390113790910057,1,0.000244140625,4096
30801,35.29031562502496,42967686480,7.511823550671533,241908,7.3824462890625,0.12937726160903296,1,0.000244140625,4096
30901,35.38895699987188,43079559667,7.518420204967063,242488,7.400146484375,0.11827372059206276,1,0.000244140625,4096
31001,35.49173187487759,43193327689,7.514514106866651,242197,7.391265869140625,0.12324823772602578,1,0.000244140625,4096
31101,35.59257350000553,43308867456,7.520086990051288,241401,7.366973876953125,0.1531131130981631,1,0.000244140625,4096
31201,35.691037375014275,43424214359,7.520916416056495,241765,7.378082275390625,0.14283414066586975,1,0.000244140625,4096
31301,35.78838583291508,43537099816,7.527444347027389,242093,7.388092041015625,0.13935230601176407,1,0.000244140625,4096
31401,35.8872931660153,43649253300,7.517212931310007,241388,7.3665771484375,0.15063578287250667,1,0.000244140625,4096
31501,35.988483750028536,43765413814,7.517807354336832,240865,7.350616455078125,0.16719089925870723,1,0.000244140625,4096
31601,36.08900974993594,43883385324,7.5156453225700925,241112,7.358154296875,0.15749102569509255,1,0.000244140625,4096
31701,36.191234374884516,44003394420,7.519564045383476,241624,7.373779296875,0.14578474850847556,1,0.000244140625,4096
31801,36.29081799997948,44121040214,7.527947444473599,242562,7.40240478515625,0.12554265931734943,1,0.000244140625,4096
31901,36.389636083040386,44236844114,7.529006937647933,242199,7.391326904296875,0.13768003335105838,1,0.000244140625,4096
32001,36.4835941249039,44351835792,7.517267675651403,242305,7.394561767578125,0.12270590807327775,1,0.000244140625,4096
32101,36.58219287497923,44470298532,7.531335150849292,242787,7.409271240234375,0.12206391061491662,1,0.000244140625,4096
32201,36.68406616593711,44590978927,7.538659865748231,242374,7.39666748046875,0.14199238527948133,1,0.000244140625,4096
32301,36.786020250059664,44717232052,7.539744044199509,241891,7.381927490234375,0.15781655396513372,1,0.000244140625,4096
32401,36.888473958009854,44843772779,7.537578896506082,242178,7.39068603515625,0.1468928613498317,1,0.000244140625,4096
32501,36.99253820790909,44971852806,7.545264340846286,242032,7.38623046875,0.15903387209628583,1,0.000244140625,4096
32601,37.09701354103163,45105021631,7.530413432983022,240990,7.35443115234375,0.17598228063927213,1,0.000244140625,4096
32701,37.20241404091939,45242376861,7.52693610364293,241373,7.366119384765625,0.16081671887730487,1,0.000244140625,4096
32801,37.30676733283326,45378477008,7.519765485081698,240437,7.337554931640625,0.18221055344107295,1,0.000244140625,4096
32901,37.41440004087053,45517519485,7.514621408080234,240485,7.339019775390625,0.1756016326896086,1,0.000244140625,4096
33001,37.51884041586891,45657342916,7.513215703401961,240207,7.330535888671875,0.18267981473008632,2,0.00048828125,4095
33101,37.62324587488547,45796139670,7.526737959531984,240642,7.34381103515625,0.18292692437573432,1,0.000244140625,4096
33201,37.73032383294776,45937838253,7.529079456412918,240513,7.339874267578125,0.18920518883479343,1,0.000244140625,4096
33301,37.83682187483646,46077911869,7.525989668560755,240559,7.341278076171875,0.18471159238888024,1,0.000244140625,4096
33401,37.94205683283508,46219631703,7.535384583637634,240668,7.3446044921875,0.19078009145013386,1,0.000244140625,4096
33501,38.050435916054994,46360137370,7.517797984187643,239881,7.320587158203125,0.19721082598451822,1,0.000244140625,4096
33601,38.15619820798747,46499936704,7.501446454664425,239724,7.3157958984375,0.18565055622692483,1,0.000244140625,4096
33701,38.26158183300868,46641697770,7.510403577455553,240694,7.34539794921875,0.16500562823680287,1,0.000244140625,4096
33801,38.36669549997896,46782178586,7.5207994811456595,241246,7.36224365234375,0.15855582880190955,1,0.000244140625,4096
33901,38.47192020784132,46925658953,7.503715540308479,240821,7.349273681640625,0.15444185866785443,1,0.000244140625,4096
34001,38.580675333039835,47073192306,7.486217894083255,240626,7.34332275390625,0.14289514017700533,1,0.000244140625,4096
34101,38.68937833304517,47226332487,7.484975178060709,240524,7.3402099609375,0.14476521712320878,1,0.000244140625,4096
34201,38.799048624932766,47382223434,7.474426125618979,240140,7.3284912109375,0.14593491468147857,1,0.000244140625,4096
34301,38.90687841596082,47540366475,7.475234653490277,240546,7.34088134765625,0.13435330583402738,1,0.000244140625,4096
34401,39.019173957873136,47698837089,7.493446584089405,240639,7.343719482421875,0.1497271016675299,1,0.000244140625,4096
34501,39.129427375039086,47854392608,7.490654369251875,240654,7.34417724609375,0.14647712315812544,1,0.000244140625,4096
34601,39.241254416061565,48010198741,7.491582080419375,240778,7.34796142578125,0.14362065463812534,1,0.000244140625,4096
34701,39.35378987505101,48167688384,7.49812322906463,240858,7.35040283203125,0.14772039703338002,1,0.000244140625,4096
34801,39.464371082838625,48323312079,7.494085273711589,240669,7.344635009765625,0.1494502639459636,1,0.000244140625,4096
34901,39.57472145790234,48478428789,7.49208756939586,240331,7.334320068359375,0.15776750103648496,1,0.000244140625,4096
35001,39.682737540919334,48624615127,7.5031769075113806,241279,7.363250732421875,0.13992617508950556,1,0.000244140625,4096
35101,39.78931637504138,48769750290,7.505837266564006,241327,7.364715576171875,0.14112169039213107,1,0.000244140625,4096
35201,39.89514099992812,48913112099,7.51268068514412,241455,7.368621826171875,0.14405885897224469,1,0.000244140625,4096
35301,40.001341958064586,49057088903,7.511902155186306,241809,7.379425048828125,0.13247710635818066,1,0.000244140625,4096
35401,40.1081261660438,49203271485,7.495703167588653,241550,7.37152099609375,0.12418217149490296,1,0.000244140625,4096
35501,40.215059499954805,49353214576,7.4978929381095645,241265,7.362823486328125,0.13506945178143948,1,0.000244140625,4096
35601,40.32645629090257,49503858625,7.50813111801912,241072,7.35693359375,0.15119752426912036,1,0.000244140625,4096
35701,40.436514207860455,49654217153,7.522595105135459,241644,7.3743896484375,0.14820545669795937,1,0.000244140625,4096
35801,40.54415120789781,49802458722,7.532525349482726,241877,7.381500244140625,0.151025105342101,1,0.000244140625,4096
35901,40.65171329095028,49946244303,7.522165977137624,241906,7.38238525390625,0.13978072323137436,1,0.000244140625,4096
36001,40.757743790978566,50086379825,7.512628591494494,241144,7.359130859375,0.1534977321194937,1,0.000244140625,4096
36101,40.86406358284876,50226846744,7.508223483005761,241491,7.369720458984375,0.1385030240213858,1,0.000244140625,4096
36201,40.97110587498173,50369316529,7.5059679125046435,241533,7.371002197265625,0.13496571523901846,1,0.000244140625,4096
36301,41.07842966588214,50510426287,7.500857584670158,241369,7.365997314453125,0.1348602702170334,1,0.000244140625,4096
36401,41.18460720800795,50648541852,7.476469554600746,240864,7.3505859375,0.12588361710074558,1,0.000244140625,4096
36501,41.28908987506293,50779965479,7.487775414441509,241144,7.359130859375,0.12864455506650874,1,0.000244140625,4096
36601,41.392518416047096,50909175787,7.498224203784638,241043,7.356048583984375,0.1421756198002626,1,0.000244140625,4096
36701,41.49692124989815,51045446728,7.510612276943887,241557,7.371734619140625,0.13887765780326156,1,0.000244140625,4096
36801,41.600499500054866,51180663935,7.490267776450928,241334,7.36492919921875,0.12533857723217778,1,0.000244140625,4096
36901,41.705775207839906,51320198723,7.47652504758741,241033,7.355743408203125,0.1207816393842851,1,0.000244140625,4096
37001,41.81417454103939,51457239827,7.48138622513383,241071,7.356903076171875,0.12448314896195534,1,0.000244140625,4096
37101,41.919545541051775,51591938286,7.505692524127926,242038,7.38641357421875,0.11927894990917576,1,0.000244140625,4096
37201,42.01872016605921,51724282946,7.514006681015329,242186,7.39093017578125,0.12307650523407876,1,0.000244140625,4096
37301,42.12126649986021,51855301999,7.530926946548611,243574,7.43328857421875,0.09763837232986106,1,0.000244140625,4096
37401,42.223256832920015,51982818424,7.531659137163325,243297,7.424835205078125,0.10682393208519958,1,0.000244140625,4096
37501,42.326837125001475,52112828537,7.536150466950525,243279,7.424285888671875,0.1118645782786496,1,0.000244140625,4096
37601,42.43070904095657,52242574038,7.545003227084721,243645,7.435455322265625,0.10954790481909615,1,0.000244140625,4096
37701,42.53241658303887,52368336356,7.546549346078333,243379,7.427337646484375,0.11921169959395783,1,0.000244140625,4096
37801,42.63513129088096,52496136780,7.543339400511928,243680,7.4365234375,0.10681596301192808,1,0.000244140625,4096
37901,42.738378250040114,52628343760,7.532772173326265,242908,7.4129638671875,0.11980830613876492,1,0.000244140625,4096
38001,42.84271329105832,52766710500,7.537945001399,242615,7.404022216796875,0.1339227846021247,1,0.000244140625,4096
38101,42.94857345800847,52905006101,7.538134972373918,242411,7.397796630859375,0.14033834151454272,1,0.000244140625,4096
38201,43.05464579095133,53046786460,7.526133409125372,242113,7.388702392578125,0.13743101654724743,1,0.000244140625,4096
38301,43.15927254105918,53183767492,7.528797499407181,242642,7.40484619140625,0.12395130800093135,1,0.000244140625,4096
38401,43.262511332985014,53315107168,7.5280905026747025,242200,7.391357421875,0.13673308079970248,1,0.000244140625,4096
38501,43.36904637492262,53449142064,7.520296175442964,242092,7.3880615234375,0.13223465200546425,1,0.000244140625,4096
38601,43.4733692498412,53584787085,7.505984295565122,241926,7.38299560546875,0.12298869009637237,1,0.000244140625,4096
38701,43.57903141598217,53722805282,7.514544600035939,242550,7.40203857421875,0.11250602581718905,1,0.000244140625,4096
38801,43.687509999843314,53863185460,7.52276314858938,242641,7.404815673828125,0.11794747476125522,1,0.000244140625,4096
38901,43.79524870798923,54011324325,7.513632617683042,241443,7.368255615234375,0.14537700244866691,1,0.000244140625,4096
39001,43.90298512484878,54157657318,7.5204427509419425,241126,7.35858154296875,0.16186120797319248,1,0.000244140625,4096
39101,44.011389082996175,54307162469,7.518963534469647,241330,7.36480712890625,0.1541564055633966,1,0.000244140625,4096
39201,44.12065104092471,54455705115,7.504565068150831,241180,7.3602294921875,0.14433557596333113,1,0.000244140625,4096
39301,44.225496124941856,54603370735,7.525475367094834,241161,7.359649658203125,0.16582570889170878,1,0.000244140625,4096
39401,44.3365909580607,54749005129,7.527824924755877,240748,7.3470458984375,0.18077902631837706,1,0.000244140625,4096
39501,44.44338158285245,54895344718,7.52617140959517,240514,7.33990478515625,0.18626662443891995,1,0.000244140625,4096
39601,44.55253241583705,55047334333,7.540542525889125,241517,7.370513916015625,0.17002860987350044,1,0.000244140625,4096
39701,44.66093883290887,55196971046,7.544747952572011,240984,7.354248046875,0.1904999056970107,1,0.000244140625,4096
39801,44.77080195792951,55345275800,7.553351413114199,241015,7.355194091796875,0.198157321317324,1,0.000244140625,4096
39901,44.879226540913805,55494404119,7.552299464331536,241343,7.365203857421875,0.18709560690966143,1,0.000244140625,4096
40001,44.988064541015774,55647245244,7.544047123332474,240807,7.348846435546875,0.19520068778559896,1,0.000244140625,4096
40101,45.09942454099655,55798809171,7.551715431578626,241562,7.37188720703125,0.1798282245473759,1,0.000244140625,4096
40201,45.21013791603036,55948644827,7.551596789605336,241993,7.385040283203125,0.16655650640221076,1,0.000244140625,4096
40301,45.3221556248609,56101909349,7.5484779433349685,241368,7.365966796875,0.18251114645996847,1,0.000244140625,4096
40401,45.431054207962006,56252519942,7.521446210471254,240159,7.329071044921875,0.19237516554937883,1,0.000244140625,4096
40501,45.53895491594449,56399589881,7.516563959294719,240077,7.326568603515625,0.18999535577909388,1,0.000244140625,4096
40601,45.64603033289313,56545849289,7.498133863305292,239966,7.32318115234375,0.1749527109615423,1,0.000244140625,4096
40701,45.75507912505418,56694390179,7.493459679082716,240341,7.334625244140625,0.15883443494209093,1,0.000244140625,4096
40801,45.86790787498467,56843964062,7.485399917479106,240528,7.34033203125,0.14506788622910616,1,0.000244140625,4096
40901,45.97710324986838,56992504015,7.4833051243536755,241472,7.369140625,0.11416449935367545,1,0.000244140625,4096
41001,46.08686420787126,57147829339,7.496482325261951,241474,7.36920166015625,0.12728066510570102,1,0.000244140625,4096
41101,46.195507207885385,57299116505,7.494275937291324,241659,7.374847412109375,0.11942852518194869,1,0.000244140625,4096
41201,46.30100445798598,57447820286,7.49958352585271,241640,7.374267578125,0.12531594772771015,1,0.000244140625,4096
41301,46.41248358297162,57597314480,7.4987775269172925,241437,7.368072509765625,0.1307050171516675,1,0.000244140625,4096
41401,46.522346541052684,57744391672,7.49875488052075,241430,7.36785888671875,0.13089599380199957,1,0.000244140625,4096
41501,46.63135441602208,57890163463,7.494441801569492,241382,7.36639404296875,0.1280477586007418,1,0.000244140625,4096
41601,46.73862333293073,58030203107,7.48576117794271,240591,7.342254638671875,0.14350653927083457,1,0.000244140625,4096
41701,46.84718520799652,58169267615,7.47562157565572,240591,7.342254638671875,0.13336693698384483,1,0.000244140625,4096
41801,46.95618900004774,58307321991,7.471705524882516,240475,7.338714599609375,0.13299092527314116,1,0.000244140625,4096
41901,47.06151008303277,58440865533,7.479808711514376,240738,7.34674072265625,0.13306798885812565,1,0.000244140625,4096
42001,47.16538466606289,58572293123,7.489024584895692,241744,7.37744140625,0.11158317864569156,1,0.000244140625,4096
42101,47.27032379084267,58704855324,7.502804136551015,242693,7.406402587890625,0.09640154866039019,1,0.000244140625,4096
42201,47.3747330410406,58838604144,7.503959035501974,242674,7.40582275390625,0.09813628159572385,1,0.000244140625,4096
42301,47.478996583027765,58973828989,7.513824497768351,243041,7.417022705078125,0.0968017926902256,1,0.000244140625,4096
42401,47.58440070785582,59108280007,7.5145643312194235,242918,7.41326904296875,0.10129528825067347,1,0.000244140625,4096
42501,47.68868108303286,59247190739,7.51677303922862,242989,7.415435791015625,0.10133724821299506,1,0.000244140625,4096
42601,47.794577040942386,59388178749,7.521922283097512,242531,7.401458740234375,0.12046354286313665,1,0.000244140625,4096
42701,47.90179354092106,59531595178,7.517084858260299,243000,7.415771484375,0.10131337388529893,1,0.000244140625,4096
42801,48.00836624996737,59675121748,7.508953670587363,242420,7.3980712890625,0.1108823815248634,1,0.000244140625,4096
42901,48.1161787500605,59817282351,7.523672622153566,242933,7.413726806640625,0.10994581551294136,1,0.000244140625,4096
43001,48.222348207840696,59961630213,7.53603855598553,243398,7.42791748046875,0.10812107551678007,1,0.000244140625,4096
43101,48.32997720804997,60103846864,7.530330605812306,243089,7.418487548828125,0.11184305698418129,1,0.000244140625,4096
43201,48.4368557499256,60246683407,7.526469360430726,242951,7.414276123046875,0.11219323738385079,1,0.000244140625,4096
43301,48.54227816592902,60382070602,7.524698100030674,242809,7.409942626953125,0.1147554730775493,1,0.000244140625,4096
43401,48.64714195788838,60515382714,7.5069261433013565,242539,7.401702880859375,0.10522326244198155,1,0.000244140625,4096
43501,48.75341183296405,60649033772,7.513264828833232,243200,7.421875,0.09138982883323177,1,0.000244140625,4096
43601,48.85779058304615,60778824302,7.518877409050384,243222,7.42254638671875,0.0963310223316336,1,0.000244140625,4096
43701,48.957654000027105,60901434345,7.529755489801035,243225,7.422637939453125,0.10711755034791004,1,0.000244140625,4096
43801,49.05466029094532,61019581208,7.520811196062699,242234,7.39239501953125,0.12841617653144866,1,0.000244140625,4096
43901,49.1535392079968,61131977772,7.515456354023202,242230,7.39227294921875,0.12318340480445222,1,0.000244140625,4096
44001,49.25019524991512,61241574373,7.525096459399941,242962,7.41461181640625,0.11048464299369076,1,0.000244140625,4096
44101,49.35013591591269,61355035895,7.538229026573747,243412,7.4283447265625,0.10988430001124705,1,0.000244140625,4096
44201,49.452472541015595,61470153658,7.541380405340252,242924,7.4134521484375,0.12792825690275222,1,0.000244140625,4096
44301,49.55062708305195,61581534786,7.543675545603375,242996,7.4156494140625,0.12802613154087528,1,0.000244140625,4096
44401,49.64733224990778,61692211813,7.547961419866464,242633,7.404571533203125,0.14338988666333918,1,0.000244140625,4096
44501,49.74405950005166,61800660821,7.543039602060876,242403,7.397552490234375,0.1454871118265011,1,0.000244140625,4096
44601,49.8374215408694,61911933896,7.548705434983639,243034,7.41680908203125,0.13189635295238933,1,0.000244140625,4096
44701,49.93686333298683,62027559138,7.536350004461245,241291,7.363616943359375,0.17273306110187026,1,0.000244140625,4096
44801,50.03592812502757,62141900158,7.5340881808417945,241049,7.356231689453125,0.17785649138866955,1,0.000244140625,4096
44901,50.135091291042045,62254212699,7.531479479909159,241287,7.363494873046875,0.16798460686228367,1,0.000244140625,4096
45001,50.234131790930405,62368505146,7.519654227109685,241287,7.363494873046875,0.1561593540628099,1,0.000244140625,4096
45101,50.33410479105078,62481279531,7.530727730272909,242129,7.389190673828125,0.14153705644478443,1,0.000244140625,4096
45201,50.43249141587876,62594690672,7.512109099660921,241704,7.376220703125,0.135888396535921,1,0.000244140625,4096
45301,50.531509540975094,62708337667,7.493554390143996,240358,7.33514404296875,0.15841034717524582,2,0.00048828125,4095
45401,50.630201291060075,62823597281,7.507534436897468,240830,7.34954833984375,0.15798609705371813,1,0.000244140625,4096
45501,50.72950674989261,62942187904,7.503536836918245,240798,7.34857177734375,0.15496505957449536,1,0.000244140625,4096
45601,50.82954299985431,63065214665,7.50125611001926,240727,7.346405029296875,0.15485108072238507,1,0.000244140625,4096
45701,50.92654591589235,63184763011,7.496620655217627,241337,7.365020751953125,0.13159990326450188,1,0.000244140625,4096
45801,51.0274250828661,63309031261,7.509787766954522,241858,7.38092041015625,0.12886735679827233,1,0.000244140625,4096
45901,51.12847758294083,63438009074,7.5048725765197695,241869,7.381256103515625,0.12361647300414447,1,0.000244140625,4096
46001,51.2330114999786,63568769147,7.498896493079368,241337,7.365020751953125,0.1338757411262428,1,0.000244140625,4096
46101,51.33941587503068,63696456041,7.503320531343953,241561,7.371856689453125,0.13146384189082827,1,0.000244140625,4096
46201,51.44198870798573,63824535816,7.503882846744338,241729,7.376983642578125,0.1268992041662127,1,0.000244140625,4096
46301,51.54333187500015,63948525257,7.499289159770045,241820,7.3797607421875,0.11952841758254529,1,0.000244140625,4096
46401,51.645703749964014,64071617517,7.503818247114749,241731,7.377044677734375,0.12677356938037398,1,0.000244140625,4096
46501,51.74833574984223,64192628438,7.493732648411989,241414,7.36737060546875,0.1263620429432386,1,0.000244140625,4096
46601,51.84859612490982,64310981485,7.494616705193062,242243,7.392669677734375,0.10194702745868689,1,0.000244140625,4096
46701,51.948913499945775,64426997458,7.510142992967873,242596,7.4034423828125,0.10670061015537335,1,0.000244140625,4096
46801,52.04694441589527,64540200310,7.5081172376798815,241747,7.377532958984375,0.13058427869550648,1,0.000244140625,4096
46901,52.14626233302988,64654691993,7.516171835933102,241929,7.383087158203125,0.13308467772997723,1,0.000244140625,4096
47001,52.24615200003609,64770922196,7.520954986153337,242448,7.39892578125,0.12202920490333735,1,0.000244140625,4096
47101,52.34713529096916,64886622341,7.532716781547256,242337,7.395538330078125,0.137178451469131,1,0.000244140625,4096
47201,52.447129250038415,65003090346,7.544236064213445,242423,7.398162841796875,0.14607322241656995,1,0.000244140625,4096
47301,52.54602504102513,65120626261,7.543726017721585,242516,7.4010009765625,0.14272504115908458,1,0.000244140625,4096
47401,52.647428666008636,65237369422,7.5308418596303035,242182,7.39080810546875,0.1400337541615535,1,0.000244140625,4096
47501,52.74774933303706,65354576345,7.521445841994866,242451,7.399017333984375,0.12242850801049077,1,0.000244140625,4096
47601,52.84681383287534,65470836492,7.505780606377867,241828,7.3800048828125,0.1257757235653667,1,0.000244140625,4096
47701,52.948025207966566,65586577200,7.493015173688921,241964,7.3841552734375,0.10885990025142078,1,0.000244140625,4096
47801,53.048865374876186,65697541696,7.481699463731344,242183,7.390838623046875,0.09086084068446887,1,0.000244140625,4096
47901,53.14837508299388,65807116574,7.468881926585446,242066,7.38726806640625,0.08161386017919625,1,0.000244140625,4096
48001,53.245606624986976,65919441221,7.459298929134224,241765,7.378082275390625,0.08121665374359921,1,0.000244140625,4096
48101,53.34639487485401,66032655591,7.458938610880848,241793,7.378936767578125,0.08000184330272297,1,0.000244140625,4096
48201,53.44520695786923,66143377579,7.459260767728498,241672,7.375244140625,0.08401662710349811,1,0.000244140625,4096
48301,53.54634862486273,66251181105,7.466610837226192,241894,7.38201904296875,0.08459179425744168,1,0.000244140625,4096
48401,53.643121249973774,66358281737,7.477543063780969,241933,7.383209228515625,0.09433383526534378,1,0.000244140625,4096
48501,53.7400293329265,66463862210,7.476928659708974,242153,7.389923095703125,0.08700556400584869,1,0.000244140625,4096
48601,53.837403249926865,66569662211,7.47398834372388,241634,7.37408447265625,0.09990387106762988,1,0.000244140625,4096
48701,53.93485787487589,66675476094,7.4658423637418645,242055,7.386932373046875,0.0789099906949895,1,0.000244140625,4096
48801,54.03237112495117,66779410258,7.462447396189157,241423,7.367645263671875,0.09480213251728209,1,0.000244140625,4096
48901,54.129778790986165,66882350353,7.467497317204634,241288,7.363525390625,0.10397192657963394,1,0.000244140625,4096
49001,54.22555570793338,66985199353,7.465603921264514,240701,7.345611572265625,0.11999234899888922,1,0.000244140625,4096
49101,54.325273874914274,67098890147,7.464267138132237,240826,7.34942626953125,0.11484086860098675,1,0.000244140625,4096
49201,54.42475787503645,67213703300,7.43808418048483,239942,7.32244873046875,0.11563545001607967,1,0.000244140625,4096
49301,54.52558595803566,67326528164,7.439532058418792,239666,7.31402587890625,0.12550617951254228,1,0.000244140625,4096
49401,54.62228574999608,67440751076,7.432267942091654,239912,7.321533203125,0.11073473896665398,1,0.000244140625,4096
49501,54.72329591587186,67556563990,7.436072720316705,240088,7.326904296875,0.10916842344170519,1,0.000244140625,4096
49601,54.82334216590971,67667086435,7.442291077225,240441,7.337677001953125,0.10461407527187472,1,0.000244140625,4096
49701,54.921932332916185,67774357748,7.437621595894435,240668,7.3446044921875,0.09301710370693517,1,0.000244140625,4096
49801,55.01980466605164,67879098990,7.439246549755969,239974,7.32342529296875,0.11582125678721944,1,0.000244140625,4096
49901,55.11927999998443,67984432827,7.434188037711018,239549,7.310455322265625,0.1237327154453931,1,0.000244140625,4096
50001,55.21775162499398,68091310323,7.427893706657878,239796,7.3179931640625,0.10990054259537807,1,0.000244140625,4096
50101,55.31676520803012,68199232053,7.427486550840182,239672,7.314208984375,0.11327756646518239,1,0.000244140625,4096
50201,55.41689712484367,68307351183,7.439328975729541,240117,7.327789306640625,0.11153966908891633,1,0.000244140625,4096
50301,55.51752783288248,68424218857,7.4350292347188045,240507,7.339691162109375,0.0953380726094295,1,0.000244140625,4096
50401,55.617796999868006,68541243321,7.426791123035103,240537,7.340606689453125,0.08618443358197769,1,0.000244140625,4096
50501,55.71757695800625,68659383691,7.420080265036504,241026,7.35552978515625,0.06455047988025431,1,0.000244140625,4096
50601,55.8191940409597,68779083030,7.412061581288371,240373,7.335601806640625,0.07645977464774578,1,0.000244140625,4096
50701,55.92351491586305,68898724314,7.409172676952119,240232,7.331298828125,0.07787384882711912,1,0.000244140625,4096
50801,56.02538758283481,69016124316,7.415291022825893,240557,7.341217041015625,0.07407398181026803,1,0.000244140625,4096
50901,56.12448724987917,69128629200,7.414798265645404,239899,7.321136474609375,0.09366179103602867,1,0.000244140625,4096
51001,56.2240169160068,69243165670,7.405819028479091,239267,7.301849365234375,0.10396966324471624,1,0.000244140625,4096
51101,56.32325158291496,69359121264,7.420399094851356,238818,7.28814697265625,0.13225212219510585,1,0.000244140625,4096
51201,56.423184416024014,69473539494,7.424386029527845,238927,7.291473388671875,0.1329126408559702,1,0.000244140625,4096
51301,56.522098207846284,69587499515,7.440225144507379,239929,7.322052001953125,0.11817314255425426,1,0.000244140625,4096
51401,56.620753624942154,69698947300,7.44670463483131,239878,7.32049560546875,0.12620902936255973,1,0.000244140625,4096
51501,56.71842149994336,69807607259,7.439574929709771,239274,7.30206298828125,0.13751194142852086,1,0.000244140625,4096
51601,56.814369707833976,69918895663,7.465865846784075,239737,7.316192626953125,0.14967321983094983,1,0.000244140625,4096
51701,56.91124887485057,70027898527,7.483568349252781,240747,7.347015380859375,0.13655296839340636,1,0.000244140625,4096
51801,57.010883833048865,70139247219,7.495692911960691,240903,7.351776123046875,0.14391678891381599,2,0.00048828125,4095
51901,57.11283487500623,70252728230,7.485095202981076,240569,7.341583251953125,0.14351195102795078,1,0.000244140625,4096
52001,57.211501207901165,70365839992,7.487776555405665,240996,7.3546142578125,0.13316229759316478,1,0.000244140625,4096
52101,57.310987915843725,70477280533,7.501401255331166,241970,7.38433837890625,0.11706287642491642,1,0.000244140625,4096
52201,57.41145204100758,70588340200,7.500729606818363,242654,7.40521240234375,0.09551720447461332,1,0.000244140625,4096
52301,57.5101226659026,70700395848,7.491902846650551,241687,7.375701904296875,0.11620094235367606,1,0.000244140625,4096
52401,57.61050179088488,70816414869,7.502508015743102,242072,7.387451171875,0.11505684386810167,1,0.000244140625,4096
52501,57.71079041599296,70931896861,7.505042683374423,241379,7.366302490234375,0.13874019314004826,1,0.000244140625,4096
52601,57.81200070795603,71051103628,7.498398786587225,241549,7.371490478515625,0.12690830807159958,1,0.000244140625,4096
52701,57.911335041048005,71170045964,7.497439228678134,241328,7.36474609375,0.13269313492813417,1,0.000244140625,4096
52801,58.014066790929064,71288383611,7.504567044639844,242176,7.390625,0.11394204463984359,1,0.000244140625,4096
52901,58.11392974993214,71408360619,7.512154471006426,242484,7.4000244140625,0.11213005694392564,1,0.000244140625,4096
53001,58.21520641585812,71528812936,7.507318474710486,242426,7.39825439453125,0.10906408017923575,1,0.000244140625,4096
53101,58.3184370000381,71648454884,7.518490716829541,242423,7.398162841796875,0.1203278750326664,1,0.000244140625,4096
53201,58.41984741599299,71771279766,7.515039392769681,242542,7.40179443359375,0.11324495917593058,1,0.000244140625,4096
53301,58.52004270791076,71893270011,7.489712101647083,240768,7.34765625,0.14205585164708268,1,0.000244140625,4096
53401,58.623493124963716,72018285649,7.488898732521274,240563,7.341400146484375,0.1474985860368987,1,0.000244140625,4096
53501,58.72542579099536,72143364702,7.471354068427696,239789,7.317779541015625,0.15357452741207123,1,0.000244140625,4096
53601,58.83171087503433,72271462268,7.4643151080813634,240211,7.330657958984375,0.13365714909698845,1,0.000244140625,4096
53701,58.93438912485726,72394417945,7.460525904260784,239796,7.3179931640625,0.1425327401982841,1,0.000244140625,4096
53801,59.03752158302814,72518384189,7.458946719923107,239428,7.3067626953125,0.15218402461060698,1,0.000244140625,4096
53901,59.13886029087007,72643244349,7.458276554367475,239864,7.320068359375,0.13820819499247516,1,0.000244140625,4096
54001,59.244174415944144,72779555211,7.474824452137022,239812,7.3184814453125,0.15634300682452196,1,0.000244140625,4096
54101,59.35419787489809,72921877521,7.473270804902529,239562,7.31085205078125,0.16241875412127893,1,0.000244140625,4096
54201,59.46257304097526,73064698124,7.4677032319880805,239189,7.299468994140625,0.1682342378474555,1,0.000244140625,4096
54301,59.568121375050396,73208560160,7.466992081394713,239152,7.29833984375,0.1686522376447126,1,0.000244140625,4096
54401,59.6747087079566,73351147072,7.4687512381551775,239657,7.313751220703125,0.1550000174520525,1,0.000244140625,4096
54501,59.780332499882206,73492293168,7.48702901635213,240675,7.344818115234375,0.14221090111775503,1,0.000244140625,4096
54601,59.886390374973416,73636114179,7.490244480456761,240335,7.334442138671875,0.15580234178488617,1,0.000244140625,4096
54701,59.99377708300017,73782262573,7.482117911859737,240301,7.333404541015625,0.14871337084411174,1,0.000244140625,4096
54801,60.09941554092802,73930801519,7.48170402527829,239772,7.3172607421875,0.16444328309079026,1,0.000244140625,4096
54901,60.20604358287528,74078895801,7.486061988764965,240633,7.343536376953125,0.1425256118118403,1,0.000244140625,4096
55001,60.317577332956716,74225601635,7.490568223866132,241121,7.358428955078125,0.1321392687880074,1,0.000244140625,4096
55101,60.42468270799145,74375242671,7.479216825933849,240082,7.32672119140625,0.1524956345275994,1,0.000244140625,4096
55201,60.53142191586085,74523344174,7.49329460142928,240239,7.331512451171875,0.16178215025740528,1,0.000244140625,4096
55301,60.63787479093298,74668297008,7.497184325845547,240156,7.3289794921875,0.16820483365804684,1,0.000244140625,4096
55401,60.74400229100138,74810542952,7.487914242455764,240184,7.329833984375,0.15808025808076387,1,0.000244140625,4096
55501,60.85032216599211,74950761354,7.493590657894808,240235,7.331390380859375,0.16220027703543316,1,0.000244140625,4096
55601,60.956621875055134,75087881629,7.504546559897771,240850,7.35015869140625,0.1543878684915212,1,0.000244140625,4096
55701,61.06048141606152,75218279106,7.497819019776001,240144,7.32861328125,0.16920573852600107,1,0.000244140625,4096
55801,61.159787624841556,75351188270,7.491038815569119,239913,7.321563720703125,0.16947509486599444,1,0.000244140625,4096
55901,61.2649807499256,75486805520,7.485337858914177,239845,7.319488525390625,0.16584933352355158,1,0.000244140625,4096
56001,61.37059541605413,75627446213,7.481278967851248,239644,7.3133544921875,0.16792447566374769,1,0.000244140625,4096
56101,61.47858329094015,75772256731,7.482007836303325,239334,7.30389404296875,0.17811379333457467,1,0.000244140625,4096
56201,61.58763895789161,75915885123,7.479549406710614,239808,7.318359375,0.16119003171061408,1,0.000244140625,4096
56301,61.69854904105887,76063651941,7.471948336797408,240238,7.33148193359375,0.140466403203658,1,0.000244140625,4096
56401,61.806038124952465,76210274454,7.475956464178366,240528,7.34033203125,0.135624432928366,1,0.000244140625,4096
56501,61.91459420789033,76356088680,7.469384824278148,240530,7.34039306640625,0.12899175787189776,1,0.000244140625,4096
56601,62.02224991586991,76497279135,7.473316875525794,240398,7.33636474609375,0.1369521294320437,1,0.000244140625,4096
56701,62.126899499911815,76635452741,7.466075965261675,240597,7.342437744140625,0.12363822112105005,1,0.000244140625,4096
56801,62.23214804101735,76769350421,7.463275464313312,240862,7.35052490234375,0.11275056196956168,1,0.000244140625,4096
56901,62.33861891599372,76904778589,7.488435320841338,241724,7.3768310546875,0.11160426615383834,1,0.000244140625,4096
57001,62.4464133749716,77042714069,7.486340255770403,241326,7.36468505859375,0.1216551971766533,1,0.000244140625,4096
57101,62.548945375019684,77174146876,7.478806407415872,240932,7.3526611328125,0.12614527460337221,1,0.000244140625,4096
57201,62.653459457913414,77306871244,7.476525263633796,241185,7.360382080078125,0.11614318355567121,1,0.000244140625,4096
57301,62.75816916604526,77437301700,7.474873985416572,241086,7.35736083984375,0.117513145572822,1,0.000244140625,4096
57401,62.86031554103829,77568900907,7.488714508541312,241096,7.357666015625,0.13104849291631204,1,0.000244140625,4096
57501,62.961813415866345,77700961021,7.480729051037645,241156,7.3594970703125,0.1212319807251454,1,0.000244140625,4096
57601,63.064234165940434,77831046314,7.470343276622446,241105,7.357940673828125,0.11240260279432057,1,0.000244140625,4096
57701,63.1691917499993,77961359468,7.4668375640630416,241410,7.36724853515625,0.09958902890679155,1,0.000244140625,4096
57801,63.27238854090683,78091175284,7.460578127406669,241630,7.37396240234375,0.08661572506291915,1,0.000244140625,4096
57901,63.37432595784776,78217873868,7.460651663080347,241657,7.374786376953125,0.08586528612722244,1,0.000244140625,4096
58001,63.477599415928125,78345919261,7.47258952910094,242210,7.39166259765625,0.0809269314446901,1,0.000244140625,4096
58101,63.5811766248662,78472366493,7.475816914742017,242250,7.39288330078125,0.08293361396076726,1,0.000244140625,4096
58201,63.68220983305946,78599661032,7.465594992697106,241582,7.37249755859375,0.09309743410335614,1,0.000244140625,4096
58301,63.785393707919866,78727069458,7.460255170047861,241032,7.355712890625,0.1045422794228612,1,0.000244140625,4096
58401,63.883320374879986,78857326119,7.473993187476165,241498,7.36993408203125,0.10405910544491537,1,0.000244140625,4096
58501,63.98412241600454,78988096191,7.480239387933342,241956,7.3839111328125,0.09632825512084242,1,0.000244140625,4096
58601,64.09140337491408,79120281607,7.4878032351698085,242282,7.39385986328125,0.0939433718885585,1,0.000244140625,4096
58701,64.19686775002629,79250743957,7.486450562735591,241825,7.379913330078125,0.10653723265746606,1,0.000244140625,4096
58801,64.30357579095289,79385892278,7.493116910346812,241924,7.3829345703125,0.11018234003431182,1,0.000244140625,4096
58901,64.40885574999265,79520957149,7.493478879326208,241785,7.378692626953125,0.11478625237308293,1,0.000244140625,4096
59001,64.51226279092953,79656550514,7.495078630674335,241456,7.36865234375,0.12642628692433533,1,0.000244140625,4096
59101,64.61462962487713,79793830767,7.4816925294159375,240726,7.34637451171875,0.13531801769718754,1,0.000244140625,4096
59201,64.72035841597244,79930017282,7.486845953782887,241547,7.371429443359375,0.11541651042351209,1,0.000244140625,4096
59301,64.82608000002801,80068452579,7.48415316723586,241195,7.360687255859375,0.12346591137648488,1,0.000244140625,4096
59401,64.93166616605595,80206237057,7.48083065046206,241309,7.364166259765625,0.1166643906964353,1,0.000244140625,4096
59501,65.03519954090007,80341454248,7.469013157161089,241467,7.368988037109375,0.10002512005171393,1,0.000244140625,4096
59601,65.14078062493354,80476423352,7.4449935142381,238989,7.293365478515625,0.1516280357224753,1,0.000244140625,4096
59701,65.24648254085332,80616290497,7.441952548880975,237901,7.260162353515625,0.18179019536535002,1,0.000244140625,4096
59801,65.35899870796129,80765080233,7.441342335116966,236848,7.22802734375,0.21331499136696586,1,0.000244140625,4096
59901,65.46780737489462,80919010360,7.43719758727145,237786,7.25665283203125,0.18054475524020042,1,0.000244140625,4096
60001,65.57899845787324,81076712794,7.430699150578247,236731,7.224456787109375,0.20624236346887237,2,0.00048828125,4095
60101,65.69049349986017,81230725266,7.431359570110929,237724,7.2547607421875,0.17659882792342874,1,0.000244140625,4096
60201,65.80147479102015,81378568023,7.445332923252439,238067,7.265228271484375,0.18010465176806356,1,0.000244140625,4096
60301,65.90951583301648,81528838251,7.444048545498776,238512,7.27880859375,0.16523995174877637,1,0.000244140625,4096
60401,66.01728695794009,81675697643,7.456412084514789,239233,7.300811767578125,0.1556003169366642,1,0.000244140625,4096
60501,66.1262958329171,81823145749,7.445170402286742,239344,7.30419921875,0.14097118353674176,1,0.000244140625,4096
60601,66.23766424995847,81976514111,7.441021488941887,238892,7.2904052734375,0.15061621550438709,2,0.00048828125,4095
60701,66.34583579096943,82128643817,7.440725080572909,239074,7.29595947265625,0.14476560791665882,1,0.000244140625,4096
60801,66.45309783285484,82276053712,7.450852938387856,238950,7.29217529296875,0.15867764541910567,1,0.000244140625,4096
60901,66.56149224983528,82419872754,7.443749750827488,239291,7.302581787109375,0.1411679637181127,1,0.000244140625,4096
61001,66.66700516594574,82562315631,7.431105026864066,239150,7.29827880859375,0.13282621827031615,1,0.000244140625,4096
61101,66.77733225002885,82707430834,7.444101140552161,239752,7.316650390625,0.12745074992716088,1,0.000244140625,4096
61201,66.88513424992561,82854321940,7.441876608517998,240070,7.32635498046875,0.11552162804924837,1,0.000244140625,4096
61301,66.99345308286138,82998028605,7.456294302511068,240267,7.332366943359375,0.1239273591516934,1,0.000244140625,4096
61401,67.10163191589527,83140605817,7.452025173167716,239858,7.31988525390625,0.13213991926146562,1,0.000244140625,4096
61501,67.21066083293408,83284371247,7.451296127931712,239739,7.316253662109375,0.1350424658223366,1,0.000244140625,4096
61601,67.32042549992912,83430396263,7.448307211377724,239615,7.312469482421875,0.135837728955849,1,0.000244140625,4096
61701,67.4260079159867,83574212855,7.45377456727487,240014,7.32464599609375,0.12912857118111987,1,0.000244140625,4096
61801,67.53396849986166,83716233434,7.446007846869158,240117,7.327789306640625,0.11821854022853273,1,0.000244140625,4096
61901,67.63810324994847,83856626490,7.435604914213358,239888,7.32080078125,0.11480413296335801,1,0.000244140625,4096
62001,67.74197341594845,83994833750,7.43689416122421,239317,7.303375244140625,0.13351891708358465,1,0.000244140625,4096
62101,67.84370908304118,84133712427,7.436542293530401,239523,7.309661865234375,0.12688042829602608,1,0.000244140625,4096
62201,67.94972533290274,84277937077,7.455773276946837,240112,7.32763671875,0.12813655819683678,1,0.000244140625,4096
62301,68.05880383285694,84421821405,7.441753804113384,238956,7.2923583984375,0.14939540567588416,1,0.000244140625,4096
62401,68.16332408296876,84563718223,7.459313933530242,239533,7.309967041015625,0.1493468925146173,1,0.000244140625,4096
62501,68.27302308287472,84712321368,7.451382365180278,239321,7.303497314453125,0.14788505072715274,1,0.000244140625,4096
62601,68.3806115000043,84864022549,7.459958919043113,240063,7.326141357421875,0.13381756162123803,1,0.000244140625,4096
62701,68.49203720805235,85016448921,7.465123478238722,240714,7.34600830078125,0.11911517745747169,1,0.000244140625,4096
62801,68.60212462488562,85166452251,7.474523362707164,241502,7.37005615234375,0.10446721036341433,1,0.000244140625,4096
62901,68.71062454092316,85314131186,7.482878651160603,241550,7.37152099609375,0.11135765506685313,1,0.000244140625,4096
63001,68.81297704088502,85456834436,7.4846541477336315,242032,7.38623046875,0.09842367898363147,1,0.000244140625,4096
63101,68.91909695789218,85596610081,7.485419880045884,241920,7.3828125,0.10260738004588443,1,0.000244140625,4096
63201,69.02401437493972,85730992988,7.492897923970968,242860,7.4114990234375,0.08139890053346832,1,0.000244140625,4096
63301,69.12771279085428,85869175824,7.4989283437660355,242918,7.41326904296875,0.08565930079728545,1,0.000244140625,4096
63401,69.23450479097664,86003986998,7.501276401434248,243296,7.4248046875,0.07647171393424834,1,0.000244140625,4096
63501,69.3387675830163,86136168942,7.502045488511088,242655,7.405242919921875,0.09680256858921332,1,0.000244140625,4096
63601,69.44243979104795,86267429981,7.507837784247878,242691,7.406341552734375,0.10149623151350262,1,0.000244140625,4096
63701,69.54904591594823,86396412189,7.517554194890854,243432,7.428955078125,0.08859911676585419,1,0.000244140625,4096
63801,69.6525779159274,86528569505,7.5156893789444155,243411,7.428314208984375,0.08737516996004047,1,0.000244140625,4096
63901,69.75669208285399,86662408734,7.512793892890505,243329,7.425811767578125,0.08698212531237992,1,0.000244140625,4096
64001,69.85996649996378,86794456785,7.523515229273748,243036,7.4168701171875,0.10664511208624816,1,0.000244140625,4096
64101,69.96373004093766,86923859934,7.531621095469116,243622,7.43475341796875,0.09686767750036562,1,0.000244140625,4096
64201,70.0661305829417,87053854826,7.531522290228533,243165,7.420806884765625,0.11071540546290759,1,0.000244140625,4096
64301,70.16902629099786,87181905206,7.53018259342192,243113,7.419219970703125,0.11096262271879542,1,0.000244140625,4096
64401,70.27201458299533,87307706652,7.533958390647019,243354,7.42657470703125,0.10738368361576889,1,0.000244140625,4096
64501,70.37397716590203,87434876740,7.527143593567408,242716,7.4071044921875,0.12003910137990825,1,0.000244140625,4096
64601,70.47635083296336,87563113520,7.524342035119287,242580,7.4029541015625,0.1213879335567869,1,0.000244140625,4096
64701,70.57945974986069,87694636749,7.538995807334276,243663,7.436004638671875,0.10299116866240077,1,0.000244140625,4096
64801,70.68503454094753,87827271696,7.529883070200496,242931,7.413665771484375,0.11621729871612096,1,0.000244140625,4096
64901,70.787573749898,87956626412,7.537005427106029,243470,7.43011474609375,0.10689068101227939,1,0.000244140625,4096
65001,70.88872654084116,88079755591,7.534472479414074,243071,7.417938232421875,0.11653424699219883,1,0.000244140625,4096
65101,70.98728000000119,88197801277,7.533810763126901,243131,7.419769287109375,0.11404147601752612,1,0.000244140625,4096
65201,71.08784162485972,88316475923,7.527377426987824,243157,7.420562744140625,0.1068146828471992,1,0.000244140625,4096
65301,71.18910424993373,88437320121,7.527414093758351,243225,7.422637939453125,0.10477615430522569,1,0.000244140625,4096
65401,71.28773304098286,88559480900,7.530176962008616,243591,7.433807373046875,0.09636958896174086,1,0.000244140625,4096
65501,71.3887287909165,88678391496,7.534589595592028,243256,7.423583984375,0.11100561121702768,1,0.000244140625,4096
65601,71.4853862079326,88797612125,7.536610796034168,243486,7.43060302734375,0.10600776869041795,1,0.000244140625,4096
65701,71.58579679089598,88916968830,7.547875022340458,243895,7.443084716796875,0.10479030554358282,1,0.000244140625,4096
65801,71.68485258286819,89032982660,7.56586407542502,243981,7.445709228515625,0.12015484690939537,1,0.000244140625,4096
65901,71.78520004102029,89149081362,7.583109546838551,244998,7.47674560546875,0.10636394136980076,1,0.000244140625,4096
66001,71.8845615410246,89263738017,7.569758575399386,243749,7.438629150390625,0.13112942500876112,1,0.000244140625,4096
66101,71.98379083303735,89375771763,7.5637478084738365,243024,7.41650390625,0.14724390222383654,1,0.000244140625,4096
66201,72.08084845799021,89487708162,7.554893619054131,242066,7.38726806640625,0.16762555264788137,1,0.000244140625,4096
66301,72.18038979102857,89600740918,7.558611601995464,242847,7.411102294921875,0.1475093070735891,1,0.000244140625,4096
66401,72.27901783306152,89714640220,7.564543702821842,243543,7.432342529296875,0.13220117352496707,1,0.000244140625,4096
66501,72.37686974997632,89830508884,7.5660847372272135,243743,7.438446044921875,0.12763869230533853,1,0.000244140625,4096
66601,72.47765604103915,89944589448,7.566760406812759,243231,7.422821044921875,0.14393936189088397,1,0.000244140625,4096
66701,72.57674929103814,90060062930,7.55091165274783,242898,7.41265869140625,0.13825296134158016,1,0.000244140625,4096
66801,72.67597824987024,90175505674,7.548634727824619,242138,7.38946533203125,0.15916939579336908,1,0.000244140625,4096
66901,72.77555016591214,90289534792,7.539296361016779,242499,7.400482177734375,0.13881418328240436,1,0.000244140625,4096
67001,72.87284554098733,90405661652,7.528558123917425,242691,7.406341552734375,0.12221657118305007,1,0.000244140625,4096
67101,72.97491179103963,90526156365,7.521887371635319,242136,7.389404296875,0.1324830747603194,1,0.000244140625,4096
67201,73.07520824996755,90650382327,7.526490778326057,242622,7.40423583984375,0.12225493848230684,1,0.000244140625,4096
67301,73.17625354090706,90777317711,7.525240071764264,242951,7.414276123046875,0.11096394871738902,1,0.000244140625,4096
67401,73.28166516590863,90909611014,7.523672036929858,242714,7.40704345703125,0.11662857989860775,1,0.000244140625,4096
67501,73.38603308284655,91044092164,7.525824365364484,242795,7.409515380859375,0.11630898450510863,1,0.000244140625,4096
67601,73.4899124999065,91179626656,7.526313450422376,242371,7.396575927734375,0.12973752268800087,1,0.000244140625,4096
67701,73.5947517908644,91316523973,7.532425079023807,243012,7.4161376953125,0.11628738371130698,1,0.000244140625,4096
67801,73.69677029084414,91451022229,7.536693435612288,242747,7.408050537109375,0.1286428985029131,1,0.000244140625,4096
67901,73.8017217500601,91586743958,7.526853423320231,241773,7.378326416015625,0.14852700730460633,1,0.000244140625,4096
68001,73.90471529099159,91721592143,7.515582433385357,241729,7.376983642578125,0.13859879080723214,1,0.000244140625,4096
68101,74.00533891585656,91855854029,7.498739044657629,241800,7.379150390625,0.1195886540326292,1,0.000244140625,4096
68201,74.10916249989532,91991176051,7.5060965183207475,242225,7.392120361328125,0.11397615699262253,1,0.000244140625,4096
68301,74.21153749991208,92119931376,7.500918949029777,241968,7.38427734375,0.11664160527977696,1,0.000244140625,4096
68401,74.31685812491924,92250825545,7.468647091846705,240933,7.352691650390625,0.11595544145608017,1,0.000244140625,4096
68501,74.42154208291322,92381812069,7.4741979121178375,241604,7.3731689453125,0.10102896680533746,1,0.000244140625,4096
68601,74.52511520800181,92512196790,7.475445044933155,241345,7.365264892578125,0.11018015235502965,1,0.000244140625,4096
68701,74.62656991602853,92646541302,7.470157836106083,241089,7.357452392578125,0.11270544352795842,1,0.000244140625,4096
68801,74.73043520795181,92780937324,7.477411842921614,241686,7.37567138671875,0.10174045620286432,1,0.000244140625,4096
68901,74.83254024991766,92911403456,7.488122211525557,241861,7.381011962890625,0.10711024863493179,1,0.000244140625,4096
69001,74.93557487498038,93044367664,7.488325873859063,242027,7.386077880859375,0.10224799299968801,1,0.000244140625,4096
69101,75.03947329102084,93179980601,7.501166411484547,242259,7.393157958984375,0.10800845250017233,1,0.000244140625,4096
69201,75.14290062501095,93318215081,7.497906103591164,242487,7.400115966796875,0.0977901367942886,1,0.000244140625,4096
69301,75.24926499999128,93455364648,7.489877261879644,241531,7.370941162109375,0.11893609977026909,1,0.000244140625,4096
69401,75.35659395786934,93594547271,7.4969551164982375,241673,7.375274658203125,0.12168045829511254,1,0.000244140625,4096
69501,75.46013304102235,93733601104,7.500610329090058,241321,7.364532470703125,0.13607785838693331,1,0.000244140625,4096
69601,75.55920283286832,93866415683,7.48896223930746,241183,7.360321044921875,0.12864119438558497,1,0.000244140625,4096
69701,75.6642238330096,93995449707,7.4947250533918055,241113,7.358184814453125,0.1365402389386805,1,0.000244140625,4096
69801,75.76629279088229,94122484316,7.481815394687578,240592,7.34228515625,0.13953023843757784,1,0.000244140625,4096
69901,75.86743550002575,94247953293,7.481188772523603,240664,7.344482421875,0.13670635064860281,1,0.000244140625,4096
70001,75.97416366590187,94374930897,7.474580297111604,240864,7.3505859375,0.12399435961160421,1,0.000244140625,4096
70101,76.07449804083444,94499026257,7.479652734342842,241589,7.372711181640625,0.10694155270221728,1,0.000244140625,4096
70201,76.17874491587281,94623303669,7.487621443267043,242246,7.39276123046875,0.09486021279829338,1,0.000244140625,4096
70301,76.27537545794621,94745561096,7.490735310421123,242060,7.3870849609375,0.1036503494836234,1,0.000244140625,4096
70401,76.37912416597828,94870333816,7.49848982895168,242452,7.3990478515625,0.09944197738917993,1,0.000244140625,4096
70501,76.48140949988738,94999384137,7.492084161268691,241942,7.38348388671875,0.10860027454994103,1,0.000244140625,4096
70601,76.58588816598058,95126463560,7.502691828626883,242007,7.385467529296875,0.11722429933000811,1,0.000244140625,4096
70701,76.68724508304149,95251041885,7.5045898035670175,242612,7.4039306640625,0.10065913950451755,1,0.000244140625,4096
70801,76.78603524994105,95381065203,7.493429785642368,242361,7.396270751953125,0.09715903368924295,1,0.000244140625,4096
70901,76.88968412484974,95506559060,7.487224683920896,241872,7.38134765625,0.10587702767089624,1,0.000244140625,4096
71001,76.99238329101354,95632897609,7.4923021839119714,241926,7.38299560546875,0.10930657844322145,1,0.000244140625,4096
71101,77.09787341603078,95763512506,7.4959028033583746,241534,7.37103271484375,0.12487008851462456,1,0.000244140625,4096
71201,77.20268441597,95892002669,7.513952517125527,242556,7.4022216796875,0.11173083743802703,1,0.000244140625,4096
71301,77.30562666594051,96019080123,7.51584319934191,243184,7.42138671875,0.09445648059191036,1,0.000244140625,4096
71401,77.41247287485749,96148916746,7.512014838202324,243246,7.42327880859375,0.08873602960857419,1,0.000244140625,4096
71501,77.51545899990015,96276572100,7.5079887793586675,242958,7.41448974609375,0.09349903326491749,1,0.000244140625,4096
71601,77.62251970800571,96405985113,7.492786307252549,242376,7.396728515625,0.09605779162754935,1,0.000244140625,4096
71701,77.72586754104123,96536340304,7.4939545098814,242395,7.397308349609375,0.09664616027202477,1,0.000244140625,4096
71801,77.83082016604021,96662859117,7.502997566059953,242790,7.40936279296875,0.09363477309120327,1,0.000244140625,4096
71901,77.93180937506258,96788618522,7.509088729128903,243567,7.433074951171875,0.07601377795702824,1,0.000244140625,4096
72001,78.03370020794682,96911988762,7.505667359595518,242876,7.4119873046875,0.09368005490801767,1,0.000244140625,4096
72101,78.1344924159348,97035016125,7.501050342355881,242604,7.4036865234375,0.09736381891838075,1,0.000244140625,4096
72201,78.23573645786382,97162778506,7.487794015061635,242104,7.388427734375,0.09936628068663467,1,0.000244140625,4096
72301,78.34074674989097,97293619527,7.491584779483604,242753,7.408233642578125,0.08335113690547935,1,0.000244140625,4096
72401,78.44151845783927,97424857514,7.466652203310762,241870,7.38128662109375,0.08536558221701185,1,0.000244140625,4096
72501,78.54697158304043,97551994381,7.463715976637584,242296,7.394287109375,0.0694288672625838,1,0.000244140625,4096
72601,78.64940624986775,97675518900,7.465043767863429,241423,7.367645263671875,0.09739850419155438,1,0.000244140625,4096
72701,78.75397366588004,97798585660,7.473686364700488,242097,7.388214111328125,0.0854722533723633,1,0.000244140625,4096
72801,78.85561574995518,97917043478,7.480827800514623,242704,7.40673828125,0.07408951926462315,1,0.000244140625,4096
72901,78.95807883306406,98037145454,7.469633854338292,242374,7.39666748046875,0.07296637386954163,1,0.000244140625,4096
73001,79.06074424996041,98163260228,7.464851011491904,242065,7.387237548828125,0.07761346266377878,1,0.000244140625,4096
73101,79.16439316584729,98286136628,7.480562867243906,242961,7.414581298828125,0.06598156841578096,1,0.000244140625,4096
73201,79.26856904104352,98409842247,7.477421265683269,242614,7.40399169921875,0.07342956646451881,1,0.000244140625,4096
73301,79.37011770787649,98535204240,7.476477070795336,242713,7.407012939453125,0.06946413134221086,1,0.000244140625,4096
73401,79.47147645801306,98657865018,7.476717138536239,242452,7.3990478515625,0.0776692869737392,1,0.000244140625,4096
73501,79.57165041589178,98776218907,7.472992432358013,242340,7.3956298828125,0.07736254954551303,1,0.000244140625,4096
73601,79.67239154083654,98892182414,7.479220180486118,242544,7.40185546875,0.07736471173611825,1,0.000244140625,4096
73701,79.77300041588023,99007769561,7.4744186914862,242232,7.392333984375,0.08208470711119986,1,0.000244140625,4096
73801,79.87177283293568,99122824428,7.470958540573443,242499,7.400482177734375,0.07047636283906833,1,0.000244140625,4096
73901,79.97266704100184,99235803929,7.490175092983355,242927,7.413543701171875,0.07663139181148004,1,0.000244140625,4096
74001,80.07396708289161,99347978493,7.5020547291722615,243301,7.424957275390625,0.07709745378163646,1,0.000244140625,4096
74101,80.17225220799446,99457494622,7.495464865773287,241971,7.384368896484375,0.11109596928891197,1,0.000244140625,4096
74201,80.26736795785837,99561004602,7.476317565125502,241160,7.359619140625,0.11669842450050183,1,0.000244140625,4096
74301,80.36652620788664,99668990930,7.473700975224597,240713,7.345977783203125,0.1277231920214721,1,0.000244140625,4096
74401,80.46394929103553,99781174506,7.465422654774249,240392,7.336181640625,0.12924101414924927,1,0.000244140625,4096
74501,80.56444845790975,99898664876,7.446712585151808,239509,7.309234619140625,0.13747796601118267,1,0.000244140625,4096
74601,80.66657962487079,100015640966,7.434062621121063,239806,7.31829833984375,0.11576428127731297,1,0.000244140625,4096
74701,80.76622854103334,100129828040,7.434905328997114,240335,7.334442138671875,0.10046319032523865,1,0.000244140625,4096
74801,80.86592870787717,100242279905,7.445009109825157,240576,7.341796875,0.10321223482515673,1,0.000244140625,4096
74901,80.96540320804343,100354095372,7.442885707025733,240665,7.344512939453125,0.0983727675726076,1,0.000244140625,4096
75001,81.06285374984145,100467725375,7.458380488099946,241583,7.372528076171875,0.08585241192807125,1,0.000244140625,4096
75101,81.16320016584359,100581765386,7.458362263522344,241343,7.365203857421875,0.09315840610046866,1,0.000244140625,4096
75201,81.26521954103373,100695949735,7.470560874037007,241322,7.36456298828125,0.10599788575575708,1,0.000244140625,4096
75301,81.36531329085119,100808915261,7.459317529141728,240617,7.343048095703125,0.11626943343860319,1,0.000244140625,4096
75401,81.46653804089874,100924581695,7.456962553925516,240379,7.335784912109375,0.12117764181614099,1,0.000244140625,4096
75501,81.56497325003147,101035646414,7.464730012320356,240698,7.34552001953125,0.11920999278910571,1,0.000244140625,4096
75601,81.66649379092269,101146972944,7.466684086247304,240613,7.342926025390625,0.12375806085667929,1,0.000244140625,4096
75701,81.76543883304112,101258908500,7.461178378606867,240541,7.340728759765625,0.12044961884124206,1,0.000244140625,4096
75801,81.86510279099457,101371899522,7.455543918056952,239841,7.319366455078125,0.13617746297882682,1,0.000244140625,4096
75901,81.96514429105446,101484546322,7.460153205677512,240104,7.327392578125,0.1327606275525124,1,0.000244140625,4096
76001,82.06349750002846,101599082032,7.485548596340536,241072,7.35693359375,0.1286150025905357,1,0.000244140625,4096
76101,82.16345699992962,101714183058,7.475629370637731,240626,7.34332275390625,0.1323066167314808,1,0.000244140625,4096
76201,82.26251512486488,101829353972,7.4846252461695535,241160,7.359619140625,0.1250061055445535,1,0.000244140625,4096
76301,82.36296216584742,101949239918,7.478594306824094,240146,7.32867431640625,0.14991999041784432,1,0.000244140625,4096
76401,82.46533091599122,102069673128,7.475641486826429,240140,7.3284912109375,0.14715027588892937,1,0.000244140625,4096
76501,82.56853120797314,102192670819,7.49858023235052,240883,7.351165771484375,0.14741446086614474,1,0.000244140625,4096
76601,82.67061804095283,102317666196,7.504217191532134,240663,7.344451904296875,0.15976528723525885,1,0.000244140625,4096
76701,82.77477662498131,102444037056,7.496507802346173,239807,7.318328857421875,0.17817894492429787,1,0.000244140625,4096
76801,82.87751458305866,102570941242,7.491067064301735,239753,7.316680908203125,0.17438615609860975,1,0.000244140625,4096
76901,82.97800029092468,102691101237,7.494719646468907,240496,7.33935546875,0.15536417771890676,1,0.000244140625,4096
77001,83.07621962483972,102809843807,7.492776097247145,240387,7.336029052734375,0.15674704451276966,1,0.000244140625,4096
77101,83.17789312498644,102927819711,7.490835598939325,240668,7.3446044921875,0.14623110675182538,1,0.000244140625,4096
77201,83.28020537504926,103049204723,7.500881890629291,240507,7.339691162109375,0.1611907285199159,1,0.000244140625,4096
77301,83.38133820798248,103172490915,7.502024593968325,240167,7.329315185546875,0.17270940842144977,1,0.000244140625,4096
77401,83.4838877080474,103298202725,7.490787249065132,239852,7.3197021484375,0.17108510062763216,1,0.000244140625,4096
77501,83.58576933294535,103427073378,7.476180370045204,239055,7.295379638671875,0.18080073137332864,1,0.000244140625,4096
77601,83.6910500829108,103558005351,7.469935577747824,238548,7.2799072265625,0.19002835118532424,1,0.000244140625,4096
77701,83.79504991602153,103690844915,7.454122670377733,239105,7.296905517578125,0.1572171527996078,1,0.000244140625,4096
77801,83.90170933306217,103821549166,7.462072886250547,239718,7.31561279296875,0.14646009328179677,1,0.000244140625,4096
77901,84.00586954085156,103945674532,7.457988818199697,239557,7.310699462890625,0.14728935530907172,1,0.000244140625,4096
78001,84.10800124984235,104071582270,7.471795837295417,240366,7.33538818359375,0.1364076537016672,1,0.000244140625,4096
78101,84.2096702910494,104196630202,7.494591630555889,240822,7.34930419921875,0.14528743133713906,1,0.000244140625,4096
78201,84.31307312496938,104324048570,7.505129523284504,241130,7.35870361328125,0.1464259100032539,1,0.000244140625,4096
78301,84.41751408297569,104448949230,7.511014667063864,241171,7.359954833984375,0.151059833079489,1,0.000244140625,4096
78401,84.51930074999109,104574678830,7.508404926201393,240972,7.3538818359375,0.15452309026389344,1,0.000244140625,4096
78501,84.62225545803085,104698556534,7.507919988030688,240915,7.352142333984375,0.15577765404631272,1,0.000244140625,4096
78601,84.72234874987043,104817957423,7.508988744881019,241269,7.362945556640625,0.14604318824039364,1,0.000244140625,4096
78701,84.8215947910212,104931064309,7.505958717904676,241370,7.36602783203125,0.13993088587342584,1,0.000244140625,4096
78801,84.92140283295885,105041031956,7.493358395292219,240755,7.347259521484375,0.14609887380784414,1,0.000244140625,4096
78901,85.02153112483211,105154388524,7.499245138598292,240904,7.351806640625,0.14743849797329212,1,0.000244140625,4096
79001,85.12272208300419,105275710993,7.492850229691413,241093,7.357574462890625,0.13527576680078823,1,0.000244140625,4096
79101,85.22611241601408,105403194358,7.498536608329605,241641,7.374298095703125,0.12423851262648,1,0.000244140625,4096
79201,85.33121870784089,105527179273,7.496577448834096,241655,7.374725341796875,0.12185210703722138,1,0.000244140625,4096
79301,85.43457779102027,105655989601,7.513185962891402,242667,7.405609130859375,0.10757683203202717,1,0.000244140625,4096
79401,85.5377850830555,105785003759,7.491862698537062,242208,7.3916015625,0.10026113603706222,1,0.000244140625,4096
79501,85.64207045803778,105914965770,7.4869960602801795,242790,7.40936279296875,0.0776332673114295,1,0.000244140625,4096
79601,85.74520270805806,106040381198,7.473903325604101,242221,7.391998291015625,0.08190503458847598,1,0.000244140625,4096
79701,85.84625849989243,106166904013,7.476478587401915,242051,7.386810302734375,0.08966828466753984,1,0.000244140625,4096
79801,85.95081745786592,106291758022,7.474758811490376,241933,7.383209228515625,0.0915495829747508,1,0.000244140625,4096
79901,86.05454204091802,106426083250,7.471476350872556,241640,7.374267578125,0.0972087727475559,1,0.000244140625,4096
80001,86.15882933302782,106556025070,7.4608999327219525,241478,7.36932373046875,0.09157620225320251,1,0.000244140625,4096
80101,86.26181108294986,106681807463,7.4572692599936925,241320,7.364501953125,0.0927673068686925,1,0.000244140625,4096
80201,86.36549062491395,106808622837,7.463786834281521,241307,7.364105224609375,0.09968160967214601,1,0.000244140625,4096
80301,86.46703870804049,106935801162,7.462628115505891,240807,7.348846435546875,0.11378167995901567,1,0.000244140625,4096
80401,86.57058362499811,107065988455,7.468108996514458,241162,7.35968017578125,0.10842882073320759,1,0.000244140625,4096
80501,86.6750148748979,107196858803,7.463113915929576,241139,7.358978271484375,0.10413564444520063,1,0.000244140625,4096
80601,86.78053795802407,107329201244,7.472378588109354,241357,7.365631103515625,0.10674748459372907,1,0.000244140625,4096
80701,86.88711708295159,107462850818,7.473069707747676,241404,7.3670654296875,0.1060042780601762,1,0.000244140625,4096
80801,86.99298149999231,107596202627,7.460099328523722,241050,7.35626220703125,0.1038371214924716,1,0.000244140625,4096
80901,87.0971740828827,107730143606,7.478301201986603,241680,7.37548828125,0.10281292073660264,1,0.000244140625,4096
81001,87.20123995793983,107864412607,7.482241936970981,241471,7.369110107421875,0.11313182954910594,1,0.000244140625,4096
81101,87.30690116598271,108000919088,7.497666809022734,242098,7.38824462890625,0.10942218011648386,1,0.000244140625,4096
81201,87.41383929084986,108138135213,7.48193942224897,241446,7.36834716796875,0.11359225428021968,1,0.000244140625,4096
81301,87.5188241249416,108273345169,7.476075594472974,241596,7.3729248046875,0.10315078978547376,1,0.000244140625,4096
81401,87.62045358284377,108406663157,7.46908223755393,241005,7.354888916015625,0.11419332153830464,1,0.000244140625,4096
81501,87.72298266598955,108537415421,7.46777107216557,241332,7.3648681640625,0.10290290810307035,1,0.000244140625,4096
81601,87.82485995790921,108666931761,7.4690855495708535,241851,7.380706787109375,0.08837876246147847,1,0.000244140625,4096
81701,87.92760279099457,108797475162,7.464110677383793,241855,7.380828857421875,0.0832818199619183,1,0.000244140625,4096
81801,88.02962174988352,108923699939,7.449516181721107,241253,7.362457275390625,0.08705890633048163,1,0.000244140625,4096
81901,88.13419720786624,109046241956,7.4584742311255425,241865,7.381134033203125,0.07734019792241753,1,0.000244140625,4096
82001,88.23526500002481,109171646920,7.450794972768849,241242,7.36212158203125,0.08867339073759872,1,0.000244140625,4096
82101,88.33523158286698,109293949831,7.471190050539581,242228,7.3922119140625,0.0789781364770814,1,0.000244140625,4096
82201,88.43697520787828,109412527372,7.472313260768555,242444,7.3988037109375,0.07350954983105495,1,0.000244140625,4096
82301,88.53779587498866,109529195417,7.467277777713346,242726,7.40740966796875,0.05986810974459633,1,0.000244140625,4096
82401,88.63744362490252,109642625721,7.4571303109059555,242492,7.4002685546875,0.05686175621845546,1,0.000244140625,4096
82501,88.73646074999124,109753584899,7.444024572901621,242107,7.388519287109375,0.055505285792246006,1,0.000244140625,4096
82601,88.83526137494482,109862214982,7.440680448804402,241477,7.369293212890625,0.07138723591377705,1,0.000244140625,4096
82701,88.93485695798881,109971329196,7.457791258446683,242686,7.40618896484375,0.051602293602933,1,0.000244140625,4096
82801,89.03414104087278,110080150653,7.459007062527124,242456,7.399169921875,0.059837140652123644,1,0.000244140625,4096
82901,89.13489662483335,110190610864,7.4595594030667485,242159,7.390106201171875,0.06945320189487347,1,0.000244140625,4096
83001,89.23371658287942,110301743741,7.466977455147175,242346,7.39581298828125,0.07116446686592504,1,0.000244140625,4096
83101,89.33367512491532,110412664482,7.474094321560068,241574,7.37225341796875,0.10184090359131837,2,0.00048828125,4095
83201,89.43367516598664,110526923464,7.4904158406082555,242160,7.39013671875,0.1002791218582555,1,0.000244140625,4096
83301,89.53532312484458,110645330901,7.4982064515695495,242375,7.396697998046875,0.10150845352267446,1,0.000244140625,4096
83401,89.63730945787393,110765453440,7.492274829849698,242369,7.396514892578125,0.09575993727157339,1,0.000244140625,4096
83501,89.73772379104048,110883962815,7.486128139961227,242245,7.392730712890625,0.09339742707060239,1,0.000244140625,4096
83601,89.83586045796983,111003472265,7.473045835491476,242026,7.38604736328125,0.08699847221022594,1,0.000244140625,4096
83701,89.93873475003056,111123470045,7.490039835987158,242742,7.40789794921875,0.08214188676840806,1,0.000244140625,4096
83801,90.04218416591175,111245213598,7.483399138222431,242140,7.3895263671875,0.09387277103493119,1,0.000244140625,4096
83901,90.1447392909322,111364284771,7.490837423077638,242060,7.3870849609375,0.10375246214013778,1,0.000244140625,4096
84001,90.2448973748833,111484004209,7.500449751713608,242429,7.398345947265625,0.10210380444798339,1,0.000244140625,4096
84101,90.34853708301671,111606417817,7.503203736391963,242789,7.409332275390625,0.09387146100133759,1,0.000244140625,4096
84201,90.44925854098983,111732164847,7.496352478594666,242442,7.39874267578125,0.09760980281341602,1,0.000244140625,4096
84301,90.55376762500964,111857400670,7.49312541328384,242433,7.398468017578125,0.09465739570571507,1,0.000244140625,4096
84401,90.6549823328387,111984228016,7.490378611328603,242181,7.390777587890625,0.09960102343797761,1,0.000244140625,4096
84501,90.75892316596583,112109522221,7.485064526139535,242009,7.385528564453125,0.09953596168640999,1,0.000244140625,4096
84601,90.85796479089186,112231857186,7.505966662972845,242365,7.396392822265625,0.10957384070722043,1,0.000244140625,4096
84701,90.95954729104415,112358299860,7.505184077737869,242033,7.386260986328125,0.11892309140974433,1,0.000244140625,4096
84801,91.0610453330446,112487782093,7.509332093516657,242246,7.39276123046875,0.1165708630479072,1,0.000244140625,4096
84901,91.16560225002468,112625844604,7.516445840842189,242810,7.40997314453125,0.10647269631093881,1,0.000244140625,4096
85001,91.26996337505989,112760592914,7.503255421537179,241717,7.376617431640625,0.12663798989655373,1,0.000244140625,4096
85101,91.37392220785841,112896143176,7.482308457097284,241006,7.35491943359375,0.1273890235035342,1,0.000244140625,4096
85201,91.48149062483571,113031865373,7.493690840580894,241930,7.38311767578125,0.11057316479964374,1,0.000244140625,4096
85301,91.58709462499246,113167164673,7.496919601536243,241962,7.38409423828125,0.11282536325499315,1,0.000244140625,4096
85401,91.68964583287016,113302472417,7.497881818285345,242402,7.39752197265625,0.10035984562909483,1,0.000244140625,4096
85501,91.79632566589862,113443575975,7.501449825159162,241774,7.37835693359375,0.12309289156541237,1,0.000244140625,4096
85601,91.90412833285518,113585511885,7.501133291197955,240776,7.347900390625,0.1532329005729549,1,0.000244140625,4096
85701,92.00950816599652,113726987247,7.491271157129033,240658,7.34429931640625,0.1469718407227827,1,0.000244140625,4096
85801,92.11646741605364,113870065032,7.476359283457972,240634,7.34356689453125,0.13279238892672218,1,0.000244140625,4096
85901,92.22566287498921,114018101090,7.477025024537694,240565,7.341461181640625,0.1355638428970689,1,0.000244140625,4096
86001,92.33754937490448,114173708934,7.485363410564291,240129,7.328155517578125,0.15720789298616644,1,0.000244140625,4096
86101,92.44892183295451,114326914199,7.489251893671099,239994,7.32403564453125,0.16521624913984923,1,0.000244140625,4096
86201,92.56033954094164,114486235177,7.489265563209866,240470,7.33856201171875,0.15070355149111592,1,0.000244140625,4096
86301,92.66972083295695,114643259435,7.481819324934952,240420,7.3370361328125,0.1447831921224516,1,0.000244140625,4096
86401,92.77896324987523,114798136314,7.4833121666767255,240438,7.33758544921875,0.1457267174579755,1,0.000244140625,4096
86501,92.88481804099865,114947428230,7.476797979874124,240777,7.347930908203125,0.12886707167099942,1,0.000244140625,4096
86601,92.99405116587877,115092334507,7.475211088552708,241054,7.35638427734375,0.1188268112089581,1,0.000244140625,4096
86701,93.1004263330251,115231703895,7.479633064307166,241058,7.35650634765625,0.12312671665091557,2,0.00048828125,4095
86801,93.20501420786604,115377229307,7.484195526770958,241099,7.357757568359375,0.12643795841158312,1,0.000244140625,4096
86901,93.31069262488745,115525196761,7.494112611693776,241559,7.371795654296875,0.12231695739690096,1,0.000244140625,4096
87001,93.41938099986874,115673922641,7.495858944486561,241072,7.35693359375,0.1389253507365611,1,0.000244140625,4096
87101,93.52821812499315,115822941750,7.494124769616221,241112,7.358154296875,0.13597047274122076,1,0.000244140625,4096
87201,93.63784029101953,115972052648,7.497977816604504,240731,7.346527099609375,0.1514507169951287,1,0.000244140625,4096
87301,93.74378350004554,116120967535,7.513210704219842,241109,7.358062744140625,0.15514796007921738,1,0.000244140625,4096
87401,93.85199441597797,116268638969,7.518906118008957,242041,7.386505126953125,0.1324009910558317,1,0.000244140625,4096
87501,93.9646764579229,116424135254,7.518061588432706,241735,7.377166748046875,0.14089484038583144,1,0.000244140625,4096
87601,94.07503016595729,116589284403,7.5046448608762075,240446,7.33782958984375,0.16681527103245752,1,0.000244140625,4096
87701,94.18788354098797,116755863646,7.49179376741876,239843,7.319427490234375,0.17236627718438502,1,0.000244140625,4096
87801,94.29888774990104,116919745577,7.495069966638525,240013,7.324615478515625,0.17045448812289976,1,0.000244140625,4096
87901,94.41060004103929,117079898607,7.498721807924211,240545,7.340850830078125,0.15787097784608584,1,0.000244140625,4096
88001,94.5144712079782,117234473194,7.505115500271066,240764,7.3475341796875,0.15758132058356633,1,0.000244140625,4096
88101,94.62374237505719,117386597258,7.5022846559872285,241191,7.360565185546875,0.1417194704403535,1,0.000244140625,4096
88201,94.7316809578333,117538208992,7.500322995186389,241513,7.370391845703125,0.129931149483264,1,0.000244140625,4096
88301,94.84001745795831,117690394638,7.507345814143481,241874,7.38140869140625,0.12593712273723057,1,0.000244140625,4096
88401,94.94734937488101,117843461595,7.495981336815099,241763,7.378021240234375,0.11796009658072393,1,0.000244140625,4096
88501,95.05470820795745,117995752020,7.489881556785266,241270,7.36297607421875,0.12690548256651635,1,0.000244140625,4096
88601,95.16363058285788,118145859153,7.487709261611484,241945,7.383575439453125,0.1041338221583592,1,0.000244140625,4096
88701,95.27368087484501,118294505264,7.48453399911674,241608,7.373291015625,0.11124298349174033,1,0.000244140625,4096
88801,95.38183420803398,118441076386,7.474392990632766,241953,7.383819580078125,0.09057341055464097,1,0.000244140625,4096
88901,95.48821220803075,118585632660,7.475123985883078,242175,7.390594482421875,0.08452950346120325,1,0.000244140625,4096
89001,95.59575437498279,118729195229,7.472684179859451,242193,7.391143798828125,0.08154038103132599,1,0.000244140625,4096
89101,95.70392791600898,118869003026,7.495346436236111,242576,7.40283203125,0.09251440498611085,1,0.000244140625,4096
89201,95.8055985828396,119000345728,7.487909018097407,242215,7.391815185546875,0.09609383255053228,1,0.000244140625,4096
89301,95.91263816598803,119132563270,7.487932601826095,242163,7.390228271484375,0.09770433034172044,1,0.000244140625,4096
89401,96.01923495787196,119263143671,7.494496748300723,242615,7.404022216796875,0.09047453150384843,1,0.000244140625,4096
89501,96.12223891587928,119393348099,7.490150910025886,242351,7.395965576171875,0.09418533385401062,1,0.000244140625,4096
89601,96.22653333283961,119524730945,7.485259272439839,241435,7.368011474609375,0.1172477978304638,1,0.000244140625,4096
89701,96.33162020798773,119661361759,7.471646971616597,240195,7.330169677734375,0.14147729388222174,1,0.000244140625,4096
89801,96.4401941250544,119803370720,7.473982513750576,240622,7.34320068359375,0.13078183015682576,1,0.000244140625,4096
89901,96.54836424998939,119948995896,7.472713379502895,240658,7.34429931640625,0.1284140630966446,1,0.000244140625,4096
90001,96.65443929098547,120093250397,7.467430811515143,240314,7.33380126953125,0.13362954198389332,1,0.000244140625,4096
90101,96.76272733299993,120240170651,7.476731253675879,240523,7.340179443359375,0.13655181031650443,1,0.000244140625,4096
90201,96.8721479580272,120392804513,7.484330240158208,240064,7.326171875,0.15815836515820791,1,0.000244140625,4096
90301,96.98482645791955,120548815483,7.490266122770381,240504,7.339599609375,0.15066651339538062,1,0.000244140625,4096
90401,97.09613641584292,120705836367,7.473739790932738,239282,7.30230712890625,0.1714326620264881,1,0.000244140625,4096
90501,97.20905570802279,120862093815,7.474228664410929,239226,7.30059814453125,0.17363051987967904,1,0.000244140625,4096
90601,97.32106166589074,121018078107,7.472717905952047,239955,7.322845458984375,0.149872446967672,1,0.000244140625,4096
90701,97.43164504086599,121173949605,7.480283446887519,240289,7.333038330078125,0.147245116809394,1,0.000244140625,4096
90801,97.5427375829313,121336057269,7.489646055677618,240458,7.33819580078125,0.15145025489636765,1,0.000244140625,4096
90901,97.65363308298402,121499819288,7.483754193647466,240248,7.331787109375,0.1519670842724663,1,0.000244140625,4096
91001,97.76610295800492,121662829630,7.501816755181069,241337,7.365020751953125,0.1367960032279436,1,0.000244140625,4096
91101,97.87724154093303,121826287939,7.501065194389646,241550,7.37152099609375,0.12954419829589625,1,0.000244140625,4096
91201,97.99156445800327,121991830474,7.521100802902964,242536,7.401611328125,0.11948947477796423,1,0.000244140625,4096
91301,98.10387845803052,122154890718,7.5166617641272895,242383,7.396942138671875,0.11971962545541448,1,0.000244140625,4096
91401,98.21580020803958,122314290794,7.521393995573629,241981,7.384674072265625,0.13671992330800364,1,0.000244140625,4096
91501,98.32732258294709,122470941049,7.527929655345989,242623,7.404266357421875,0.12366329792411435,1,0.000244140625,4096
91601,98.43677058303729,122627811736,7.5446346083491616,243504,7.43115234375,0.11348226459916155,1,0.000244140625,4096
91701,98.54608104098588,122778494416,7.551682269810036,243998,7.44622802734375,0.1054542424662861,1,0.000244140625,4096
91801,98.65604437491857,122930654930,7.540666316423837,243057,7.417510986328125,0.12315533009571222,1,0.000244140625,4096
91901,98.76680295797996,123081353397,7.53315878328917,243404,7.4281005859375,0.10505819735166977,1,0.000244140625,4096
92001,98.875657874858,123232303567,7.531550775680507,242753,7.408233642578125,0.12331713310238168,1,0.000244140625,4096
92101,98.98484887485392,123382092514,7.5285911959263565,242600,7.403564453125,0.1250267428013565,1,0.000244140625,4096
92201,99.09386029094458,123526058091,7.537980542135483,242486,7.40008544921875,0.1378950929167333,1,0.000244140625,4096
92301,99.20227679098025,123670893751,7.5391809405598575,242291,7.394134521484375,0.14504641907548255,1,0.000244140625,4096
92401,99.31085675000213,123818442588,7.5461271020094065,242068,7.3873291015625,0.1587980004469065,1,0.000244140625,4096
92501,99.42000254103914,123966718418,7.563393878299507,242839,7.410858154296875,0.15253572400263238,1,0.000244140625,4096
92601,99.52514687483199,124109880917,7.568896401667356,243377,7.427276611328125,0.1416197903392309,1,0.000244140625,4096
92701,99.63446212490089,124261944381,7.5791503086203775,244000,7.4462890625,0.13286124612037753,1,0.000244140625,4096
92801,99.7448391248472,124412510359,7.581225487472557,243931,7.444183349609375,0.1370421378631823,1,0.000244140625,4096
92901,99.85483087506145,124561476196,7.58599257888047,244067,7.448333740234375,0.13765883864609485,1,0.000244140625,4096
93001,99.96349166589789,124709822120,7.601565831526077,244640,7.4658203125,0.13574551902607723,1,0.000244140625,4096
93101,100.06944229104556,124856010176,7.607780798499716,243930,7.44415283203125,0.1636279664684661,2,0.00048828125,4095
93201,100.1735834160354,124994601501,7.595171897830401,243162,7.42071533203125,0.1744565657991508,1,0.000244140625,4096
93301,100.27774275001138,125130069275,7.5918144302667265,243297,7.424835205078125,0.16697922518860153,1,0.000244140625,4096
93401,100.38389662490226,125263839060,7.581558885713006,243241,7.423126220703125,0.1584326650098813,1,0.000244140625,4096
93501,100.48429124988616,125393351968,7.577894283460728,243414,7.42840576171875,0.14948852174197835,1,0.000244140625,4096
93601,100.5847174578812,125524964345,7.575575773530668,243122,7.41949462890625,0.1560811446244177,1,0.000244140625,4096
93701,100.69009591592476,125653455293,7.584364456562975,243245,7.423248291015625,0.16111616554734987,1,0.000244140625,4096
93801,100.79595170798711,125780871828,7.567481788745608,242982,7.41522216796875,0.15225962077685828,1,0.000244140625,4096
93901,100.89388233283535,125904788473,7.5527645742922065,242734,7.40765380859375,0.1451107656984565,1,0.000244140625,4096
94001,100.99651729105972,126025696782,7.558560211097921,243096,7.418701171875,0.1398590392229213,1,0.000244140625,4096
94101,101.09609795804136,126146650103,7.55555396125569,243099,7.418792724609375,0.1367612366463149,1,0.000244140625,4096
94201,101.19574104086496,126269088219,7.548521375526109,242993,7.415557861328125,0.1329635141979839,1,0.000244140625,4096
94301,101.29743891605176,126390291274,7.551744272156008,243005,7.415924072265625,0.1358201998903832,1,0.000244140625,4096
94401,101.39784845802933,126513252873,7.5477681902364075,243695,7.436981201171875,0.11078698906453255,1,0.000244140625,4096
94501,101.49632054101676,126630478919,7.5534931227148885,244219,7.452972412109375,0.10052071060551349,1,0.000244140625,4096
94601,101.59362304094248,126748596681,7.536572742121444,243804,7.4403076171875,0.0962651249339439,1,0.000244140625,4096
94701,101.68826204095967,126862604337,7.539395624712787,244231,7.453338623046875,0.08605700166591213,1,0.000244140625,4096
94801,101.78841616585851,126982219935,7.547996981604102,244167,7.451385498046875,0.09661148355722737,1,0.000244140625,4096
94901,101.88869445794262,127104439169,7.5536031466309055,244262,7.45428466796875,0.09931847866215548,1,0.000244140625,4096
95001,101.9876278329175,127224343553,7.565747484574917,244601,7.464630126953125,0.10111735762179208,1,0.000244140625,4096
95101,102.0870514579583,127342551975,7.566880523630521,244602,7.46466064453125,0.10221987909927144,1,0.000244140625,4096
95201,102.1865232498385,127459859689,7.5620495580203455,244592,7.46435546875,0.09769408927034551,1,0.000244140625,4096
95301,102.28775250003673,127578249850,7.567239399424587,244281,7.454864501953125,0.11237489747146157,1,0.000244140625,4096
95401,102.39048512489535,127694958678,7.554252116539987,244270,7.45452880859375,0.0997233079462374,1,0.000244140625,4096
95501,102.48951020790264,127807324757,7.566459123805354,244746,7.46905517578125,0.09740394802410357,1,0.000244140625,4096
95601,102.58681920799427,127921733200,7.552704278551793,243739,7.438323974609375,0.1143803039424176,1,0.000244140625,4096
95701,102.68741212505847,128036773801,7.535855765960523,243405,7.428131103515625,0.1077246624448982,1,0.000244140625,4096
95801,102.78851408301853,128148478108,7.530141232285729,243506,7.43121337890625,0.09892785337947885,1,0.000244140625,4096
95901,102.88509324984625,128257932963,7.529425027713419,243906,7.44342041015625,0.08600461755716893,1,0.000244140625,4096
96001,102.98609429085627,128368646487,7.539802003753076,244085,7.448883056640625,0.09091894711245097,1,0.000244140625,4096
96101,103.08347341604531,128477650055,7.534312612919774,243762,7.43902587890625,0.09528673401352439,1,0.000244140625,4096
96201,103.18135108286515,128580954667,7.5421034840626735,244018,7.44683837890625,0.0952651051564235,1,0.000244140625,4096
96301,103.27844070806168,128686191012,7.537345770621514,243748,7.4385986328125,0.09874713780901434,1,0.000244140625,4096
96401,103.37464183289558,128790464457,7.544248990738871,244546,7.46295166015625,0.08129733058262101,1,0.000244140625,4096
96501,103.47314799996093,128898052228,7.527369313847826,243814,7.44061279296875,0.08675652087907615,1,0.000244140625,4096
96601,103.57086245785467,129008674585,7.52116139998058,243319,7.425506591796875,0.09565480818370542,1,0.000244140625,4096
96701,103.66939437505789,129118378602,7.53428421145124,243830,7.44110107421875,0.09318313723249005,1,0.000244140625,4096
96801,103.763790915953,129229473608,7.531175228322782,243360,7.4267578125,0.10441741582278219,1,0.000244140625,4096
96901,103.86247024987824,129338969908,7.520975811177926,243202,7.42193603515625,0.09903977602167569,1,0.000244140625,4096
97001,103.96028404100798,129449295342,7.532030654929381,243707,7.437347412109375,0.09468324282000573,1,0.000244140625,4096
97101,104.06088058301248,129562109059,7.541874235472511,244326,7.45623779296875,0.08563644250376079,1,0.000244140625,4096
97201,104.15774362487718,129678528577,7.562588929298039,244514,7.46197509765625,0.10061383164178928,1,0.000244140625,4096
97301,104.26026699994691,129794470031,7.564147134724528,243508,7.4312744140625,0.1328727206620277,1,0.000244140625,4096
97401,104.36207462497987,129909443596,7.552661261562993,243253,7.423492431640625,0.1291688299223681,1,0.000244140625,4096
97501,104.46302808285691,130022408456,7.5495238944263985,243259,7.423675537109375,0.12584835731702348,1,0.000244140625,4096
97601,104.55880495789461,130136281748,7.544854579599374,243286,7.42449951171875,0.12035506788062378,1,0.000244140625,4096
97701,104.66006145789288,130249318978,7.54623300622797,243414,7.42840576171875,0.11782724450922011,1,0.000244140625,4096
97801,104.75784733286127,130366203764,7.54974464806424,243810,7.44049072265625,0.10925392540799006,1,0.000244140625,4096
97901,104.85971766593866,130487087959,7.546718827671977,243736,7.438232421875,0.10848640579697744,1,0.000244140625,4096
98001,104.96318087494001,130607049052,7.544446999607427,243963,7.445159912109375,0.09928708749805182,1,0.000244140625,4096
98101,105.06206004088745,130729559080,7.546094078736943,244237,7.453521728515625,0.09257235022131827,1,0.000244140625,4096
98201,105.16260712500662,130851031853,7.554496417249328,244076,7.4486083984375,0.10588801881182786,1,0.000244140625,4096
98301,105.26386712491512,130972633457,7.556729585125008,244234,7.45343017578125,0.10329940934375781,1,0.000244140625,4096
98401,105.36751829087734,131095775046,7.554227443603812,243833,7.441192626953125,0.11303481665068738,1,0.000244140625,4096
98501,105.47039779089391,131220930694,7.566634946539706,243989,7.445953369140625,0.12068157739908081,1,0.000244140625,4096
98601,105.57514624996111,131349820795,7.560390052674881,244175,7.451629638671875,0.10876041400300629,1,0.000244140625,4096
98701,105.67982229101472,131484243734,7.5463312018933,244008,7.446533203125,0.09979799876829976,1,0.000244140625,4096
98801,105.78421512502246,131614707429,7.541675453203685,243927,7.444061279296875,0.09761417390680993,1,0.000244140625,4096
98901,105.88897241605446,131748385413,7.538318064762375,243487,7.430633544921875,0.10768451984050031,1,0.000244140625,4096
99001,105.99682274996303,131887682663,7.5377597216425825,243266,7.42388916015625,0.11387056148633246,1,0.000244140625,4096
99101,106.1021536658518,132029380650,7.550813731393581,242953,7.414337158203125,0.13647657319045603,1,0.000244140625,4096
99201,106.20878662494943,132174777556,7.54450565531857,243254,7.42352294921875,0.12098270609982009,1,0.000244140625,4096
99301,106.31611537490971,132319736894,7.528848504573412,243622,7.43475341796875,0.09409508660466237,1,0.000244140625,4096
99401,106.42484975000843,132464620033,7.53030970005698,243875,7.442474365234375,0.0878353348226053,1,0.000244140625,4096
99501,106.53121058293618,132605632548,7.532191860144002,244359,7.457244873046875,0.07494698709712733,1,0.000244140625,4096
99601,106.6348902080208,132746495588,7.529591087910672,243761,7.438995361328125,0.09059572658254744,1,0.000244140625,4096
99701,106.74327266588807,132883602023,7.540061534941133,243972,7.4454345703125,0.09462696462863285,1,0.000244140625,4096
99801,106.84744599997066,133021066961,7.55028164506538,243745,7.438507080078125,0.1117745649872548,1,0.000244140625,4096
99901,106.95643579098396,133165879320,7.562022183517719,244344,7.456787109375,0.10523507414271904,1,0.000244140625,4096
100000,107.06348049989901,133303697391,7.5809303931637695,245098,7.47979736328125,0.10113302988251949,1,0.000244140625,4096
