epoch,elapsed_seconds,character_reads,byte_entropy,brotli_size,compressed_bpb,high_order_entropy,dominant_tape_count,dominant_tape_fraction,distinct_tapes
1,2.7698425410781056,1315670,7.999252053375555,262155,8.000335693359375,-0.001083639983820106,1,0.000244140625,4096
101,2.8663396660704166,118333633,7.985029567415528,255340,7.7923583984375,0.19267116897802783,2,0.00048828125,4093
201,2.9605073330458254,232426597,7.975060860267831,251555,7.676849365234375,0.29821149503345623,1,0.000244140625,4096
301,3.0556572501081973,351003159,7.971571233913236,249984,7.62890625,0.3426649839132363,1,0.000244140625,4096
401,3.149957458022982,468414080,7.9655934198485765,248537,7.584747314453125,0.3808461053954515,1,0.000244140625,4096
501,3.2434802080970258,586200581,7.957363418229477,248341,7.578765869140625,0.3785975490888518,1,0.000244140625,4096
601,3.3396947500295937,710704758,7.950058775994746,247692,7.5589599609375,0.3910988150572461,1,0.000244140625,4096
701,3.4371506250463426,834073633,7.937406460717236,246879,7.534149169921875,0.4032572907953611,1,0.000244140625,4096
801,3.533347083022818,957376621,7.925030922248642,246161,7.512237548828125,0.41279337342051736,1,0.000244140625,4096
901,3.6313922910485417,1080270731,7.911076789223797,246303,7.516571044921875,0.394505744301922,1,0.000244140625,4096
1001,3.728685291018337,1203475957,7.900387327391755,247150,7.54241943359375,0.35796789379800487,2,0.00048828125,4095
1101,3.8233854579739273,1330231296,7.885858317587939,245626,7.49591064453125,0.38994767305668887,2,0.00048828125,4095
1201,3.9213753750082105,1459362648,7.87277109997798,245329,7.486846923828125,0.38592417614985486,1,0.000244140625,4096
1301,4.01839108299464,1586118670,7.854683322059498,244992,7.4765625,0.3781208220594978,1,0.000244140625,4096
1401,4.116285583004355,1713393028,7.838937307511882,244790,7.47039794921875,0.3685393582931322,2,0.00048828125,4095
1501,4.211748250061646,1842214270,7.823127116431804,245098,7.47979736328125,0.34332975315055414,1,0.000244140625,4096
1601,4.310532208066434,1972464853,7.803723915135218,245221,7.483551025390625,0.320172889744593,1,0.000244140625,4096
1701,4.411660916171968,2105462517,7.775571298399101,244166,7.45135498046875,0.3242163179303512,1,0.000244140625,4096
1801,4.510614958126098,2235773034,7.760398183447052,243598,7.43402099609375,0.3263771873533017,1,0.000244140625,4096
1901,4.611824833089486,2368049873,7.751141143884041,244517,7.462066650390625,0.2890744934934162,1,0.000244140625,4096
2001,4.713715291116387,2500900280,7.740884154261879,244916,7.4742431640625,0.26664099019937915,1,0.000244140625,4096
2101,4.813573500141501,2631185040,7.734290970580332,245472,7.4912109375,0.24308003308033221,1,0.000244140625,4096
2201,4.914687750162557,2757701770,7.716838930396998,245055,7.478485107421875,0.23835382297512275,1,0.000244140625,4096
2301,5.017302250023931,2887030704,7.705390694346605,245432,7.489990234375,0.21540045997160462,1,0.000244140625,4096
2401,5.119208541000262,3021261523,7.693392061014487,245837,7.502349853515625,0.19104220749886203,1,0.000244140625,4096
2501,5.2229778750333935,3160065718,7.682545788038074,245145,7.481231689453125,0.20131409858494909,1,0.000244140625,4096
2601,5.32797229103744,3301387126,7.681010622817303,245308,7.4862060546875,0.19480456812980318,1,0.000244140625,4096
2701,5.43379204114899,3443142276,7.678062590647637,245810,7.50152587890625,0.1765367117413872,1,0.000244140625,4096
2801,5.538562833098695,3583664162,7.661390907098751,245564,7.4940185546875,0.1673723524112507,1,0.000244140625,4096
2901,5.644861458102241,3725218985,7.655247277001324,246182,7.51287841796875,0.14236885903257424,1,0.000244140625,4096
3001,5.747055290965363,3867463587,7.660026241174698,247044,7.5391845703125,0.12084167086219821,1,0.000244140625,4096
3101,5.8509331659879535,4008297906,7.6579751624962515,247063,7.539764404296875,0.11821075819937654,1,0.000244140625,4096
3201,5.957730875117704,4149125350,7.669836031533236,247072,7.5400390625,0.12979696903323568,1,0.000244140625,4096
3301,6.064955790992826,4291693995,7.6742883027020685,247844,7.5635986328125,0.11068966988956852,1,0.000244140625,4096
3401,6.1707445830106735,4436130370,7.676250375583623,248348,7.5789794921875,0.09727088339612333,1,0.000244140625,4096
3501,6.2764826661441475,4580216909,7.673781884738751,248047,7.569793701171875,0.10398818356687567,1,0.000244140625,4096
3601,6.38517833314836,4727919894,7.65272111256061,247811,7.562591552734375,0.09012955982623527,1,0.000244140625,4096
3701,6.493745041079819,4882163945,7.636940183207219,247070,7.53997802734375,0.09696215586346923,1,0.000244140625,4096
3801,6.605288708116859,5039881988,7.635619820040314,247109,7.541168212890625,0.09445160714968903,1,0.000244140625,4096
3901,6.712554791010916,5196175779,7.625442862671374,246573,7.524810791015625,0.10063207165574894,1,0.000244140625,4096
4001,6.818794833030552,5348193663,7.6245714217286675,245387,7.488616943359375,0.13595447836929253,1,0.000244140625,4096
4101,6.928429916035384,5501450608,7.6233630405725075,245320,7.486572265625,0.13679077494750747,1,0.000244140625,4096
4201,7.038152249995619,5656412796,7.608486888803742,244857,7.472442626953125,0.1360442618506168,1,0.000244140625,4096
4301,7.146368833025917,5815944142,7.594890248231442,244583,7.464080810546875,0.130809437684567,1,0.000244140625,4096
4401,7.256271083140746,5973820249,7.592774878720806,245050,7.47833251953125,0.11444235918955581,1,0.000244140625,4096
4501,7.36716758296825,6129773171,7.58990098822233,244826,7.47149658203125,0.11840440619107984,1,0.000244140625,4096
4601,7.473978375084698,6279069031,7.585548243625952,245078,7.47918701171875,0.10636123190720159,1,0.000244140625,4096
4701,7.58079362497665,6427745586,7.584164136557975,244936,7.474853515625,0.10931062093297506,1,0.000244140625,4096
4801,7.686821124982089,6571895746,7.582933414301243,245687,7.497772216796875,0.08516119750436779,1,0.000244140625,4096
4901,7.7916133750695735,6715551785,7.573227371433715,245452,7.4906005859375,0.08262678549621505,1,0.000244140625,4096
5001,7.898640833096579,6860123007,7.575508881064227,245604,7.4952392578125,0.08026962325172704,1,0.000244140625,4096
5101,8.005205291090533,7001538959,7.554679704067478,245010,7.47711181640625,0.07756788766122824,1,0.000244140625,4096
5201,8.11242820811458,7141857738,7.533045296835469,244319,7.456024169921875,0.07702112691359364,1,0.000244140625,4096
5301,8.21835737512447,7279004247,7.514689291119469,244185,7.451934814453125,0.0627544766663437,1,0.000244140625,4096
5401,8.325809250120074,7419648408,7.531501418074178,244956,7.4754638671875,0.05603755088667839,1,0.000244140625,4096
5501,8.432164957979694,7563939871,7.535255102896663,245204,7.4830322265625,0.052222876334163004,1,0.000244140625,4096
5601,8.540047541027889,7706863383,7.5440489744562615,244930,7.47467041015625,0.06937856430001155,1,0.000244140625,4096
5701,8.644407875137404,7846546715,7.534448476055138,244553,7.463165283203125,0.07128319285201279,1,0.000244140625,4096
5801,8.750467624980956,7984123067,7.516377688499074,244144,7.45068359375,0.06569409474907406,1,0.000244140625,4096
5901,8.85722329118289,8124719309,7.521624780714087,244810,7.47100830078125,0.050616479932837244,1,0.000244140625,4096
6001,8.96179037517868,8262279287,7.524150428830421,244922,7.47442626953125,0.04972415929917062,1,0.000244140625,4096
6101,9.066152082988992,8401810072,7.5496860572710425,245996,7.5072021484375,0.04248390883354247,1,0.000244140625,4096
6201,9.173712083138525,8538576753,7.552202805769069,245660,7.4969482421875,0.05525456358156866,1,0.000244140625,4096
6301,9.280679916031659,8675879890,7.557449262713708,245593,7.494903564453125,0.06254569826058276,1,0.000244140625,4096
6401,9.385301458183676,8815228429,7.556498619446275,245382,7.48846435546875,0.0680342639775251,1,0.000244140625,4096
6501,9.491116708144546,8953379151,7.552353459211941,245319,7.486541748046875,0.06581171116506557,1,0.000244140625,4096
6601,9.597409415990114,9092828121,7.557641176409521,245839,7.502410888671875,0.055230287737646044,1,0.000244140625,4096
6701,9.704202916007489,9235962951,7.567049726266587,245628,7.4959716796875,0.07107804657908723,1,0.000244140625,4096
6801,9.810587833169848,9375885540,7.5647917228751425,245630,7.49603271484375,0.06875900803139245,1,0.000244140625,4096
6901,9.916708750184625,9518326093,7.567503475135263,245041,7.478057861328125,0.089445613807138,1,0.000244140625,4096
7001,10.027207041159272,9662031134,7.5818944450237264,245536,7.4931640625,0.08873038252372645,1,0.000244140625,4096
7101,10.135159291094169,9802903014,7.5909570814943,245598,7.49505615234375,0.09590092915054971,1,0.000244140625,4096
7201,10.242917000083253,9940634858,7.583768791426743,245529,7.492950439453125,0.09081835197361787,1,0.000244140625,4096
7301,10.350837333127856,10079941154,7.562352326467252,244951,7.475311279296875,0.08704104717037708,1,0.000244140625,4096
7401,10.454909541178495,10216773110,7.567010664929308,244894,7.47357177734375,0.09343888758555785,1,0.000244140625,4096
7501,10.559100833022967,10353782065,7.5542398989817725,244459,7.460296630859375,0.0939432681223975,1,0.000244140625,4096
7601,10.662529833149165,10486136930,7.535681639510579,244037,7.447418212890625,0.08826342661995401,1,0.000244140625,4096
7701,10.76759387506172,10612633810,7.537584817600955,244302,7.45550537109375,0.08207944650720478,1,0.000244140625,4096
7801,10.870623750146478,10741914488,7.522135699731509,244618,7.46514892578125,0.05698677395025875,1,0.000244140625,4096
7901,10.97446566610597,10871153879,7.513678053190762,244501,7.461578369140625,0.05209968405013665,1,0.000244140625,4096
8001,11.074314665980637,10996363997,7.504780819053956,244572,7.4637451171875,0.04103570186645644,1,0.000244140625,4096
8101,11.176658208016306,11123369151,7.505230070231197,244061,7.448150634765625,0.057079435465571926,1,0.000244140625,4096
8201,11.278908082982525,11253782407,7.488045249860243,243482,7.43048095703125,0.057564292828993224,1,0.000244140625,4096
8301,11.380506083136424,11381975241,7.479342274335119,242631,7.404510498046875,0.074831776288244,1,0.000244140625,4096
8401,11.486707790987566,11508120607,7.465640696418933,242108,7.3885498046875,0.0770908917314328,1,0.000244140625,4096
8501,11.590120250126347,11634909800,7.465572912071629,241789,7.378814697265625,0.08675821480600376,1,0.000244140625,4096
8601,11.692182583035901,11761990892,7.467307590769641,242322,7.39508056640625,0.07222702436339112,1,0.000244140625,4096
8701,11.792747750179842,11886714437,7.458644840267485,242005,7.385406494140625,0.07323834612686042,1,0.000244140625,4096
8801,11.892940583173186,12007673609,7.474800834965405,241748,7.3775634765625,0.09723735840290537,1,0.000244140625,4096
8901,11.99493904109113,12131341579,7.486634224805573,242333,7.395416259765625,0.09121796503994783,1,0.000244140625,4096
9001,12.097370125120506,12247311219,7.487230991038881,242531,7.401458740234375,0.08577225080450557,1,0.000244140625,4096
9101,12.199572541052476,12360629345,7.478387951677088,242580,7.4029541015625,0.07543385011458792,1,0.000244140625,4096
9201,12.297138708177954,12471976464,7.489958965559594,242892,7.4124755859375,0.07748337962209373,1,0.000244140625,4096
9301,12.3912723751273,12583410844,7.50118938028338,243171,7.420989990234375,0.080199390049005,1,0.000244140625,4096
9401,12.49207245814614,12693880213,7.50109025239113,242875,7.411956787109375,0.08913346528175481,1,0.000244140625,4096
9501,12.591451000189409,12804390267,7.521296841766764,243095,7.418670654296875,0.10262618746988927,1,0.000244140625,4096
9601,12.68863037507981,12913521035,7.52791743437332,243213,7.422271728515625,0.10564570585769495,1,0.000244140625,4096
9701,12.787976333172992,13024874751,7.50869118750944,243009,7.416046142578125,0.09264504493131476,1,0.000244140625,4096
9801,12.88748800009489,13135922853,7.496836188153721,243127,7.419647216796875,0.0771889713568461,1,0.000244140625,4096
9901,12.98557254113257,13243507796,7.5020294862665775,243250,7.42340087890625,0.07862860736032751,1,0.000244140625,4096
10001,13.083327083149925,13351744447,7.507128571785124,243633,7.435089111328125,0.07203946045699894,1,0.000244140625,4096
10101,13.182788541074842,13463676098,7.503094478361708,243098,7.41876220703125,0.0843322713304584,1,0.000244140625,4096
10201,13.280306041007861,13576568301,7.51112970774369,243020,7.4163818359375,0.09474787180618982,1,0.000244140625,4096
10301,13.38255525007844,13689292874,7.501742075044536,242998,7.41571044921875,0.08603162582578605,1,0.000244140625,4096
10401,13.480895583052188,13801299530,7.507851866816142,243313,7.425323486328125,0.08252838048801703,1,0.000244140625,4096
10501,13.580722833052278,13912775519,7.520016783351693,243511,7.431365966796875,0.08865081655481788,1,0.000244140625,4096
10601,13.678748083068058,14021984776,7.504484600054951,242601,7.403594970703125,0.10088962935182622,1,0.000244140625,4096
10701,13.777763457968831,14131235540,7.508870517922671,242288,7.39404296875,0.1148275491726709,1,0.000244140625,4096
10801,13.874912583036348,14239559264,7.499033709441756,242717,7.407135009765625,0.09189869967613085,1,0.000244140625,4096
10901,13.97464737505652,14352510964,7.4914128880696635,241736,7.377197265625,0.11421562244466354,1,0.000244140625,4096
11001,14.076906083151698,14472350644,7.502900170507543,242042,7.38653564453125,0.11636452597629265,1,0.000244140625,4096
11101,14.17561279097572,14591380663,7.501163649860289,242207,7.391571044921875,0.10959260493841416,1,0.000244140625,4096
11201,14.273040791042149,14710071984,7.501916222228804,241839,7.380340576171875,0.12157564605692883,1,0.000244140625,4096
11301,14.37430820800364,14829855745,7.5038853460562915,242015,7.385711669921875,0.11817367613441654,1,0.000244140625,4096
11401,14.47356962505728,14952361535,7.507933249699266,242268,7.3934326171875,0.11450063251176612,1,0.000244140625,4096
11501,14.572987375082448,15076041049,7.506242980367699,241690,7.37579345703125,0.13044952333644932,1,0.000244140625,4096
11601,14.672611791174859,15202072536,7.503162736201593,241304,7.364013671875,0.1391490643265927,1,0.000244140625,4096
11701,14.777522000018507,15332025922,7.526731291446879,242140,7.3895263671875,0.1372049242593789,1,0.000244140625,4096
11801,14.881413290975615,15457918442,7.525383272087635,242318,7.39495849609375,0.1304247759938848,1,0.000244140625,4096
11901,14.98111066618003,15582128236,7.529712390651341,242544,7.40185546875,0.12785692190134057,1,0.000244140625,4096
12001,15.080960958031937,15704490662,7.52760064817989,242887,7.412322998046875,0.11527765013301483,1,0.000244140625,4096
12101,15.183259000070393,15823643391,7.520236075819545,242912,7.4130859375,0.10715013831954501,1,0.000244140625,4096
12201,15.284018291160464,15944302775,7.516182609040363,242757,7.408355712890625,0.10782689614973773,1,0.000244140625,4096
12301,15.383895041188225,16063335681,7.511165776028978,242561,7.402374267578125,0.10879150845085306,1,0.000244140625,4096
12401,15.482800125144422,16181671721,7.517689822410013,242510,7.40081787109375,0.11687195131626282,1,0.000244140625,4096
12501,15.584546541096643,16303073634,7.523733602108345,242561,7.402374267578125,0.12135933453022041,1,0.000244140625,4096
12601,15.68471216596663,16420056242,7.524402388740191,242851,7.411224365234375,0.1131780235058164,1,0.000244140625,4096
12701,15.786556957988068,16536711417,7.519126429363022,242937,7.413848876953125,0.10527755240989656,1,0.000244140625,4096
12801,15.886722833150998,16654919230,7.516208644990601,242977,7.415069580078125,0.10113906491247615,1,0.000244140625,4096
12901,15.991550500039011,16780846642,7.520187252630278,242625,7.404327392578125,0.11585986005215343,1,0.000244140625,4096
13001,16.093501375056803,16909301757,7.519719807878872,242186,7.39093017578125,0.12878963209762162,1,0.000244140625,4096
13101,16.197643583174795,17037457986,7.511083555289091,242110,7.38861083984375,0.12247271544534133,1,0.000244140625,4096
13201,16.295006250031292,17164894176,7.499392633469101,241839,7.380340576171875,0.11905205729722557,1,0.000244140625,4096
13301,16.39896366605535,17294310565,7.482421549066782,241390,7.36663818359375,0.11578336547303181,1,0.000244140625,4096
13401,16.503537125186995,17425789878,7.4783623040681455,241252,7.3624267578125,0.1159355462556455,1,0.000244140625,4096
13501,16.606848708121106,17557893956,7.461003401159649,240750,7.34710693359375,0.11389646756589933,1,0.000244140625,4096
13601,16.712958083022386,17694834031,7.450897177822265,240814,7.34906005859375,0.1018371192285148,1,0.000244140625,4096
13701,16.81857500015758,17831441323,7.452353959610097,241047,7.356170654296875,0.09618330531322172,1,0.000244140625,4096
13801,16.924119541188702,17966988258,7.450122634687675,241134,7.35882568359375,0.09129695109392522,1,0.000244140625,4096
13901,17.03081979113631,18109788222,7.449367260104552,240580,7.3419189453125,0.10744831479205175,1,0.000244140625,4096
14001,17.139464874984697,18255438901,7.464054707282374,241528,7.370849609375,0.09320509790737397,1,0.000244140625,4096
14101,17.247482291189954,18401275093,7.461639470524286,241742,7.37738037109375,0.08425909943053611,1,0.000244140625,4096
14201,17.35116491606459,18541702908,7.456385892683688,241612,7.3734130859375,0.0829728067461879,1,0.000244140625,4096
14301,17.457425500033423,18683856985,7.463421553096574,241792,7.37890625,0.08451530309657418,1,0.000244140625,4096
14401,17.56339966598898,18821106320,7.460356653020931,241249,7.362335205078125,0.09802144794280565,1,0.000244140625,4096
14501,17.668593041133136,18955158824,7.462990798143206,241392,7.36669921875,0.0962915793932062,1,0.000244140625,4096
14601,17.773065583081916,19088652405,7.459672331264325,241158,7.35955810546875,0.10011422579557472,1,0.000244140625,4096
14701,17.8747092501726,19223276496,7.475785346398517,241661,7.374908447265625,0.1008768991328921,1,0.000244140625,4096
14801,17.980749041074887,19360956429,7.476764481953539,241452,7.3685302734375,0.1082342085160386,1,0.000244140625,4096
14901,18.086673791054636,19495715587,7.488945029425187,241322,7.36456298828125,0.12438204114393692,1,0.000244140625,4096
15001,18.193212416023016,19629695891,7.50082372477846,241679,7.375457763671875,0.12536596110658493,1,0.000244140625,4096
15101,18.29968358296901,19764839391,7.513722614102192,241199,7.360809326171875,0.15291328793031678,1,0.000244140625,4096
15201,18.404626333154738,19901018195,7.522300517412735,241819,7.379730224609375,0.1425702928033603,1,0.000244140625,4096
15301,18.511018416145816,20040168087,7.523447806333633,241559,7.371795654296875,0.15165215203675775,1,0.000244140625,4096
15401,18.616969166090712,20179019867,7.517507088544069,241243,7.362152099609375,0.15535498893469413,1,0.000244140625,4096
15501,18.718611957971007,20318540795,7.5262256186033545,241415,7.367401123046875,0.15882449555647948,1,0.000244140625,4096
15601,18.822393750073388,20457896334,7.5232880212429265,241819,7.379730224609375,0.1435577966335515,1,0.000244140625,4096
15701,18.92565687512979,20593378526,7.524169479847329,241571,7.372161865234375,0.15200761461295365,1,0.000244140625,4096
15801,19.03130979114212,20729688870,7.519312335605154,241395,7.366790771484375,0.15252156412077866,1,0.000244140625,4096
15901,19.138729291036725,20864319642,7.528600847516277,241819,7.379730224609375,0.14887062290690167,1,0.000244140625,4096
16001,19.241386500187218,20997689258,7.543304229269968,243368,7.427001953125,0.11630227614496835,1,0.000244140625,4096
16101,19.34615687513724,21132611859,7.547604025403105,244115,7.449798583984375,0.09780544141873015,1,0.000244140625,4096
16201,19.44809383316897,21270376814,7.550254499091978,243790,7.43988037109375,0.11037412799822821,1,0.000244140625,4096
16301,19.552632624981925,21405546214,7.5505937838651445,243472,7.43017578125,0.12041800261514446,1,0.000244140625,4096
16401,19.657181583112106,21541239860,7.555128334694603,243493,7.430816650390625,0.12431168430397843,1,0.000244140625,4096
16501,19.76322245807387,21677168345,7.542812596984525,243061,7.417633056640625,0.12517954034390044,1,0.000244140625,4096
16601,19.864994625095278,21806605476,7.535126529448261,243194,7.42169189453125,0.11343463491701122,1,0.000244140625,4096
16701,19.96744104102254,21932086908,7.5195461216718575,242521,7.401153564453125,0.11839255721873254,1,0.000244140625,4096
16801,20.07031595800072,22053382061,7.517435080175518,242347,7.395843505859375,0.12159157431614265,1,0.000244140625,4096
16901,20.171505375066772,22176575220,7.513204424782826,242194,7.39117431640625,0.1220301083765758,1,0.000244140625,4096
17001,20.272425125120208,22298990688,7.5184400489011844,242234,7.39239501953125,0.12604502936993445,1,0.000244140625,4096
17101,20.37182116601616,22418929278,7.5115607091327155,241806,7.37933349609375,0.13222721303896545,1,0.000244140625,4096
17201,20.470462708035484,22536129640,7.51305604881284,241836,7.3802490234375,0.13280702537533973,1,0.000244140625,4096
17301,20.57141204108484,22652125740,7.514026251826033,242169,7.390411376953125,0.12361487487290823,1,0.000244140625,4096
17401,20.670237166108564,22771312247,7.517654326359543,241247,7.362274169921875,0.15538015643766823,1,0.000244140625,4096
17501,20.77176308305934,22892357773,7.513785329230963,240791,7.348358154296875,0.16542717493408787,1,0.000244140625,4096
17601,20.871758916182443,23014941912,7.521786718712511,240403,7.336517333984375,0.18526938472813637,1,0.000244140625,4096
17701,20.972146083135158,23139005341,7.520942788826342,241077,7.357086181640625,0.16385660718571682,1,0.000244140625,4096
17801,21.074573250021785,23263312323,7.49325072721089,240159,7.329071044921875,0.16417968228901536,1,0.000244140625,4096
17901,21.175703916000202,23386455656,7.478549859812629,240316,7.3338623046875,0.1446875551251292,1,0.000244140625,4096
18001,21.276618000119925,23507017708,7.4886716649242135,240242,7.33160400390625,0.15706766101796354,1,0.000244140625,4096
18101,21.37572250002995,23625535196,7.479736399495739,239853,7.319732666015625,0.16000373348011365,1,0.000244140625,4096
18201,21.474635208025575,23745506862,7.482882577907513,240725,7.346343994140625,0.136538583766888,1,0.000244140625,4096
18301,21.573751874966547,23868023557,7.485937259576511,240919,7.352264404296875,0.13367285527963624,1,0.000244140625,4096
18401,21.672641958110034,23987161391,7.477262069476245,240968,7.353759765625,0.12350230385124483,1,0.000244140625,4096
18501,21.77509354101494,24102095473,7.479334905422512,240285,7.332916259765625,0.14641864565688678,1,0.000244140625,4096
18601,21.876926040975377,24218600760,7.485505593562207,240474,7.33868408203125,0.14682151153095724,1,0.000244140625,4096
18701,21.976018000161275,24332621653,7.485868024736165,241318,7.36444091796875,0.12142710676741508,1,0.000244140625,4096
18801,22.074003416113555,24446133873,7.478103617060658,241343,7.365203857421875,0.11289975963878263,1,0.000244140625,4096
18901,22.172269582981244,24556617811,7.474293582360908,240748,7.3470458984375,0.12724768392340824,1,0.000244140625,4096
19001,22.2701817501802,24668600098,7.477892945421157,241065,7.356719970703125,0.12117297471803212,1,0.000244140625,4096
19101,22.36713883304037,24784299787,7.505851885427324,242912,7.4130859375,0.09276594792732418,1,0.000244140625,4096
19201,22.467951375059783,24898011005,7.497329483868552,242958,7.41448974609375,0.08283973777480202,1,0.000244140625,4096
19301,22.569331041071564,25013937025,7.49288442184279,242847,7.411102294921875,0.08178212692091513,1,0.000244140625,4096
19401,22.668872375041246,25130803839,7.471717553727973,241571,7.372161865234375,0.09955568849359775,1,0.000244140625,4096
19501,22.76788125000894,25250222053,7.452253873927116,241487,7.369598388671875,0.08265548525524125,1,0.000244140625,4096
19601,22.870057250140235,25376577725,7.446719543907751,241023,7.355438232421875,0.0912813114858757,2,0.00048828125,4095
19701,22.972236125031486,25505003140,7.4608490740487,241594,7.37286376953125,0.08798530451745012,1,0.000244140625,4096
19801,23.07372941612266,25631019148,7.439860195417739,240122,7.32794189453125,0.11191830088648924,1,0.000244140625,4096
19901,23.173849458107725,25756331211,7.451627714060432,240374,7.33563232421875,0.11599538984168234,1,0.000244140625,4096
20001,23.276067625032738,25878928717,7.440659832114399,240276,7.3326416015625,0.10801823055189885,1,0.000244140625,4096
20101,23.377306208014488,26001556313,7.435739244264049,239301,7.302886962890625,0.13285228137342386,1,0.000244140625,4096
20201,23.480308125028387,26120219792,7.418548409184034,238652,7.2830810546875,0.1354673544965337,1,0.000244140625,4096
20301,23.58176637510769,26238385404,7.424107771275965,238784,7.287109375,0.1369983962759651,1,0.000244140625,4096
20401,23.68037166609429,26355871276,7.432725180222221,238566,7.28045654296875,0.15226863725347073,1,0.000244140625,4096
20501,23.77968308306299,26473543575,7.440067820736503,239191,7.299530029296875,0.14053779143962775,1,0.000244140625,4096
20601,23.882499624975026,26590115935,7.427135080579225,239137,7.297882080078125,0.1292530005010999,1,0.000244140625,4096
20701,23.98141708318144,26704072437,7.434267755740012,239067,7.295745849609375,0.13852190613063708,1,0.000244140625,4096
20801,24.07967475010082,26816912485,7.419026611816714,239579,7.311370849609375,0.1076557622073393,1,0.000244140625,4096
20901,24.181010666070506,26929477783,7.42376987087862,240157,7.329010009765625,0.09475986111299495,1,0.000244140625,4096
21001,24.27928854105994,27045451251,7.443802457576452,241383,7.366424560546875,0.07737789702957709,1,0.000244140625,4096
21101,24.37808920815587,27164002962,7.450414409852005,241507,7.370208740234375,0.0802056696176301,1,0.000244140625,4096
21201,24.481546166120097,27291384720,7.45987255281906,240987,7.354339599609375,0.1055329532096847,1,0.000244140625,4096
21301,24.583741625072435,27418520830,7.460755722421822,241052,7.3563232421875,0.10443248023432172,1,0.000244140625,4096
21401,24.685070416191593,27543416696,7.462587661152791,240569,7.341583251953125,0.12100440919966626,1,0.000244140625,4096
21501,24.789710958022624,27664309690,7.461663839566677,240659,7.344329833984375,0.11733400558230223,1,0.000244140625,4096
21601,24.887597625143826,27784444346,7.459488733950717,240599,7.342498779296875,0.11698995465384243,1,0.000244140625,4096
21701,24.988574750022963,27901622173,7.4546144672994945,240059,7.326019287109375,0.1285951801901195,1,0.000244140625,4096
21801,25.09057225007564,28020350979,7.445878204254538,239400,7.305908203125,0.13997000112953817,1,0.000244140625,4096
21901,25.19211904099211,28136312605,7.4282630474433,239231,7.300750732421875,0.12751231502142524,1,0.000244140625,4096
22001,25.291793750133365,28250255677,7.430372209378998,239798,7.31805419921875,0.1123180101602479,1,0.000244140625,4096
22101,25.392210041172802,28368126684,7.42578518083856,239663,7.313934326171875,0.11185085466668543,1,0.000244140625,4096
22201,25.49727287515998,28493536542,7.418628436096185,239186,7.29937744140625,0.11925099468993494,1,0.000244140625,4096
22301,25.601891500176862,28620883766,7.420775562754523,239655,7.313690185546875,0.10708537720764788,1,0.000244140625,4096
22401,25.70502808317542,28743867175,7.430777293893374,240020,7.3248291015625,0.1059481923308736,1,0.000244140625,4096
22501,25.805823958013207,28862262806,7.452641930437879,240022,7.32489013671875,0.1277517937191286,1,0.000244140625,4096
22601,25.903660583077,28977689868,7.453033555471905,240203,7.330413818359375,0.12261973711253038,1,0.000244140625,4096
22701,26.003906041150913,29097022237,7.43019849023848,239292,7.3026123046875,0.1275861855509799,1,0.000244140625,4096
22801,26.104595583165064,29217902377,7.42741977495317,239434,7.30694580078125,0.12047397417191963,1,0.000244140625,4096
22901,26.20763595798053,29339035975,7.425966386656628,239360,7.3046875,0.12127888665662834,1,0.000244140625,4096
23001,26.308870083186775,29461886340,7.446172131705588,239120,7.29736328125,0.14880885045558756,1,0.000244140625,4096
23101,26.41288520814851,29587282716,7.447320295693654,239385,7.305450439453125,0.14186985624052895,1,0.000244140625,4096
23201,26.515466541051865,29710196289,7.467416598874017,239850,7.31964111328125,0.1477754855927671,1,0.000244140625,4096
23301,26.619644165970385,29833153604,7.474388047867605,240039,7.325408935546875,0.14897911232073024,1,0.000244140625,4096
23401,26.721797708189115,29954789533,7.47753333892108,240666,7.34454345703125,0.13298988188982985,1,0.000244140625,4096
23501,26.824567166157067,30080107557,7.483449938780348,240162,7.32916259765625,0.15428734112409792,1,0.000244140625,4096
23601,26.92707979097031,30207036612,7.470214014152939,240126,7.32806396484375,0.14215004930918873,1,0.000244140625,4096
23701,27.031408000038937,30331011110,7.4581708436272285,239843,7.319427490234375,0.13874335339285349,1,0.000244140625,4096
23801,27.133842000039294,30454280258,7.464452880275336,240556,7.3411865234375,0.12326635683783582,1,0.000244140625,4096
23901,27.238145500188693,30581260230,7.469427597833809,240289,7.333038330078125,0.13638926775568372,1,0.000244140625,4096
24001,27.341561750043184,30710031835,7.4649912538646905,240158,7.32904052734375,0.13595072652094053,1,0.000244140625,4096
24101,27.44607975007966,30842227732,7.447731672170501,239593,7.311798095703125,0.1359335764673757,1,0.000244140625,4096
24201,27.550829041050747,30973117776,7.451819851713166,240319,7.333953857421875,0.11786599429129119,1,0.000244140625,4096
24301,27.65490462514572,31101641640,7.459129469910929,240722,7.34625244140625,0.11287702850467873,1,0.000244140625,4096
24401,27.758261375129223,31232539904,7.457717899817708,241186,7.36041259765625,0.09730530216145805,1,0.000244140625,4096
24501,27.861905666068196,31364760055,7.454085906679406,240639,7.343719482421875,0.11036642425753129,1,0.000244140625,4096
24601,27.96617554104887,31495301077,7.467039453450427,240428,7.3372802734375,0.1297591800129272,1,0.000244140625,4096
24701,28.06969975004904,31622727880,7.467335702828059,240035,7.325286865234375,0.14204883759368414,1,0.000244140625,4096
24801,28.17051591607742,31750361128,7.450359405894012,239777,7.317413330078125,0.13294607581588735,1,0.000244140625,4096
24901,28.27509633312002,31882104997,7.451480849279491,239580,7.3114013671875,0.14007948209199128,1,0.000244140625,4096
25001,28.38018300011754,32015171016,7.444224833245043,239415,7.306365966796875,0.13785886644816792,1,0.000244140625,4096
25101,28.484421083005145,32143833658,7.439387194206564,239411,7.306243896484375,0.1331432977221887,1,0.000244140625,4096
25201,28.588942541042343,32274826237,7.4409501088466,239357,7.304595947265625,0.13635416158097513,1,0.000244140625,4096
25301,28.690657166065648,32405384379,7.4334673077963185,238972,7.2928466796875,0.14062062810881848,1,0.000244140625,4096
25401,28.794314250117168,32535715727,7.449404551031771,238894,7.29046630859375,0.1589382424380208,1,0.000244140625,4096
25501,28.903758625034243,32671510594,7.448979147415283,239224,7.300537109375,0.1484420380402831,1,0.000244140625,4096
25601,29.010453833034262,32807236881,7.458726267457258,239804,7.3182373046875,0.14048896276975764,1,0.000244140625,4096
25701,29.11714637512341,32943860627,7.462078879393756,240078,7.32659912109375,0.13547975830000603,1,0.000244140625,4096
25801,29.222043083049357,33077788050,7.473261141983326,240803,7.348724365234375,0.12453677674895136,1,0.000244140625,4096
25901,29.32706204103306,33212690979,7.479340553563113,240943,7.352996826171875,0.12634372739123823,1,0.000244140625,4096
26001,29.430601916043088,33344283097,7.46903013090836,241124,7.3585205078125,0.11050962309585977,1,0.000244140625,4096
26101,29.534630957990885,33475316868,7.4731129486316075,241640,7.374267578125,0.09884537050660747,1,0.000244140625,4096
26201,29.635992750059813,33603563733,7.462664544236454,241618,7.37359619140625,0.08906835283020431,1,0.000244140625,4096
26301,29.738406375050545,33729648065,7.463047111105149,240931,7.352630615234375,0.11041649587077362,1,0.000244140625,4096
26401,29.83937104116194,33852737820,7.446041261774887,240625,7.343292236328125,0.10274902544676223,1,0.000244140625,4096
26501,29.94081141613424,33973671638,7.44564884486139,241218,7.36138916015625,0.08425968470514,1,0.000244140625,4096
26601,30.03944787499495,34096837186,7.448176512432907,241403,7.367034912109375,0.0811416003235319,1,0.000244140625,4096
26701,30.142108500003815,34222698004,7.452208721673622,241406,7.36712646484375,0.08508225682987192,1,0.000244140625,4096
26801,30.245254583191127,34350071559,7.449330242830442,240867,7.350677490234375,0.09865275259606676,1,0.000244140625,4096
26901,30.348919125040993,34472415013,7.47201409736101,241325,7.364654541015625,0.10735955634538463,1,0.000244140625,4096
27001,30.45215770811774,34597177097,7.4734671653676745,241103,7.357879638671875,0.11558752669579953,1,0.000244140625,4096
27101,30.55544004100375,34726948687,7.452397362388149,240027,7.325042724609375,0.1273546377787742,1,0.000244140625,4096
27201,30.659708332968876,34855579711,7.445561300210682,240227,7.331146240234375,0.11441505997630674,1,0.000244140625,4096
27301,30.76263645803556,34986236735,7.444293116496697,240370,7.33551025390625,0.10878286259044678,1,0.000244140625,4096
27401,30.86747270799242,35115091179,7.447735061258529,239920,7.32177734375,0.1259577175085287,1,0.000244140625,4096
27501,30.967932541156188,35242215746,7.44309820634645,240283,7.332855224609375,0.11024298173707514,1,0.000244140625,4096
27601,31.0712017910555,35369991852,7.445343601527592,239946,7.32257080078125,0.12277280074634156,1,0.000244140625,4096
27701,31.17249362496659,35499795362,7.441724265775855,240198,7.33026123046875,0.11146303530710533,1,0.000244140625,4096
27801,31.276850291062146,35629066539,7.422173830557555,239208,7.300048828125,0.12212500243255509,1,0.000244140625,4096
27901,31.378264124970883,35756893859,7.432382298425683,239451,7.307464599609375,0.12491769881630788,1,0.000244140625,4096
28001,31.4822068749927,35888750761,7.441568639655797,240272,7.33251953125,0.10904910840579696,1,0.000244140625,4096
28101,31.584710916038603,36019503018,7.460230699932661,240757,7.347320556640625,0.1129101432920363,1,0.000244140625,4096
28201,31.688349124975502,36153371207,7.448457231315412,239971,7.323333740234375,0.1251234910810366,1,0.000244140625,4096
28301,31.79222320811823,36286303968,7.4434818419567454,239774,7.31732177734375,0.12616006461299545,1,0.000244140625,4096
28401,31.89491783315316,36423159654,7.450295753319855,240278,7.33270263671875,0.11759311660110505,1,0.000244140625,4096
28501,32.000588458031416,36560470260,7.4547822621588935,240551,7.341033935546875,0.1137483266120185,1,0.000244140625,4096
28601,32.108368874993175,36692691092,7.456057959168351,240474,7.33868408203125,0.11737387713710135,1,0.000244140625,4096
28701,32.209533708170056,36819409637,7.453779617111267,240315,7.333831787109375,0.11994783000189191,1,0.000244140625,4096
28801,32.310939457966015,36947242579,7.459548027495998,240274,7.33258056640625,0.1269674610897482,1,0.000244140625,4096
28901,32.41572437505238,37071286788,7.472272420981082,241602,7.37310791015625,0.09916451082483224,1,0.000244140625,4096
29001,32.516681583132595,37194268418,7.468386713198381,241401,7.366973876953125,0.10141283624525599,1,0.000244140625,4096
29101,32.61963779106736,37318139163,7.474236876233491,241944,7.383544921875,0.09069195435849142,1,0.000244140625,4096
29201,32.72313787508756,37444819529,7.476614123627488,241388,7.3665771484375,0.11003697518998834,1,0.000244140625,4096
29301,32.826118250144646,37568922358,7.471606749598608,241356,7.3656005859375,0.1060061636611076,1,0.000244140625,4096
29401,32.92602808307856,37696075267,7.47043557827039,240964,7.3536376953125,0.11679788295788995,1,0.000244140625,4096
29501,33.02848520805128,37825164885,7.465375445993992,241268,7.3629150390625,0.10246040693149183,1,0.000244140625,4096
29601,33.1267620830331,37953730814,7.476790687963403,241152,7.359375,0.11741568796340296,1,0.000244140625,4096
29701,33.22837012517266,38082010449,7.459569376284902,239755,7.316741943359375,0.14282743292552702,1,0.000244140625,4096
29801,33.332877833163366,38209635276,7.46036703241138,239489,7.308624267578125,0.151742764833255,1,0.000244140625,4096
29901,33.438178749987856,38340035223,7.459839419168601,239131,7.297698974609375,0.16214044455922583,1,0.000244140625,4096
30001,33.54003816610202,38473342332,7.4704154371586835,240224,7.3310546875,0.1393607496586835,1,0.000244140625,4096
30101,33.64367066603154,38612262590,7.461128882248311,240081,7.326690673828125,0.13443820842018628,1,0.000244140625,4096
30201,33.75083145801909,38750960408,7.465819947502083,240900,7.3516845703125,0.11413537718958278,1,0.000244140625,4096
30301,33.85750075010583,38888550107,7.47786909189073,240790,7.34832763671875,0.1295414551719798,1,0.000244140625,4096
30401,33.96105487504974,39023213072,7.494981840721505,241505,7.370147705078125,0.12483413564337997,1,0.000244140625,4096
30501,34.063335083192214,39160823837,7.507128782242361,241048,7.356201171875,0.15092761036736135,1,0.000244140625,4096
30601,34.168674416141585,39298649987,7.506005741475248,240828,7.3494873046875,0.15651843678774835,1,0.000244140625,4096
30701,34.273829041048884,39437087566,7.506680106761187,240763,7.347503662109375,0.1591764446518118,1,0.000244140625,4096
30801,34.37927612499334,39577455518,7.5087314976993484,240721,7.346221923828125,0.16250957387122344,1,0.000244140625,4096
30901,34.48494395799935,39717999809,7.499891941230622,240260,7.3321533203125,0.1677386209181222,1,0.000244140625,4096
31001,34.59307454107329,39861154196,7.507222504608298,240609,7.342803955078125,0.16441854953017287,1,0.000244140625,4096
31101,34.698387125041336,40002324326,7.5004352188765395,240812,7.3489990234375,0.15143619543903952,1,0.000244140625,4096
31201,34.80611079116352,40143024680,7.485313663655967,240676,7.3448486328125,0.14046503084346718,1,0.000244140625,4096
31301,34.91130100004375,40282874071,7.4915348174947445,241958,7.38397216796875,0.10756264952599448,1,0.000244140625,4096
31401,35.01849512499757,40426310346,7.4980385009096056,242127,7.389129638671875,0.10890886223773055,1,0.000244140625,4096
31501,35.1274131659884,40571687526,7.483174953988959,241508,7.3702392578125,0.11293569617645893,1,0.000244140625,4096
31601,35.23689854098484,40728337529,7.492604807186519,242355,7.396087646484375,0.09651716070214356,1,0.000244140625,4096
31701,35.34869891614653,40888673942,7.494696310200473,242327,7.395233154296875,0.09946315590359767,1,0.000244140625,4096
31801,35.46219000010751,41049807369,7.496671164284888,242230,7.39227294921875,0.104398215066138,1,0.000244140625,4096
31901,35.57595325005241,41218904917,7.505443158005255,241986,7.38482666015625,0.12061649784900474,1,0.000244140625,4096
32001,35.689478415995836,41386454645,7.493433350284805,241636,7.3741455078125,0.11928784247230517,1,0.000244140625,4096
32101,35.80196329113096,41551470457,7.488219673071226,241912,7.382568359375,0.10565131369622627,1,0.000244140625,4096
32201,35.91340358299203,41719665563,7.481580125698617,241865,7.381134033203125,0.10044609249549197,1,0.000244140625,4096
32301,36.0275481659919,41891701848,7.47546740280558,241650,7.37457275390625,0.10089464889933009,1,0.000244140625,4096
32401,36.14014145801775,42056817783,7.477026557926749,241827,7.379974365234375,0.09705219269237375,1,0.000244140625,4096
32501,36.24882408301346,42212208440,7.490100637594331,242356,7.3961181640625,0.09398247353183109,1,0.000244140625,4096
32601,36.36061416612938,42362949778,7.482624805764328,242683,7.406097412109375,0.07652739365495265,1,0.000244140625,4096
32701,36.47055870806798,42511932363,7.47778092276843,242552,7.402099609375,0.07568131339342976,1,0.000244140625,4096
32801,36.57921491609886,42657675194,7.4791229972685525,242908,7.4129638671875,0.06615913008105245,1,0.000244140625,4096
32901,36.68919379101135,42804003389,7.484699566299309,242865,7.411651611328125,0.07304795497118377,1,0.000244140625,4096
33001,36.79785908316262,42953208485,7.475523414479756,242262,7.39324951171875,0.08227390276100621,1,0.000244140625,4096
33101,36.90542645798996,43097881190,7.470994063616621,242084,7.3878173828125,0.08317668080412144,1,0.000244140625,4096
33201,37.01034645806067,43245293325,7.476851627488756,242125,7.389068603515625,0.08778302397313098,1,0.000244140625,4096
33301,37.11888408311643,43399132749,7.472842457749207,241790,7.37884521484375,0.09399724290545741,1,0.000244140625,4096
33401,37.22940466599539,43554347008,7.472801564743207,242227,7.392181396484375,0.08062016825883234,1,0.000244140625,4096
33501,37.34053737507202,43709594094,7.479122010454688,242938,7.41387939453125,0.06524261592343805,1,0.000244140625,4096
33601,37.44973350013606,43861808605,7.473950592728714,243095,7.418670654296875,0.055279938431839426,1,0.000244140625,4096
33701,37.55713454098441,44009020647,7.4802102942184465,242407,7.397674560546875,0.08253573367157152,1,0.000244140625,4096
33801,37.665434583090246,44151848642,7.486467502306455,242504,7.400634765625,0.0858327366814553,1,0.000244140625,4096
33901,37.76843454106711,44293800275,7.4843886188587945,242066,7.38726806640625,0.09712055245254447,1,0.000244140625,4096
34001,37.87493620812893,44439901594,7.486114231991843,243218,7.42242431640625,0.06368991558559323,1,0.000244140625,4096
34101,37.98293012497015,44587463194,7.48689779214328,243279,7.424285888671875,0.06261190347140477,1,0.000244140625,4096
34201,38.088774333009496,44732910181,7.479294164132648,242571,7.402679443359375,0.07661472077327325,1,0.000244140625,4096
34301,38.193885958055034,44870421841,7.474701120825637,242945,7.414093017578125,0.06060810324751209,1,0.000244140625,4096
34401,38.300582458032295,45008506942,7.484107539979105,242789,7.409332275390625,0.07477526458847983,1,0.000244140625,4096
34501,38.40517683303915,45141471415,7.490708429528967,242983,7.415252685546875,0.07545574398209176,1,0.000244140625,4096
34601,38.50809129117988,45272608389,7.506680323389834,243500,7.4310302734375,0.07565004995233426,1,0.000244140625,4096
34701,38.612420458113775,45404541681,7.509926916358028,242807,7.409881591796875,0.10004532456115278,1,0.000244140625,4096
34801,38.71581483306363,45535454152,7.5050821865503865,242305,7.394561767578125,0.1105204189722615,1,0.000244140625,4096
34901,38.82018362497911,45671087621,7.509489692553735,242753,7.408233642578125,0.10125604997560966,1,0.000244140625,4096
35001,38.92621791618876,45807279862,7.504676784241047,241861,7.381011962890625,0.12366482135042212,1,0.000244140625,4096
35101,39.030147708021104,45939877838,7.497178186037522,241185,7.360382080078125,0.13679610595939717,1,0.000244140625,4096
35201,39.133386166067794,46069909591,7.493491983857062,241590,7.37274169921875,0.12075028463831217,1,0.000244140625,4096
35301,39.237251500133425,46199631172,7.505856559794892,241810,7.37945556640625,0.12640099338864186,1,0.000244140625,4096
35401,39.340544833103195,46324515278,7.512610782658333,242623,7.404266357421875,0.10834442523645826,1,0.000244140625,4096
35501,39.44254833296873,46447627342,7.520744032220427,242763,7.408538818359375,0.11220521386105187,1,0.000244140625,4096
35601,39.54289358318783,46573205424,7.528831206709035,242998,7.41571044921875,0.11312075749028505,1,0.000244140625,4096
35701,39.64606250007637,46698620977,7.530430074660824,242522,7.40118408203125,0.12924599262957415,1,0.000244140625,4096
35801,39.74863704107702,46820189198,7.521893955547449,241869,7.381256103515625,0.14063785203182366,1,0.000244140625,4096
35901,39.85166662512347,46939008852,7.515484157625107,241790,7.37884521484375,0.13663894278135658,1,0.000244140625,4096
36001,39.951109583023936,47058846952,7.5121497942780575,242567,7.402557373046875,0.10959242123118251,1,0.000244140625,4096
36101,40.05389425018802,47178366566,7.503782046030805,241979,7.384613037109375,0.11916900892143012,1,0.000244140625,4096
36201,40.15793079114519,47302229040,7.515141462435343,242440,7.398681640625,0.1164598218103432,1,0.000244140625,4096
36301,40.260382750071585,47430818789,7.527468142442826,243588,7.4337158203125,0.09375232213032625,1,0.000244140625,4096
36401,40.365329791093245,47557238808,7.518488454234244,243528,7.431884765625,0.08660368860924361,1,0.000244140625,4096
36501,40.467671875143424,47684642001,7.514878840917948,243036,7.4168701171875,0.09800872373044811,1,0.000244140625,4096
36601,40.572327208006755,47812945467,7.518319504961176,243085,7.418365478515625,0.09995402644555096,1,0.000244140625,4096
36701,40.67458291607909,47939983772,7.5145306307805235,243012,7.4161376953125,0.09839293546802352,1,0.000244140625,4096
36801,40.77921912516467,48071174533,7.506550356112569,242975,7.415008544921875,0.0915418111906936,1,0.000244140625,4096
36901,40.88661637506448,48211361924,7.512167700413782,243199,7.421844482421875,0.0903232179919069,1,0.000244140625,4096
37001,40.9926136250142,48352526221,7.5104983626298,242711,7.406951904296875,0.10354645833292508,1,0.000244140625,4096
37101,41.1016703331843,48499349338,7.51270273964629,243343,7.426239013671875,0.08646372597441498,1,0.000244140625,4096
37201,41.20888795796782,48644228185,7.515947400544164,243110,7.41912841796875,0.09681898257541377,1,0.000244140625,4096
37301,41.31673187506385,48784696452,7.51401856591962,242366,7.39642333984375,0.1175952260758697,1,0.000244140625,4096
37401,41.4227588751819,48921788855,7.51020237975694,241922,7.38287353515625,0.12732884460069016,1,0.000244140625,4096
37501,41.52964354096912,49059806295,7.50662271326609,241801,7.379180908203125,0.12744180506296487,1,0.000244140625,4096
37601,41.63647558307275,49205093009,7.5102982766464335,242159,7.390106201171875,0.12019207547455846,1,0.000244140625,4096
37701,41.744146791053936,49348985685,7.509134288028277,242204,7.3914794921875,0.1176547958407772,1,0.000244140625,4096
37801,41.84974362514913,49487047730,7.506174009687075,242627,7.404388427734375,0.10178558195269982,1,0.000244140625,4096
37901,41.95351920812391,49622629611,7.522256995331061,243344,7.42626953125,0.09598746408106074,1,0.000244140625,4096
38001,42.06283291615546,49762555154,7.505395624015044,242543,7.401824951171875,0.10357067284316912,1,0.000244140625,4096
38101,42.16883570817299,49903148478,7.514336770243355,242728,7.407470703125,0.10686606711835456,1,0.000244140625,4096
38201,42.27807595813647,50050775666,7.525305882230333,243067,7.417816162109375,0.1074897201209577,1,0.000244140625,4096
38301,42.38543166616,50200624690,7.525649070229134,243348,7.4263916015625,0.0992574686666341,1,0.000244140625,4096
38401,42.491922750137746,50347096919,7.534716534451892,243035,7.416839599609375,0.11787693484251704,1,0.000244140625,4096
38501,42.59914725017734,50488017840,7.539928611485214,242958,7.41448974609375,0.1254388653914642,1,0.000244140625,4096
38601,42.706214000005275,50633504332,7.518513470920863,242298,7.39434814453125,0.12416532638961275,1,0.000244140625,4096
38701,42.816328458022326,50783923780,7.517465795174755,241929,7.383087158203125,0.13437863697163,1,0.000244140625,4096
38801,42.925192250171676,50937771392,7.508684928023207,240594,7.34234619140625,0.1663387366169573,3,0.000732421875,4094
38901,43.03509445814416,51095109264,7.481975370078194,238657,7.283233642578125,0.19874172750006913,1,0.000244140625,4096
39001,43.143438125029206,51250640125,7.472266531552895,238609,7.281768798828125,0.19049773272477033,1,0.000244140625,4096
39101,43.249018375063315,51401773970,7.473572852422016,239690,7.31475830078125,0.1588145516407664,1,0.000244140625,4096
39201,43.360006041126326,51553228410,7.474045078430301,239755,7.316741943359375,0.15730313507092575,1,0.000244140625,4096
39301,43.470299791079015,51709281997,7.479194186044538,240191,7.330047607421875,0.14914657862266267,1,0.000244140625,4096
39401,43.58029575017281,51865588031,7.471967982112705,239947,7.322601318359375,0.1493666637533302,1,0.000244140625,4096
39501,43.689448832999915,52014006205,7.472163516166959,240259,7.332122802734375,0.14004071343258406,1,0.000244140625,4096
39601,43.796179958153516,52161952141,7.471981979812852,241041,7.355987548828125,0.11599443098472673,1,0.000244140625,4096
39701,43.904162916122004,52307917539,7.461248530227311,238958,7.29241943359375,0.16882909663356127,1,0.000244140625,4096
39801,44.01249545812607,52450552263,7.447379480658309,237995,7.263031005859375,0.18434847479893435,1,0.000244140625,4096
39901,44.12143841618672,52594347616,7.456277722151476,238501,7.278472900390625,0.17780482176085144,1,0.000244140625,4096
40001,44.22801679116674,52741137368,7.479373546766679,238844,7.2889404296875,0.19043311707917887,1,0.000244140625,4096
40101,44.33558095805347,52890951902,7.461298649919605,239293,7.302642822265625,0.15865582765397956,1,0.000244140625,4096
40201,44.44349379115738,53037009065,7.474363827195495,239129,7.297637939453125,0.17672588774236964,1,0.000244140625,4096
40301,44.55240341601893,53180795738,7.482742594212828,240040,7.325439453125,0.15730314108782828,1,0.000244140625,4096
40401,44.66087483312003,53324145686,7.47558901589534,239799,7.318084716796875,0.15750429909846542,1,0.000244140625,4096
40501,44.76732604112476,53465650594,7.472702694457911,240804,7.3487548828125,0.12394781164541069,1,0.000244140625,4096
40601,44.87240691599436,53600960274,7.46360651452946,241049,7.356231689453125,0.10737482507633533,1,0.000244140625,4096
40701,44.97810854110867,53736681833,7.452457676356008,239977,7.323516845703125,0.12894083065288342,1,0.000244140625,4096
40801,45.08165825018659,53871520533,7.448203248482466,240032,7.3251953125,0.12300793598246607,1,0.000244140625,4096
40901,45.186977833043784,54007032236,7.468210131402883,240885,7.351226806640625,0.11698332476225826,2,0.00048828125,4095
41001,45.295231624972075,54144227996,7.459203083801132,240287,7.332977294921875,0.12622578887925684,1,0.000244140625,4096
41101,45.40456808311865,54285602126,7.448945572110902,240538,7.34063720703125,0.10830836507965191,1,0.000244140625,4096
41201,45.51239779102616,54431170869,7.4480444066255975,241300,7.3638916015625,0.08415280506309752,1,0.000244140625,4096
41301,45.61928920797072,54576103569,7.445566157361117,241008,7.35498046875,0.09058568861111738,1,0.000244140625,4096
41401,45.72446725005284,54718215891,7.434361448902367,240817,7.349151611328125,0.08520983757424183,1,0.000244140625,4096
41501,45.83161870809272,54861875885,7.456354912746186,241038,7.35589599609375,0.10045891665243634,1,0.000244140625,4096
41601,45.93868708307855,55001879731,7.466508285407927,241596,7.3729248046875,0.09358348072042677,1,0.000244140625,4096
41701,46.04635954112746,55141481481,7.479255928324785,241978,7.38458251953125,0.09467340879353525,1,0.000244140625,4096
41801,46.15475954115391,55287506714,7.489424511567082,242864,7.41162109375,0.07780341781708167,1,0.000244140625,4096
41901,46.26058725011535,55425408142,7.477824697791616,242501,7.400543212890625,0.07728148490099063,1,0.000244140625,4096
42001,46.364777541020885,55559664762,7.47408319442567,242432,7.3984375,0.0756456944256696,1,0.000244140625,4096
42101,46.46744404104538,55689521868,7.489581419216014,242923,7.413421630859375,0.07615978835663917,1,0.000244140625,4096
42201,46.57043049996719,55816747884,7.494783860133021,242658,7.40533447265625,0.08944938747677078,1,0.000244140625,4096
42301,46.67081916611642,55943812282,7.50711116252835,243108,7.4190673828125,0.08804377971584998,1,0.000244140625,4096
42401,46.774007875006646,56068556405,7.509040621522865,242671,7.405731201171875,0.10330942035098989,1,0.000244140625,4096
42501,46.87624712497927,56193330963,7.506300457578474,242917,7.413238525390625,0.0930619321878492,1,0.000244140625,4096
42601,46.98078491608612,56318425189,7.51693957363986,243083,7.418304443359375,0.09863513028048487,1,0.000244140625,4096
42701,47.08381329104304,56442789235,7.512183428758097,242868,7.4117431640625,0.10044026469559686,1,0.000244140625,4096
42801,47.18553570797667,56572698602,7.515589713047784,242423,7.398162841796875,0.11742687125090878,1,0.000244140625,4096
42901,47.29016700014472,56702052219,7.523636075542271,242718,7.40716552734375,0.11647054819852087,1,0.000244140625,4096
43001,47.393908250145614,56831073391,7.517197521760063,242856,7.411376953125,0.10582056863506306,1,0.000244140625,4096
43101,47.49747895798646,56965347287,7.521729749645048,243021,7.416412353515625,0.10531739612942292,1,0.000244140625,4096
43201,47.60059458296746,57096472704,7.5242935368496155,242949,7.414215087890625,0.11007844895899055,1,0.000244140625,4096
43301,47.70486116618849,57226153615,7.539392523101583,243246,7.42327880859375,0.11611371450783281,1,0.000244140625,4096
43401,47.81015725014731,57356245379,7.542805263164532,242960,7.41455078125,0.12825448191453237,1,0.000244140625,4096
43501,47.91478950018063,57488191110,7.542421323380296,243125,7.419586181640625,0.12283514173967092,1,0.000244140625,4096
43601,48.02028716611676,57621050331,7.551283908454712,243754,7.43878173828125,0.11250217017346209,1,0.000244140625,4096
43701,48.12284654099494,57746469328,7.547069877785467,243034,7.41680908203125,0.130260795754217,1,0.000244140625,4096
43801,48.22657008306123,57872737000,7.549208687008387,243383,7.427459716796875,0.12174897021151221,1,0.000244140625,4096
43901,48.32942191604525,58002308842,7.55331852172273,243829,7.441070556640625,0.11224796508210488,1,0.000244140625,4096
44001,48.43157995818183,58130064856,7.553092684924034,243692,7.4368896484375,0.1162030364865343,1,0.000244140625,4096
44101,48.536451291060075,58258223582,7.549385861024208,244274,7.45465087890625,0.09473498211795839,1,0.000244140625,4096
44201,48.639423166168854,58385031691,7.54542814469577,243978,7.44561767578125,0.09981046891452028,1,0.000244140625,4096
44301,48.74461350007914,58509685085,7.537953633763783,243511,7.431365966796875,0.10658766696690769,1,0.000244140625,4096
44401,48.84642279101536,58635750050,7.521862046957679,243553,7.432647705078125,0.08921434187955413,1,0.000244140625,4096
44501,48.950464791152626,58765517255,7.527514201070335,243751,7.438690185546875,0.08882401552345964,1,0.000244140625,4096
44601,49.0571428751573,58895952353,7.526352787509367,243691,7.436859130859375,0.0894936566499922,1,0.000244140625,4096
44701,49.159961958182976,59024905971,7.524022913497513,242818,7.41021728515625,0.11380562834126273,1,0.000244140625,4096
44801,49.26508020819165,59152022532,7.532645307593491,242950,7.41424560546875,0.11839970212474071,1,0.000244140625,4096
44901,49.368366291048005,59277993143,7.534313241507788,242970,7.41485595703125,0.11945728447653803,1,0.000244140625,4096
45001,49.46836383314803,59402862135,7.517972800525726,242532,7.4014892578125,0.11648354271322603,1,0.000244140625,4096
45101,49.57094820798375,59526462269,7.518765247681167,242831,7.410614013671875,0.10815123400929227,1,0.000244140625,4096
45201,49.67043950012885,59645835117,7.526049588706652,242894,7.41253662109375,0.11351296761290186,1,0.000244140625,4096
45301,49.77213695808314,59762953359,7.51446967074417,242806,7.40985107421875,0.1046185965254196,1,0.000244140625,4096
45401,49.87019291613251,59875383927,7.5137496651991995,242763,7.408538818359375,0.10521084683982451,1,0.000244140625,4096
45501,49.96840229118243,59988549869,7.51525300120975,242534,7.40155029296875,0.11370270824100004,1,0.000244140625,4096
45601,50.0698297501076,60100901114,7.499894601950882,242269,7.393463134765625,0.10643146718525731,1,0.000244140625,4096
45701,50.17065150011331,60213722774,7.482248026265114,242065,7.387237548828125,0.09501047743698887,1,0.000244140625,4096
45801,50.27071995800361,60325564317,7.475547108758072,241975,7.384490966796875,0.0910561419611966,1,0.000244140625,4096
45901,50.372078833170235,60436054125,7.474103839307934,241680,7.37548828125,0.09861555805793376,1,0.000244140625,4096
46001,50.47201354103163,60540365343,7.46973710396925,241425,7.367706298828125,0.10203080514112539,1,0.000244140625,4096
46101,50.567954833153635,60644408999,7.46351326858786,241381,7.366363525390625,0.09714974319723524,1,0.000244140625,4096
46201,50.667580041103065,60749187052,7.481432440693005,242355,7.396087646484375,0.08534479420862962,1,0.000244140625,4096
46301,50.76067466614768,60847483261,7.496613768624363,242526,7.40130615234375,0.09530761628061324,1,0.000244140625,4096
46401,50.854425833094865,60949587564,7.484798021045409,242014,7.38568115234375,0.09911686870165859,1,0.000244140625,4096
46501,50.950761375017464,61049882178,7.495771405293618,241762,7.37799072265625,0.11778068263736774,1,0.000244140625,4096
46601,51.04746949998662,61150437736,7.489913901918525,241447,7.368377685546875,0.12153621637165024,1,0.000244140625,4096
46701,51.14359766617417,61250157828,7.48948913215965,241217,7.361358642578125,0.12813048958152518,1,0.000244140625,4096
46801,51.24091525003314,61348243686,7.485595431584308,241532,7.3709716796875,0.11462375189680785,1,0.000244140625,4096
46901,51.33871837519109,61450199778,7.488753580913253,242093,7.388092041015625,0.1006615398976276,1,0.000244140625,4096
47001,51.436625625006855,61551543357,7.480286787241194,241497,7.369903564453125,0.11038322278806856,1,0.000244140625,4096
47101,51.531842375174165,61652919062,7.484619803766652,241023,7.355438232421875,0.1291815713447768,1,0.000244140625,4096
47201,51.62754041608423,61751668967,7.4978816004855835,241580,7.3724365234375,0.1254450770480835,1,0.000244140625,4096
47301,51.720805833116174,61850605241,7.47757974631579,240906,7.35186767578125,0.12571207053454003,1,0.000244140625,4096
47401,51.81651737517677,61949036860,7.483650831965489,240773,7.347808837890625,0.1358419940748643,1,0.000244140625,4096
47501,51.91077783307992,62049848453,7.477709808015652,240509,7.339752197265625,0.13795761075002666,1,0.000244140625,4096
47601,52.008884583134204,62157393003,7.496853028420341,241296,7.36376953125,0.1330834971703414,1,0.000244140625,4096
47701,52.10676075005904,62269443905,7.493018985202141,240589,7.342193603515625,0.15082538168651638,1,0.000244140625,4096
47801,52.208701375173405,62385158760,7.488174488573064,239633,7.313018798828125,0.17515568974493867,1,0.000244140625,4096
47901,52.30613200017251,62499617913,7.483369159699474,239676,7.3143310546875,0.1690381050119738,1,0.000244140625,4096
48001,52.40752658317797,62619553025,7.482313373127845,239798,7.31805419921875,0.1642591739090946,1,0.000244140625,4096
48101,52.50727075012401,62738561005,7.474091300761815,240029,7.325103759765625,0.14898754099619005,1,0.000244140625,4096
48201,52.60806570807472,62860390258,7.468143052135863,240406,7.33660888671875,0.13153416541711316,1,0.000244140625,4096
48301,52.70757483318448,62982711050,7.4622039811630225,240394,7.33624267578125,0.12596130538177253,1,0.000244140625,4096
48401,52.80973133305088,63098672666,7.4507631439976585,240019,7.324798583984375,0.1259645600132835,1,0.000244140625,4096
48501,52.908504541032016,63215479307,7.443456104310712,239392,7.3056640625,0.13779204181071236,1,0.000244140625,4096
48601,53.00534762511961,63331500367,7.4453616588850995,239365,7.304840087890625,0.1405215709944745,1,0.000244140625,4096
48701,53.10763483308256,63447564468,7.442617212661995,238766,7.28656005859375,0.15605715406824494,1,0.000244140625,4096
48801,53.209560540970415,63561922974,7.435947590373621,238805,7.287750244140625,0.14819734623299574,1,0.000244140625,4096
48901,53.312781875021756,63681854809,7.424867616387859,239033,7.294708251953125,0.13015936443473386,1,0.000244140625,4096
49001,53.41411166614853,63801387030,7.436291715142801,239884,7.3206787109375,0.11561300420530074,1,0.000244140625,4096
49101,53.51175658311695,63920166887,7.445095377394794,240711,7.345916748046875,0.09917862934791888,1,0.000244140625,4096
49201,53.61385637498461,64041974751,7.451250889494815,241037,7.355865478515625,0.09538541097918962,1,0.000244140625,4096
49301,53.714731625048444,64165512402,7.4660618298947234,241200,7.36083984375,0.10522198614472345,1,0.000244140625,4096
49401,53.81601791619323,64285960447,7.451581380018648,240539,7.340667724609375,0.11091365540927267,1,0.000244140625,4096
49501,53.91709962510504,64406358606,7.4557654659609645,240569,7.341583251953125,0.11418221400783946,1,0.000244140625,4096
49601,54.017300833016634,64530098559,7.446406996681049,241142,7.35906982421875,0.08733717246229933,1,0.000244140625,4096
49701,54.117271500173956,64651666050,7.461503001318305,241519,7.370574951171875,0.09092805014643002,1,0.000244140625,4096
49801,54.21691179112531,64772639923,7.463711347714562,241620,7.3736572265625,0.09005412115206202,1,0.000244140625,4096
49901,54.3179833330214,64891530047,7.465776753116206,241348,7.3653564453125,0.10042030780370581,1,0.000244140625,4096
50001,54.421695083146915,65007826594,7.456519093783483,241397,7.366851806640625,0.08966728714285832,1,0.000244140625,4096
50101,54.52094458299689,65119890369,7.455823922943779,241607,7.373260498046875,0.08256342489690383,1,0.000244140625,4096
50201,54.619286332977936,65233451146,7.456839965628268,241041,7.355987548828125,0.10085241680014256,1,0.000244140625,4096
50301,54.71604720805772,65344787747,7.476627403375407,240997,7.354644775390625,0.12198262798478243,1,0.000244140625,4096
50401,54.81580420816317,65461887842,7.473892829436075,240632,7.343505859375,0.1303869700610747,1,0.000244140625,4096
50501,54.917425458086655,65578001040,7.4726937490633,240884,7.3511962890625,0.12149746000079986,1,0.000244140625,4096
50601,55.0176448749844,65695848861,7.474824615272848,241026,7.35552978515625,0.1192948301165977,1,0.000244140625,4096
50701,55.11998562514782,65816648000,7.484627326171107,240380,7.3358154296875,0.1488118964836067,1,0.000244140625,4096
50801,55.22109316615388,65935846478,7.473589025215939,240133,7.328277587890625,0.14531143732531415,1,0.000244140625,4096
50901,55.32343670818955,66061047528,7.488326280790063,240044,7.3255615234375,0.16276475735256302,1,0.000244140625,4096
51001,55.42607295815833,66186344629,7.485190987788131,240104,7.327392578125,0.15779840966313063,1,0.000244140625,4096
51101,55.527092250064015,66311185738,7.479099598151622,239846,7.31951904296875,0.15958055518287217,1,0.000244140625,4096
51201,55.630468000192195,66435214430,7.4773727805796515,240279,7.332733154296875,0.1446396262827765,1,0.000244140625,4096
51301,55.73380958312191,66556937820,7.471060039897503,239309,7.303131103515625,0.16792893638187767,1,0.000244140625,4096
51401,55.83445204119198,66680125451,7.467637024114606,239838,7.31927490234375,0.14836212177085617,1,0.000244140625,4096
51501,55.937443958129734,66806779206,7.467072662755739,239732,7.3160400390625,0.1510326236932391,1,0.000244140625,4096
51601,56.03851587511599,66933485288,7.4577123305749495,239951,7.322723388671875,0.13498894190307453,1,0.000244140625,4096
51701,56.14424804109149,67059369508,7.476131306280051,240256,7.33203125,0.14410005628005074,1,0.000244140625,4096
51801,56.24719600006938,67187423234,7.4807894154890855,239965,7.323150634765625,0.1576387807234605,1,0.000244140625,4096
51901,56.352608625078574,67317376351,7.491966471071924,240614,7.34295654296875,0.14900992810317426,1,0.000244140625,4096
52001,56.45620129117742,67443556221,7.492474424384479,240271,7.332489013671875,0.1599854107126042,1,0.000244140625,4096
52101,56.55704225017689,67567306295,7.491355353014951,240194,7.33013916015625,0.16121619285870104,1,0.000244140625,4096
52201,56.65803145803511,67689291323,7.496525117939942,240456,7.338134765625,0.15839035231494236,1,0.000244140625,4096
52301,56.75957837514579,67810811747,7.476275858957062,239371,7.305023193359375,0.17125266559768715,1,0.000244140625,4096
52401,56.85859395819716,67927913720,7.470111934166023,239620,7.3126220703125,0.15748986385352293,1,0.000244140625,4096
52501,56.95943020819686,68044869366,7.482566546454727,240120,7.327880859375,0.15468568707972707,1,0.000244140625,4096
52601,57.05953974998556,68165252160,7.483685518157685,239836,7.3192138671875,0.16447165097018512,1,0.000244140625,4096
52701,57.15577912516892,68285121722,7.489071224258345,240076,7.3265380859375,0.16253313832084526,1,0.000244140625,4096
52801,57.25719504104927,68404525567,7.471426470719736,240159,7.329071044921875,0.1423554257978612,1,0.000244140625,4096
52901,57.35903250006959,68526751491,7.456842424710847,239929,7.322052001953125,0.1347904227577219,1,0.000244140625,4096
53001,57.462322916137055,68649612137,7.470516704979052,241257,7.362579345703125,0.10793735927592696,1,0.000244140625,4096
53101,57.562422041082755,68771536172,7.471104733425252,241997,7.385162353515625,0.08594237990962661,1,0.000244140625,4096
53201,57.66141383303329,68888274301,7.485278303308582,242327,7.395233154296875,0.0900451490117069,1,0.000244140625,4096
53301,57.761295665986836,69005938324,7.49528401143301,241698,7.37603759765625,0.11924641377675993,1,0.000244140625,4096
53401,57.86114045814611,69119954460,7.503616416466272,242173,7.390533447265625,0.1130829692006472,1,0.000244140625,4096
53501,57.962383250007406,69236239982,7.506118132784618,242586,7.40313720703125,0.10298092575336781,1,0.000244140625,4096
53601,58.062183041125536,69352272521,7.501410570009438,242176,7.390625,0.11078557000943778,1,0.000244140625,4096
53701,58.16375466599129,69472164772,7.503387685068828,242198,7.39129638671875,0.11209129835007836,1,0.000244140625,4096
53801,58.267261625034735,69591108504,7.510443561640595,242495,7.400360107421875,0.1100834542187199,1,0.000244140625,4096
53901,58.36773679102771,69708611676,7.518692214720209,242608,7.40380859375,0.11488362097020932,1,0.000244140625,4096
54001,58.46959583298303,69828756814,7.519864150599813,242853,7.411285400390625,0.10857875020918772,1,0.000244140625,4096
54101,58.569431375013664,69950442838,7.517974143206332,242862,7.41156005859375,0.10641408461258184,1,0.000244140625,4096
54201,58.672406416153535,70070562605,7.513941993762564,242737,7.407745361328125,0.10619663243443878,1,0.000244140625,4096
54301,58.77503112517297,70191021114,7.509789035392712,242415,7.397918701171875,0.11187033422083736,1,0.000244140625,4096
54401,58.87767158308998,70308893179,7.489730559944577,241265,7.362823486328125,0.1269070736164517,1,0.000244140625,4096
54501,58.97790775005706,70426387224,7.488437056281427,241428,7.3677978515625,0.12063920471892686,1,0.000244140625,4096
54601,59.07782562519424,70543051765,7.504699204906103,242095,7.388153076171875,0.1165461287342282,1,0.000244140625,4096
54701,59.17542954115197,70660669877,7.496636862543287,242553,7.402130126953125,0.0945067355901621,1,0.000244140625,4096
54801,59.273074583150446,70776111109,7.492311234230341,242140,7.3895263671875,0.10278486704284084,1,0.000244140625,4096
54901,59.373265207977965,70888451892,7.480008560975618,241458,7.36871337890625,0.11129518206936773,1,0.000244140625,4096
55001,59.47069145808928,70999663444,7.470843023990708,241355,7.365570068359375,0.10527295563133343,1,0.000244140625,4096
55101,59.56900079105981,71113329750,7.465000338140923,241044,7.3560791015625,0.10892123657842312,1,0.000244140625,4096
55201,59.66948450007476,71228986787,7.478184638632522,241113,7.358184814453125,0.1199998241793967,1,0.000244140625,4096
55301,59.76943075004965,71348649811,7.473838805008761,241090,7.35748291015625,0.11635589485251074,1,0.000244140625,4096
55401,59.86814991617575,71464910677,7.469632475174654,241113,7.358184814453125,0.11144766072152912,1,0.000244140625,4096
55501,59.96979762497358,71582731776,7.4653144679554835,241006,7.35491943359375,0.11039503436173348,1,0.000244140625,4096
55601,60.06964550004341,71698485041,7.462131717252694,241329,7.364776611328125,0.09735510592456897,1,0.000244140625,4096
55701,60.16927379113622,71816414833,7.460859233984524,241522,7.37066650390625,0.09019273007827433,1,0.000244140625,4096
55801,60.26885208301246,71932248120,7.461720102484346,241553,7.371612548828125,0.09010755365622103,1,0.000244140625,4096
55901,60.37248145812191,72051782326,7.462732727745278,241078,7.35711669921875,0.10561602852652818,1,0.000244140625,4096
56001,60.47113116597757,72175197216,7.459547961795183,240172,7.3294677734375,0.13008018835768276,1,0.000244140625,4096
56101,60.57586425007321,72302647894,7.472069344720856,240831,7.349578857421875,0.12249048729898071,1,0.000244140625,4096
56201,60.67830925015733,72430711173,7.479038314161129,241230,7.36175537109375,0.11728294306737919,1,0.000244140625,4096
56301,60.78088141605258,72562915767,7.488325775397886,240994,7.35455322265625,0.13377255274163602,1,0.000244140625,4096
56401,60.88674333319068,72698580721,7.494567034773733,240569,7.341583251953125,0.1529837828206082,1,0.000244140625,4096
56501,60.9935902080033,72840372242,7.497370531654235,240829,7.349517822265625,0.1478527093886104,1,0.000244140625,4096
56601,61.09976424998604,72982335452,7.497337660146638,240595,7.342376708984375,0.15496095116226272,1,0.000244140625,4096
56701,61.207307833014056,73125291643,7.492329711884195,240573,7.341705322265625,0.15062438961856994,1,0.000244140625,4096
56801,61.31668487517163,73273720102,7.507573841692787,241153,7.359405517578125,0.1481683241146623,1,0.000244140625,4096
56901,61.423439166042954,73422486815,7.508014580707336,240973,7.353912353515625,0.15410222719171074,1,0.000244140625,4096
57001,61.529242458054796,73569015037,7.517576728004499,240415,7.336883544921875,0.1806931830826244,1,0.000244140625,4096
57101,61.635002666153014,73714601646,7.511645063507025,239693,7.314849853515625,0.1967952099914001,1,0.000244140625,4096
57201,61.74161541601643,73861213655,7.510031154105697,240201,7.330352783203125,0.17967837090257177,1,0.000244140625,4096
57301,61.845640500076115,74007540471,7.516261414079982,240354,7.33502197265625,0.18123944142373194,1,0.000244140625,4096
57401,61.95279954117723,74153230991,7.52957133398052,241602,7.37310791015625,0.15646342382427036,1,0.000244140625,4096
57501,62.05933937500231,74300412136,7.536745562785683,242527,7.401336669921875,0.13540889286380775,1,0.000244140625,4096
57601,62.166950333165005,74449163545,7.529818265298356,242260,7.3931884765625,0.1366297887358563,1,0.000244140625,4096
57701,62.27268425002694,74594944794,7.531528674210572,242263,7.393280029296875,0.1382486449136966,1,0.000244140625,4096
57801,62.37680375017226,74738242400,7.529035837422452,242551,7.402069091796875,0.12696674562557675,1,0.000244140625,4096
57901,62.4840741250664,74882400038,7.548823506926617,243802,7.44024658203125,0.10857692489536674,1,0.000244140625,4096
58001,62.58776562497951,75022717937,7.557300152131477,243605,7.434234619140625,0.12306553299085188,1,0.000244140625,4096
58101,62.694972375174984,75165215459,7.548893873879225,243814,7.44061279296875,0.10828108091047461,1,0.000244140625,4096
58201,62.80449791601859,75313362170,7.549324928537225,243329,7.425811767578125,0.12351316095910025,1,0.000244140625,4096
58301,62.91329050017521,75464180051,7.544068815840353,243520,7.431640625,0.11242819084035283,1,0.000244140625,4096
58401,63.019187833182514,75613087114,7.555131733574052,243420,7.4285888671875,0.12654286638655243,1,0.000244140625,4096
58501,63.12866883305833,75764037106,7.563262936146334,243866,7.44219970703125,0.12106322911508371,1,0.000244140625,4096
58601,63.23812254099175,75917037621,7.576850053104785,244654,7.46624755859375,0.11060249451103488,1,0.000244140625,4096
58701,63.34877266618423,76068273651,7.575870564383078,244786,7.47027587890625,0.10559468547682815,1,0.000244140625,4096
58801,63.45600483310409,76214433624,7.587284434213062,245610,7.49542236328125,0.09186207093181231,1,0.000244140625,4096
58901,63.562504375120625,76361024133,7.584504363317275,245406,7.48919677734375,0.09530758597352484,1,0.000244140625,4096
59001,63.670119625050575,76506688293,7.584976009580515,245811,7.501556396484375,0.08341961309614021,1,0.000244140625,4096
59101,63.77280241600238,76654422651,7.587028864097949,245877,7.503570556640625,0.08345830745732385,1,0.000244140625,4096
59201,63.87872495804913,76801071990,7.587388685219757,245622,7.49578857421875,0.09160011100100718,1,0.000244140625,4096
59301,63.986069708131254,76946609541,7.587686578405303,246178,7.51275634765625,0.07493023074905292,1,0.000244140625,4096
59401,64.09422724996693,77089917489,7.574012344299417,245995,7.507171630859375,0.06684071344004217,1,0.000244140625,4096
59501,64.19920250005089,77232401944,7.57707245986043,245865,7.503204345703125,0.07386811415730499,1,0.000244140625,4096
59601,64.30617995816283,77376172577,7.571663906113688,245385,7.488555908203125,0.08310799791056311,1,0.000244140625,4096
59701,64.41254225000739,77521735355,7.5708316499210095,245166,7.48187255859375,0.08895909132725954,1,0.000244140625,4096
59801,64.52010537497699,77668612625,7.570146425684429,245024,7.4775390625,0.0926073631844293,1,0.000244140625,4096
59901,64.62794291600585,77813194422,7.567524195583343,245416,7.489501953125,0.078022242458343,1,0.000244140625,4096
60001,64.73350741597824,77959338753,7.567412480043047,245033,7.477813720703125,0.08959875933992212,1,0.000244140625,4096
60101,64.84021212509833,78107492954,7.565148695729601,244265,7.454376220703125,0.1107724750264758,1,0.000244140625,4096
60201,64.94927212502807,78254141546,7.567592697017367,244060,7.4481201171875,0.11947257982986681,1,0.000244140625,4096
60301,65.0559354161378,78400533082,7.564149078867991,243278,7.42425537109375,0.13989370777424082,1,0.000244140625,4096
60401,65.16302854102105,78545602081,7.555922979410383,242210,7.39166259765625,0.16426038175413282,1,0.000244140625,4096
60501,65.26778841600753,78687776161,7.552090904782151,241998,7.38519287109375,0.16689803368840117,1,0.000244140625,4096
60601,65.37682891613804,78830743669,7.533791732749536,242318,7.39495849609375,0.13883323665578562,1,0.000244140625,4096
60701,65.48310208297335,78970577984,7.5289530776975635,242143,7.389617919921875,0.1393351577756885,1,0.000244140625,4096
60801,65.58885191613808,79106256086,7.516407754625839,242095,7.388153076171875,0.1282546784539642,1,0.000244140625,4096
60901,65.69427920808084,79240743246,7.52108331218498,242570,7.40264892578125,0.11843438640373005,1,0.000244140625,4096
61001,65.79868725012057,79369372442,7.518572442555432,243156,7.4205322265625,0.09804021599293211,1,0.000244140625,4096
61101,65.89898629114032,79494043543,7.51539487954564,243542,7.43231201171875,0.08308286782688956,1,0.000244140625,4096
61201,65.99975329102017,79617286639,7.521240147602804,243416,7.428466796875,0.09277335072780435,2,0.00048828125,4095
61301,66.10186445806175,79740850417,7.516030752411813,243779,7.439544677734375,0.07648607467743762,1,0.000244140625,4096
61401,66.20361125003546,79867047704,7.528405176085126,244395,7.458343505859375,0.07006167022575127,1,0.000244140625,4096
61501,66.30404337518848,79992976796,7.541400072788837,244185,7.451934814453125,0.08946525833571162,1,0.000244140625,4096
61601,66.40837812516838,80117669397,7.5418289865620025,244346,7.45684814453125,0.08498084203075251,1,0.000244140625,4096
61701,66.5105772500392,80243668552,7.526060439339731,243282,7.42437744140625,0.10168299793348101,1,0.000244140625,4096
61801,66.6128655411303,80374488857,7.5330806962645855,243438,7.42913818359375,0.10394251267083554,1,0.000244140625,4096
61901,66.71895520808175,80512328616,7.537987323053821,243671,7.436248779296875,0.10173854375694624,1,0.000244140625,4096
62001,66.82131595816463,80644795050,7.5383615325771505,243354,7.42657470703125,0.11178682554590047,1,0.000244140625,4096
62101,66.92552058305591,80776223831,7.552572312203087,244441,7.459747314453125,0.092824997749962,1,0.000244140625,4096
62201,67.0282806251198,80908306782,7.550527122042739,244843,7.472015380859375,0.07851174118336424,1,0.000244140625,4096
62301,67.13242162507959,81043682969,7.523119841426205,243936,7.4443359375,0.0787839039262046,1,0.000244140625,4096
62401,67.24072391609661,81185483108,7.512673057514231,242796,7.4095458984375,0.10312715907673109,1,0.000244140625,4096
62501,67.34832708304748,81329484533,7.5080037498080445,242304,7.39453125,0.11347249980804452,1,0.000244140625,4096
62601,67.45553450006992,81479414466,7.507411903677705,241821,7.379791259765625,0.1276206439120804,1,0.000244140625,4096
62701,67.5664834161289,81629885923,7.505460365007718,242093,7.388092041015625,0.11736832399209263,1,0.000244140625,4096
62801,67.67650020797737,81786432697,7.519314462875247,242575,7.402801513671875,0.11651294920337207,1,0.000244140625,4096
62901,67.78546829102561,81937625536,7.527707376895451,242967,7.414764404296875,0.11294297259857622,1,0.000244140625,4096
63001,67.89367287512869,82086062103,7.5240256473159315,242334,7.39544677734375,0.1285788699721815,1,0.000244140625,4096
63101,68.00321195810102,82234145301,7.531559772553512,242333,7.395416259765625,0.1361435127878874,1,0.000244140625,4096
63201,68.11079570814036,82383550823,7.531997478377214,242581,7.402984619140625,0.1290128592365889,1,0.000244140625,4096
63301,68.21671741618775,82535266635,7.5294409501218,242633,7.404571533203125,0.12486941691867504,1,0.000244140625,4096
63401,68.32615820807405,82688323861,7.526189838870966,241522,7.37066650390625,0.15552333496471604,1,0.000244140625,4096
63501,68.43623600015417,82844864880,7.52939114162121,241339,7.365081787109375,0.16430935451183526,1,0.000244140625,4096
63601,68.54639270808548,82998800382,7.52568308059131,241662,7.37493896484375,0.15074411574756041,1,0.000244140625,4096
63701,68.65711220819503,83158211714,7.520433669337466,241685,7.375640869140625,0.14479280019684104,1,0.000244140625,4096
63801,68.76697845803574,83315723769,7.509189378465166,241438,7.36810302734375,0.141086351121416,1,0.000244140625,4096
63901,68.87856433307752,83473313884,7.504473754050653,241476,7.3692626953125,0.13521105873815298,1,0.000244140625,4096
64001,68.98691562516615,83625541281,7.4874018794372414,241553,7.371612548828125,0.11578933060911645,1,0.000244140625,4096
64101,69.09762862510979,83775368038,7.4861935963316855,241273,7.363067626953125,0.12312596937856046,1,0.000244140625,4096
64201,69.20772970817052,83928525938,7.471835753730134,240551,7.341033935546875,0.13080181818325887,1,0.000244140625,4096
64301,69.31876837508753,84081506382,7.4598931613440636,240378,7.33575439453125,0.12413876681281355,1,0.000244140625,4096
64401,69.42809941619635,84232068351,7.4717497987101975,240964,7.3536376953125,0.11811210339769751,1,0.000244140625,4096
64501,69.53702483302914,84379827987,7.492520015960317,241336,7.364990234375,0.12752978158531736,1,0.000244140625,4096
64601,69.64462699997239,84528188602,7.506451094971748,241940,7.3834228515625,0.123028243409248,1,0.000244140625,4096
64701,69.75385341607034,84673807105,7.523842277426409,241868,7.3812255859375,0.1426166914889091,1,0.000244140625,4096
64801,69.85798450000584,84814948848,7.522583283539757,242283,7.393890380859375,0.12869290268038203,1,0.000244140625,4096
64901,69.96525166602805,84960386715,7.516618133522916,241834,7.38018798828125,0.13643014524166563,1,0.000244140625,4096
65001,70.07662554108538,85110834084,7.5020283849753495,241380,7.3663330078125,0.13569537716284952,1,0.000244140625,4096
65101,70.18415295798331,85258378950,7.508342156093931,242112,7.388671875,0.11967028109393141,1,0.000244140625,4096
65201,70.29133233311586,85404036819,7.5034462788673295,241971,7.384368896484375,0.11907738238295451,2,0.00048828125,4095
65301,70.39435887499712,85542823085,7.499508231837218,242122,7.38897705078125,0.11053118105596837,1,0.000244140625,4096
65401,70.49952304107137,85678393943,7.503378782528669,242217,7.391876220703125,0.11150256182554408,1,0.000244140625,4096
65501,70.60435737506486,85811463896,7.5118591482686075,242759,7.408416748046875,0.10344240022173246,1,0.000244140625,4096
65601,70.70936204097234,85938861332,7.5181364847959635,242784,7.4091796875,0.10895679729596353,1,0.000244140625,4096
65701,70.81271895812824,86065626623,7.5174129213671215,242344,7.395751953125,0.12166096824212147,1,0.000244140625,4096
65801,70.91481395810843,86188678918,7.523552171911119,242968,7.414794921875,0.10875725003611869,1,0.000244140625,4096
65901,71.0158607501071,86312185419,7.51395569950011,242999,7.415740966796875,0.09821473270323544,1,0.000244140625,4096
66001,71.11782795819454,86438537018,7.506431085649013,242730,7.40753173828125,0.09889934736776329,1,0.000244140625,4096
66101,71.22002045810223,86563776294,7.48606904504186,242059,7.387054443359375,0.09901460168248466,1,0.000244140625,4096
66201,71.32345820800401,86693195583,7.484401932594352,242404,7.3975830078125,0.08681892478185205,1,0.000244140625,4096
66301,71.42770225019194,86824035093,7.478413614335812,242287,7.394012451171875,0.0844011631639372,1,0.000244140625,4096
66401,71.53142500016838,86955390657,7.4846466944643115,242009,7.385528564453125,0.09911813001118652,1,0.000244140625,4096
66501,71.63625475019217,87087080692,7.490067513544605,241766,7.37811279296875,0.11195472057585487,1,0.000244140625,4096
66601,71.74053870816715,87215928087,7.4876145467234965,241940,7.3834228515625,0.10419169516099647,1,0.000244140625,4096
66701,71.84132066601887,87339996297,7.486440817089724,241472,7.369140625,0.11730019208972386,1,0.000244140625,4096
66801,71.94021937507205,87466533099,7.493588510477184,242323,7.395111083984375,0.098477426492809,1,0.000244140625,4096
66901,72.04065450001508,87594410677,7.4908555300920625,241893,7.381988525390625,0.10886700470143751,1,0.000244140625,4096
67001,72.14243837515824,87723155490,7.477504767578627,241918,7.38275146484375,0.09475330273487703,1,0.000244140625,4096
67101,72.2427459161263,87853641676,7.483086254609188,241996,7.3851318359375,0.09795441867168808,2,0.00048828125,4095
67201,72.34489225014113,87986571920,7.4824785294074605,242033,7.386260986328125,0.0962175430793355,1,0.000244140625,4096
67301,72.45028687501326,88122169675,7.494347130625109,242611,7.403900146484375,0.09044698414073427,1,0.000244140625,4096
67401,72.55490004108287,88258024602,7.500482880741192,243095,7.418670654296875,0.08181222644431685,1,0.000244140625,4096
67501,72.66034879116341,88393254143,7.495722129673355,242513,7.400909423828125,0.09481270584523038,1,0.000244140625,4096
67601,72.763501833193,88528168625,7.501639826738961,242085,7.387847900390625,0.11379192634833579,1,0.000244140625,4096
67701,72.8667777501978,88659579035,7.492128939956981,240927,7.352508544921875,0.13962039503510582,1,0.000244140625,4096
67801,72.96920375013724,88790436382,7.478362336494548,240557,7.341217041015625,0.1371452954789234,1,0.000244140625,4096
67901,73.0724339580629,88921815555,7.477925955839832,240518,7.34002685546875,0.1378991003710821,1,0.000244140625,4096
68001,73.17294079111889,89048975414,7.484538446372721,241407,7.367156982421875,0.1173814639508457,1,0.000244140625,4096
68101,73.27555862511508,89173849589,7.484750287993465,241643,7.374359130859375,0.11039115713408965,1,0.000244140625,4096
68201,73.37616229103878,89294162071,7.4772720446008165,241057,7.356475830078125,0.12079621452269151,1,0.000244140625,4096
68301,73.48180637508631,89420778228,7.483486486777125,241612,7.3734130859375,0.11007340083962536,1,0.000244140625,4096
68401,73.58301766612567,89545988111,7.502012939847599,241660,7.3748779296875,0.12713501016009943,1,0.000244140625,4096
68501,73.68400612496771,89667761364,7.4941897691189965,240894,7.35150146484375,0.14268830427524648,1,0.000244140625,4096
68601,73.784835500177,89783661607,7.475520908078019,240435,7.337493896484375,0.1380270115936444,1,0.000244140625,4096
68701,73.88525470811874,89900189033,7.482718707091372,240659,7.344329833984375,0.13838887310699732,1,0.000244140625,4096
68801,73.98491833312437,90019827508,7.473209523859344,240699,7.345550537109375,0.12765898674996912,1,0.000244140625,4096
68901,74.08598099998198,90140812447,7.45087992998068,240114,7.32769775390625,0.1231821760744296,1,0.000244140625,4096
69001,74.18701345799491,90260254702,7.466152424694634,240701,7.345611572265625,0.12054085242900925,1,0.000244140625,4096
69101,74.28816608316265,90379919665,7.481701582833036,241352,7.365478515625,0.11622306720803621,1,0.000244140625,4096
69201,74.38758633309044,90496771163,7.475177400470588,241049,7.356231689453125,0.11894571101746276,1,0.000244140625,4096
69301,74.49015412502922,90622890585,7.470277031591707,240537,7.340606689453125,0.1296703421385823,1,0.000244140625,4096
69401,74.59348400007002,90748802189,7.470090569296764,240969,7.353790283203125,0.1163002860936393,1,0.000244140625,4096
69501,74.69694608310238,90877508576,7.4677586007638155,241089,7.357452392578125,0.11030620818569048,1,0.000244140625,4096
69601,74.80225933296606,91008472514,7.459214071829733,239711,7.315399169921875,0.14381490190785762,1,0.000244140625,4096
69701,74.90572404116392,91140480755,7.463686202738526,240218,7.33087158203125,0.13281462070727557,1,0.000244140625,4096
69801,75.00894795800559,91272126960,7.45383530267489,240439,7.337615966796875,0.11621933587801525,1,0.000244140625,4096
69901,75.11257779109292,91401621826,7.451815636962939,240513,7.339874267578125,0.11194136938481414,1,0.000244140625,4096
70001,75.21664287499152,91534531681,7.454595166621562,241174,7.36004638671875,0.09454877990281219,1,0.000244140625,4096
70101,75.31975500006229,91673105907,7.465058536799344,241349,7.365386962890625,0.09967157390871861,1,0.000244140625,4096
70201,75.42449058312923,91808770223,7.473339335681331,242172,7.3905029296875,0.08283640599383091,1,0.000244140625,4096
70301,75.53026233310811,91944592767,7.478568718011316,242519,7.401092529296875,0.07747618871444129,1,0.000244140625,4096
70401,75.63297229097225,92081724369,7.468355536953263,242198,7.39129638671875,0.07705915023451304,1,0.000244140625,4096
70501,75.74060341599397,92223421643,7.467728719589732,242188,7.3909912109375,0.07673750865223194,1,0.000244140625,4096
70601,75.84941787505522,92367557052,7.462397025808891,242030,7.38616943359375,0.0762275922151412,1,0.000244140625,4096
70701,75.9588385829702,92517722638,7.471935793487026,241909,7.382476806640625,0.08945898684640063,1,0.000244140625,4096
70801,76.06521395803429,92662935248,7.48159139674102,241931,7.383148193359375,0.09844320338164536,1,0.000244140625,4096
70901,76.17258187499829,92805984979,7.459359090758625,241276,7.3631591796875,0.09619991107112469,1,0.000244140625,4096
71001,76.27600895799696,92949489100,7.455224855549119,241600,7.373046875,0.08217798054911896,1,0.000244140625,4096
71101,76.3874697079882,93093231741,7.456394817823775,241425,7.367706298828125,0.08868851899565033,1,0.000244140625,4096
71201,76.49473750009201,93237389423,7.443957705997093,241333,7.364898681640625,0.07905902435646794,1,0.000244140625,4096
71301,76.60417033312842,93388282403,7.44276273342216,241712,7.37646484375,0.06629788967216044,1,0.000244140625,4096
71401,76.7117276659701,93541182739,7.450194813678393,242169,7.390411376953125,0.05978343672526787,1,0.000244140625,4096
71501,76.82193745812401,93689322341,7.449976534839696,241856,7.380859375,0.06911715983969557,1,0.000244140625,4096
71601,76.93061416619457,93837982998,7.451309090348979,241222,7.36151123046875,0.08979785988022915,1,0.000244140625,4096
71701,77.03918362502009,93991064017,7.448975810556781,241712,7.37646484375,0.07251096680678071,1,0.000244140625,4096
71801,77.15019145817496,94151617435,7.441592024099003,240899,7.351654052734375,0.08993797136462778,1,0.000244140625,4096
71901,77.26042087515816,94309451092,7.44747292448227,241037,7.355865478515625,0.09160744596664472,1,0.000244140625,4096
72001,77.37009508302435,94464234943,7.451189097114429,241125,7.358551025390625,0.09263807172380378,1,0.000244140625,4096
72101,77.47799004102126,94616493541,7.454201595526624,241106,7.35797119140625,0.09623040412037387,1,0.000244140625,4096
72201,77.58496908308007,94767208755,7.456140809734773,240740,7.3468017578125,0.109339051922273,1,0.000244140625,4096
72301,77.69395250012167,94913187145,7.4772934112125595,241459,7.368743896484375,0.10854951472818453,1,0.000244140625,4096
72401,77.80252862512134,95059490174,7.48575185734382,241910,7.38250732421875,0.10324453312507043,1,0.000244140625,4096
72501,77.91247704112902,95203848046,7.472940274662802,241695,7.375946044921875,0.0969942297409272,1,0.000244140625,4096
72601,78.02127462509088,95348813218,7.487473607552113,242172,7.3905029296875,0.09697067786461311,1,0.000244140625,4096
72701,78.12703550001606,95495502465,7.493734629601457,242652,7.4051513671875,0.08858326241395709,1,0.000244140625,4096
72801,78.23528695804998,95644227332,7.500914000723157,242302,7.39447021484375,0.1064437858794074,1,0.000244140625,4096
72901,78.34326250012964,95787279884,7.498559834463255,242199,7.391326904296875,0.10723293016638014,1,0.000244140625,4096
73001,78.44668583315797,95929526177,7.501108365070774,241943,7.383514404296875,0.11759396077389894,1,0.000244140625,4096
73101,78.55142845818773,96070509324,7.5027678248155265,241718,7.37664794921875,0.1261198755967765,1,0.000244140625,4096
73201,78.65901208319701,96207349007,7.499806518758553,240763,7.347503662109375,0.15230285664917798,1,0.000244140625,4096
73301,78.76033666613512,96343333048,7.516303008329312,240515,7.339935302734375,0.17636770559493709,1,0.000244140625,4096
73401,78.86300224997103,96476879092,7.514834851523904,239854,7.31976318359375,0.1950716679301543,1,0.000244140625,4096
73501,78.97072958317585,96611789243,7.511121097237372,239985,7.323760986328125,0.1873601109092471,1,0.000244140625,4096
73601,79.07909079105593,96745394627,7.50572257789797,240029,7.325103759765625,0.18061881813234493,1,0.000244140625,4096
73701,79.18405795819126,96875219692,7.514382186327382,241200,7.36083984375,0.1535423425773823,1,0.000244140625,4096
73801,79.2873828751035,97003091382,7.5115106558672045,240454,7.33807373046875,0.17343692539845446,1,0.000244140625,4096
73901,79.39016245817766,97130005365,7.503852440237223,240306,7.33355712890625,0.17029531133097286,1,0.000244140625,4096
74001,79.496418582974,97262680491,7.500114773563503,240415,7.336883544921875,0.16323122864162798,1,0.000244140625,4096
74101,79.59736229106784,97395266848,7.499991453517679,240268,7.3323974609375,0.16759399258017904,1,0.000244140625,4096
74201,79.70281124999747,97526431423,7.500713053052797,240792,7.348388671875,0.152324381177797,1,0.000244140625,4096
74301,79.80521895806305,97656908606,7.516822773682559,242091,7.388031005859375,0.12879176782318424,1,0.000244140625,4096
74401,79.90790058299899,97785728708,7.528555778309391,242632,7.404541015625,0.12401476268439104,1,0.000244140625,4096
74501,80.01148591609672,97915666600,7.519115905973622,242248,7.392822265625,0.12629364034862167,1,0.000244140625,4096
74601,80.11281833308749,98045900986,7.526992583985569,242386,7.39703369140625,0.12995889257931914,1,0.000244140625,4096
74701,80.21474025002681,98170290610,7.52922258551396,241746,7.37750244140625,0.15172014410770984,1,0.000244140625,4096
74801,80.31645541614853,98292496015,7.521200164704633,241348,7.3653564453125,0.15584371939213337,1,0.000244140625,4096
74901,80.41945570800453,98416131002,7.504478266547652,240697,7.345489501953125,0.15898876459452715,1,0.000244140625,4096
75001,80.52198120811954,98541756261,7.49813545081482,240853,7.350250244140625,0.1478852066741947,1,0.000244140625,4096
75101,80.62288658297621,98669284257,7.500620411286452,241279,7.363250732421875,0.13736967886457663,1,0.000244140625,4096
75201,80.72409875015728,98796706306,7.499547898817877,241358,7.36566162109375,0.13388627772412676,1,0.000244140625,4096
75301,80.83105262508616,98929824780,7.504361106010844,241278,7.36322021484375,0.14114089116709394,1,0.000244140625,4096
75401,80.93632120802067,99064081004,7.501909530888044,241208,7.361083984375,0.14082554651304413,1,0.000244140625,4096
75501,81.04052487504669,99198214433,7.502003330320619,240989,7.354400634765625,0.14760269555499406,1,0.000244140625,4096
75601,81.14798579108901,99338907623,7.507573811480468,240727,7.346405029296875,0.16116878218359343,1,0.000244140625,4096
75701,81.2557222081814,99476880546,7.501038187861727,239683,7.314544677734375,0.18649351012735238,1,0.000244140625,4096
75801,81.36355962511152,99618138014,7.483950202365196,239110,7.29705810546875,0.18689209689644581,1,0.000244140625,4096
75901,81.4696392910555,99766055721,7.495780481868271,239638,7.31317138671875,0.1826090951495214,1,0.000244140625,4096
76001,81.57810925017111,99910752904,7.482964716440667,239493,7.308746337890625,0.17421837855004174,1,0.000244140625,4096
76101,81.68395716603845,100049316470,7.481066324938286,240189,7.329986572265625,0.15107975267266127,1,0.000244140625,4096
76201,81.79174733301625,100189519299,7.4886030526139065,240858,7.35040283203125,0.13820022058265646,1,0.000244140625,4096
76301,81.89845966617577,100331749665,7.488799186945835,241190,7.36053466796875,0.12826451897708502,1,0.000244140625,4096
76401,82.00721770804375,100472893252,7.497580182249773,241447,7.368377685546875,0.12920249670289774,1,0.000244140625,4096
76501,82.11234808317386,100608463801,7.510665127778969,242379,7.396820068359375,0.11384505941959411,1,0.000244140625,4096
76601,82.2165298750624,100739602319,7.523693458419114,242956,7.4144287109375,0.10926474748161397,1,0.000244140625,4096
76701,82.31911545805633,100868456398,7.5120336862651325,242734,7.40765380859375,0.10437987767138246,1,0.000244140625,4096
76801,82.42275525000878,100999302759,7.498173555349258,241984,7.384765625,0.11340793034925767,1,0.000244140625,4096
76901,82.52467566612177,101130287697,7.476556827046248,241771,7.378265380859375,0.09829144618687291,1,0.000244140625,4096
77001,82.62882395810448,101260581768,7.475232192258259,241833,7.380157470703125,0.09507472155513419,1,0.000244140625,4096
77101,82.73244379111566,101393147622,7.483111541638272,242277,7.393707275390625,0.08940426624764708,1,0.000244140625,4096
77201,82.83807675004937,101525439531,7.503916097153848,242657,7.405303955078125,0.09861214207572289,1,0.000244140625,4096
77301,82.9426539579872,101657564382,7.5266444156855865,243442,7.42926025390625,0.09738416177933651,1,0.000244140625,4096
77401,83.04718520818278,101791670169,7.521825566670628,242587,7.403167724609375,0.1186578420612534,1,0.000244140625,4096
77501,83.15332700009458,101925842289,7.517359283273319,242311,7.394744873046875,0.12261441022644437,1,0.000244140625,4096
77601,83.25693479110487,102059522691,7.500072411859619,240935,7.352752685546875,0.1473197263127437,1,0.000244140625,4096
77701,83.36005274998024,102192882881,7.4958696818077915,240924,7.3524169921875,0.14345268962029145,1,0.000244140625,4096
77801,83.4657092911657,102327017129,7.510449048883149,241568,7.3720703125,0.13837873638314857,1,0.000244140625,4096
77901,83.56928454106674,102460102821,7.513036720896055,242195,7.391204833984375,0.12183188691168034,1,0.000244140625,4096
78001,83.67399050015956,102594966754,7.512884777107784,241753,7.377716064453125,0.13516871265465902,1,0.000244140625,4096
78101,83.77811558311805,102731420221,7.51158540253684,241271,7.363006591796875,0.1485788107399646,1,0.000244140625,4096
78201,83.88591841608286,102868871944,7.506792733573125,241295,7.363739013671875,0.14305371990124982,1,0.000244140625,4096
78301,83.99049666617066,103006949850,7.487525159251962,240544,7.3408203125,0.1467048467519616,1,0.000244140625,4096
78401,84.09725820808671,103144436508,7.475032922864244,239984,7.32373046875,0.15130245411424426,1,0.000244140625,4096
78501,84.20515945809893,103282417063,7.485997451737284,240572,7.3416748046875,0.14432264704978426,1,0.000244140625,4096
78601,84.31065175007097,103420588461,7.478368948230332,241016,7.355224609375,0.12314433885533216,1,0.000244140625,4096
78701,84.41669879108667,103557767628,7.46107980644662,240507,7.339691162109375,0.12138864433724539,1,0.000244140625,4096
78801,84.52100345818326,103696181992,7.45906753762727,240505,7.339630126953125,0.11943741067414493,1,0.000244140625,4096
78901,84.6249886250589,103830786580,7.4595088705718275,240847,7.350067138671875,0.10944173189995254,1,0.000244140625,4096
79001,84.73008362506516,103965923541,7.456772302725474,240928,7.3525390625,0.10423324022547398,1,0.000244140625,4096
79101,84.83881233306602,104105874358,7.463765270444068,241254,7.36248779296875,0.10127747747531757,1,0.000244140625,4096
79201,84.94283983297646,104246107454,7.459386091015447,241063,7.356658935546875,0.10272715546857203,1,0.000244140625,4096
79301,85.0499321250245,104388028468,7.477413234578388,241352,7.365478515625,0.11193471895338813,1,0.000244140625,4096
79401,85.1556857500691,104537020735,7.494365888315441,241774,7.37835693359375,0.11600895472169093,1,0.000244140625,4096
79501,85.2640182080213,104687389507,7.473071017158843,240749,7.347076416015625,0.12599460114321825,1,0.000244140625,4096
79601,85.37202762509696,104834469189,7.474054440666105,241303,7.363983154296875,0.11007128636923014,1,0.000244140625,4096
79701,85.47712983307429,104976356467,7.4737556237436795,241111,7.358123779296875,0.11563184444680452,1,0.000244140625,4096
79801,85.5838071659673,105115830118,7.477067107089676,241148,7.3592529296875,0.1178141774021757,1,0.000244140625,4096
79901,85.68970700004138,105255539813,7.464001227745529,240633,7.343536376953125,0.12046485079240377,1,0.000244140625,4096
80001,85.7952960410621,105396715341,7.463253069150964,240362,7.33526611328125,0.12798695586971398,1,0.000244140625,4096
80101,85.90267570805736,105539076465,7.470110244643017,240078,7.32659912109375,0.14351112354926698,1,0.000244140625,4096
80201,86.00702487514354,105676345188,7.4749706539782474,240738,7.34674072265625,0.12822993132199745,1,0.000244140625,4096
80301,86.11132333311252,105812705225,7.483718629487422,241298,7.36383056640625,0.11988806308117184,1,0.000244140625,4096
80401,86.21476741600782,105947868578,7.492509182283303,241670,7.37518310546875,0.1173260768145532,1,0.000244140625,4096
80501,86.32051116600633,106082264115,7.486633665659514,241812,7.3795166015625,0.1071170640970136,1,0.000244140625,4096
80601,86.42782750003971,106214311754,7.482330364581761,241433,7.367950439453125,0.11437992512863637,1,0.000244140625,4096
80701,86.52984812506475,106345560386,7.484874925777664,241360,7.36572265625,0.11915226952766389,1,0.000244140625,4096
80801,86.63438216596842,106478958137,7.472772970653994,241286,7.36346435546875,0.1093086151852436,1,0.000244140625,4096
80901,86.74135450017639,106619848014,7.499380978300632,242197,7.391265869140625,0.108115109160007,1,0.000244140625,4096
81001,86.84701766609214,106765276551,7.493900258689487,241279,7.363250732421875,0.13064952626761173,1,0.000244140625,4096
81101,86.95473195798695,106910304332,7.479291842226031,240323,7.334075927734375,0.14521591449165605,1,0.000244140625,4096
81201,87.06220583315007,107058894822,7.481068211789885,240315,7.333831787109375,0.1472364246805098,1,0.000244140625,4096
81301,87.16811220813543,107209911833,7.472638613450652,240277,7.332672119140625,0.13996649431002695,1,0.000244140625,4096
81401,87.27140962518752,107359661753,7.481839099596968,240051,7.325775146484375,0.1560639531125929,1,0.000244140625,4096
81501,87.38252891600132,107507844191,7.475979148751318,239660,7.3138427734375,0.16213637531381764,1,0.000244140625,4096
81601,87.48958883318119,107652783483,7.468889006944448,239994,7.32403564453125,0.14485336241319757,1,0.000244140625,4096
81701,87.59623575001024,107797409794,7.471850665097717,240219,7.330902099609375,0.14094856548834223,1,0.000244140625,4096
81801,87.70103441597894,107945727728,7.482542400539708,240470,7.33856201171875,0.14398038882095765,1,0.000244140625,4096
81901,87.80995083297603,108095123002,7.49037835253381,240752,7.34716796875,0.1432103837838099,1,0.000244140625,4096
82001,87.91901425016113,108245701508,7.500619198685294,241310,7.36419677734375,0.13642242134154436,1,0.000244140625,4096
82101,88.02764708315954,108397851862,7.512910002360904,241899,7.382171630859375,0.13073837150152912,1,0.000244140625,4096
82201,88.13629833306186,108555106195,7.495745113089537,240688,7.34521484375,0.15053026933953717,1,0.000244140625,4096
82301,88.2443696251139,108714207046,7.495824474794396,240249,7.331817626953125,0.16400684784127062,1,0.000244140625,4096
82401,88.35571100004017,108874121396,7.49134452625762,239956,7.3228759765625,0.16846854969512037,1,0.000244140625,4096
82501,88.46656400011852,109034104141,7.4867252870950844,239860,7.3199462890625,0.16677899803258445,1,0.000244140625,4096
82601,88.57819783315063,109195462247,7.48327536278123,239770,7.31719970703125,0.16607565574997984,1,0.000244140625,4096
82701,88.69030812499113,109355401726,7.473911146911508,239341,7.304107666015625,0.16980348089588304,1,0.000244140625,4096
82801,88.80120658315718,109511525555,7.473329396849472,240133,7.328277587890625,0.14505180895884706,1,0.000244140625,4096
82901,88.91265654098243,109668083675,7.478942204648066,240530,7.34039306640625,0.13854913824181558,1,0.000244140625,4096
83001,89.02641912503168,109823132362,7.468011063818934,240318,7.33392333984375,0.13408772397518387,1,0.000244140625,4096
83101,89.13888154109009,109982768607,7.460555525599219,240585,7.342071533203125,0.11848399239609364,1,0.000244140625,4096
83201,89.24792920798063,110141385474,7.462108823743213,240523,7.340179443359375,0.12192938038383794,1,0.000244140625,4096
83301,89.35859904112294,110298629397,7.47163323718153,240617,7.343048095703125,0.12858514147840516,1,0.000244140625,4096
83401,89.46967975003645,110455519034,7.473094853991945,240753,7.347198486328125,0.12589636766382029,1,0.000244140625,4096
83501,89.57815883308649,110606422573,7.481774417410779,240717,7.346099853515625,0.13567456389515442,1,0.000244140625,4096
83601,89.68631166615523,110751487122,7.48930406456011,240107,7.327484130859375,0.16181993370073489,1,0.000244140625,4096
83701,89.79470695811324,110893305694,7.504399482162054,241153,7.359405517578125,0.14499396458392866,1,0.000244140625,4096
83801,89.90268545807339,111039566195,7.505742418581483,241171,7.359954833984375,0.14578758459710794,2,0.00048828125,4095
83901,90.00762404105626,111182574810,7.511858425476717,240729,7.346466064453125,0.16539236102359212,1,0.000244140625,4096
84001,90.11498225014657,111325263567,7.517804108454008,240611,7.342864990234375,0.17493911821963337,1,0.000244140625,4096
84101,90.22064229100943,111463689815,7.512724711734625,240256,7.33203125,0.18069346173462542,1,0.000244140625,4096
84201,90.32654629112221,111602351242,7.495393818890665,240170,7.32940673828125,0.16598708060941458,1,0.000244140625,4096
84301,90.4312347911764,111734265608,7.490924797585344,240540,7.3406982421875,0.15022655539784413,1,0.000244140625,4096
84401,90.53510062512942,111867639594,7.478238037468984,240026,7.32501220703125,0.15322583043773363,1,0.000244140625,4096
84501,90.63673054100946,111997472905,7.472939996499491,239860,7.3199462890625,0.15299370743699114,1,0.000244140625,4096
84601,90.74016525014304,112127231525,7.460357146223642,239357,7.304595947265625,0.1557611989580172,1,0.000244140625,4096
84701,90.8439705001656,112255377057,7.4494176805894945,238738,7.28570556640625,0.1637121141832445,1,0.000244140625,4096
84801,90.9467797500547,112381997489,7.450622728937362,239273,7.302032470703125,0.1485902582342371,1,0.000244140625,4096
84901,91.04895250010304,112505572958,7.454511886856793,238014,7.26361083984375,0.19090104701304256,3,0.000732421875,4094
85001,91.14921983308159,112623530807,7.416608642830207,236486,7.21697998046875,0.19962866236145693,1,0.000244140625,4096
85101,91.24940850003622,112738771765,7.395007301472166,235379,7.183197021484375,0.211810279987791,3,0.000732421875,4094
85201,91.34980125003494,112854402213,7.407050591774137,236188,7.2078857421875,0.19916484958663716,1,0.000244140625,4096
85301,91.45058183302172,112966336844,7.3836959115324845,234855,7.167205810546875,0.2164901009856095,1,0.000244140625,4096
85401,91.5487647911068,113080027366,7.393053921741621,236192,7.2080078125,0.1850461092416209,1,0.000244140625,4096
85501,91.64783333311789,113197368067,7.417015393819989,237078,7.23504638671875,0.1819690071012392,1,0.000244140625,4096
85601,91.74461708310992,113312913497,7.4296983690150125,237942,7.26141357421875,0.16828479479626246,1,0.000244140625,4096
85701,91.8423859581817,113427567790,7.436175182232194,239190,7.29949951171875,0.1366756705134442,1,0.000244140625,4096
85801,91.9411832911428,113551079563,7.444879347000585,239210,7.30010986328125,0.14476948371933496,1,0.000244140625,4096
85901,92.0436376251746,113678302881,7.449936704255418,238721,7.285186767578125,0.16474993667729265,1,0.000244140625,4096
86001,92.14559108298272,113806292642,7.4456197990183846,238560,7.2802734375,0.16534636151838455,1,0.000244140625,4096
86101,92.25228350004181,113935903382,7.43483373577019,238290,7.27203369140625,0.1628000443639399,1,0.000244140625,4096
86201,92.35795241617598,114064860379,7.435745997494582,238620,7.2821044921875,0.15364150530708187,1,0.000244140625,4096
86301,92.4620025001932,114196108045,7.444722441420821,239330,7.30377197265625,0.1409504687645713,1,0.000244140625,4096
86401,92.56444287509657,114328971408,7.468917898398661,240503,7.339569091796875,0.1293488066017856,1,0.000244140625,4096
86501,92.66612629103474,114458433600,7.478794176909759,241252,7.3624267578125,0.11636741909725856,1,0.000244140625,4096
86601,92.76627816609107,114586271357,7.48774129397111,241215,7.361297607421875,0.12644368654923532,1,0.000244140625,4096
86701,92.86934766615741,114713569785,7.489426226564351,241063,7.356658935546875,0.1327672910174762,1,0.000244140625,4096
86801,92.97280587512068,114840029962,7.4975442994546135,241523,7.370697021484375,0.12684727797023854,1,0.000244140625,4096
86901,93.07514158310369,114964776964,7.495974953504446,241097,7.357696533203125,0.13827842030132143,1,0.000244140625,4096
87001,93.1776937500108,115093366806,7.488235013817677,240302,7.33343505859375,0.1547999552239272,1,0.000244140625,4096
87101,93.2794158749748,115226750123,7.481148174508812,239342,7.30413818359375,0.17700999091506198,1,0.000244140625,4096
87201,93.38245379109867,115359321557,7.478478276401786,240299,7.333343505859375,0.14513477054241086,1,0.000244140625,4096
87301,93.48382337507792,115490438456,7.465053685038566,240180,7.3297119140625,0.1353417709760656,1,0.000244140625,4096
87401,93.58579537505284,115617057525,7.469971364379681,240315,7.333831787109375,0.13613957727030623,1,0.000244140625,4096
87501,93.68950954102911,115737831506,7.480433692721803,241276,7.3631591796875,0.11727451303430314,1,0.000244140625,4096
87601,93.78981500002556,115857487773,7.459022835124905,240661,7.344390869140625,0.11463196598428027,1,0.000244140625,4096
87701,93.89037158316933,115978736678,7.4600412482894,240346,7.33477783203125,0.12526341625815007,1,0.000244140625,4096
87801,93.9931388751138,116103388566,7.472590905048532,241057,7.356475830078125,0.1161150749704074,1,0.000244140625,4096
87901,94.09523295797408,116233177518,7.474391310690917,241943,7.383514404296875,0.09087690639404222,1,0.000244140625,4096
88001,94.19926712499,116363009956,7.471286217772465,241155,7.359466552734375,0.11181966503809004,1,0.000244140625,4096
88101,94.30162387504242,116495513824,7.4673646453454845,241593,7.372833251953125,0.0945313933923595,1,0.000244140625,4096
88201,94.40781441610307,116628040102,7.475332246020523,241840,7.38037109375,0.09496115227052293,1,0.000244140625,4096
88301,94.51164945797063,116758098604,7.497444246441798,242372,7.3966064453125,0.1008378011292983,1,0.000244140625,4096
88401,94.61619641608559,116890260144,7.490222508957408,241854,7.38079833984375,0.10942416911365793,1,0.000244140625,4096
88501,94.72365891607478,117026095428,7.491034294219266,241468,7.3690185546875,0.12201573953176581,1,0.000244140625,4096
88601,94.82972616609186,117163133007,7.49629450000628,241969,7.384307861328125,0.11198663867815473,1,0.000244140625,4096
88701,94.93533808318898,117304625002,7.483245725906455,241072,7.35693359375,0.1263121321564551,1,0.000244140625,4096
88801,95.0451132080052,117450145816,7.469758216136389,240444,7.3377685546875,0.13198966144888935,1,0.000244140625,4096
88901,95.15200862498023,117593371899,7.471460966006719,240102,7.32733154296875,0.1441294230379686,1,0.000244140625,4096
89001,95.25742725003511,117734971857,7.468863026640971,240478,7.33880615234375,0.13005687429722101,1,0.000244140625,4096
89101,95.36471208301373,117879803373,7.4588348740565955,240568,7.341552734375,0.11728213968159551,1,0.000244140625,4096
89201,95.46995158307254,118022380369,7.4614121798426405,240708,7.3458251953125,0.11558698453014049,1,0.000244140625,4096
89301,95.57646254100837,118161290659,7.462866881196716,239984,7.32373046875,0.1391364124467156,1,0.000244140625,4096
89401,95.68156887497753,118297897992,7.4730711119904765,240471,7.338592529296875,0.13447858269360147,1,0.000244140625,4096
89501,95.7885827079881,118433696489,7.47621983813761,240532,7.3404541015625,0.13576573657511037,1,0.000244140625,4096
89601,95.88959908299148,118564345485,7.466033865228939,240376,7.335693359375,0.13034050585393864,1,0.000244140625,4096
89701,95.98989275004715,118698419956,7.455936115828787,239660,7.3138427734375,0.1420933423912869,1,0.000244140625,4096
89801,96.09032366611063,118833476406,7.450145967469402,239555,7.310638427734375,0.13950753973502739,1,0.000244140625,4096
89901,96.19592212513089,118974580763,7.460629732711139,239621,7.312652587890625,0.14797714482051383,1,0.000244140625,4096
90001,96.30026983306743,119119838529,7.467439119134592,239022,7.29437255859375,0.17306656054084169,1,0.000244140625,4096
90101,96.408610915998,119263054585,7.460588952442743,238915,7.291107177734375,0.1694817747083679,1,0.000244140625,4096
90201,96.51459312508814,119403494295,7.4737411108607095,238812,7.2879638671875,0.18577724367320947,1,0.000244140625,4096
90301,96.61900337506086,119543631110,7.472203342695347,238586,7.28106689453125,0.19113644816409714,1,0.000244140625,4096
90401,96.72321166610345,119686726826,7.4724437317761305,238188,7.2689208984375,0.20352283333863053,1,0.000244140625,4096
90501,96.83132566604763,119833160159,7.464938914655425,238605,7.281646728515625,0.18329218613980025,1,0.000244140625,4096
90601,96.93802354112267,119980392806,7.480302069558027,239149,7.298248291015625,0.1820537785424019,1,0.000244140625,4096
90701,97.04277654108591,120123514196,7.4890221821506575,240295,7.333221435546875,0.15580074660378251,1,0.000244140625,4096
90801,97.14700220804662,120266059838,7.482785177140375,239549,7.310455322265625,0.17232985487475005,1,0.000244140625,4096
90901,97.2537047911901,120410805796,7.472563916485858,239505,7.309112548828125,0.16345136765773294,1,0.000244140625,4096
91001,97.3615663331002,120556699996,7.489002994362897,240095,7.327117919921875,0.16188507444102207,1,0.000244140625,4096
91101,97.47034050012007,120698624322,7.476812341571007,239931,7.322113037109375,0.15469930446163183,1,0.000244140625,4096
91201,97.57666766596958,120842663351,7.460911507664397,238847,7.289031982421875,0.17187952524252204,1,0.000244140625,4096
91301,97.68457549996674,120987761199,7.450853409172335,239248,7.30126953125,0.14958387792233463,1,0.000244140625,4096
91401,97.79341612500139,121130797231,7.453165008954556,239578,7.31134033203125,0.14182467692330558,1,0.000244140625,4096
91501,97.8971579161007,121269379978,7.446203251041818,239014,7.29412841796875,0.15207483307306813,1,0.000244140625,4096
91601,98.00269375019707,121406575538,7.4445181490766235,239495,7.308807373046875,0.13571077602974846,1,0.000244140625,4096
91701,98.10733395814896,121542625287,7.4471098938327485,240233,7.331329345703125,0.11578054812962346,1,0.000244140625,4096
91801,98.21469325013459,121678781740,7.451006177854824,240344,7.334716796875,0.11628938097982378,1,0.000244140625,4096
91901,98.32049125013873,121817792320,7.455177758828846,241058,7.35650634765625,0.09867141117259592,1,0.000244140625,4096
92001,98.42867283313535,121961825830,7.457790999856264,240920,7.352294921875,0.1054960779812637,1,0.000244140625,4096
92101,98.53434733301401,122106252332,7.453154586802851,241244,7.3621826171875,0.09097196961535126,1,0.000244140625,4096
92201,98.64253708301112,122251037627,7.449388161344922,240575,7.341766357421875,0.10762180392304721,1,0.000244140625,4096
92301,98.74863304104656,122399736135,7.472798487586769,241275,7.363128662109375,0.10966982547739423,1,0.000244140625,4096
92401,98.85726970806718,122545960526,7.481455072668766,242018,7.38580322265625,0.09565185001251564,1,0.000244140625,4096
92501,98.96349100000225,122688514706,7.468457774607429,241127,7.358612060546875,0.10984571406055377,1,0.000244140625,4096
92601,99.06662537506782,122828829156,7.465567629152944,241124,7.3585205078125,0.10704712134044403,1,0.000244140625,4096
92701,99.1741758750286,122969389576,7.470837237976648,241576,7.372314453125,0.09852278485164767,1,0.000244140625,4096
92801,99.2811910409946,123108215190,7.478863586052723,241646,7.37445068359375,0.10441290245897328,1,0.000244140625,4096
92901,99.38781037507579,123245068624,7.470774065864931,241830,7.38006591796875,0.09070814789618087,1,0.000244140625,4096
93001,99.49326558317989,123383999308,7.464673529049349,241458,7.36871337890625,0.09596015014309867,1,0.000244140625,4096
93101,99.59854224999435,123519407574,7.46212238973575,240836,7.3497314453125,0.11239094442325026,1,0.000244140625,4096
93201,99.70183925004676,123652589282,7.468239449536639,241159,7.359588623046875,0.10865082648976365,1,0.000244140625,4096
93301,99.80648283311166,123787993905,7.472001215476304,240991,7.354461669921875,0.11753954555442903,1,0.000244140625,4096
93401,99.91296529117972,123925161671,7.453810086556584,240290,7.33306884765625,0.12074123890033395,1,0.000244140625,4096
93501,100.0198101659771,124062629379,7.450390594446102,240113,7.327667236328125,0.12272335811797674,1,0.000244140625,4096
93601,100.12510979105718,124196904483,7.4383844910420045,240137,7.328399658203125,0.1099848328388795,1,0.000244140625,4096
93701,100.23122708313167,124331279023,7.45301541231081,240933,7.352691650390625,0.1003237619201851,1,0.000244140625,4096
93801,100.33590200007893,124462943656,7.450306464524961,240816,7.34912109375,0.10118537077496104,1,0.000244140625,4096
93901,100.4413649160415,124596872285,7.446396928336765,241209,7.361114501953125,0.08528242638363981,1,0.000244140625,4096
94001,100.54636179096997,124732330435,7.456055288028229,242051,7.386810302734375,0.06924498529385392,1,0.000244140625,4096
94101,100.65114662516862,124864811532,7.454586671807644,242252,7.3929443359375,0.061642335870144116,1,0.000244140625,4096
94201,100.7542063749861,125001610857,7.458683660591534,242386,7.39703369140625,0.06164996918528409,1,0.000244140625,4096
94301,100.86069304100238,125138451434,7.470871885812913,243082,7.41827392578125,0.052597960031662616,1,0.000244140625,4096
94401,100.96721354103647,125276256426,7.456393234834845,241965,7.384185791015625,0.07220744381922017,1,0.000244140625,4096
94501,101.07393987500109,125416155787,7.446310329376157,241507,7.370208740234375,0.076101589141782,1,0.000244140625,4096
94601,101.17799137509428,125551142478,7.443644682409335,241005,7.354888916015625,0.08875576639371019,1,0.000244140625,4096
94701,101.27968741604127,125682898515,7.4511329523887495,241823,7.379852294921875,0.07128065746687451,1,0.000244140625,4096
94801,101.38561129104346,125814721434,7.455943572153019,242213,7.391754150390625,0.06418942176239373,1,0.000244140625,4096
94901,101.49176387512125,125944997159,7.487883368965173,243015,7.416229248046875,0.07165412091829815,1,0.000244140625,4096
95001,101.59771304111928,126075805229,7.5037397436774125,242962,7.41461181640625,0.08912792727116248,1,0.000244140625,4096
95101,101.70241700019687,126203448517,7.502387608547208,243182,7.42132568359375,0.08106192495345788,1,0.000244140625,4096
95201,101.80639216606505,126324994124,7.497462638191089,242765,7.408599853515625,0.08886278467546394,1,0.000244140625,4096
95301,101.90802112501115,126444660928,7.494136299531685,243482,7.43048095703125,0.06365534250043492,1,0.000244140625,4096
95401,102.00903950002976,126562769150,7.490048298548606,243136,7.419921875,0.0701264235486061,1,0.000244140625,4096
95501,102.11023874999955,126674122074,7.48602338418466,243266,7.42388916015625,0.0621342240284104,1,0.000244140625,4096
95601,102.2130780830048,126788272397,7.497086176919516,243455,7.429656982421875,0.06742919449764084,1,0.000244140625,4096
95701,102.312732166145,126903035210,7.507821473434214,243382,7.42742919921875,0.08039227421546435,1,0.000244140625,4096
95801,102.41230016597547,127019212930,7.518659986257063,243992,7.446044921875,0.07261506438206311,1,0.000244140625,4096
95901,102.5127378331963,127140813361,7.509682000649893,243338,7.42608642578125,0.08359557486864322,1,0.000244140625,4096
96001,102.61624495801516,127266756814,7.499617502525851,242341,7.395660400390625,0.10395710213522591,1,0.000244140625,4096
96101,102.71792450011708,127391584460,7.48804908325636,242223,7.392059326171875,0.0959897570844852,1,0.000244140625,4096
96201,102.82152925012633,127522318096,7.484457229064914,241075,7.357025146484375,0.12743208258053862,1,0.000244140625,4096
96301,102.92420700006187,127649630351,7.483888127880888,241701,7.376129150390625,0.10775897749026342,1,0.000244140625,4096
96401,103.02931358315982,127776517989,7.4892641917023255,242181,7.390777587890625,0.09848660381170049,1,0.000244140625,4096
96501,103.13196925004013,127904581008,7.492889048536461,242434,7.39849853515625,0.09439051338021098,1,0.000244140625,4096
96601,103.23547133314423,128034673254,7.495985121617791,242384,7.39697265625,0.09901246536779063,1,0.000244140625,4096
96701,103.34043295797892,128165347111,7.48533923803109,241853,7.380767822265625,0.10457141576546469,1,0.000244140625,4096
96801,103.44296308304183,128299126067,7.483823798548351,241757,7.377838134765625,0.10598566378272611,1,0.000244140625,4096
96901,103.54761779098772,128429677664,7.473299515773821,241017,7.355255126953125,0.1180443888206959,1,0.000244140625,4096
97001,103.65359608316794,128562453424,7.4695564599785005,240896,7.3515625,0.11799395997850048,1,0.000244140625,4096
97101,103.75896729109809,128695437237,7.456673203511958,240259,7.332122802734375,0.12455040077758284,1,0.000244140625,4096
97201,103.86445945804007,128826701049,7.441661943938886,239981,7.323638916015625,0.11802302792326103,1,0.000244140625,4096
97301,103.96911229100078,128958286063,7.440267958484092,239872,7.3203125,0.11995545848409161,1,0.000244140625,4096
97401,104.0721337501891,129085950950,7.441778578000149,240110,7.32757568359375,0.1142028944063993,1,0.000244140625,4096
97501,104.17827354115434,129217296513,7.454364448321988,240410,7.33673095703125,0.11763349129073841,1,0.000244140625,4096
97601,104.27986970799975,129346812813,7.467152755353738,240820,7.3492431640625,0.11790959129123824,1,0.000244140625,4096
97701,104.38738925009966,129479788211,7.467819200147466,240614,7.34295654296875,0.12486265717871614,1,0.000244140625,4096
97801,104.49057070817798,129611231473,7.46055515760085,240194,7.33013916015625,0.13041599744459997,1,0.000244140625,4096
97901,104.59540266613476,129740429182,7.471910750256566,240935,7.352752685546875,0.11915806470969059,1,0.000244140625,4096
98001,104.69869804102927,129868872981,7.474387518594792,241595,7.372894287109375,0.10149323148541711,1,0.000244140625,4096
98101,104.7999950000085,129996524891,7.469347336984006,241528,7.370849609375,0.09849772760900599,1,0.000244140625,4096
98201,104.90269233309664,130125800271,7.464232556005838,241390,7.36663818359375,0.0975943724120878,1,0.000244140625,4096
98301,105.00468754116446,130255063882,7.476688242511544,242167,7.390350341796875,0.0863379007146694,1,0.000244140625,4096
98401,105.10799754108302,130381932276,7.489375465275326,242289,7.394073486328125,0.09530197894720072,1,0.000244140625,4096
98501,105.20785216614604,130508491290,7.497050377395169,242796,7.4095458984375,0.08750447895766911,1,0.000244140625,4096
98601,105.30961150000803,130632750592,7.507231832862823,242996,7.4156494140625,0.09158241880032314,1,0.000244140625,4096
98701,105.41170691605657,130756968545,7.511360603392763,242536,7.401611328125,0.10974927526776312,1,0.000244140625,4096
98801,105.51443841611035,130886807453,7.5146789553101625,242156,7.3900146484375,0.1246643068726625,1,0.000244140625,4096
98901,105.61624837503769,131013162275,7.521779518228959,242346,7.39581298828125,0.12596652994770885,1,0.000244140625,4096
99001,105.7184099580627,131142096303,7.520186254316473,241295,7.363739013671875,0.15644724064459758,1,0.000244140625,4096
99101,105.81974650011398,131268194213,7.5273447545744885,241190,7.36053466796875,0.16681008660573848,1,0.000244140625,4096
99201,105.92122937506065,131394104262,7.5099099247807475,241324,7.3646240234375,0.14528590134324748,1,0.000244140625,4096
99301,106.02684337506071,131525402630,7.500701715557703,240729,7.346466064453125,0.15423565110457815,1,0.000244140625,4096
99401,106.12995137507096,131660577048,7.502308732824147,241378,7.36627197265625,0.13603676016789734,1,0.000244140625,4096
99501,106.23501362511888,131795233126,7.494561482321288,241641,7.374298095703125,0.12026338661816283,1,0.000244140625,4096
99601,106.34192375000566,131925945774,7.491258930098493,241476,7.3692626953125,0.12199623478599264,1,0.000244140625,4096
99701,106.44466154114343,132055051535,7.493232613420916,241196,7.3607177734375,0.13251483998341573,1,0.000244140625,4096
99801,106.54720179107971,132184310797,7.481799631772507,240870,7.35076904296875,0.13103058880375684,1,0.000244140625,4096
99901,106.65113304113038,132313323397,7.477454097331437,241036,7.3558349609375,0.12161913639393696,1,0.000244140625,4096
100000,106.75397937512025,132445833578,7.490541065494292,241276,7.3631591796875,0.1273818858067921,1,0.000244140625,4096
