epoch,elapsed_seconds,character_reads,byte_entropy,brotli_size,compressed_bpb,high_order_entropy,dominant_tape_count,dominant_tape_fraction,distinct_tapes
1,2.7884545419365168,1373332,7.999235809534189,262160,8.00048828125,-0.0012524717158113319,1,0.000244140625,4096
101,2.886763208080083,121691958,7.997430401155703,258947,7.902435302734375,0.09499509842132792,1,0.000244140625,4096
201,2.9833443330135196,238004306,7.995597398285293,257135,7.847137451171875,0.1484599471134178,1,0.000244140625,4096
301,3.0801080828532577,350415056,7.9920796099379725,255547,7.798675537109375,0.1934040728285975,1,0.000244140625,4096
401,3.175920458044857,463302957,7.989441705616811,255107,7.785247802734375,0.20419390288243644,1,0.000244140625,4096
501,3.269689125008881,575747931,7.982777961627172,252379,7.701995849609375,0.2807821120177971,1,0.000244140625,4096
601,3.3614877918735147,686037970,7.97421735740247,250188,7.6351318359375,0.33908552146496973,1,0.000244140625,4096
701,3.456920666852966,800608298,7.9627005281515855,248922,7.59649658203125,0.36620394612033547,1,0.000244140625,4096
801,3.5534691668581218,913361840,7.954479658611526,249225,7.605743408203125,0.3487362504084013,1,0.000244140625,4096
901,3.647213292075321,1023964555,7.945662497645253,249752,7.621826171875,0.32383632577025256,1,0.000244140625,4096
1001,3.7383122919127345,1134198887,7.932058257548887,249339,7.609222412109375,0.3228358454395117,1,0.000244140625,4096
1101,3.8324754170607775,1245693689,7.918060439525348,249085,7.601470947265625,0.3165894922597232,1,0.000244140625,4096
1201,3.9255157080478966,1355815516,7.90733771864379,249045,7.600250244140625,0.30708747450316487,1,0.000244140625,4096
1301,4.019901874940842,1463893271,7.884565757794021,247865,7.564239501953125,0.3203262558408957,1,0.000244140625,4096
1401,4.1157031250186265,1576081591,7.869798898111812,247301,7.547027587890625,0.3227713102211869,1,0.000244140625,4096
1501,4.209545082878321,1693158620,7.849219315146268,245450,7.49053955078125,0.3586797643650179,1,0.000244140625,4096
1601,4.3035650830715895,1808802624,7.828607709331802,244954,7.47540283203125,0.35320487730055206,2,0.00048828125,4095
1701,4.400389417074621,1926118933,7.810555940236726,245672,7.497314453125,0.3132414871117257,1,0.000244140625,4096
1801,4.500359416939318,2044672149,7.791397745482758,245349,7.487457275390625,0.3039404700921331,1,0.000244140625,4096
1901,4.598033041926101,2167745301,7.769762788441867,244978,7.47613525390625,0.2936275345356174,1,0.000244140625,4096
2001,4.697958417003974,2296934119,7.747425816389168,245058,7.47857666015625,0.2688491562329176,1,0.000244140625,4096
2101,4.800357667030767,2435469624,7.730878777029684,244567,7.463592529296875,0.26728624773280885,2,0.00048828125,4095
2201,4.9045825828798115,2578200070,7.713698952358423,243930,7.44415283203125,0.2695461203271732,1,0.000244140625,4096
2301,5.010091791860759,2721000442,7.705160819890727,243712,7.4375,0.2676608198907271,1,0.000244140625,4096
2401,5.11425029207021,2866078736,7.696003351213907,243905,7.443389892578125,0.252613458635782,1,0.000244140625,4096
2501,5.220355666941032,3011704559,7.693328639804124,244155,7.451019287109375,0.24230935269474863,1,0.000244140625,4096
2601,5.326811916893348,3156854787,7.685132614398446,244247,7.453826904296875,0.2313057101015712,1,0.000244140625,4096
2701,5.430660791927949,3301736325,7.682222685774712,244801,7.470733642578125,0.211489043196587,1,0.000244140625,4096
2801,5.538483957992867,3449321153,7.67308939690831,244985,7.476348876953125,0.19674051995518482,1,0.000244140625,4096
2901,5.644517249893397,3597324307,7.671260617608216,245347,7.487396240234375,0.18386437737384131,1,0.000244140625,4096
3001,5.749910125043243,3738419343,7.667837125768766,245664,7.4970703125,0.17076681326876564,1,0.000244140625,4096
3101,5.854779249988496,3873724827,7.652981456233986,246069,7.509429931640625,0.14355152459336118,1,0.000244140625,4096
3201,5.954841624945402,4007000877,7.655000030996778,246679,7.528045654296875,0.12695437669990284,1,0.000244140625,4096
3301,6.057250666897744,4136897273,7.661890621089814,247287,7.546600341796875,0.11529027929293889,1,0.000244140625,4096
3401,6.164452707860619,4273814530,7.664097223659304,247029,7.538726806640625,0.12537041701867935,1,0.000244140625,4096
3501,6.2708188749384135,4415565141,7.66738253501837,247834,7.56329345703125,0.10408907798711997,1,0.000244140625,4096
3601,6.375385291874409,4556494257,7.652969772681598,247513,7.553497314453125,0.09947245822847339,1,0.000244140625,4096
3701,6.4795695000793785,4697812178,7.6572325309565805,247553,7.554718017578125,0.10251451337845552,1,0.000244140625,4096
3801,6.58627533307299,4838500810,7.652648565153067,247445,7.551422119140625,0.10122644601244168,1,0.000244140625,4096
3901,6.691686667036265,4978153500,7.6472274839523955,247146,7.54229736328125,0.10493012067114549,1,0.000244140625,4096
4001,6.7945906249806285,5114571494,7.639765206442105,247501,7.553131103515625,0.08663410292647988,1,0.000244140625,4096
4101,6.898772957967594,5246558307,7.633409837234552,247911,7.565643310546875,0.06776652668767724,1,0.000244140625,4096
4201,7.003145541995764,5376675543,7.631054569800913,247945,7.566680908203125,0.0643736615977879,1,0.000244140625,4096
4301,7.105840707896277,5506390197,7.624384976687184,247704,7.559326171875,0.06505880481218362,1,0.000244140625,4096
4401,7.210807458031923,5636771265,7.62789020567801,248045,7.569732666015625,0.05815753966238457,1,0.000244140625,4096
4501,7.3160914580803365,5767001417,7.634918791219809,247627,7.556976318359375,0.07794247286043365,1,0.000244140625,4096
4601,7.417251582955942,5895854885,7.642984707404393,248013,7.568756103515625,0.07422860388876806,1,0.000244140625,4096
4701,7.517582499887794,6025887038,7.649955431685582,248375,7.579803466796875,0.07015196488870679,1,0.000244140625,4096
4801,7.623281833017245,6154380715,7.632436303097562,247680,7.55859375,0.07384255309756238,1,0.000244140625,4096
4901,7.726589416852221,6283328595,7.636731220048315,248012,7.5687255859375,0.06800563411081484,1,0.000244140625,4096
5001,7.828242624877021,6417676545,7.633157134652745,247532,7.5540771484375,0.0790799862152447,1,0.000244140625,4096
5101,7.934711500070989,6556355225,7.6281698504978905,247830,7.56317138671875,0.06499846377914054,1,0.000244140625,4096
5201,8.040632999967784,6693427970,7.630660371160642,248120,7.572021484375,0.05863888678564244,1,0.000244140625,4096
5301,8.148209749953821,6829237484,7.626429015215412,248224,7.5751953125,0.051233702715411944,1,0.000244140625,4096
5401,8.253840958001092,6963721013,7.603455669792106,247283,7.546478271484375,0.05697739830773063,1,0.000244140625,4096
5501,8.35804137494415,7096882295,7.580304456205109,246237,7.514556884765625,0.06574757143948418,1,0.000244140625,4096
5601,8.463038542075083,7227999599,7.574621892960568,246101,7.510406494140625,0.0642153988199432,1,0.000244140625,4096
5701,8.56641516694799,7359898904,7.583431399356659,246422,7.52020263671875,0.06322876263790889,1,0.000244140625,4096
5801,8.670025957981125,7490875656,7.581911339901932,246228,7.5142822265625,0.06762911333943222,1,0.000244140625,4096
5901,8.77645720797591,7623668391,7.5785522640867455,245996,7.5072021484375,0.07135011564924554,1,0.000244140625,4096
6001,8.882613207912073,7757904264,7.580940877455474,245886,7.50384521484375,0.07709566261172363,1,0.000244140625,4096
6101,8.987295374972746,7891670176,7.5814247079023005,246101,7.510406494140625,0.0710182137616755,1,0.000244140625,4096
6201,9.093962375074625,8031577577,7.583317261692361,246145,7.511749267578125,0.0715679941142362,1,0.000244140625,4096
6301,9.19934954191558,8169006454,7.591181637060501,246484,7.5220947265625,0.06908691049800098,1,0.000244140625,4096
6401,9.305176416877657,8302423245,7.594895504969458,246841,7.532989501953125,0.06190600301633342,1,0.000244140625,4096
6501,9.409339000005275,8431384121,7.60573620906077,246948,7.5362548828125,0.06948132624826986,1,0.000244140625,4096
6601,9.513456374872476,8558946018,7.6012859428817,246584,7.525146484375,0.07613945850669968,1,0.000244140625,4096
6701,9.61740329186432,8689731416,7.568331654388901,245772,7.5003662109375,0.06796544345140099,1,0.000244140625,4096
6801,9.721223708009347,8822810476,7.570858611362298,245555,7.493743896484375,0.07711471487792299,1,0.000244140625,4096
6901,9.825479333056137,8957174599,7.550499054177531,245107,7.480072021484375,0.0704270326931562,1,0.000244140625,4096
7001,9.928809166885912,9089023879,7.540697890621803,244720,7.46826171875,0.07243617187180273,1,0.000244140625,4096
7101,10.033203749917448,9221035981,7.538495765209917,245193,7.482696533203125,0.05579923200679193,1,0.000244140625,4096
7201,10.136152042075992,9348982741,7.538761291718556,245467,7.491058349609375,0.047702942109181024,1,0.000244140625,4096
7301,10.238958375062793,9471827314,7.537103121985736,244848,7.47216796875,0.06493515323573629,1,0.000244140625,4096
7401,10.341840541921556,9598680921,7.522324549977421,244687,7.467254638671875,0.05506991130554617,1,0.000244140625,4096
7501,10.44698420795612,9727316560,7.509278548718612,244285,7.454986572265625,0.054291976452987,1,0.000244140625,4096
7601,10.550286832964048,9856431588,7.498992934672242,244039,7.447479248046875,0.05151368662536715,1,0.000244140625,4096
7701,10.653187166899443,9983103711,7.497503713227079,243608,7.434326171875,0.0631775413520792,1,0.000244140625,4096
7801,10.753178667044267,10107908410,7.506522357343415,243634,7.43511962890625,0.07140272843716478,1,0.000244140625,4096
7901,10.858846500050277,10233526428,7.508502948907179,243887,7.442840576171875,0.06566237273530362,1,0.000244140625,4096
8001,10.963265416910872,10362182826,7.522597089687885,244443,7.459808349609375,0.06278874007850987,1,0.000244140625,4096
8101,11.067628707969561,10499105480,7.503487703724953,243432,7.428955078125,0.07453262559995277,1,0.000244140625,4096
8201,11.173857500078157,10633796815,7.49857225343812,243181,7.421295166015625,0.07727708742249462,1,0.000244140625,4096
8301,11.279495167080313,10771108600,7.502936413592693,242599,7.403533935546875,0.09940247804581759,1,0.000244140625,4096
8401,11.386048124870285,10912695437,7.49907647405634,242850,7.41119384765625,0.08788262640008959,1,0.000244140625,4096
8501,11.492051374865696,11051316305,7.500437135202147,242826,7.41046142578125,0.08997570942089705,1,0.000244140625,4096
8601,11.601650167023763,11195709260,7.506935478703835,242441,7.398712158203125,0.10822332050071015,1,0.000244140625,4096
8701,11.708855042001233,11338065385,7.506171243715002,242054,7.38690185546875,0.1192693882462521,1,0.000244140625,4096
8801,11.815271208062768,11479689008,7.525282955571706,242328,7.395263671875,0.130019283696706,1,0.000244140625,4096
8901,11.922273542033508,11625048033,7.51998501869182,242395,7.397308349609375,0.12267666908244479,1,0.000244140625,4096
9001,12.031373499892652,11773224071,7.5150907586093325,242000,7.38525390625,0.1298368523593325,1,0.000244140625,4096
9101,12.138003916945308,11923705684,7.505363902792682,241170,7.35992431640625,0.1454395863864324,1,0.000244140625,4096
9201,12.24647712497972,12072393824,7.499170018845453,240482,7.33892822265625,0.16024179618920265,1,0.000244140625,4096
9301,12.354041625047103,12217752613,7.498636215984239,240944,7.35302734375,0.1456088722342388,1,0.000244140625,4096
9401,12.461466667009518,12362746679,7.486224490310356,238351,7.273895263671875,0.21232922663848086,1,0.000244140625,4096
9501,12.566904791863635,12506143217,7.4685905873021445,237045,7.234039306640625,0.23455128066151953,1,0.000244140625,4096
9601,12.673397917067632,12647987344,7.466557342778844,236365,7.213287353515625,0.2532699892632193,1,0.000244140625,4096
9701,12.781322208000347,12790994702,7.473634200289766,238138,7.26739501953125,0.20623918075851577,1,0.000244140625,4096
9801,12.886949207866564,12929001734,7.47253450996962,239185,7.299346923828125,0.17318758614149488,1,0.000244140625,4096
9901,12.992411166895181,13065749510,7.465132613447964,239603,7.312103271484375,0.15302934196358908,1,0.000244140625,4096
10001,13.100455333013088,13212831483,7.451198310636997,239511,7.309295654296875,0.14190265634012178,1,0.000244140625,4096
10101,13.207883124938235,13366523339,7.452632064915707,239276,7.3021240234375,0.15050804147820696,1,0.000244140625,4096
10201,13.317539833020419,13521404525,7.454327559897741,239797,7.318023681640625,0.13630387825711576,1,0.000244140625,4096
10301,13.427292957901955,13678384631,7.464969066282528,240133,7.328277587890625,0.13669147839190288,1,0.000244140625,4096
10401,13.53839166695252,13836552594,7.475948109878239,240428,7.3372802734375,0.13866783644073877,1,0.000244140625,4096
10501,13.649065583012998,13996695235,7.465471855017302,240530,7.34039306640625,0.12507878861105226,1,0.000244140625,4096
10601,13.76109587494284,14153760235,7.4494043037452995,240338,7.33453369140625,0.1148706123390495,1,0.000244140625,4096
10701,13.87067437497899,14303998646,7.450023293157518,240961,7.353546142578125,0.09647715057939266,1,0.000244140625,4096
10801,13.974845791934058,14450325567,7.456776535565844,241287,7.363494873046875,0.09328166251896874,1,0.000244140625,4096
10901,14.08051300002262,14594238740,7.46324208431685,241636,7.3741455078125,0.08909657650434966,1,0.000244140625,4096
11001,14.18900916702114,14735228837,7.469269918485015,241622,7.37371826171875,0.09555165676626487,1,0.000244140625,4096
11101,14.295354374917224,14875662386,7.468721608792551,241155,7.359466552734375,0.10925505605817598,1,0.000244140625,4096
11201,14.402492832858115,15016875818,7.463410523916391,241115,7.358245849609375,0.10516467430701582,1,0.000244140625,4096
11301,14.510383374989033,15154217953,7.466995006637862,240832,7.349609375,0.11738563163786164,1,0.000244140625,4096
11401,14.614952208008617,15295721735,7.462273410568818,240190,7.33001708984375,0.13225632072506777,1,0.000244140625,4096
11501,14.724414666881785,15445417084,7.466698719647855,240150,7.32879638671875,0.13790233292910514,1,0.000244140625,4096
11601,14.835757124936208,15598508357,7.465720803345707,240038,7.32537841796875,0.14034238537695742,1,0.000244140625,4096
11701,14.944325417047366,15750534849,7.473281651517992,240736,7.3466796875,0.12660196401799162,1,0.000244140625,4096
11801,15.052075041923672,15904127076,7.4727151935141345,240676,7.3448486328125,0.1278665607016345,1,0.000244140625,4096
11901,15.161701124859974,16056691687,7.475345048923402,241153,7.359405517578125,0.11593953134527712,1,0.000244140625,4096
12001,15.270476666977629,16205076924,7.474961261431508,240674,7.34478759765625,0.13017366377525796,1,0.000244140625,4096
12101,15.379698749864474,16351638916,7.473856777269983,240439,7.337615966796875,0.1362408104731081,1,0.000244140625,4096
12201,15.488247124943882,16500388604,7.494812972336177,240899,7.351654052734375,0.14315891960180238,1,0.000244140625,4096
12301,15.596667957957834,16651165523,7.496911340704356,240522,7.34014892578125,0.15676241492310616,1,0.000244140625,4096
12401,15.703618583036587,16797597778,7.495367605382368,240252,7.3319091796875,0.16345842569486813,1,0.000244140625,4096
12501,15.808821917045861,16942419744,7.497389777794533,240452,7.3380126953125,0.15937708248203286,1,0.000244140625,4096
12601,15.917308582924306,17087178974,7.486873185822877,240181,7.329742431640625,0.1571307541822522,1,0.000244140625,4096
12701,16.026054041925818,17231370792,7.493565854759099,240513,7.339874267578125,0.1536915871809743,1,0.000244140625,4096
12801,16.13317233300768,17369258168,7.503889382940521,240617,7.343048095703125,0.1608412872373961,1,0.000244140625,4096
12901,16.239162374986336,17507106877,7.494103940064157,240842,7.34991455078125,0.14418938928290714,1,0.000244140625,4096
13001,16.345917250029743,17648732649,7.4988079153311675,241152,7.359375,0.13943291533116753,1,0.000244140625,4096
13101,16.450912332860753,17784227031,7.49950493865774,241022,7.35540771484375,0.14409722381398993,1,0.000244140625,4096
13201,16.55441795801744,17914746489,7.50947487618655,241870,7.38128662109375,0.12818825509279996,1,0.000244140625,4096
13301,16.657459333073348,18044710506,7.511362634707867,242467,7.399505615234375,0.1118570194734918,1,0.000244140625,4096
13401,16.76166812493466,18176343393,7.506626340161923,242444,7.3988037109375,0.10782262922442332,2,0.00048828125,4095
13501,16.865347207989544,18306222774,7.497851663456678,242234,7.39239501953125,0.10545664392542786,1,0.000244140625,4096
13601,16.967217332916334,18433529871,7.498052897264617,242755,7.408294677734375,0.08975821953024177,1,0.000244140625,4096
13701,17.07149920798838,18561758228,7.501756524618985,243141,7.420074462890625,0.08168206172836001,1,0.000244140625,4096
13801,17.174664417048916,18691413783,7.498725739279906,243142,7.42010498046875,0.07862075881115604,1,0.000244140625,4096
13901,17.280316750053316,18828821656,7.508049732581804,243417,7.428497314453125,0.07955241812867886,1,0.000244140625,4096
14001,17.383680958068,18963044701,7.507667492521085,243436,7.4290771484375,0.0785903440835849,1,0.000244140625,4096
14101,17.491295541869476,19096558500,7.500995456633291,242791,7.409393310546875,0.09160214608641581,1,0.000244140625,4096
14201,17.59672383288853,19229863684,7.496358719161043,242834,7.41070556640625,0.08565315275479257,1,0.000244140625,4096
14301,17.700902374926955,19362640880,7.476672643622336,241830,7.38006591796875,0.09660672565358563,1,0.000244140625,4096
14401,17.8048562919721,19493279965,7.46905721461648,241127,7.358612060546875,0.11044515406960542,1,0.000244140625,4096
14501,17.907050458015874,19624706235,7.45814428191991,240762,7.34747314453125,0.11067113738866041,1,0.000244140625,4096
14601,18.009133083047345,19758592671,7.454900273111068,240238,7.33148193359375,0.12341833951731829,1,0.000244140625,4096
14701,18.113673208048567,19894770636,7.436028285600399,239493,7.308746337890625,0.12728194770977375,1,0.000244140625,4096
14801,18.217350707855076,20028003144,7.439389652076382,239636,7.3131103515625,0.1262793005138816,1,0.000244140625,4096
14901,18.32191887497902,20158950837,7.446306524002085,239936,7.322265625,0.12404089900208515,1,0.000244140625,4096
15001,18.426736957859248,20289658914,7.440250266475699,239994,7.32403564453125,0.11621462194444909,1,0.000244140625,4096
15101,18.529459666926414,20419439085,7.446711325173744,240513,7.339874267578125,0.10683705759561857,1,0.000244140625,4096
15201,18.631175375077873,20549542817,7.458873811732119,240741,7.346832275390625,0.11204153634149439,1,0.000244140625,4096
15301,18.73573795799166,20682214187,7.459021189440794,240693,7.345367431640625,0.11365375780016862,1,0.000244140625,4096
15401,18.84400820801966,20818436672,7.475297623800316,242197,7.391265869140625,0.0840317546596907,1,0.000244140625,4096
15501,18.951544124865904,20955368864,7.481362914697791,242672,7.40576171875,0.07560119594779113,1,0.000244140625,4096
15601,19.058750957949087,21090101602,7.481694101174899,242323,7.395111083984375,0.08658301719052375,1,0.000244140625,4096
15701,19.163742708042264,21225839988,7.497721011210749,242620,7.4041748046875,0.09354620652324908,1,0.000244140625,4096
15801,19.265842166962102,21361921375,7.502260175401726,242660,7.4053955078125,0.09686466758922574,1,0.000244140625,4096
15901,19.370180333033204,21495196518,7.52689682221865,243093,7.418609619140625,0.10828720307802531,1,0.000244140625,4096
16001,19.47421041689813,21627940888,7.535457338783904,243854,7.44183349609375,0.09362384269015411,1,0.000244140625,4096
16101,19.577519417041913,21760145354,7.543757201652833,244183,7.451873779296875,0.09188342235595837,1,0.000244140625,4096
16201,19.680775332963094,21891984088,7.551155875071515,243400,7.427978515625,0.12317735944651531,1,0.000244140625,4096
16301,19.78445320785977,22024130154,7.54243661961492,243308,7.4251708984375,0.11726572117741973,1,0.000244140625,4096
16401,19.889527624938637,22156497614,7.542017529693462,243734,7.43817138671875,0.10384614297471195,1,0.000244140625,4096
16501,19.994110875064507,22286332235,7.537178612759066,243585,7.433624267578125,0.10355434518094064,1,0.000244140625,4096
16601,20.096851292066276,22411011564,7.529573163696147,243522,7.43170166015625,0.09787150353989738,1,0.000244140625,4096
16701,20.19690395798534,22532796221,7.527731347549219,242872,7.411865234375,0.11586611317421891,1,0.000244140625,4096
16801,20.298683624947444,22659478795,7.504285583491436,241999,7.385223388671875,0.11906219481956093,1,0.000244140625,4096
16901,20.397913249908015,22784626623,7.523486579531282,242167,7.390350341796875,0.13313623773440675,1,0.000244140625,4096
17001,20.500171917025,22907496731,7.525555731372034,242246,7.39276123046875,0.13279450090328382,1,0.000244140625,4096
17101,20.60408641700633,23036569870,7.528515414061081,242150,7.38983154296875,0.13868387109233105,1,0.000244140625,4096
17201,20.708369208034128,23166928691,7.520552333863256,242098,7.38824462890625,0.1323077049570056,1,0.000244140625,4096
17301,20.8133674999699,23300670407,7.523127763537978,241222,7.36151123046875,0.1616165330692283,1,0.000244140625,4096
17401,20.91940391692333,23440510739,7.519228525755841,240732,7.3465576171875,0.17267090856834066,1,0.000244140625,4096
17501,21.025524749886245,23583818430,7.496692043144657,239020,7.2943115234375,0.2023805197071571,1,0.000244140625,4096
17601,21.12975070788525,23723647581,7.488928411385204,238501,7.278472900390625,0.2104555109945787,1,0.000244140625,4096
17701,21.237819666974247,23865372384,7.498555392122961,239072,7.2958984375,0.2026569546229613,1,0.000244140625,4096
17801,21.345639291917905,24007417451,7.499474075209499,239574,7.31121826171875,0.18825581349074927,1,0.000244140625,4096
17901,21.451086916960776,24148522630,7.509226098391666,240425,7.337188720703125,0.17203737768854133,1,0.000244140625,4096
18001,21.556571542052552,24289088154,7.515629316230822,241455,7.368621826171875,0.14700749005894664,1,0.000244140625,4096
18101,21.660742207895964,24429572223,7.508393856234614,241650,7.37457275390625,0.13382110232836375,1,0.000244140625,4096
18201,21.765867999987677,24563574593,7.506842526303364,241039,7.355926513671875,0.15091601263148924,1,0.000244140625,4096
18301,21.870027541881427,24703495816,7.499818621871459,240195,7.330169677734375,0.16964894413708365,1,0.000244140625,4096
18401,21.97738724993542,24851000554,7.477320004594539,239933,7.322174072265625,0.15514593232891372,1,0.000244140625,4096
18501,22.084366041934118,25001528569,7.470148345260961,240136,7.328369140625,0.14177920463596116,1,0.000244140625,4096
18601,22.192330207908526,25155205536,7.459736339185937,239947,7.322601318359375,0.1371350208265616,1,0.000244140625,4096
18701,22.303506291937083,25311575181,7.445724633948121,239521,7.309600830078125,0.1361238038699959,1,0.000244140625,4096
18801,22.416076417081058,25471925626,7.440494457488274,238988,7.2933349609375,0.1471594965507741,1,0.000244140625,4096
18901,22.525303500005975,25629576709,7.4514068819226615,239203,7.299896240234375,0.15151064168828654,1,0.000244140625,4096
19001,22.636556749930605,25794082701,7.4519070637270435,239267,7.301849365234375,0.15005769849266848,1,0.000244140625,4096
19101,22.74955620802939,25958950058,7.469531147487556,239731,7.316009521484375,0.1535216260031813,1,0.000244140625,4096
19201,22.86063520796597,26123005148,7.457282764218237,239627,7.312835693359375,0.14444707085886233,1,0.000244140625,4096
19301,22.973172958008945,26287249963,7.463085207475655,240077,7.326568603515625,0.13651660396002985,1,0.000244140625,4096
19401,23.087798124877736,26453321406,7.4649780511482415,239957,7.322906494140625,0.14207155700761653,1,0.000244140625,4096
19501,23.201059042010456,26616996860,7.464640299699747,240693,7.345367431640625,0.11927286805912196,1,0.000244140625,4096
19601,23.312511750031263,26780940213,7.475968965813401,241157,7.359527587890625,0.11644137792277576,1,0.000244140625,4096
19701,23.421696666860953,26938813363,7.490589215175218,241330,7.36480712890625,0.12578208626896803,1,0.000244140625,4096
19801,23.533362000016496,27097562194,7.4823911997542965,241147,7.359222412109375,0.12316878764492145,1,0.000244140625,4096
19901,23.64506158302538,27253584237,7.474106802363842,240779,7.347991943359375,0.12611485900446695,1,0.000244140625,4096
20001,23.75574120786041,27408817429,7.500429954712387,241348,7.3653564453125,0.13507350939988694,1,0.000244140625,4096
20101,23.865000708028674,27562108906,7.502402248108937,241333,7.364898681640625,0.13750356646831197,1,0.000244140625,4096
20201,23.971294791903347,27714959292,7.512466491604592,241348,7.3653564453125,0.14711004629209157,1,0.000244140625,4096
20301,24.079951042076573,27865689544,7.512812759317042,241985,7.384796142578125,0.1280166167389174,1,0.000244140625,4096
20401,24.189477666979656,28018327197,7.502928007563199,241550,7.37152099609375,0.13140701146944878,1,0.000244140625,4096
20501,24.300520207965747,28168550233,7.523124321887637,242123,7.389007568359375,0.1341167535282617,1,0.000244140625,4096
20601,24.41041020792909,28316126580,7.526116469993714,242586,7.40313720703125,0.1229792629624642,1,0.000244140625,4096
20701,24.519701541867107,28465908318,7.521940707487784,243014,7.41619873046875,0.10574197701903376,1,0.000244140625,4096
20801,24.62892400007695,28610879974,7.529139031118094,243270,7.42401123046875,0.10512780064934368,1,0.000244140625,4096
20901,24.737180416937917,28760213296,7.544263696003778,243399,7.427947998046875,0.11631569795690311,1,0.000244140625,4096
21001,24.843479875009507,28904187488,7.538100697592063,243498,7.43096923828125,0.10713145931081325,1,0.000244140625,4096
21101,24.948302957927808,29045595701,7.534910018579245,243147,7.420257568359375,0.1146524502198698,1,0.000244140625,4096
21201,25.05251008295454,29186769886,7.517810161487841,242711,7.406951904296875,0.11085825719096576,1,0.000244140625,4096
21301,25.15843129204586,29325799011,7.5255488231218575,242831,7.410614013671875,0.11493480944998247,1,0.000244140625,4096
21401,25.263515667058527,29467251416,7.525012692927506,242961,7.414581298828125,0.11043139409938085,1,0.000244140625,4096
21501,25.367537749931216,29612152958,7.527386449571385,243475,7.430267333984375,0.09711911558701036,1,0.000244140625,4096
21601,25.47680320800282,29758356270,7.510957441633903,242473,7.399688720703125,0.11126872093077811,2,0.00048828125,4095
21701,25.586493249982595,29901258467,7.498663541212659,242644,7.4049072265625,0.09375631465015921,1,0.000244140625,4096
21801,25.69374474999495,30044885786,7.4919566641672155,242774,7.40887451171875,0.08308215244846551,1,0.000244140625,4096
21901,25.79947045794688,30190038392,7.494603284071982,242842,7.41094970703125,0.08365357704073162,1,0.000244140625,4096
22001,25.90520712500438,30338769671,7.499423049032932,243205,7.422027587890625,0.07739546114230667,1,0.000244140625,4096
22101,26.011776082916185,30485927527,7.506349234696858,243107,7.419036865234375,0.08731236946248266,1,0.000244140625,4096
22201,26.11817583302036,30627801853,7.5131624216498025,243849,7.441680908203125,0.07148151344667752,1,0.000244140625,4096
22301,26.22659399989061,30770287911,7.5139165186853525,243793,7.439971923828125,0.07394459485722749,1,0.000244140625,4096
22401,26.33036220795475,30906718227,7.507747863763769,243466,7.42999267578125,0.07775518798251913,1,0.000244140625,4096
22501,26.434705500025302,31042331100,7.505894058319058,243505,7.431182861328125,0.07471119699093265,1,0.000244140625,4096
22601,26.540218374924734,31176204114,7.506651790436214,243829,7.441070556640625,0.065581233795589,1,0.000244140625,4096
22701,26.644288582960144,31309068846,7.504548742118332,243445,7.429351806640625,0.0751969354777069,1,0.000244140625,4096
22801,26.746680416865274,31436463819,7.521755113565916,243738,7.43829345703125,0.08346165653466642,1,0.000244140625,4096
22901,26.847697125049308,31561311330,7.522696482282485,243609,7.434356689453125,0.08833979282935989,1,0.000244140625,4096
23001,26.947443624958396,31680884186,7.525922798341335,243729,7.438018798828125,0.08790399951320982,2,0.00048828125,4095
23101,27.04710299987346,31803639598,7.517923409480537,243189,7.421539306640625,0.09638410283991217,1,0.000244140625,4096
23201,27.149365707999095,31927430725,7.519316714574367,243023,7.416473388671875,0.10284332590249168,1,0.000244140625,4096
23301,27.251515874871984,32051940854,7.51452377996315,242519,7.401092529296875,0.11343125066627469,1,0.000244140625,4096
23401,27.353945541894063,32175688302,7.509027180579812,241168,7.35986328125,0.1491638993298121,1,0.000244140625,4096
23501,27.45512095792219,32297691258,7.518871406651641,241712,7.37646484375,0.1424065629016411,1,0.000244140625,4096
23601,27.558962249895558,32426830147,7.507208185726293,241022,7.35540771484375,0.15180047088254334,1,0.000244140625,4096
23701,27.661958457902074,32555012828,7.5168453080958555,241517,7.370513916015625,0.1463313920802305,1,0.000244140625,4096
23801,27.762717582983896,32686390530,7.548156158002827,243302,7.42498779296875,0.12316836503407735,1,0.000244140625,4096
23901,27.867730082944036,32817315389,7.550999792297713,243065,7.417755126953125,0.1332446653445878,1,0.000244140625,4096
24001,27.971417624969035,32948194405,7.546979813618237,243068,7.4178466796875,0.1291331339307371,1,0.000244140625,4096
24101,28.075684916926548,33077084069,7.5371562400913374,243144,7.420166015625,0.11699022446633744,1,0.000244140625,4096
24201,28.1808006670326,33204313831,7.545602555574498,243768,7.439208984375,0.1063935711994981,1,0.000244140625,4096
24301,28.28165337489918,33329392959,7.549009431217693,244717,7.468170166015625,0.08083926520206841,1,0.000244140625,4096
24401,28.381436333060265,33451583500,7.553212459007723,245596,7.4949951171875,0.05821734182022276,1,0.000244140625,4096
24501,28.481933041941375,33576502004,7.5522936685426805,245748,7.4996337890625,0.05265987948018047,1,0.000244140625,4096
24601,28.584279499948025,33696493964,7.548935325336503,245699,7.498138427734375,0.0507968976021278,1,0.000244140625,4096
24701,28.682869874872267,33814306961,7.55061624989693,244835,7.471771240234375,0.07884500966255459,1,0.000244140625,4096
24801,28.779268957907334,33928212826,7.5555897246571995,244606,7.46478271484375,0.09080700981344947,1,0.000244140625,4096
24901,28.881822749972343,34047574678,7.568411674836748,245441,7.490264892578125,0.0781467822586226,1,0.000244140625,4096
25001,28.984370999969542,34174483601,7.574193872687866,244918,7.47430419921875,0.09988967346911615,1,0.000244140625,4096
25101,29.089779624948278,34305258046,7.574837571761294,244001,7.446319580078125,0.1285179916831689,1,0.000244140625,4096
25201,29.192427624948323,34433471765,7.5740941017933885,244278,7.45477294921875,0.11932115257463849,1,0.000244140625,4096
25301,29.29575129202567,34559772826,7.574175246737029,244717,7.468170166015625,0.10600508072140435,1,0.000244140625,4096
25401,29.396949500078335,34682715788,7.556926044824631,243703,7.437225341796875,0.11970070302775593,1,0.000244140625,4096
25501,29.49913804186508,34806429244,7.5550933014947255,244209,7.452667236328125,0.10242606516660047,1,0.000244140625,4096
25601,29.600851207971573,34925853117,7.565388942958299,244048,7.44775390625,0.11763503670829856,1,0.000244140625,4096
25701,29.70123116695322,35049235727,7.558189450038867,244242,7.45367431640625,0.10451513363261711,1,0.000244140625,4096
25801,29.80200233287178,35174557608,7.561003616028963,244328,7.456298828125,0.10470478790396331,1,0.000244140625,4096
25901,29.902853207895532,35298492747,7.559802889375317,244253,7.454010009765625,0.10579287960969186,1,0.000244140625,4096
26001,30.00677395798266,35422371675,7.557716178236323,243818,7.44073486328125,0.11698131495507269,1,0.000244140625,4096
26101,30.106452042004094,35549070696,7.5598284009799475,243533,7.432037353515625,0.12779104746432246,1,0.000244140625,4096
26201,30.209249458042905,35672214669,7.554050033500962,243864,7.442138671875,0.11191136162596216,1,0.000244140625,4096
26301,30.31285229185596,35799148184,7.561672765331472,244384,7.4580078125,0.1036649528314717,1,0.000244140625,4096
26401,30.416632124921307,35929961481,7.562053362471459,244309,7.455718994140625,0.10633436833083376,1,0.000244140625,4096
26501,30.51997762499377,36062716816,7.551166230477036,243840,7.44140625,0.10975998047703595,1,0.000244140625,4096
26601,30.6215066248551,36200977020,7.551659338595814,243628,7.4349365234375,0.1167228151583144,1,0.000244140625,4096
26701,30.728716457961127,36342695269,7.54081814272242,243597,7.433990478515625,0.10682766420679535,1,0.000244140625,4096
26801,30.835361208068207,36483848597,7.539736470770227,243767,7.439178466796875,0.1005580039733518,1,0.000244140625,4096
26901,30.941061541903764,36624834895,7.533646924429027,243796,7.4400634765625,0.09358344786652673,1,0.000244140625,4096
27001,31.047898625023663,36763001431,7.529233531732281,243587,7.433685302734375,0.09554822899790594,1,0.000244140625,4096
27101,31.15546724991873,36904043397,7.533476800209502,243096,7.418701171875,0.11477562833450161,1,0.000244140625,4096
27201,31.26090595801361,37045993329,7.5335049144536255,243128,7.419677734375,0.11382718007862547,1,0.000244140625,4096
27301,31.368808083003387,37189588258,7.530981185380791,243268,7.4239501953125,0.10703099006829131,1,0.000244140625,4096
27401,31.476620875066146,37332318610,7.5331519759890275,243128,7.419677734375,0.11347424161402753,1,0.000244140625,4096
27501,31.583022499922663,37475490257,7.551850658202984,243917,7.443756103515625,0.10809455468735862,1,0.000244140625,4096
27601,31.688053082907572,37623250547,7.553575957284208,243649,7.435577392578125,0.11799856470608283,1,0.000244140625,4096
27701,31.794245125027373,37771058836,7.562542787430284,243490,7.43072509765625,0.13181768977403419,1,0.000244140625,4096
27801,31.901880291989073,37916645513,7.56549504815469,242870,7.41180419921875,0.15369084893594032,1,0.000244140625,4096
27901,32.011649957858026,38061898786,7.571462562248719,242659,7.405364990234375,0.16609757201434405,1,0.000244140625,4096
28001,32.117310874862596,38202950446,7.584372146493101,243342,7.42620849609375,0.15816365039935132,1,0.000244140625,4096
28101,32.223665416939184,38341370136,7.586866629564194,243833,7.441192626953125,0.14567400261106922,1,0.000244140625,4096
28201,32.3274884999264,38477136045,7.586804671054178,243908,7.4434814453125,0.14332322574167833,1,0.000244140625,4096
28301,32.43182229204103,38611613715,7.58862905769673,243819,7.440765380859375,0.14786367683735513,1,0.000244140625,4096
28401,32.53146512503736,38745637938,7.580480664085529,243698,7.43707275390625,0.14340791017927934,1,0.000244140625,4096
28501,32.6334497500211,38878541577,7.588545843430598,244194,7.45220947265625,0.13633637077434813,1,0.000244140625,4096
28601,32.7340504580643,39010167187,7.585828691503659,243962,7.44512939453125,0.14069929697240902,1,0.000244140625,4096
28701,32.83720749989152,39138770662,7.593599329309555,244591,7.464324951171875,0.12927437813767995,1,0.000244140625,4096
28801,32.942218124866486,39267454648,7.598310800773284,245706,7.49835205078125,0.0999587499920338,1,0.000244140625,4096
28901,33.046120249899104,39394206146,7.5977293509663015,245655,7.496795654296875,0.10093369666942653,1,0.000244140625,4096
29001,33.148775917012244,39516825627,7.608667431369638,246119,7.510955810546875,0.0977116208227633,1,0.000244140625,4096
29101,33.24903320800513,39637849652,7.611660939198009,246338,7.51763916015625,0.09402177904175879,1,0.000244140625,4096
29201,33.35083720786497,39760201627,7.6027711044566235,246136,7.511474609375,0.09129649508162352,1,0.000244140625,4096
29301,33.452051624888554,39884101064,7.597095136425619,246449,7.521026611328125,0.07606852509749373,1,0.000244140625,4096
29401,33.552231249865144,40009426618,7.595929564699155,246351,7.518035888671875,0.07789367602727992,1,0.000244140625,4096
29501,33.654040958033875,40130583411,7.592456272696559,246119,7.510955810546875,0.08150046214968398,1,0.000244140625,4096
29601,33.75677008298226,40251527383,7.599814088302835,246246,7.51483154296875,0.08498254533408467,1,0.000244140625,4096
29701,33.85540233296342,40375625529,7.5983385106076256,245883,7.503753662109375,0.09458484849825055,1,0.000244140625,4096
29801,33.95691483304836,40504535972,7.59063383252596,245776,7.50048828125,0.09014555127595969,1,0.000244140625,4096
29901,34.06120162503794,40630410599,7.584824311454006,245364,7.4879150390625,0.09690927239150593,1,0.000244140625,4096
30001,34.16521287499927,40758329075,7.573655788493376,244842,7.47198486328125,0.10167092521212595,1,0.000244140625,4096
30101,34.265494332881644,40887107867,7.570304279638249,244743,7.468963623046875,0.1013406565913737,1,0.000244140625,4096
30201,34.36975866695866,41013145517,7.561508241290905,244848,7.47216796875,0.08934027254090537,1,0.000244140625,4096
30301,34.47586908307858,41137061448,7.562586090639394,245121,7.480499267578125,0.08208682306126924,1,0.000244140625,4096
30401,34.57927545788698,41262151012,7.550537792996625,243520,7.431640625,0.11889716799662509,1,0.000244140625,4096
30501,34.67887120787054,41384327491,7.556538679267966,243823,7.440887451171875,0.11565122809609107,1,0.000244140625,4096
30601,34.77924279193394,41505548488,7.552961391507376,243620,7.4346923828125,0.11826900869487567,1,0.000244140625,4096
30701,34.87811395805329,41625505358,7.551567025202318,243652,7.4356689453125,0.11589807988981793,1,0.000244140625,4096
30801,34.979092666879296,41750222925,7.562422906614641,244412,7.4588623046875,0.1035606019271409,1,0.000244140625,4096
30901,35.07737158285454,41874503527,7.557915307759476,244226,7.45318603515625,0.10472927260322606,1,0.000244140625,4096
31001,35.178082457976416,41995577126,7.553557809950506,243682,7.43658447265625,0.1169733372942563,1,0.000244140625,4096
31101,35.28104070806876,42118775699,7.559019929942886,244273,7.454620361328125,0.1043995686147614,1,0.000244140625,4096
31201,35.38456812500954,42244979730,7.574694778128315,244972,7.4759521484375,0.09874262969081471,1,0.000244140625,4096
31301,35.48872924991883,42370839365,7.563113041145992,244514,7.46197509765625,0.10113794348974192,1,0.000244140625,4096
31401,35.59011141699739,42496123296,7.551221057269596,244026,7.44708251953125,0.10413853773834614,1,0.000244140625,4096
31501,35.68972579203546,42619539778,7.552505517713826,244212,7.4527587890625,0.09974672865132561,1,0.000244140625,4096
31601,35.792296750005335,42742692770,7.5621072495626205,244419,7.459075927734375,0.10303132182824548,1,0.000244140625,4096
31701,35.893479499965906,42866995718,7.554304879549411,244461,7.460357666015625,0.09394721353378621,1,0.000244140625,4096
31801,35.9967714168597,42992593027,7.542069208894137,244559,7.463348388671875,0.07872082022226223,1,0.000244140625,4096
31901,36.099370250012726,43116811497,7.538351706788218,244529,7.462432861328125,0.07591884546009275,1,0.000244140625,4096
32001,36.20285658305511,43242859052,7.542877110199933,244971,7.475921630859375,0.06695547934055757,1,0.000244140625,4096
32101,36.30380341690034,43370046064,7.547191232854871,244917,7.474273681640625,0.07291755121424615,1,0.000244140625,4096
32201,36.407318082870916,43497970960,7.540486363807729,244534,7.46258544921875,0.0779009145889793,1,0.000244140625,4096
32301,36.51081066695042,43625141131,7.544000248449902,245036,7.4779052734375,0.06609497501240202,1,0.000244140625,4096
32401,36.61414591688663,43750134792,7.538460046400367,245001,7.476837158203125,0.06162288819724182,1,0.000244140625,4096
32501,36.71631524991244,43877939063,7.5323309947014625,244521,7.462188720703125,0.0701422739983375,1,0.000244140625,4096
32601,36.82068437500857,44006432991,7.5295417261148705,244369,7.457550048828125,0.07199167728674549,1,0.000244140625,4096
32701,36.92250512493774,44131997959,7.508970672944902,243731,7.438079833984375,0.07089083896052717,1,0.000244140625,4096
32801,37.02341329189949,44250373641,7.500128604575444,243338,7.42608642578125,0.07404217879419406,1,0.000244140625,4096
32901,37.12354104197584,44367819141,7.504536828387323,243321,7.425567626953125,0.07896920143419806,1,0.000244140625,4096
33001,37.22327704192139,44484301758,7.490079491747891,242979,7.415130615234375,0.074948876513516,1,0.000244140625,4096
33101,37.324724041856825,44600462406,7.476071372685778,243016,7.416259765625,0.05981160706077837,1,0.000244140625,4096
33201,37.42469274997711,44717205069,7.472550992597368,242731,7.407562255859375,0.06498873673799288,1,0.000244140625,4096
33301,37.52401691698469,44834859873,7.474928087211804,242853,7.411285400390625,0.06364268682117924,1,0.000244140625,4096
33401,37.62757433298975,44953994043,7.470346066953637,242580,7.4029541015625,0.06739196539113657,1,0.000244140625,4096
33501,37.728505624923855,45073021421,7.460171504014855,242696,7.406494140625,0.053677363389854627,1,0.000244140625,4096
33601,37.82942283293232,45193496591,7.457795260930068,242706,7.40679931640625,0.05099594452381773,1,0.000244140625,4096
33701,37.93231333303265,45316250717,7.441931109145073,242222,7.39202880859375,0.04990230055132283,1,0.000244140625,4096
33801,38.03696462488733,45441182314,7.4375753365858195,241984,7.384765625,0.052809711585819485,1,0.000244140625,4096
33901,38.14251079200767,45567104747,7.440732972248807,241679,7.375457763671875,0.06527520857693236,1,0.000244140625,4096
34001,38.2434949579183,45690237335,7.461065070420348,241873,7.381378173828125,0.07968689659222328,1,0.000244140625,4096
34101,38.342978707980365,45810618983,7.45975949078449,241665,7.375030517578125,0.08472897320636541,1,0.000244140625,4096
34201,38.445420125033706,45930592935,7.465431992208947,241411,7.367279052734375,0.09815293947457171,1,0.000244140625,4096
34301,38.545307375025004,46048685220,7.464041342655161,241615,7.373504638671875,0.09053670398328606,1,0.000244140625,4096
34401,38.645198750076815,46166589253,7.45795818996598,241532,7.3709716796875,0.08698651027848037,1,0.000244140625,4096
34501,38.74913625000045,46285371861,7.445991694153117,241091,7.357513427734375,0.08847826641874157,1,0.000244140625,4096
34601,38.851627707947046,46399735788,7.444848775923587,241222,7.36151123046875,0.08333754545483707,1,0.000244140625,4096
34701,38.952845708001405,46517935208,7.44198411235815,241385,7.366485595703125,0.07549851665502505,1,0.000244140625,4096
34801,39.055446832906455,46634670539,7.4387010486204375,240904,7.351806640625,0.08689440799543746,1,0.000244140625,4096
34901,39.15540554188192,46750143758,7.43936354728663,240837,7.349761962890625,0.08960158439600541,1,0.000244140625,4096
35001,39.255503667052835,46865959684,7.4446675949382906,241126,7.35858154296875,0.08608605196954056,1,0.000244140625,4096
35101,39.354671166976914,46982236950,7.453077972165222,241158,7.35955810546875,0.09351986669647161,1,0.000244140625,4096
35201,39.453453541966155,47098091117,7.4623414829941845,240095,7.327117919921875,0.13522356307230954,1,0.000244140625,4096
35301,39.552867207909,47214160678,7.4497657568036555,240015,7.324676513671875,0.1250892431317805,1,0.000244140625,4096
35401,39.65102829202078,47326786593,7.439847158211942,239403,7.305999755859375,0.13384740235256665,1,0.000244140625,4096
35501,39.74739258293994,47437110238,7.450357348741951,240564,7.3414306640625,0.10892668467945121,1,0.000244140625,4096
35601,39.84825904201716,47546233809,7.464480944011443,241112,7.358154296875,0.10632664713644324,1,0.000244140625,4096
35701,39.94405549997464,47653297861,7.468077122542996,241212,7.3612060546875,0.10687106785549627,1,0.000244140625,4096
35801,40.04426816687919,47763900786,7.472954044417453,240897,7.351593017578125,0.12136102683932837,1,0.000244140625,4096
35901,40.143222207902,47875684244,7.47202313889375,241378,7.36627197265625,0.10575116623749992,1,0.000244140625,4096
36001,40.24404341704212,47987832579,7.469676912456633,240874,7.35089111328125,0.11878579917538268,1,0.000244140625,4096
36101,40.34176924987696,48097273476,7.468902199361937,241106,7.35797119140625,0.11093100795568667,1,0.000244140625,4096
36201,40.43742995802313,48208733283,7.4652847815699985,240552,7.341064453125,0.12422032844499853,1,0.000244140625,4096
36301,40.53489466686733,48319816232,7.466056897633981,240598,7.34246826171875,0.12358863591523139,1,0.000244140625,4096
36401,40.63298941706307,48430019906,7.455289626312338,240573,7.341705322265625,0.1135843040467126,1,0.000244140625,4096
36501,40.729774249950424,48537470691,7.472331033544458,241456,7.36865234375,0.10367868979445838,1,0.000244140625,4096
36601,40.825690041994676,48642776078,7.45197491436152,241185,7.360382080078125,0.09159283428339471,1,0.000244140625,4096
36701,40.922654416877776,48748041166,7.4642608119728955,242197,7.391265869140625,0.07299494283227048,1,0.000244140625,4096
36801,41.018203041981906,48852778830,7.477145798075043,242560,7.40234375,0.07480204807504265,1,0.000244140625,4096
36901,41.11475279205479,48956611493,7.477789760093202,242782,7.40911865234375,0.06867110774945218,1,0.000244140625,4096
37001,41.207673999946564,49058204023,7.484304127475154,242904,7.412841796875,0.07146233060015383,1,0.000244140625,4096
37101,41.30295187490992,49156608334,7.502642109145691,243650,7.43560791015625,0.06703419898944141,1,0.000244140625,4096
37201,41.39948474988341,49251916972,7.492192883292308,242923,7.413421630859375,0.07877125243293293,1,0.000244140625,4096
37301,41.49341162503697,49346580633,7.500718953971662,243165,7.420806884765625,0.07991206920603666,1,0.000244140625,4096
37401,41.58877395791933,49444469347,7.514772217756109,243232,7.4228515625,0.09192065525610893,1,0.000244140625,4096
37501,41.68439258285798,49539656061,7.509759842621287,242690,7.40631103515625,0.10344880746503726,1,0.000244140625,4096
37601,41.77688712486997,49631284570,7.510043552757543,243013,7.416168212890625,0.09387533986691832,1,0.000244140625,4096
37701,41.87230929196812,49729181069,7.507677579967332,243248,7.42333984375,0.0843377362173321,1,0.000244140625,4096
37801,41.96715695806779,49830106844,7.509359253691432,243455,7.429656982421875,0.0797022712695572,1,0.000244140625,4096
37901,42.064063458004966,49934513276,7.510754431256997,243265,7.423858642578125,0.08689578867887171,1,0.000244140625,4096
38001,42.16578287491575,50041448086,7.502204095191029,242244,7.3927001953125,0.10950389987852915,1,0.000244140625,4096
38101,42.262817499926314,50148602689,7.492128547984164,241744,7.37744140625,0.11468714173416394,1,0.000244140625,4096
38201,42.36300229188055,50259845237,7.483254622681049,240970,7.35382080078125,0.12943382189979857,1,0.000244140625,4096
38301,42.46179920807481,50373949136,7.478778861766923,240655,7.344207763671875,0.13457109809504786,1,0.000244140625,4096
38401,42.562426208052784,50486127210,7.473770063531228,240794,7.34844970703125,0.1253203564999783,1,0.000244140625,4096
38501,42.66165949986316,50597634251,7.476870060064938,241028,7.3555908203125,0.12127923975243782,1,0.000244140625,4096
38601,42.761729958001524,50707901731,7.485172197900434,241850,7.38067626953125,0.1044959283691842,1,0.000244140625,4096
38701,42.85770649998449,50815412758,7.474350736372772,241638,7.37420654296875,0.10014419340402192,1,0.000244140625,4096
38801,42.95783366705291,50925184376,7.46858063383984,241167,7.359832763671875,0.10874787016796539,1,0.000244140625,4096
38901,43.05432491702959,51035939768,7.4721915424779635,241070,7.35687255859375,0.11531898388421347,1,0.000244140625,4096
39001,43.15230716695078,51148328173,7.470726236156166,241375,7.366180419921875,0.10454581623429071,1,0.000244140625,4096
39101,43.24955033301376,51257804480,7.458861762816063,241100,7.3577880859375,0.10107367687856339,1,0.000244140625,4096
39201,43.34957666695118,51370581663,7.472138568376277,240731,7.346527099609375,0.12561146876690188,1,0.000244140625,4096
39301,43.446987041970715,51479837065,7.471346007989464,240614,7.34295654296875,0.1283894650207138,1,0.000244140625,4096
39401,43.54230874986388,51588286988,7.469649688358707,240446,7.33782958984375,0.13182009851495735,1,0.000244140625,4096
39501,43.64176791696809,51700228068,7.4628564799688615,240667,7.344573974609375,0.11828250535948648,1,0.000244140625,4096
39601,43.73902495787479,51813020025,7.457210713117945,240178,7.32965087890625,0.12755983421169503,1,0.000244140625,4096
39701,43.840257624862716,51925400078,7.463002524667309,240534,7.34051513671875,0.12248738794855907,1,0.000244140625,4096
39801,43.94138791691512,52035323903,7.46418874933332,241619,7.373626708984375,0.09056204034894488,1,0.000244140625,4096
39901,44.03762395796366,52143869574,7.470747224338215,242415,7.397918701171875,0.07282852316633992,1,0.000244140625,4096
40001,44.13286583288573,52251492142,7.4614455800057105,242029,7.386138916015625,0.07530666399008545,1,0.000244140625,4096
40101,44.23570633307099,52360319461,7.47077837619481,242450,7.39898681640625,0.07179155978855967,1,0.000244140625,4096
40201,44.33512608287856,52469644398,7.488481037523876,243088,7.41845703125,0.07002400627387573,1,0.000244140625,4096
40301,44.432840625057,52576022964,7.490498284595343,243183,7.421356201171875,0.06914208342346839,1,0.000244140625,4096
40401,44.530557207996026,52685887627,7.492341691798041,243600,7.43408203125,0.05825966054804077,1,0.000244140625,4096
40501,44.630892917048186,52795472345,7.487592700516517,243250,7.42340087890625,0.06419182161026704,1,0.000244140625,4096
40601,44.728154541924596,52904355553,7.489868788286254,243318,7.42547607421875,0.06439271406750358,1,0.000244140625,4096
40701,44.82316087489016,53014168116,7.494167030668848,243453,7.429595947265625,0.06457108340322293,1,0.000244140625,4096
40801,44.92015808285214,53125337682,7.488733669127388,243183,7.421356201171875,0.06737746795551303,1,0.000244140625,4096
40901,45.021733291912824,53244584521,7.486636977960368,242056,7.386962890625,0.09967408733536764,1,0.000244140625,4096
41001,45.12397204199806,53363812177,7.490453024284604,241785,7.378692626953125,0.11176039733147913,1,0.000244140625,4096
41101,45.22493424988352,53484618720,7.494523983943526,241987,7.384857177734375,0.10966680620915081,1,0.000244140625,4096
41201,45.32619091705419,53613721605,7.499905500179057,242449,7.398956298828125,0.10094920135093233,1,0.000244140625,4096
41301,45.42899504187517,53743416684,7.502313247868471,242780,7.4090576171875,0.09325563068097065,1,0.000244140625,4096
41401,45.531410082941875,53874668567,7.493304458355457,242781,7.409088134765625,0.08421632358983189,1,0.000244140625,4096
41501,45.636873124865815,54009197286,7.499150555466732,242598,7.40350341796875,0.09564713749798237,1,0.000244140625,4096
41601,45.74283570796251,54143689529,7.500393813250391,242338,7.39556884765625,0.10482496559414134,1,0.000244140625,4096
41701,45.845832916907966,54274443806,7.501288129917262,242355,7.396087646484375,0.10520048343288657,1,0.000244140625,4096
41801,45.94872524985112,54404768990,7.496454003973544,241882,7.38165283203125,0.11480117194229411,1,0.000244140625,4096
41901,46.051903707906604,54537382349,7.50297190414707,242676,7.4058837890625,0.09708811508456971,1,0.000244140625,4096
42001,46.15665208292194,54671661118,7.512343197486283,243473,7.430206298828125,0.08213689865815788,1,0.000244140625,4096
42101,46.261030917055905,54809061833,7.513347275616254,243454,7.42962646484375,0.08372081077250382,1,0.000244140625,4096
42201,46.36482933303341,54947619259,7.51004101662328,242574,7.40277099609375,0.10727002052952983,1,0.000244140625,4096
42301,46.47075658291578,55087433296,7.4948474796014395,241083,7.357269287109375,0.1375781924920645,1,0.000244140625,4096
42401,46.57601600000635,55231324247,7.510667922549121,241223,7.361541748046875,0.1491261745022463,1,0.000244140625,4096
42501,46.683998374966905,55379619519,7.511482117848876,240991,7.354461669921875,0.15702044792700143,1,0.000244140625,4096
42601,46.79409870808013,55533166578,7.501067734175658,240907,7.351898193359375,0.14916954081628298,1,0.000244140625,4096
42701,46.90515995793976,55696287956,7.508001345639844,240834,7.34967041015625,0.158330935483594,1,0.000244140625,4096
42801,47.01776491687633,55862576542,7.5202612299306715,241555,7.371673583984375,0.14858764594629648,1,0.000244140625,4096
42901,47.13137291697785,56033013373,7.518433758573532,241180,7.3602294921875,0.1582042663860319,1,0.000244140625,4096
43001,47.24116558302194,56196426863,7.510949291831803,241251,7.362396240234375,0.14855305159742827,1,0.000244140625,4096
43101,47.35298829199746,56358307268,7.510897251209331,241863,7.381072998046875,0.1298242531624556,1,0.000244140625,4096
43201,47.462653749855235,56517410445,7.502859791695315,241199,7.360809326171875,0.14205046552343958,1,0.000244140625,4096
43301,47.57529370789416,56673799082,7.4928177056925485,241468,7.3690185546875,0.12379915100504846,1,0.000244140625,4096
43401,47.686934292083606,56829490464,7.507682321714329,241907,7.382415771484375,0.12526655022995392,1,0.000244140625,4096
43501,47.80142187490128,56987939467,7.514583550642686,242498,7.40045166015625,0.11413189048643613,1,0.000244140625,4096
43601,47.91276704194024,57149445107,7.507601295051295,241898,7.38214111328125,0.1254601817700447,1,0.000244140625,4096
43701,48.02167374989949,57312901179,7.501424276459645,241708,7.3763427734375,0.1250815030221446,1,0.000244140625,4096
43801,48.13554620789364,57472767502,7.5083680163765925,241883,7.381683349609375,0.12668466676721746,1,0.000244140625,4096
43901,48.24471704196185,57630730051,7.506669220068135,241407,7.367156982421875,0.13951223764625986,1,0.000244140625,4096
44001,48.35511254193261,57785944013,7.50115604812825,240813,7.349029541015625,0.15212650711262476,1,0.000244140625,4096
44101,48.467263374943286,57944111743,7.486218704644958,240586,7.34210205078125,0.14411665386370842,1,0.000244140625,4096
44201,48.57976024993695,58100315156,7.480536513055638,240010,7.32452392578125,0.15601258727438783,1,0.000244140625,4096
44301,48.68610620801337,58251320251,7.491807432788255,240572,7.3416748046875,0.15013262810075467,1,0.000244140625,4096
44401,48.79779654205777,58397974883,7.474813791882615,240079,7.326629638671875,0.14818415321073974,1,0.000244140625,4096
44501,48.90481983288191,58543949305,7.480431593245777,241012,7.3551025390625,0.12532905418327722,1,0.000244140625,4096
44601,49.01252604206093,58690548201,7.482124154027655,241790,7.37884521484375,0.1032789391839053,1,0.000244140625,4096
44701,49.12016920791939,58838140713,7.502071157925236,242096,7.38818359375,0.11388756417523638,1,0.000244140625,4096
44801,49.22789908293635,58980847683,7.513918908590984,242376,7.396728515625,0.1171903929659841,1,0.000244140625,4096
44901,49.33438141690567,59119837087,7.521741591501678,242977,7.415069580078125,0.10667201142355331,1,0.000244140625,4096
45001,49.44161070790142,59260825296,7.533621746508817,243668,7.4361572265625,0.09746451994631666,1,0.000244140625,4096
45101,49.54868624988012,59400547571,7.545205261629671,243700,7.4371337890625,0.10807147256717098,1,0.000244140625,4096
45201,49.65157512505539,59536640541,7.535711082016624,243482,7.43048095703125,0.10523012498537376,1,0.000244140625,4096
45301,49.75900158286095,59674797490,7.525704697557324,243154,7.42047119140625,0.10523350615107407,1,0.000244140625,4096
45401,49.865541625069454,59812600586,7.519662015804567,242826,7.41046142578125,0.10920059002331683,1,0.000244140625,4096
45501,49.96930524986237,59951123615,7.532566488531145,242330,7.39532470703125,0.1372417814998954,1,0.000244140625,4096
45601,50.0738977920264,60087575895,7.537537872205691,242683,7.406097412109375,0.13144046009631616,1,0.000244140625,4096
45701,50.17487758304924,60221894071,7.549303708331941,243182,7.42132568359375,0.12797802473819075,1,0.000244140625,4096
45801,50.27849487494677,60353472655,7.555314113248789,243292,7.4246826171875,0.1306314960612891,1,0.000244140625,4096
45901,50.380538458004594,60485674641,7.551113263612328,243211,7.422210693359375,0.12890257025295337,1,0.000244140625,4096
46001,50.48277150001377,60625008943,7.548994674845957,242817,7.410186767578125,0.13880790726783232,1,0.000244140625,4096
46101,50.590648625046015,60769335507,7.547284983941189,242853,7.411285400390625,0.1359995835505643,1,0.000244140625,4096
46201,50.70068687503226,60917468326,7.536697049874468,241626,7.37384033203125,0.1628567178432183,2,0.00048828125,4095
46301,50.81050433288328,61064629985,7.5319048522571785,241636,7.3741455078125,0.15775934444467854,1,0.000244140625,4096
46401,50.91700012492947,61210189828,7.530600205088589,241720,7.376708984375,0.1538912207135894,1,0.000244140625,4096
46501,51.02363145793788,61361963845,7.524455180646673,241621,7.373687744140625,0.1507674365060483,1,0.000244140625,4096
46601,51.13190741697326,61520522313,7.537724970781605,242720,7.4072265625,0.1304984082816052,1,0.000244140625,4096
46701,51.24481787486002,61682311181,7.5477797329495555,242969,7.414825439453125,0.1329542934964305,1,0.000244140625,4096
46801,51.35513658286072,61840644191,7.541741057358491,242923,7.413421630859375,0.12831942649911632,2,0.00048828125,4095
46901,51.46893062489107,62002166113,7.55179767196312,243035,7.416839599609375,0.13495807235374535,1,0.000244140625,4096
47001,51.58058295794763,62164726538,7.559746181174662,243264,7.423828125,0.13591805617466157,1,0.000244140625,4096
47101,51.690750000067055,62329430800,7.556371033676751,243774,7.43939208984375,0.11697894383300067,1,0.000244140625,4096
47201,51.802602333016694,62490359267,7.555221497008116,243738,7.43829345703125,0.11692803997686596,1,0.000244140625,4096
47301,51.91403520805761,62651904538,7.560441543460975,244547,7.462982177734375,0.09745936572659986,1,0.000244140625,4096
47401,52.02693587495014,62816742517,7.55110798120277,244471,7.460662841796875,0.09044513940589471,1,0.000244140625,4096
47501,52.13686062488705,62980746368,7.541903468036095,244350,7.45697021484375,0.0849332531923448,1,0.000244140625,4096
47601,52.25302129192278,63143831177,7.545889482569967,244496,7.46142578125,0.08446370131996694,1,0.000244140625,4096
47701,52.365341832861304,63299317311,7.543292943492642,244621,7.465240478515625,0.07805246497701734,1,0.000244140625,4096
47801,52.47662795800716,63458539080,7.548234086726984,244849,7.472198486328125,0.0760356003988587,1,0.000244140625,4096
47901,52.588415124919266,63617286637,7.5423236202537,244523,7.462249755859375,0.08007386439432462,1,0.000244140625,4096
48001,52.69913899991661,63774027732,7.541063145441914,244600,7.464599609375,0.07646353606691392,1,0.000244140625,4096
48101,52.81111191702075,63933317645,7.530970981028438,244096,7.44921875,0.08175223102843798,1,0.000244140625,4096
48201,52.91930941701867,64091409343,7.527085079631905,244299,7.455413818359375,0.0716712612725301,1,0.000244140625,4096
48301,53.029020874993876,64246202208,7.512802451231073,243073,7.417999267578125,0.09480318365294771,1,0.000244140625,4096
48401,53.138430832885206,64398636985,7.499073064537513,242878,7.41204833984375,0.08702472469376321,1,0.000244140625,4096
48501,53.246579207945615,64552769666,7.505493675514265,242953,7.414337158203125,0.09115651731114038,1,0.000244140625,4096
48601,53.35492699989118,64709010201,7.499637219983553,242658,7.40533447265625,0.09430274732730304,1,0.000244140625,4096
48701,53.46446029189974,64868504170,7.49460124352505,242172,7.3905029296875,0.1040983138375502,1,0.000244140625,4096
48801,53.57689912500791,65033330133,7.489499666758517,241558,7.37176513671875,0.1177345300397672,1,0.000244140625,4096
48901,53.687910582870245,65202804292,7.497531567796854,242578,7.40289306640625,0.09463850139060437,1,0.000244140625,4096
49001,53.8054154580459,65381969008,7.491326551158362,242244,7.3927001953125,0.09862635584586243,1,0.000244140625,4096
49101,53.91892995801754,65554441564,7.494400150620718,242313,7.394805908203125,0.09959424241759329,1,0.000244140625,4096
49201,54.03366700001061,65719774924,7.4973340362653715,242690,7.40631103515625,0.09102300110912154,1,0.000244140625,4096
49301,54.14504845789634,65879021096,7.489669626603691,242848,7.4111328125,0.07853681410369084,1,0.000244140625,4096
49401,54.255164250032976,66038449690,7.479663616928914,242644,7.4049072265625,0.07475639036641368,1,0.000244140625,4096
49501,54.36659716698341,66200645422,7.465976684912921,241981,7.384674072265625,0.08130261264729644,1,0.000244140625,4096
49601,54.479401082964614,66364250709,7.45793119200284,241376,7.3662109375,0.09172025450283972,1,0.000244140625,4096
49701,54.58974004187621,66525371777,7.460066483767291,241793,7.378936767578125,0.08112971618916642,1,0.000244140625,4096
49801,54.700378166977316,66685920779,7.475941000856305,242407,7.397674560546875,0.07826644030942997,1,0.000244140625,4096
49901,54.81464054202661,66852375417,7.466736725789332,241663,7.374969482421875,0.09176724336745679,1,0.000244140625,4096
50001,54.92696454189718,67014022679,7.47314990037102,242173,7.390533447265625,0.08261645310539478,1,0.000244140625,4096
50101,55.036916916957125,67170236479,7.476154385019026,241548,7.3714599609375,0.10469442408152574,1,0.000244140625,4096
50201,55.145262124948204,67328025461,7.47832488598244,241366,7.36590576171875,0.11241912426369005,1,0.000244140625,4096
50301,55.25530637498014,67484277157,7.478633515849049,241280,7.36328125,0.11535226584904912,1,0.000244140625,4096
50401,55.365660457871854,67636184451,7.48212485533624,241544,7.371337890625,0.11078696471123983,1,0.000244140625,4096
50501,55.47668929188512,67785110453,7.480305094567966,241781,7.378570556640625,0.10173453792734133,1,0.000244140625,4096
50601,55.584079124964774,67932395976,7.476454102929663,241782,7.37860107421875,0.09785302871091339,1,0.000244140625,4096
50701,55.69153841701336,68076468803,7.484138684864469,241944,7.383544921875,0.10059376298946887,1,0.000244140625,4096
50801,55.798014333005995,68219346304,7.472149030964949,241667,7.375091552734375,0.09705747823057376,1,0.000244140625,4096
50901,55.907649083063006,68360469824,7.460526864142398,241221,7.361480712890625,0.0990461512517733,1,0.000244140625,4096
51001,56.0150414169766,68501619157,7.457114478408437,240784,7.34814453125,0.10896994715843711,1,0.000244140625,4096
51101,56.118168791988865,68645705114,7.465838208719266,241243,7.362152099609375,0.10368610910989062,1,0.000244140625,4096
51201,56.22549841692671,68792459963,7.468469397193727,241787,7.378753662109375,0.0897157350843516,1,0.000244140625,4096
51301,56.335685207974166,68940790833,7.491876857381101,242524,7.4012451171875,0.09063174019360076,1,0.000244140625,4096
51401,56.44113970804028,69085603618,7.5022661644493756,243212,7.4222412109375,0.08002495351187555,1,0.000244140625,4096
51501,56.546797750052065,69226921028,7.515884716991425,243636,7.4351806640625,0.08070405292892513,1,0.000244140625,4096
51601,56.65227804193273,69364157341,7.53190869835123,244376,7.457763671875,0.07414502647622978,1,0.000244140625,4096
51701,56.75686166691594,69502288354,7.530699709436151,244397,7.458404541015625,0.07229516842052597,1,0.000244140625,4096
51801,56.86660745786503,69641117970,7.524733580705488,243815,7.440643310546875,0.08409027015861259,1,0.000244140625,4096
51901,56.9703981669154,69777793104,7.521014283919178,243890,7.44293212890625,0.07808215501292803,1,0.000244140625,4096
52001,57.076732666930184,69911236891,7.521092092607492,243935,7.444305419921875,0.07678667268561679,1,0.000244140625,4096
52101,57.18199795787223,70046409206,7.535767357918657,244690,7.46734619140625,0.06842116651240726,1,0.000244140625,4096
52201,57.287768207956105,70178647752,7.54195926499389,244472,7.460693359375,0.08126590561889024,1,0.000244140625,4096
52301,57.39221649989486,70313567697,7.545457345555549,244078,7.44866943359375,0.09678791196179937,1,0.000244140625,4096
52401,57.49798549991101,70449114462,7.546203195154005,243232,7.4228515625,0.12335163265400517,1,0.000244140625,4096
52501,57.602152624865994,70579383337,7.546580984961132,243847,7.441619873046875,0.10496111191425683,1,0.000244140625,4096
52601,57.70796983293258,70713608975,7.556619021445512,244006,7.44647216796875,0.11014685347676156,1,0.000244140625,4096
52701,57.81338499998674,70852224651,7.543622874377419,242947,7.414154052734375,0.1294688216430444,1,0.000244140625,4096
52801,57.92023108294234,70989468027,7.528623380809032,242389,7.397125244140625,0.13149813666840693,1,0.000244140625,4096
52901,58.02386087505147,71126887776,7.524580729440535,242345,7.395782470703125,0.1287982587374099,1,0.000244140625,4096
53001,58.127868624869734,71265179985,7.522053455541549,241785,7.378692626953125,0.14336082858842403,1,0.000244140625,4096
53101,58.23197570792399,71405413007,7.528083124467566,242489,7.400177001953125,0.12790612251444067,1,0.000244140625,4096
53201,58.33839604188688,71545305811,7.528376975253384,241965,7.384185791015625,0.14419118423775856,1,0.000244140625,4096
53301,58.441074332920834,71687017700,7.517328570813881,241182,7.36029052734375,0.15703804347013062,1,0.000244140625,4096
53401,58.549152582883835,71827360357,7.515320299391947,240848,7.35009765625,0.1652226431419468,2,0.00048828125,4095
53501,58.65412545786239,71965632132,7.502830546754346,239908,7.3214111328125,0.18141941394184613,1,0.000244140625,4096
53601,58.756872332887724,72101774295,7.510476841559179,241293,7.363677978515625,0.14679886304355438,1,0.000244140625,4096
53701,58.86066829203628,72234513250,7.510090724333095,241283,7.363372802734375,0.14671792159871977,1,0.000244140625,4096
53801,58.96404824987985,72368789808,7.510710915778526,241647,7.374481201171875,0.13622971460665134,1,0.000244140625,4096
53901,59.06878004199825,72505600924,7.517847085006784,241507,7.370208740234375,0.14763834477240856,1,0.000244140625,4096
54001,59.174838416976854,72641948330,7.521703544521247,240797,7.348541259765625,0.17316228475562223,1,0.000244140625,4096
54101,59.27940075006336,72777483178,7.5240536621655485,240853,7.350250244140625,0.1738034180249235,1,0.000244140625,4096
54201,59.385804916964844,72915661880,7.527023018369615,241023,7.355438232421875,0.17158478594773996,1,0.000244140625,4096
54301,59.48940462502651,73059630672,7.521411302200847,241210,7.36114501953125,0.16026628266959708,1,0.000244140625,4096
54401,59.59719574986957,73206885579,7.525336165790392,241195,7.360687255859375,0.16464890993101733,1,0.000244140625,4096
54501,59.705366499954835,73355479764,7.53027586146429,241323,7.364593505859375,0.16568235560491473,1,0.000244140625,4096
54601,59.813221333082765,73512307460,7.515819978112136,240918,7.35223388671875,0.16358609139338576,1,0.000244140625,4096
54701,59.920490958029404,73668340346,7.49932405223405,240609,7.342803955078125,0.15652009715592463,1,0.000244140625,4096
54801,60.029959958046675,73824283405,7.495395691840762,241162,7.35968017578125,0.13571551605951182,1,0.000244140625,4096
54901,60.13986500003375,73980891798,7.503656604349997,240903,7.351776123046875,0.15188048130312204,1,0.000244140625,4096
55001,60.24882216705009,74133698605,7.508242816209844,241948,7.3836669921875,0.1245758240223438,1,0.000244140625,4096
55101,60.35768983303569,74289191944,7.517061333378363,241813,7.379547119140625,0.13751421423773813,1,0.000244140625,4096
55201,60.466278249863535,74446462554,7.5269777552731245,242137,7.389434814453125,0.13754294081999952,1,0.000244140625,4096
55301,60.57981991698034,74603586223,7.521271211436185,242185,7.390899658203125,0.1303715532330596,1,0.000244140625,4096
55401,60.68830445804633,74758612014,7.530392999605898,242267,7.393402099609375,0.13699089999652259,1,0.000244140625,4096
55501,60.796353332931176,74912249792,7.532558558675278,243039,7.416961669921875,0.11559688875340335,1,0.000244140625,4096
55601,60.90484591689892,75064797933,7.542517369754205,243526,7.43182373046875,0.11069363928545517,1,0.000244140625,4096
55701,61.012272582855076,75214250995,7.561397458061525,243846,7.44158935546875,0.11980810259277508,1,0.000244140625,4096
55801,61.12172050005756,75366799749,7.574906856807529,244330,7.45635986328125,0.11854699352627929,1,0.000244140625,4096
55901,61.23051791707985,75521497390,7.578215281435997,244485,7.461090087890625,0.11712519354537232,1,0.000244140625,4096
56001,61.339629916939884,75670271808,7.582388837007273,244221,7.453033447265625,0.12935538974164817,1,0.000244140625,4096
56101,61.44729183288291,75816632049,7.579057606456629,243682,7.43658447265625,0.14247313380037863,1,0.000244140625,4096
56201,61.55523837497458,75964762928,7.561393684309283,243166,7.42083740234375,0.14055628196553283,1,0.000244140625,4096
56301,61.661425499944016,76110824349,7.542208837645714,242466,7.39947509765625,0.14273373998946415,1,0.000244140625,4096
56401,61.76996187493205,76256065154,7.527724875648005,242384,7.39697265625,0.13075221939800485,1,0.000244140625,4096
56501,61.877037042053416,76401763900,7.5288772768159955,242598,7.40350341796875,0.1253738588472455,1,0.000244140625,4096
56601,61.98362841689959,76551641671,7.5265419137120775,242220,7.3919677734375,0.13457414027457748,1,0.000244140625,4096
56701,62.09205566695891,76702511996,7.530286116545616,242043,7.386566162109375,0.14371995443624108,1,0.000244140625,4096
56801,62.20097216707654,76851508398,7.523702995168506,241020,7.3553466796875,0.16835631548100594,1,0.000244140625,4096
56901,62.31098137493245,76999370970,7.502062026375569,241091,7.357513427734375,0.14454859864119385,1,0.000244140625,4096
57001,62.42021695803851,77147366402,7.4975227790350925,241595,7.372894287109375,0.12462849192571746,1,0.000244140625,4096
57101,62.52544941706583,77298208610,7.510322866412028,242482,7.39996337890625,0.11035948750577784,1,0.000244140625,4096
57201,62.63352295802906,77450253059,7.5098396168590895,242519,7.401092529296875,0.10874708756221452,1,0.000244140625,4096
57301,62.74507408286445,77606752509,7.505408298561101,241551,7.371551513671875,0.13385678488922625,1,0.000244140625,4096
57401,62.858465041965246,77771533810,7.502365250142284,241347,7.365325927734375,0.13703932240790895,1,0.000244140625,4096
57501,62.970685167005286,77934562247,7.490280738600048,241300,7.3638916015625,0.12638913703754806,1,0.000244140625,4096
57601,63.081019416917115,78094627722,7.479203718124078,239594,7.31182861328125,0.16737510484282758,1,0.000244140625,4096
57701,63.189572958042845,78247611945,7.491225646307007,240853,7.350250244140625,0.14097540216638205,1,0.000244140625,4096
57801,63.2973011250142,78397211591,7.4946084033136255,240824,7.349365234375,0.14524316893862554,1,0.000244140625,4096
57901,63.404934332938865,78546575041,7.487061859976844,241081,7.357208251953125,0.12985360802371915,1,0.000244140625,4096
58001,63.52020420785993,78697801461,7.462286572490448,240919,7.352264404296875,0.11002216819357269,1,0.000244140625,4096
58101,63.6320340000093,78846835264,7.474547150631983,241334,7.36492919921875,0.10961795141323272,1,0.000244140625,4096
58201,63.74281574995257,78995664826,7.468721434374447,241229,7.361724853515625,0.10699658085882202,1,0.000244140625,4096
58301,63.854668374871835,79144719020,7.476857264259015,241685,7.375640869140625,0.10121639511839042,1,0.000244140625,4096
58401,63.96067966707051,79288327369,7.480616768361703,241776,7.37841796875,0.10219879961170264,1,0.000244140625,4096
58501,64.06695262505673,79426727555,7.471379552599927,241419,7.367523193359375,0.10385635924055237,1,0.000244140625,4096
58601,64.17435695789754,79565083817,7.461503559780001,241593,7.372833251953125,0.08867030782687557,1,0.000244140625,4096
58701,64.27893358306028,79701053381,7.465141401957531,241667,7.375091552734375,0.09004984922315629,1,0.000244140625,4096
58801,64.38808037503622,79835108234,7.469655618025957,242179,7.390716552734375,0.07893906529158201,1,0.000244140625,4096
58901,64.49674420803785,79968827333,7.483705657923924,242698,7.40655517578125,0.07715048214267384,1,0.000244140625,4096
59001,64.60072070802562,80100698485,7.48334575639594,242931,7.413665771484375,0.06967998491156457,1,0.000244140625,4096
59101,64.70395983289927,80235548507,7.484434367567251,242079,7.387664794921875,0.09676957264537567,1,0.000244140625,4096
59201,64.81121625006199,80369625061,7.488962304853688,242399,7.397430419921875,0.09153188493181297,1,0.000244140625,4096
59301,64.91662162495777,80503953658,7.484776822889161,242839,7.410858154296875,0.07391866859228635,1,0.000244140625,4096
59401,65.02290587499738,80640039089,7.478536622311106,242073,7.387481689453125,0.09105493285798083,1,0.000244140625,4096
59501,65.1266653330531,80772459001,7.487060560191566,242035,7.386322021484375,0.10073853870719063,1,0.000244140625,4096
59601,65.22844387497753,80897739412,7.472256840971042,241487,7.369598388671875,0.10265845229916692,1,0.000244140625,4096
59701,65.33004858298227,81019188182,7.476632478652606,242162,7.39019775390625,0.08643472474635594,1,0.000244140625,4096
59801,65.43040758301504,81139643131,7.487171140942406,242060,7.3870849609375,0.10008618000490621,1,0.000244140625,4096
59901,65.53161254199222,81259336877,7.4922248533449505,242631,7.404510498046875,0.08771435529807547,1,0.000244140625,4096
60001,65.63060733303428,81380533114,7.477816758555169,241883,7.381683349609375,0.0961334089457937,1,0.000244140625,4096
60101,65.72894595796242,81495688270,7.490876294478825,242730,7.40753173828125,0.08334455619757541,1,0.000244140625,4096
60201,65.82827625004575,81612627035,7.498003518418662,243040,7.4169921875,0.08101133091866242,1,0.000244140625,4096
60301,65.92867862503044,81732247233,7.5018392550445165,243465,7.429962158203125,0.07187709684139154,1,0.000244140625,4096
60401,66.02774970792234,81854322617,7.505295744988567,243885,7.442779541015625,0.06251620397294211,1,0.000244140625,4096
60501,66.13071695808321,81976136087,7.509989206841364,244018,7.44683837890625,0.06315082793511362,1,0.000244140625,4096
60601,66.23292091698386,82093250014,7.517579247364239,244127,7.450164794921875,0.06741445244236388,1,0.000244140625,4096
60701,66.33352983300574,82210364174,7.5206004217867735,243996,7.4461669921875,0.07443342959927346,1,0.000244140625,4096
60801,66.43315033288673,82323504113,7.512571303707642,243163,7.420745849609375,0.09182545409826659,1,0.000244140625,4096
60901,66.53219800000079,82436634366,7.493262397581203,242242,7.39263916015625,0.10062323742495316,1,0.000244140625,4096
61001,66.62939199991524,82550058267,7.50917636336087,242582,7.40301513671875,0.10616122664212035,1,0.000244140625,4096
61101,66.72883754200302,82666522918,7.502562234095438,242090,7.38800048828125,0.11456174581418832,1,0.000244140625,4096
61201,66.8317372079473,82785609656,7.512010861960945,242710,7.40692138671875,0.10508947524219536,1,0.000244140625,4096
61301,66.93287216685712,82905799088,7.515999954647885,242344,7.395751953125,0.12024800152288506,1,0.000244140625,4096
61401,67.03185966704041,83025210101,7.521565850525185,242453,7.399078369140625,0.12248748138456023,1,0.000244140625,4096
61501,67.13243558304384,83141183242,7.514678158054477,241827,7.379974365234375,0.13470379282010203,1,0.000244140625,4096
61601,67.23201054194942,83256318816,7.509702738369411,240824,7.349365234375,0.16033750399441082,1,0.000244140625,4096
61701,67.33391312486492,83372239264,7.509012152520665,240747,7.347015380859375,0.16199677166128978,1,0.000244140625,4096
61801,67.4351865418721,83489132876,7.506723859073688,240108,7.3275146484375,0.17920921063618778,1,0.000244140625,4096
61901,67.53542679199018,83605941728,7.502739289177586,240378,7.33575439453125,0.16698489464633592,1,0.000244140625,4096
62001,67.63807558291592,83728768256,7.489270180164958,240504,7.339599609375,0.14967057078995794,1,0.000244140625,4096
62101,67.73712758300826,83852394220,7.466865671537141,239536,7.31005859375,0.15680707778714087,1,0.000244140625,4096
62201,67.83957183291204,83975418603,7.476220502908475,239965,7.323150634765625,0.1530698681428504,1,0.000244140625,4096
62301,67.93963083298877,84097156285,7.475351313880933,239075,7.295989990234375,0.17936132364655766,1,0.000244140625,4096
62401,68.04030670807697,84216722555,7.4761740995183,239072,7.2958984375,0.1802756620182997,1,0.000244140625,4096
62501,68.14108433295041,84337328617,7.481498217610919,239475,7.308197021484375,0.17330119612654382,1,0.000244140625,4096
62601,68.24040354206227,84459159866,7.484444010925609,240113,7.327667236328125,0.15677677459748374,1,0.000244140625,4096
62701,68.34066120791249,84583815720,7.473442501708821,240029,7.325103759765625,0.14833874194319563,1,0.000244140625,4096
62801,68.44412895804271,84709803677,7.463841479297507,240323,7.334075927734375,0.12976555156313196,1,0.000244140625,4096
62901,68.54542337497696,84832305998,7.458795700430335,240447,7.337860107421875,0.12093559300846035,1,0.000244140625,4096
63001,68.64633354195394,84955840877,7.461281660583528,240213,7.330718994140625,0.13056266644290293,1,0.000244140625,4096
63101,68.75010766694322,85082926398,7.45809380177441,240188,7.3299560546875,0.12813774708691028,1,0.000244140625,4096
63201,68.85379399987869,85210297612,7.463116494844559,240491,7.339202880859375,0.12391361398518441,1,0.000244140625,4096
63301,68.95529708289541,85333579621,7.454637800187907,240891,7.351409912109375,0.103227888078532,1,0.000244140625,4096
63401,69.05729845794849,85459629839,7.454348841767998,240619,7.343109130859375,0.11123971090862295,1,0.000244140625,4096
63501,69.15565979201347,85588015232,7.455727978619475,240330,7.33428955078125,0.12143842783822478,1,0.000244140625,4096
63601,69.25751512497663,85716504556,7.477226791037943,240611,7.342864990234375,0.13436180080356763,1,0.000244140625,4096
63701,69.36221237503923,85847046913,7.480164804643577,241130,7.35870361328125,0.12146119136232691,1,0.000244140625,4096
63801,69.46483420790173,85980039636,7.4729927622137975,240305,7.333526611328125,0.1394661508856725,1,0.000244140625,4096
63901,69.5667349579744,86109348476,7.475862300382381,240082,7.32672119140625,0.14914110897613142,1,0.000244140625,4096
64001,69.6691677919589,86238025937,7.4765452038433855,240722,7.34625244140625,0.1302927624371355,1,0.000244140625,4096
64101,69.77173179201782,86361613615,7.468334046355901,239941,7.322418212890625,0.14591583346527592,1,0.000244140625,4096
64201,69.87347962497734,86484175689,7.4815567103338285,241231,7.361785888671875,0.11977082166195352,1,0.000244140625,4096
64301,69.9732942499686,86607495938,7.469819538337253,240987,7.354339599609375,0.1154799387278782,1,0.000244140625,4096
64401,70.07508970797062,86726465129,7.471373851513523,240627,7.343353271484375,0.12802058002914762,1,0.000244140625,4096
64501,70.17616808298044,86847473868,7.457922355157084,239305,7.303009033203125,0.15491332195395913,1,0.000244140625,4096
64601,70.27924237493426,86973491848,7.443776367879407,238766,7.28656005859375,0.15721630928565666,1,0.000244140625,4096
64701,70.3817060419824,87102991646,7.443500109462955,239198,7.29974365234375,0.14375645711920537,1,0.000244140625,4096
64801,70.48643162497319,87234403724,7.445280356767513,239316,7.3033447265625,0.14193563020501276,1,0.000244140625,4096
64901,70.59032149985433,87365760622,7.446139399272184,239340,7.3040771484375,0.14206225083468382,1,0.000244140625,4096
65001,70.69428250007331,87497293134,7.446820403989245,239203,7.299896240234375,0.14692416375487038,1,0.000244140625,4096
65101,70.79847600008361,87630410029,7.447094301816113,238955,7.292327880859375,0.15476642095673832,1,0.000244140625,4096
65201,70.90389191685244,87768498804,7.4682375726346155,240354,7.33502197265625,0.13321559997836552,1,0.000244140625,4096
65301,71.01000408292748,87907005952,7.457994425286003,240667,7.344573974609375,0.11342045067662809,1,0.000244140625,4096
65401,71.11755175003782,88047773351,7.4629953457029945,240527,7.340301513671875,0.1226938320311195,1,0.000244140625,4096
65501,71.22434449987486,88184775447,7.466922058097226,240228,7.3311767578125,0.13574530028472598,1,0.000244140625,4096
65601,71.32670695800334,88317627376,7.464373472141611,239554,7.31060791015625,0.1537655619853613,1,0.000244140625,4096
65701,71.42769445804879,88447222699,7.46618505182454,239915,7.321624755859375,0.14456029596516462,1,0.000244140625,4096
65801,71.53256649989635,88576985970,7.469547812604251,239801,7.318145751953125,0.15140206065112594,1,0.000244140625,4096
65901,71.63638916704804,88711361603,7.471053724745305,240118,7.32781982421875,0.14323390052655505,1,0.000244140625,4096
66001,71.74059695797041,88848914298,7.469731015663315,240620,7.3431396484375,0.12659136722581543,1,0.000244140625,4096
66101,71.84747304185294,88989839655,7.475766329668037,241262,7.36273193359375,0.113034396074287,1,0.000244140625,4096
66201,71.955252249958,89131840946,7.4810331872845115,240700,7.3455810546875,0.1354521325970115,1,0.000244140625,4096
66301,72.06088758306578,89273785796,7.480378164271743,240376,7.335693359375,0.14468480489674285,1,0.000244140625,4096
66401,72.16390537493862,89412715231,7.485448995871292,240677,7.344879150390625,0.14056984548066698,1,0.000244140625,4096
66501,72.27000833302736,89548272794,7.484952224939457,240585,7.342071533203125,0.1428806917363321,1,0.000244140625,4096
66601,72.37724920804612,89685339014,7.483643983634791,240500,7.3394775390625,0.14416644457229122,1,0.000244140625,4096
66701,72.48201199993491,89819583977,7.467720145217921,239690,7.31475830078125,0.15296184443667116,1,0.000244140625,4096
66801,72.58472337503918,89953130630,7.451580735004058,239153,7.298370361328125,0.15321037367593338,1,0.000244140625,4096
66901,72.69065720797516,90087036239,7.466729905447969,240381,7.335845947265625,0.130883958182344,1,0.000244140625,4096
67001,72.79234029189683,90219641627,7.465515386110397,239815,7.318572998046875,0.1469423880635219,1,0.000244140625,4096
67101,72.8999376250431,90355746239,7.466612280371402,240455,7.338104248046875,0.12850803232452712,1,0.000244140625,4096
67201,73.0054702500347,90493499727,7.4579094673,239146,7.29815673828125,0.15975272901875037,1,0.000244140625,4096
67301,73.11448316695169,90628087899,7.462936134886011,239550,7.31048583984375,0.15245029504226082,1,0.000244140625,4096
67401,73.22158466698602,90762320260,7.467931490924364,239655,7.313690185546875,0.15424130537748937,1,0.000244140625,4096
67501,73.32462216704153,90890305013,7.447325928260261,239564,7.3109130859375,0.13641284232276085,1,0.000244140625,4096
67601,73.43170929187909,91021219133,7.4539241944395425,240639,7.343719482421875,0.11020471201766746,1,0.000244140625,4096
67701,73.53465616703033,91149440055,7.449605689473173,240225,7.331085205078125,0.11852048439504781,1,0.000244140625,4096
67801,73.63795041688718,91279782732,7.450825273115811,240127,7.328094482421875,0.12273079069393589,1,0.000244140625,4096
67901,73.74324595788494,91416580606,7.442800047180283,239183,7.299285888671875,0.14351415850840787,1,0.000244140625,4096
68001,73.85184925002977,91557666628,7.425814417096855,238604,7.2816162109375,0.14419820615935475,1,0.000244140625,4096
68101,73.95981324999593,91700416888,7.437343836653007,238108,7.2664794921875,0.1708643444655067,1,0.000244140625,4096
68201,74.06740645808168,91846850932,7.460167925796418,239263,7.301727294921875,0.1584406308745434,1,0.000244140625,4096
68301,74.17472274997272,91995792911,7.466157275864273,239133,7.297760009765625,0.1683972660986477,1,0.000244140625,4096
68401,74.27910133288242,92142597625,7.470403257700321,239641,7.313262939453125,0.15714031824719576,1,0.000244140625,4096
68501,74.38664004206657,92285773166,7.470014306511826,240447,7.337860107421875,0.13215419908995063,1,0.000244140625,4096
68601,74.49720916687511,92429827028,7.492988962369912,241692,7.3758544921875,0.11713447018241219,1,0.000244140625,4096
68701,74.604557499988,92574061714,7.500667747939666,241589,7.372711181640625,0.12795656629904073,1,0.000244140625,4096
68801,74.71089191688225,92716008480,7.498900161844459,242624,7.404296875,0.09460328684445862,1,0.000244140625,4096
68901,74.81670912494883,92856999697,7.498375431860202,242371,7.396575927734375,0.10179950412582706,1,0.000244140625,4096
69001,74.92303737485781,92995173391,7.51093658885544,242221,7.391998291015625,0.11893829783981502,1,0.000244140625,4096
69101,75.02774195792153,93130911962,7.512211761381175,242284,7.3939208984375,0.11829086294367475,1,0.000244140625,4096
69201,75.1294151248876,93267709849,7.496720828258812,240526,7.34027099609375,0.1564498321650616,1,0.000244140625,4096
69301,75.23268674989231,93406550963,7.499849324678715,241142,7.35906982421875,0.14077950045996523,1,0.000244140625,4096
69401,75.33798941690475,93546634564,7.5055332974159725,240963,7.353607177734375,0.15192611968159753,1,0.000244140625,4096
69501,75.44204229186289,93688215626,7.506402116187679,240686,7.34515380859375,0.1612483075939286,1,0.000244140625,4096
69601,75.54997437493876,93837228968,7.507843016618998,240713,7.345977783203125,0.161865233415873,2,0.00048828125,4095
69701,75.65905374987051,93993481694,7.502376540559371,240170,7.32940673828125,0.17296980227812142,1,0.000244140625,4096
69801,75.76595583301969,94144142429,7.496742140454591,239477,7.308258056640625,0.1884840838139663,1,0.000244140625,4096
69901,75.87608974985778,94293381872,7.500996184929326,239365,7.304840087890625,0.19615609703870085,1,0.000244140625,4096
70001,75.98420341685414,94441045560,7.496137686526877,239270,7.30194091796875,0.19419676855812718,1,0.000244140625,4096
70101,76.09092316706665,94586149531,7.496261447842352,239835,7.319183349609375,0.17707809823297715,1,0.000244140625,4096
70201,76.1955628329888,94725747472,7.4923511154498055,240010,7.32452392578125,0.16782718966855548,1,0.000244140625,4096
70301,76.30234812502749,94868375241,7.493961778133567,240142,7.32855224609375,0.165409532039817,1,0.000244140625,4096
70401,76.41130891698413,95012361814,7.499533169678425,239252,7.3013916015625,0.19814156811592465,1,0.000244140625,4096
70501,76.51795775000937,95151630374,7.507844509474134,239721,7.315704345703125,0.1921401637710094,1,0.000244140625,4096
70601,76.62195224990137,95290042936,7.519095555970246,240106,7.32745361328125,0.19164194268899593,1,0.000244140625,4096
70701,76.72713666688651,95430900132,7.512890488480302,239376,7.30517578125,0.20771470723030205,1,0.000244140625,4096
70801,76.83537287497893,95569571369,7.50669914769017,238712,7.284912109375,0.22178703831516966,1,0.000244140625,4096
70901,76.94168425002135,95709020522,7.497693200094514,238370,7.27447509765625,0.22321810243826423,1,0.000244140625,4096
71001,77.04699754202738,95849483230,7.498215841285599,238794,7.28741455078125,0.2108012905043486,1,0.000244140625,4096
71101,77.15538412495516,95995694903,7.5004199787706725,238576,7.28076171875,0.21965826002067246,1,0.000244140625,4096
71201,77.26217033294961,96144147940,7.50183783327417,239671,7.314178466796875,0.18765936647729475,1,0.000244140625,4096
71301,77.36988099990413,96287217903,7.5132743620258005,240555,7.341156005859375,0.17211835616642546,1,0.000244140625,4096
71401,77.4771121670492,96433059944,7.525350687263302,240912,7.35205078125,0.1732999060133018,1,0.000244140625,4096
71501,77.5860032918863,96583415338,7.529531577744123,240817,7.349151611328125,0.18037996641599818,2,0.00048828125,4095
71601,77.69224420795217,96730164698,7.513939261148838,240469,7.338531494140625,0.17540776700821326,1,0.000244140625,4096
71701,77.80329274991527,96874459636,7.521783727241667,241054,7.35638427734375,0.165399449897917,2,0.00048828125,4095
71801,77.90820987499319,97024465872,7.517414019927972,239897,7.321075439453125,0.19633858047484676,1,0.000244140625,4096
71901,78.0185722920578,97179046820,7.508928452963173,239719,7.315643310546875,0.1932851424162978,1,0.000244140625,4096
72001,78.12771066697314,97332916494,7.504492258158104,240005,7.324371337890625,0.18012092026747872,1,0.000244140625,4096
72101,78.236193416873,97485898613,7.497507791025918,239434,7.30694580078125,0.19056199024466824,1,0.000244140625,4096
72201,78.34567299997434,97634969586,7.502071833168932,240341,7.334625244140625,0.167446589028307,1,0.000244140625,4096
72301,78.45230549992993,97783633682,7.502782463469069,240701,7.345611572265625,0.15717089120344419,1,0.000244140625,4096
72401,78.5568977498915,97928593975,7.5035505121014126,241004,7.3548583984375,0.14869211366391255,1,0.000244140625,4096
72501,78.66356654185802,98073616723,7.490396040178398,241001,7.354766845703125,0.135629194475273,1,0.000244140625,4096
72601,78.77001674985513,98217631919,7.491418690828252,241716,7.3765869140625,0.11483177676575185,1,0.000244140625,4096
72701,78.87617750000209,98362979155,7.496828832949582,241866,7.38116455078125,0.11566428216833202,1,0.000244140625,4096
72801,78.98096891702153,98509836992,7.49618755320017,241411,7.367279052734375,0.12890850046579505,1,0.000244140625,4096
72901,79.09135383297689,98659073276,7.4995920011010435,241060,7.3565673828125,0.14302461828854351,1,0.000244140625,4096
73001,79.20051804208197,98809583866,7.48885875433567,240786,7.34820556640625,0.14065318792941994,1,0.000244140625,4096
73101,79.30959874996915,98963767954,7.494743950541059,241464,7.368896484375,0.1258474661660589,1,0.000244140625,4096
73201,79.41883479198441,99113719688,7.49555192975339,241213,7.361236572265625,0.13431535748776469,2,0.00048828125,4095
73301,79.52655162499286,99262942915,7.4965733335305185,239909,7.321441650390625,0.17513168313989347,1,0.000244140625,4096
73401,79.63497208291665,99409141828,7.49790577676537,238792,7.287353515625,0.21055226114036962,1,0.000244140625,4096
73501,79.7416305418592,99552967945,7.490193521316333,239327,7.303680419921875,0.18651310139445787,1,0.000244140625,4096
73601,79.84835087507963,99696723251,7.492848393733602,239939,7.322357177734375,0.17049121599922668,1,0.000244140625,4096
73701,79.95465533295646,99837073551,7.504243470158616,240633,7.343536376953125,0.16070709320549081,1,0.000244140625,4096
73801,80.0576554578729,99977785604,7.501503004499801,240875,7.350921630859375,0.150581373640426,1,0.000244140625,4096
73901,80.16401749989018,100118063656,7.499659393251438,240548,7.3409423828125,0.15871701043893793,1,0.000244140625,4096
74001,80.26934433286078,100260354153,7.482741967138034,240276,7.3326416015625,0.1501003655755344,1,0.000244140625,4096
74101,80.37386433291249,100401720500,7.4748970206795216,239670,7.31414794921875,0.16074907146077155,1,0.000244140625,4096
74201,80.47924675000831,100540890655,7.470012329070796,239492,7.3087158203125,0.16129650875829604,1,0.000244140625,4096
74301,80.58254916686565,100674420049,7.472311921304675,240039,7.325408935546875,0.1469029857577997,1,0.000244140625,4096
74401,80.6851059999317,100808326116,7.482513718701078,240569,7.341583251953125,0.14093046674795318,1,0.000244140625,4096
74501,80.78940516686998,100940176642,7.4879782868237825,240579,7.341888427734375,0.14608985908940753,1,0.000244140625,4096
74601,80.89445408293977,101070934478,7.499715846983716,241603,7.373138427734375,0.12657741924934118,1,0.000244140625,4096
74701,80.99894408299588,101205374856,7.509943720515534,241726,7.37689208984375,0.13305163067178416,1,0.000244140625,4096
74801,81.105682333,101341248164,7.500414147419357,241643,7.374359130859375,0.12605501655998186,1,0.000244140625,4096
74901,81.2086002919823,101475253061,7.490715393027185,241614,7.37347412109375,0.11724127193343481,1,0.000244140625,4096
75001,81.31202216702513,101610860393,7.482623051922166,240782,7.34808349609375,0.13453955582841637,1,0.000244140625,4096
75101,81.4150185000617,101745394143,7.487516648522372,241353,7.365509033203125,0.12200761531924709,1,0.000244140625,4096
75201,81.51972766686231,101881785839,7.486234091788248,240843,7.349945068359375,0.13628902342887272,1,0.000244140625,4096
75301,81.62726512504742,102019564833,7.48228736196965,241006,7.35491943359375,0.12736792837590016,1,0.000244140625,4096
75401,81.73470062506385,102159111567,7.493298130949822,241271,7.363006591796875,0.1302915391529469,1,0.000244140625,4096
75501,81.84287166688591,102301811071,7.493466529164312,241030,7.35565185546875,0.1378146736955621,1,0.000244140625,4096
75601,81.94792737485841,102445924700,7.49315105324444,240738,7.34674072265625,0.14641033058819009,1,0.000244140625,4096
75701,82.05514716706239,102586103335,7.491269335457417,240537,7.340606689453125,0.15066264600429236,1,0.000244140625,4096
75801,82.16237654187717,102727583891,7.491650783229639,240462,7.33831787109375,0.1533329121358893,1,0.000244140625,4096
75901,82.26847016694956,102869361194,7.507351572577946,240953,7.353302001953125,0.15404957062482083,1,0.000244140625,4096
76001,82.37303779204376,103017903657,7.497744977960871,240094,7.32708740234375,0.17065757561712136,1,0.000244140625,4096
76101,82.47834412497468,103168218033,7.491958084062242,240273,7.332550048828125,0.15940803523411695,1,0.000244140625,4096
76201,82.58569824998267,103318374614,7.490062156242228,240260,7.3321533203125,0.15790883592972804,1,0.000244140625,4096
76301,82.69510916690342,103464962042,7.49258569862988,240769,7.347686767578125,0.14489893105175522,1,0.000244140625,4096
76401,82.80189337488264,103615495754,7.482868234169972,240474,7.33868408203125,0.14418415213872215,1,0.000244140625,4096
76501,82.91130866692401,103766851600,7.486893548413745,239942,7.32244873046875,0.16444481794499488,1,0.000244140625,4096
76601,83.01850591693074,103916060191,7.496007798846869,240073,7.326446533203125,0.16956126564374419,1,0.000244140625,4096
76701,83.12409195792861,104070930668,7.505927550986733,240933,7.352691650390625,0.15323590059610837,1,0.000244140625,4096
76801,83.23071587504819,104226830898,7.5162226469681235,241618,7.37359619140625,0.14262645556187348,1,0.000244140625,4096
76901,83.33929320797324,104379149511,7.518799189515416,241489,7.369659423828125,0.14913976568729126,1,0.000244140625,4096
77001,83.4486651669722,104534829594,7.522850642222533,240985,7.354278564453125,0.16857207776940797,1,0.000244140625,4096
77101,83.55985049996525,104694250609,7.505305419340894,240960,7.353515625,0.15178979434089435,1,0.000244140625,4096
77201,83.66980495792814,104854973242,7.502749943689167,240532,7.3404541015625,0.16229584212666737,1,0.000244140625,4096
77301,83.78200295800343,105015656727,7.508137096845768,240551,7.341033935546875,0.16710316129889335,1,0.000244140625,4096
77401,83.89076774986461,105179360796,7.514282440744519,240076,7.3265380859375,0.1877443548070188,1,0.000244140625,4096
77501,84.00636808294803,105348711817,7.507077177870463,239632,7.31298828125,0.19408889662046303,1,0.000244140625,4096
77601,84.1196134169586,105520954175,7.5056787679460575,239445,7.307281494140625,0.19839727380543248,1,0.000244140625,4096
77701,84.23361849994399,105693547480,7.5077832047628235,240079,7.326629638671875,0.18115356609094846,1,0.000244140625,4096
77801,84.34890504204668,105866936303,7.48981193278369,239429,7.306793212890625,0.18301871989306484,1,0.000244140625,4096
77901,84.46516845794395,106045764024,7.484177039897695,239016,7.294189453125,0.18998758677269478,1,0.000244140625,4096
78001,84.57847237493843,106230615207,7.483738823595045,239565,7.310943603515625,0.17279522007942028,1,0.000244140625,4096
78101,84.69879537494853,106414005682,7.488428508057279,240539,7.340667724609375,0.14776078344790378,1,0.000244140625,4096
78201,84.81524450005963,106591446685,7.491151775067608,241262,7.36273193359375,0.12841984147385777,1,0.000244140625,4096
78301,84.93012754200026,106769357213,7.492275520484124,240941,7.352935791015625,0.1393397294684986,1,0.000244140625,4096
78401,85.0462904998567,106948011720,7.49526206232307,241212,7.3612060546875,0.13405600763556969,1,0.000244140625,4096
78501,85.16212079208344,107122227560,7.4830226300772935,241435,7.368011474609375,0.11501115546791851,1,0.000244140625,4096
78601,85.27863979199901,107295132482,7.4907027648949445,241567,7.372039794921875,0.11866296997306947,1,0.000244140625,4096
78701,85.39150808285922,107465447895,7.479840588338428,241313,7.364288330078125,0.11555225826030302,1,0.000244140625,4096
78801,85.50705304206349,107631900863,7.472590815531401,241126,7.35858154296875,0.11400927256265092,1,0.000244140625,4096
78901,85.6199732918758,107797360765,7.4661427218002885,241088,7.357421875,0.10872084680028848,1,0.000244140625,4096
79001,85.7328288750723,107960592405,7.464525649119993,241270,7.36297607421875,0.10154957490124339,1,0.000244140625,4096
79101,85.84443187504075,108123201132,7.470349772897814,241534,7.37103271484375,0.09931705805406388,1,0.000244140625,4096
79201,85.95382987498306,108287660136,7.4834011740568105,242153,7.389923095703125,0.09347807835368549,1,0.000244140625,4096
79301,86.06159641686827,108447450402,7.492796273780459,242343,7.395721435546875,0.09707483823358398,1,0.000244140625,4096
79401,86.17429833300412,108604699594,7.483453106211577,241832,7.380126953125,0.10332615308657722,1,0.000244140625,4096
79501,86.28605345799588,108765224787,7.4750551365545865,241877,7.381500244140625,0.09355489241396153,1,0.000244140625,4096
79601,86.39773370791227,108925771167,7.485186138991548,241041,7.355987548828125,0.12919859016342272,1,0.000244140625,4096
79701,86.50982158305123,109085666871,7.476379815990326,240678,7.34490966796875,0.13147014802157564,1,0.000244140625,4096
79801,86.6185732500162,109240314999,7.475962769538423,240276,7.3326416015625,0.1433211679759232,1,0.000244140625,4096
79901,86.72908504190855,109395004178,7.480073448741852,240050,7.32574462890625,0.15432881983560165,1,0.000244140625,4096
80001,86.84085941687226,109548026198,7.475277055752823,240243,7.331634521484375,0.14364253426844797,1,0.000244140625,4096
80101,86.94937983294949,109704389723,7.474083000047253,240513,7.339874267578125,0.13420873246912812,1,0.000244140625,4096
80201,87.05384283303283,109859353035,7.482457834000544,241441,7.368194580078125,0.11426325392241932,1,0.000244140625,4096
80301,87.16450504190288,110008899222,7.482980767275893,241344,7.365234375,0.11774639227589301,1,0.000244140625,4096
80401,87.27433199994266,110158769418,7.484832215980064,241262,7.36273193359375,0.12210028238631399,1,0.000244140625,4096
80501,87.38165950006805,110307617370,7.481637987490838,240811,7.348968505859375,0.13266948163146264,1,0.000244140625,4096
80601,87.48834399995394,110447602085,7.4730136592239464,240476,7.3387451171875,0.13426854203644645,1,0.000244140625,4096
80701,87.59234070801176,110584641116,7.4765918271817,241079,7.357147216796875,0.11944461038482501,1,0.000244140625,4096
80801,87.69707087497227,110723025017,7.469508161752649,240686,7.34515380859375,0.12435435315889887,1,0.000244140625,4096
80901,87.80191874993034,110860303246,7.463531815280769,241191,7.360565185546875,0.10296662973389381,1,0.000244140625,4096
81001,87.90774354198948,110999318656,7.467257201205074,241492,7.3697509765625,0.09750622464257397,1,0.000244140625,4096
81101,88.0135187918786,111136903589,7.4616349203154115,241190,7.36053466796875,0.10110025234666153,1,0.000244140625,4096
81201,88.1183766250033,111273388950,7.468679990197602,241099,7.357757568359375,0.11092242183822698,1,0.000244140625,4096
81301,88.22376591688953,111409732071,7.46571687848266,241084,7.3572998046875,0.10841707379516041,1,0.000244140625,4096
81401,88.33105183299631,111548359397,7.460485590693068,240682,7.34503173828125,0.11545385241181805,1,0.000244140625,4096
81501,88.43791124993004,111690182419,7.465028668226818,240052,7.3258056640625,0.1392230041643181,1,0.000244140625,4096
81601,88.54356387490407,111830560483,7.475311793813116,241807,7.379364013671875,0.09594778014124117,1,0.000244140625,4096
81701,88.6478832080029,111974107961,7.480482462034139,241761,7.377960205078125,0.10252225695601425,1,0.000244140625,4096
81801,88.75497637502849,112115540748,7.48693059181661,241970,7.38433837890625,0.10259221291036003,1,0.000244140625,4096
81901,88.86217708303593,112255760487,7.480543419158813,241675,7.375335693359375,0.10520772579943838,1,0.000244140625,4096
82001,88.96998812491074,112395103882,7.476313423903969,241955,7.383880615234375,0.09243280866959402,1,0.000244140625,4096
82101,89.07634429191239,112539106432,7.476465192022692,242047,7.386688232421875,0.08977695960081711,1,0.000244140625,4096
82201,89.1833540420048,112684108200,7.462498456412952,241520,7.37060546875,0.09189298766295195,1,0.000244140625,4096
82301,89.28623816696927,112823916705,7.456696304993259,241556,7.3717041015625,0.08499220343075908,1,0.000244140625,4096
82401,89.39100187504664,112959484739,7.455906064077122,241550,7.37152099609375,0.08438506798337198,1,0.000244140625,4096
82501,89.49369708285667,113091349544,7.467609012673564,241729,7.376983642578125,0.09062537009543892,1,0.000244140625,4096
82601,89.59555366705172,113222256755,7.475402276654556,242112,7.388671875,0.08673040165455603,1,0.000244140625,4096
82701,89.69766649999656,113351811113,7.475151386707193,241821,7.379791259765625,0.09536012694156781,1,0.000244140625,4096
82801,89.8014891250059,113486335527,7.47545581450819,240944,7.35302734375,0.12242847075818997,1,0.000244140625,4096
82901,89.90770708303899,113618526489,7.474877377447505,240644,7.3438720703125,0.13100530713500458,1,0.000244140625,4096
83001,90.01030520792119,113751702480,7.47694807132639,240348,7.3348388671875,0.14210920413889028,1,0.000244140625,4096
83101,90.11336283292621,113885339179,7.471779155584741,240036,7.3253173828125,0.14646177277224126,1,0.000244140625,4096
83201,90.21426637494005,114017590978,7.475399691375834,240026,7.32501220703125,0.15038748434458427,1,0.000244140625,4096
83301,90.3203248330392,114155327212,7.469403660900996,240062,7.32611083984375,0.14329282105724594,1,0.000244140625,4096
83401,90.42584279202856,114293972307,7.483378938838083,241287,7.363494873046875,0.11988406579120792,1,0.000244140625,4096
83501,90.53150687506422,114430655844,7.498810299476872,241526,7.37078857421875,0.1280217252581224,1,0.000244140625,4096
83601,90.63449112488888,114565847247,7.509550084402292,241629,7.373931884765625,0.1356181996366672,2,0.00048828125,4095
83701,90.73636533296667,114695864525,7.5115294264814905,241942,7.38348388671875,0.12804553976274047,1,0.000244140625,4096
83801,90.8394819998648,114827356265,7.517154035941191,242015,7.385711669921875,0.13144236601931603,1,0.000244140625,4096
83901,90.9423267499078,114955955554,7.536562118775464,242288,7.39404296875,0.14251915002546411,1,0.000244140625,4096
84001,91.04510849993676,115082227506,7.534095997809046,243075,7.418060302734375,0.11603569507467082,1,0.000244140625,4096
84101,91.1475437078625,115212515697,7.5321580203073,242699,7.406585693359375,0.12557232694792475,1,0.000244140625,4096
84201,91.25192083301954,115345690701,7.533573662876363,242352,7.39599609375,0.1375775691263632,1,0.000244140625,4096
84301,91.35747508285567,115484040678,7.519640563277358,241426,7.36773681640625,0.15190374687110797,1,0.000244140625,4096
84401,91.46163766691461,115618854221,7.5126242175510685,240664,7.344482421875,0.16814179567606846,1,0.000244140625,4096
84501,91.5640284998808,115751972258,7.5064989069424035,240166,7.32928466796875,0.17721423897365352,1,0.000244140625,4096
84601,91.66488983295858,115883151599,7.506731569370845,240189,7.329986572265625,0.17674499710521996,1,0.000244140625,4096
84701,91.76853324985132,116009327846,7.511724582850025,240973,7.353912353515625,0.1578122293344002,1,0.000244140625,4096
84801,91.87151491688564,116135274519,7.518263549350296,241705,7.376251220703125,0.14201232864717106,1,0.000244140625,4096
84901,91.97152658295818,116257678805,7.517741152141353,241634,7.37408447265625,0.14365667948510286,1,0.000244140625,4096
85001,92.07348566688597,116380180455,7.520636505192095,241507,7.370208740234375,0.15042776495771992,1,0.000244140625,4096
85101,92.17804766702466,116510410989,7.520005458993857,240651,7.344085693359375,0.17591976563448242,1,0.000244140625,4096
85201,92.28323716693558,116643593088,7.533182127737182,241824,7.3798828125,0.15329931523718177,1,0.000244140625,4096
85301,92.38692820793949,116773833774,7.528474580741995,241134,7.35882568359375,0.16964889714824505,1,0.000244140625,4096
85401,92.48829462495632,116902966552,7.53187924794156,241499,7.369964599609375,0.16191464833218472,1,0.000244140625,4096
85501,92.59123254194856,117030948289,7.538861902515489,242197,7.391265869140625,0.14759603337486382,1,0.000244140625,4096
85601,92.68981212493964,117161839316,7.5244858856857215,240805,7.348785400390625,0.17570048529509652,1,0.000244140625,4096
85701,92.79391783289611,117292905474,7.534714076485221,241076,7.3570556640625,0.17765841242272096,1,0.000244140625,4096
85801,92.89706445788033,117420312150,7.528405549197254,240735,7.346649169921875,0.18175637927537913,1,0.000244140625,4096
85901,93.00294941687025,117553563866,7.524819547677011,241005,7.354888916015625,0.16993063166138622,1,0.000244140625,4096
86001,93.10620758286677,117683913789,7.510060231158265,240802,7.34869384765625,0.16136638350201515,1,0.000244140625,4096
86101,93.20955420797691,117815712088,7.531352882027914,240845,7.350006103515625,0.18134677851228886,1,0.000244140625,4096
86201,93.31385754188523,117949741186,7.539068761361068,240887,7.351287841796875,0.18778091956419285,1,0.000244140625,4096
86301,93.41912612505257,118082599281,7.528922981621312,240545,7.340850830078125,0.1880721515431869,1,0.000244140625,4096
86401,93.5231151250191,118215839538,7.531219761067728,240730,7.34649658203125,0.18472317903647806,1,0.000244140625,4096
86501,93.62801495799795,118353632041,7.518478872093094,240479,7.338836669921875,0.17964220217121873,1,0.000244140625,4096
86601,93.7376309169922,118497532377,7.531295227509653,240808,7.348876953125,0.18241827438465297,1,0.000244140625,4096
86701,93.84732758300379,118642527935,7.535956272389565,240846,7.35003662109375,0.18591965129581478,1,0.000244140625,4096
86801,93.9531058750581,118789690722,7.525474739858092,239992,7.323974609375,0.20150013048309212,1,0.000244140625,4096
86901,94.06081158295274,118935453385,7.501613125649205,239100,7.2967529296875,0.20486019596170468,1,0.000244140625,4096
87001,94.1693132079672,119081594841,7.501509705673018,239659,7.313812255859375,0.18769744981364322,1,0.000244140625,4096
87101,94.27760374988429,119232155847,7.503742554442313,240188,7.3299560546875,0.1737864997548133,1,0.000244140625,4096
87201,94.38302249996923,119379549079,7.501652075529679,239674,7.31427001953125,0.1873820559984294,1,0.000244140625,4096
87301,94.49254929204471,119526922028,7.500139364938991,239896,7.321044921875,0.17909444306399092,1,0.000244140625,4096
87401,94.60215704189613,119672108563,7.491557992071291,239850,7.31964111328125,0.17191687879004114,1,0.000244140625,4096
87501,94.71306287497282,119819492170,7.482882305584208,239687,7.314666748046875,0.16821555753733275,1,0.000244140625,4096
87601,94.82278666691855,119969047100,7.476902655770562,239751,7.316619873046875,0.16028278272368723,1,0.000244140625,4096
87701,94.93079604185186,120116515886,7.485396522727705,240638,7.34368896484375,0.14170755788395528,1,0.000244140625,4096
87801,95.0381319578737,120262582232,7.488250302824701,240476,7.3387451171875,0.14950518563720117,1,0.000244140625,4096
87901,95.14757691696286,120405792758,7.478647280856228,240723,7.346282958984375,0.13236432187185265,1,0.000244140625,4096
88001,95.25270429207012,120549454155,7.466015307187248,240699,7.345550537109375,0.12046477007787271,1,0.000244140625,4096
88101,95.3607937078923,120703564329,7.469684569301703,241209,7.361114501953125,0.10857006734857766,1,0.000244140625,4096
88201,95.47088383301161,120858562080,7.478754732434516,242055,7.386932373046875,0.09182235938764105,1,0.000244140625,4096
88301,95.58030300005339,121009133789,7.476143535234641,241443,7.368255615234375,0.10788792000026604,1,0.000244140625,4096
88401,95.68940104194917,121164161414,7.472257014959267,241472,7.369140625,0.10311638995926664,1,0.000244140625,4096
88501,95.8036872500088,121326202439,7.473142070980432,241554,7.37164306640625,0.10149900457418237,1,0.000244140625,4096
88601,95.91538808285259,121485407629,7.466112117286763,241654,7.37469482421875,0.09141729306801327,1,0.000244140625,4096
88701,96.0253452078905,121640179540,7.46867583829342,241893,7.381988525390625,0.08668731290279474,1,0.000244140625,4096
88801,96.13586183288135,121795721052,7.448047698442183,241271,7.363006591796875,0.08504110664530806,1,0.000244140625,4096
88901,96.24965487490408,121952397131,7.451295613844053,240873,7.350860595703125,0.10043501814092792,1,0.000244140625,4096
89001,96.35904312506318,122104581643,7.443513301481014,240723,7.346282958984375,0.09723034249663876,1,0.000244140625,4096
89101,96.46942054200917,122255695106,7.435887435501363,240570,7.34161376953125,0.09427366597011311,1,0.000244140625,4096
89201,96.579118499998,122403647365,7.430054925532668,239941,7.322418212890625,0.10763671264204344,1,0.000244140625,4096
89301,96.68883333285339,122552232106,7.445730609552967,240603,7.342620849609375,0.1031097599435924,1,0.000244140625,4096
89401,96.79849891690537,122700843074,7.451740744464017,240758,7.34735107421875,0.10438967024526669,1,0.000244140625,4096
89501,96.90863158297725,122843964701,7.460935709218145,241722,7.37677001953125,0.08416568968689475,1,0.000244140625,4096
89601,97.01344966702163,122985202916,7.479668870281554,242544,7.40185546875,0.0778134015315537,1,0.000244140625,4096
89701,97.12152566690929,123131629912,7.4827882260248835,242519,7.401092529296875,0.08169569672800847,1,0.000244140625,4096
89801,97.22983279195614,123275196675,7.474248911214069,241883,7.381683349609375,0.09256556160469387,1,0.000244140625,4096
89901,97.33386354194954,123415640839,7.465744955606761,241470,7.36907958984375,0.09666536576301077,1,0.000244140625,4096
90001,97.43589845788665,123554471221,7.4676384145997075,241184,7.3603515625,0.10728685209970745,1,0.000244140625,4096
90101,97.54052991699427,123696322334,7.490251314816132,241412,7.3673095703125,0.12294174450363204,1,0.000244140625,4096
90201,97.6481540419627,123832902461,7.490165123508396,241561,7.371856689453125,0.1183084340552707,1,0.000244140625,4096
90301,97.75427124998532,123968085323,7.491566455394952,241414,7.36737060546875,0.1241958499262017,1,0.000244140625,4096
90401,97.85869341692887,124099305887,7.47920892515331,241089,7.357452392578125,0.12175653257518526,1,0.000244140625,4096
90501,97.96333170798607,124233820309,7.477844630238388,241466,7.36895751953125,0.10888711070713786,1,0.000244140625,4096
90601,98.06966037489474,124371674496,7.477962992681272,241971,7.384368896484375,0.09359409619689707,1,0.000244140625,4096
90701,98.17906608292833,124510809884,7.4743090036022135,241752,7.377685546875,0.09662345672721351,1,0.000244140625,4096
90801,98.28278279188089,124647789800,7.473401743579521,241805,7.379302978515625,0.09409876506389558,1,0.000244140625,4096
90901,98.38994033285417,124785729304,7.476922662163664,242388,7.3970947265625,0.07982793560116441,1,0.000244140625,4096
91001,98.49418908287771,124918954849,7.482202877870108,241990,7.38494873046875,0.09725414740135818,1,0.000244140625,4096
91101,98.59811204206198,125049958406,7.4856970494241715,242182,7.39080810546875,0.09488894395542147,1,0.000244140625,4096
91201,98.70100908307359,125182737633,7.48928283236455,242435,7.398529052734375,0.09075377963017495,1,0.000244140625,4096
91301,98.8042682078667,125313607308,7.483405563990766,242367,7.396453857421875,0.0869517065688914,1,0.000244140625,4096
91401,98.90695745800622,125440800608,7.4791339578459155,242603,7.403656005859375,0.0754779519865405,1,0.000244140625,4096
91501,99.00692962505855,125566568563,7.476800175319341,242650,7.40509033203125,0.07170984328809116,1,0.000244140625,4096
91601,99.10926004196517,125694553067,7.488110568809219,242901,7.412750244140625,0.0753603246685941,1,0.000244140625,4096
91701,99.21088466700166,125819923987,7.480752612826071,243136,7.419921875,0.060830737826070624,1,0.000244140625,4096
91801,99.31359020806849,125944477624,7.473592773962766,242021,7.385894775390625,0.08769799857214089,1,0.000244140625,4096
91901,99.41562462504953,126071143796,7.484495227841964,242415,7.397918701171875,0.08657652667008886,1,0.000244140625,4096
92001,99.52014208305627,126196702447,7.488511981913382,242261,7.393218994140625,0.09529298777275663,1,0.000244140625,4096
92101,99.62301733298227,126320842180,7.4970752966589895,241814,7.37957763671875,0.11749765994023953,1,0.000244140625,4096
92201,99.72358700004406,126443875409,7.483490943724757,241918,7.38275146484375,0.10073947888100676,1,0.000244140625,4096
92301,99.82590470789,126565407009,7.5005182639962396,242582,7.40301513671875,0.09750312727748955,1,0.000244140625,4096
92401,99.92783808289096,126689117955,7.516852846678043,243432,7.428955078125,0.08789776855304332,1,0.000244140625,4096
92501,100.03135458286852,126818015422,7.528804341747702,244110,7.44964599609375,0.07915834565395219,1,0.000244140625,4096
92601,100.13670099992305,126945958881,7.537755648274314,244244,7.4537353515625,0.08402029671181399,1,0.000244140625,4096
92701,100.23968308302574,127074540881,7.55071612348947,244358,7.45721435546875,0.09350176802071974,1,0.000244140625,4096
92801,100.3389583749231,127204131536,7.5554816994690235,243838,7.44134521484375,0.11413648462527348,1,0.000244140625,4096
92901,100.44259891705588,127338097493,7.540113533208035,243665,7.436065673828125,0.1040478593799099,1,0.000244140625,4096
93001,100.54336133296601,127467837120,7.554533193352299,243824,7.44091796875,0.11361522460229878,1,0.000244140625,4096
93101,100.64681583293714,127595524040,7.551228523026094,243716,7.4376220703125,0.1136064527135936,1,0.000244140625,4096
93201,100.75054662488401,127728909642,7.559488609723382,243373,7.427154541015625,0.132334068707757,1,0.000244140625,4096
93301,100.85465058288537,127862454834,7.559727075986183,243273,7.424102783203125,0.1356242927830582,1,0.000244140625,4096
93401,100.95935458294116,127995912808,7.564356181845263,243673,7.436309814453125,0.12804636739213837,1,0.000244140625,4096
93501,101.06427366705611,128133106669,7.5655395206442835,243811,7.440521240234375,0.12501828040990848,1,0.000244140625,4096
93601,101.16997387493029,128271454430,7.566452762275191,243538,7.43218994140625,0.13426282086894137,1,0.000244140625,4096
93701,101.27577079203911,128407750004,7.552502485485627,242474,7.39971923828125,0.1527832472043773,1,0.000244140625,4096
93801,101.37972191697918,128543142927,7.568141395026993,243120,7.41943359375,0.14870780127699312,1,0.000244140625,4096
93901,101.4852294579614,128679409019,7.567495836474056,243470,7.43011474609375,0.13738109038030633,1,0.000244140625,4096
94001,101.59030575002544,128813388788,7.567199437716167,243459,7.429779052734375,0.13742038498179188,2,0.00048828125,4095
94101,101.69219741690904,128945017389,7.571740063947551,243027,7.416595458984375,0.1551446049631764,1,0.000244140625,4096
94201,101.79683483298868,129074515175,7.580966423139973,242969,7.414825439453125,0.16614098368684793,1,0.000244140625,4096
94301,101.89982095803134,129203546298,7.578880982635658,241792,7.37890625,0.19997473263565801,1,0.000244140625,4096
94401,102.00055170804262,129329953407,7.5812392582239285,242499,7.400482177734375,0.18075708048955352,2,0.00048828125,4095
94501,102.10097762499936,129453823879,7.572032895937908,242572,7.4027099609375,0.16932293500040796,1,0.000244140625,4096
94601,102.20034216693603,129574520032,7.571573636695308,242491,7.400238037109375,0.17133559958593292,1,0.000244140625,4096
94701,102.30160262505524,129695608024,7.5616545332856555,242918,7.41326904296875,0.1483854903169055,1,0.000244140625,4096
94801,102.40584462485276,129820580003,7.544086959827254,242311,7.394744873046875,0.1493420867803792,1,0.000244140625,4096
94901,102.50680704205297,129946326648,7.529631467703416,242350,7.39593505859375,0.13369640910966574,1,0.000244140625,4096
95001,102.60831958288327,130075025272,7.5091331131243795,241881,7.381622314453125,0.12751079867125448,2,0.00048828125,4095
95101,102.71205566707067,130209078342,7.499518843174477,240855,7.350311279296875,0.14920756387760203,1,0.000244140625,4096
95201,102.81707395799458,130344621725,7.508441733006413,240243,7.331634521484375,0.17680721152203827,1,0.000244140625,4096
95301,102.92153429193422,130478612998,7.49575178762105,239529,7.309844970703125,0.18590681691792543,1,0.000244140625,4096
95401,103.02653124998324,130612563480,7.494220281925369,239024,7.29443359375,0.1997866881753687,1,0.000244140625,4096
95501,103.13052058289759,130743309300,7.492881541396629,239225,7.300567626953125,0.19231391444350443,1,0.000244140625,4096
95601,103.23223112500273,130873270239,7.491137077342238,239797,7.318023681640625,0.17311339570161266,1,0.000244140625,4096
95701,103.33793062507175,131001701830,7.492807652534133,240416,7.3369140625,0.1558935900341334,1,0.000244140625,4096
95801,103.44009587494656,131128440642,7.4968780920828975,241370,7.36602783203125,0.13085026005164746,1,0.000244140625,4096
95901,103.54070470808074,131252825442,7.49257010570956,241078,7.35711669921875,0.13545340649080995,1,0.000244140625,4096
96001,103.64141495805234,131378709025,7.482803553039405,241306,7.36407470703125,0.11872884600815503,1,0.000244140625,4096
96101,103.74203312490135,131503603566,7.48225363822153,241430,7.36785888671875,0.11439475150277989,1,0.000244140625,4096
96201,103.84344183304347,131626328248,7.470240555585111,241458,7.36871337890625,0.1015271766788608,1,0.000244140625,4096
96301,103.9448617498856,131750751531,7.4773328130386965,241489,7.369659423828125,0.10767338921057146,1,0.000244140625,4096
96401,104.04812333290465,131874831089,7.467032119800228,241469,7.369049072265625,0.09798304753460307,1,0.000244140625,4096
96501,104.15165858296677,132000289592,7.475722920472831,241948,7.3836669921875,0.0920559282853306,1,0.000244140625,4096
96601,104.25305270799436,132125681606,7.480788221757008,242648,7.405029296875,0.07575892488200786,1,0.000244140625,4096
96701,104.35619779187255,132251948916,7.4895358360851745,242992,7.41552734375,0.07400849233517448,1,0.000244140625,4096
96801,104.45859416690655,132377573765,7.490739435784447,243123,7.419525146484375,0.07121428930007223,1,0.000244140625,4096
96901,104.56174179189838,132500780038,7.479383314203093,242770,7.40875244140625,0.07063087279684321,1,0.000244140625,4096
97001,104.66207137494348,132623942995,7.477603802199327,242200,7.391357421875,0.08624638032432674,1,0.000244140625,4096
97101,104.76682849996723,132751631911,7.4798195446902245,242175,7.390594482421875,0.08922506226834948,1,0.000244140625,4096
97201,104.87144116708077,132878228761,7.477134176603789,242127,7.389129638671875,0.08800453793191387,1,0.000244140625,4096
97301,104.97623062506318,133003478940,7.467642986970208,241413,7.367340087890625,0.10030289907958334,1,0.000244140625,4096
97401,105.08045112504624,133132760908,7.466916438986242,241066,7.35675048828125,0.11016595070499235,1,0.000244140625,4096
97501,105.18206829205155,133259334671,7.476495168155446,241414,7.36737060546875,0.1091245626866959,1,0.000244140625,4096
97601,105.28554229205474,133385686090,7.484928056621103,241869,7.381256103515625,0.10367195310547839,1,0.000244140625,4096
97701,105.3880184579175,133513158034,7.490463509348996,242358,7.39617919921875,0.09428431013024596,1,0.000244140625,4096
97801,105.49121816689149,133639087281,7.481409622068936,241975,7.384490966796875,0.09691865527206112,1,0.000244140625,4096
97901,105.58986841700971,133760368628,7.47117141301713,241555,7.371673583984375,0.09949782903275484,1,0.000244140625,4096
98001,105.69047279190272,133876500248,7.456257957286298,240801,7.348663330078125,0.10759462720817314,1,0.000244140625,4096
98101,105.78854516707361,133991510347,7.459294347778177,241465,7.368927001953125,0.09036734582505179,1,0.000244140625,4096
98201,105.89125683298334,134107127451,7.475716672070261,241265,7.362823486328125,0.11289318574213603,1,0.000244140625,4096
98301,105.98959362506866,134225008983,7.493028265149978,241578,7.37237548828125,0.12065277686872822,1,0.000244140625,4096
98401,106.08792704204097,134340770937,7.486504867021983,241541,7.371246337890625,0.11525852913135815,1,0.000244140625,4096
98501,106.190093500074,134454184505,7.480865696116835,241097,7.357696533203125,0.12316916291370994,1,0.000244140625,4096
98601,106.28751983307302,134570760537,7.4828617611846955,241859,7.380950927734375,0.10191083345032048,1,0.000244140625,4096
98701,106.3858686669264,134688130050,7.4796164883361875,241136,7.35888671875,0.12072976958618753,1,0.000244140625,4096
98801,106.48498154198751,134804990284,7.488174898462914,241156,7.3594970703125,0.12867782815041373,1,0.000244140625,4096
98901,106.58330100006424,134924290849,7.491861237000235,240412,7.3367919921875,0.15506924481273465,1,0.000244140625,4096
99001,106.6862071249634,135044593472,7.48828159013771,239180,7.2991943359375,0.18908725420021,1,0.000244140625,4096
99101,106.7891239579767,135166728749,7.483995543580107,239428,7.3067626953125,0.17723284826760732,1,0.000244140625,4096
99201,106.89019116689451,135289143437,7.472733130851529,238527,7.279266357421875,0.19346677342965357,1,0.000244140625,4096
99301,106.99003541702405,135410749438,7.471132655035216,239295,7.302703857421875,0.16842879761334117,1,0.000244140625,4096
99401,107.09028212493286,135531639073,7.490446542927675,240947,7.353118896484375,0.13732764644329976,1,0.000244140625,4096
99501,107.1910737499129,135654787963,7.510284186259247,241806,7.37933349609375,0.13095069016549665,1,0.000244140625,4096
99601,107.29190445807762,135779353113,7.502428111364216,240969,7.353790283203125,0.14863782816109072,1,0.000244140625,4096
99701,107.39498850004748,135909856481,7.504223455963892,240244,7.3316650390625,0.17255841690139206,1,0.000244140625,4096
99801,107.49773774994537,136037315984,7.507557671001909,239835,7.319183349609375,0.1883743213925344,1,0.000244140625,4096
99901,107.60367424995638,136164914655,7.508759560993245,240567,7.341522216796875,0.16723734419637015,1,0.000244140625,4096
100000,107.7070220420137,136292989061,7.509838427171247,241691,7.375823974609375,0.13401445256187206,1,0.000244140625,4096
