epoch,elapsed_seconds,character_reads,byte_entropy,brotli_size,compressed_bpb,high_order_entropy,dominant_tape_count,dominant_tape_fraction,distinct_tapes
1,2.775231583043933,1339619,7.999367333533243,262154,8.00030517578125,-0.0009378422480068593,1,0.000244140625,4096
101,2.871153667103499,124658617,7.996615227787482,257292,7.8519287109375,0.14468651684998157,1,0.000244140625,4096
201,2.968643708154559,245054846,7.993499382311809,253874,7.74761962890625,0.2458797534055588,1,0.000244140625,4096
301,3.065469125052914,360004917,7.990003359468458,251811,7.684661865234375,0.3053414942340833,1,0.000244140625,4096
401,3.15926400013268,473141099,7.986469460752625,250845,7.655181884765625,0.331287575987,1,0.000244140625,4096
501,3.2513132919557393,584730402,7.9807073086463305,251156,7.6646728515625,0.3160344570838305,1,0.000244140625,4096
601,3.345384208019823,696755075,7.977571270570128,250947,7.658294677734375,0.31927659283575327,1,0.000244140625,4096
701,3.4395346250385046,809487169,7.973706993274959,251616,7.6787109375,0.29499605577495913,1,0.000244140625,4096
801,3.53615091717802,923356139,7.969469029044795,252104,7.693603515625,0.27586551341979515,1,0.000244140625,4096
901,3.6311027500778437,1035214978,7.9650240617391335,252197,7.696441650390625,0.26858241134850847,1,0.000244140625,4096
1001,3.7238442921079695,1145342581,7.960689124170059,252550,7.70721435546875,0.2534747687013086,1,0.000244140625,4096
1101,3.8171207080595195,1257193993,7.956131336349575,252740,7.7130126953125,0.24311864103707492,1,0.000244140625,4096
1201,3.9098537501413375,1370997156,7.947056479601386,251186,7.66558837890625,0.28146810069513606,1,0.000244140625,4096
1301,4.004062708001584,1484884802,7.935282967615166,249004,7.5989990234375,0.3362839441776657,1,0.000244140625,4096
1401,4.096220250008628,1595071423,7.922663611830682,248802,7.59283447265625,0.32982913917443213,1,0.000244140625,4096
1501,4.188634332967922,1701708887,7.905662440950762,248877,7.595123291015625,0.31053914993513665,1,0.000244140625,4096
1601,4.279298417037353,1809110934,7.88714814374498,247949,7.566802978515625,0.3203451652293552,1,0.000244140625,4096
1701,4.373257958097383,1918472573,7.8586161556436815,247090,7.54058837890625,0.31802777673743154,2,0.00048828125,4095
1801,4.4709898750297725,2036423063,7.827514238217267,245809,7.501495361328125,0.3260188768891421,1,0.000244140625,4096
1901,4.569472167175263,2159962206,7.809397125013126,246473,7.521759033203125,0.2876380918100008,1,0.000244140625,4096
2001,4.666343166958541,2284118220,7.784456808428988,245656,7.496826171875,0.28763063655398824,2,0.00048828125,4094
2101,4.767302292166278,2412909233,7.7618468389859165,243604,7.4342041015625,0.32764273742341654,1,0.000244140625,4096
2201,4.867416874971241,2547865489,7.748569368294413,244237,7.453521728515625,0.29504763977878756,1,0.000244140625,4096
2301,4.970117917051539,2683351497,7.723816712656735,244485,7.461090087890625,0.26272662476610975,1,0.000244140625,4096
2401,5.075546583160758,2822681353,7.703594970649444,244363,7.457366943359375,0.2462280272900692,1,0.000244140625,4096
2501,5.180002917069942,2962540814,7.690212312207078,244567,7.463592529296875,0.2266197829102028,1,0.000244140625,4096
2601,5.285565749974921,3102306720,7.691163540153872,245055,7.478485107421875,0.21267843273199727,1,0.000244140625,4096
2701,5.390947708161548,3240213284,7.694528209639936,245331,7.486907958984375,0.20762025065556067,1,0.000244140625,4096
2801,5.497225083177909,3382128117,7.707198228351039,246232,7.514404296875,0.1927939314760394,1,0.000244140625,4096
2901,5.6037688329815865,3529670679,7.707233763267573,246408,7.519775390625,0.18745837264257315,1,0.000244140625,4096
3001,5.710027958033606,3681756818,7.697126574790666,245452,7.4906005859375,0.20652598885316564,1,0.000244140625,4096
3101,5.818335792049766,3833829468,7.695656848301972,246277,7.515777587890625,0.17987926041134727,1,0.000244140625,4096
3201,5.926423833006993,3987395353,7.67353857725677,245630,7.49603271484375,0.17750586241302013,1,0.000244140625,4096
3301,6.0358052919618785,4138967691,7.6638846624966135,245512,7.492431640625,0.1714530218716135,1,0.000244140625,4096
3401,6.145391250029206,4291351452,7.656166569586074,245752,7.499755859375,0.1564107102110741,1,0.000244140625,4096
3501,6.256745542166755,4448004104,7.652281717406483,246053,7.508941650390625,0.143340067015858,1,0.000244140625,4096
3601,6.368605250027031,4603029469,7.652747193309816,246581,7.525054931640625,0.1276922616691909,1,0.000244140625,4096
3701,6.4819002081640065,4761239862,7.648197616481027,246730,7.52960205078125,0.1185955656997768,1,0.000244140625,4096
3801,6.594247667118907,4926133633,7.644823008528876,246500,7.5225830078125,0.12224000071637597,1,0.000244140625,4096
3901,6.707339292159304,5087263012,7.636970095464219,246408,7.519775390625,0.11719470483921857,1,0.000244140625,4096
4001,6.8173355830367655,5240375761,7.643411071285368,246227,7.514251708984375,0.12915936230099323,1,0.000244140625,4096
4101,6.926423583179712,5388988711,7.63744175938645,246088,7.510009765625,0.12743199376144965,1,0.000244140625,4096
4201,7.034525250084698,5538781070,7.624800781081309,245863,7.503143310546875,0.12165747053443443,1,0.000244140625,4096
4301,7.145196208031848,5687793506,7.617460822280446,245890,7.50396728515625,0.11349353712419585,1,0.000244140625,4096
4401,7.248548292089254,5835833512,7.615164132674993,246279,7.515838623046875,0.09932550962811781,1,0.000244140625,4096
4501,7.356837542029098,5981577586,7.612939739762955,246960,7.53662109375,0.0763186460129548,1,0.000244140625,4096
4601,7.461924750125036,6122640634,7.616535870495648,247268,7.5460205078125,0.07051536268314784,1,0.000244140625,4096
4701,7.568829250056297,6266882892,7.6085675314363455,247050,7.53936767578125,0.06919985565509545,1,0.000244140625,4096
4801,7.6749457500409335,6411573316,7.60549353019956,247007,7.538055419921875,0.06743811027768487,1,0.000244140625,4096
4901,7.789115417050198,6559605900,7.591492297580407,246489,7.522247314453125,0.06924498312728211,1,0.000244140625,4096
5001,7.897339917020872,6712718782,7.591043099461077,246451,7.521087646484375,0.06995545297670169,1,0.000244140625,4096
5101,8.010891041951254,6871768298,7.595922259196056,247032,7.538818359375,0.05710389982105557,1,0.000244140625,4096
5201,8.123945583123714,7034842341,7.589263324182885,246129,7.511260986328125,0.07800233785475985,1,0.000244140625,4096
5301,8.235409582965076,7198395794,7.5944321704623485,246200,7.513427734375,0.08100443608734853,1,0.000244140625,4096
5401,8.345433291979134,7366675396,7.595524348772619,245868,7.5032958984375,0.09222845033511895,1,0.000244140625,4096
5501,8.456736874999478,7534209673,7.587948323140823,246184,7.512939453125,0.07500887001582335,1,0.000244140625,4096
5601,8.571577833034098,7700524066,7.581359038778558,245906,7.50445556640625,0.0769034723723081,1,0.000244140625,4096
5701,8.682043000124395,7861721464,7.569136240273573,244931,7.474700927734375,0.0944353125391979,1,0.000244140625,4096
5801,8.790997208096087,8020823146,7.564670218486941,245062,7.47869873046875,0.08597148801819099,1,0.000244140625,4096
5901,8.899892749963328,8176475848,7.564573142024285,245234,7.48394775390625,0.08062538811803499,1,0.000244140625,4096
6001,9.009894917020574,8336548354,7.553473791168874,245022,7.47747802734375,0.07599576382512385,1,0.000244140625,4096
6101,9.122022750088945,8496605490,7.546689838516248,244300,7.4554443359375,0.0912455025787482,1,0.000244140625,4096
6201,9.234528083121404,8654076962,7.524301888231416,243115,7.419281005859375,0.10502088237204088,1,0.000244140625,4096
6301,9.347170167136937,8812709104,7.513765797080618,242678,7.40594482421875,0.10782097286186776,1,0.000244140625,4096
6401,9.458414500113577,8966353545,7.5036198039750595,242609,7.403839111328125,0.09978069264693445,1,0.000244140625,4096
6501,9.56714208307676,9117436113,7.506410577008203,242396,7.3973388671875,0.1090717098207028,1,0.000244140625,4096
6601,9.675301000010222,9268073161,7.505717172938342,242869,7.411773681640625,0.09394349129771662,1,0.000244140625,4096
6701,9.784096958115697,9416883247,7.500789246852891,243062,7.41766357421875,0.08312567263414117,1,0.000244140625,4096
6801,9.891669292002916,9564604021,7.499749733369034,243367,7.426971435546875,0.07277829782215939,2,0.00048828125,4095
6901,10.000251667108387,9710546798,7.503186088524878,243499,7.430999755859375,0.07218633266550256,1,0.000244140625,4096
7001,10.107482291990891,9854564045,7.498160843891579,243248,7.42333984375,0.07482100014157922,1,0.000244140625,4096
7101,10.216415000148118,9999443521,7.502128587097374,243840,7.44140625,0.06072233709737418,1,0.000244140625,4096
7201,10.325423542177305,10145792854,7.508016042676754,243877,7.442535400390625,0.06548064228612915,1,0.000244140625,4096
7301,10.43212554208003,10290063858,7.510557025569483,244337,7.456573486328125,0.0539835392413579,1,0.000244140625,4096
7401,10.538910417119041,10433789009,7.4951489383413055,244297,7.455352783203125,0.03979615513818047,1,0.000244140625,4096
7501,10.648647499969229,10581205240,7.501909209417596,244377,7.457794189453125,0.04411501996447065,1,0.000244140625,4096
7601,10.754758958006278,10725996250,7.494453425307832,243876,7.4425048828125,0.05194854249533165,1,0.000244140625,4096
7701,10.863286792067811,10872053261,7.498427200470148,243580,7.4334716796875,0.06495552078264843,1,0.000244140625,4096
7801,10.972722792066634,11016683639,7.518741899213989,243252,7.4234619140625,0.09527998515148894,1,0.000244140625,4096
7901,11.082101583015174,11165208518,7.517792735432897,243407,7.428192138671875,0.08960059676102183,1,0.000244140625,4096
8001,11.192662541987374,11317574756,7.497431237531466,242045,7.386627197265625,0.11080404026584123,1,0.000244140625,4096
8101,11.302196375094354,11467181775,7.501922634933638,242471,7.399627685546875,0.10229494938676265,1,0.000244140625,4096
8201,11.412689542165026,11618608531,7.486526184995997,242312,7.394775390625,0.09175079437099676,1,0.000244140625,4096
8301,11.522235083160922,11770617071,7.467583655044651,241660,7.3748779296875,0.09270572535715083,1,0.000244140625,4096
8401,11.632434667088091,11925792860,7.455863326206339,240975,7.353973388671875,0.10188993753446418,1,0.000244140625,4096
8501,11.743386625079438,12084706457,7.4455309795624816,240483,7.338958740234375,0.10657223932810655,1,0.000244140625,4096
8601,11.854859958169982,12243999382,7.457608671965124,240869,7.350738525390625,0.106870146574499,1,0.000244140625,4096
8701,11.96410133317113,12408111029,7.460164461086022,240644,7.3438720703125,0.1162923907735216,1,0.000244140625,4096
8801,12.076953083043918,12576372361,7.458623856141703,240741,7.346832275390625,0.11179158075107765,1,0.000244140625,4096
8901,12.188777208095416,12743166266,7.454925331249219,240679,7.344940185546875,0.10998514570234441,1,0.000244140625,4096
9001,12.30451533314772,12912320403,7.455082640944179,240266,7.33233642578125,0.1227462151629286,1,0.000244140625,4096
9101,12.419200458098203,13084537647,7.451765453259325,240152,7.328857421875,0.12290803138432516,1,0.000244140625,4096
9201,12.534542958019301,13263200449,7.453468845494673,240026,7.32501220703125,0.12845663846342337,1,0.000244140625,4096
9301,12.651664042146876,13444187329,7.447531211904413,240630,7.34344482421875,0.1040863876856628,1,0.000244140625,4096
9401,12.768835416994989,13624747755,7.446151185725182,240744,7.346923828125,0.09922735760018231,1,0.000244140625,4096
9501,12.889131458010525,13813616318,7.441160193010371,240725,7.346343994140625,0.09481619886974624,1,0.000244140625,4096
9601,13.008546833181754,14002526164,7.450583304393123,240993,7.354522705078125,0.09606059931499811,1,0.000244140625,4096
9701,13.125115250004455,14186517317,7.446522915664643,241139,7.358978271484375,0.08754464418026764,1,0.000244140625,4096
9801,13.24308512499556,14368112491,7.455640323665313,241898,7.38214111328125,0.07349921038406304,1,0.000244140625,4096
9901,13.358701708028093,14544604275,7.456232395094748,242040,7.386474609375,0.069757785719748,1,0.000244140625,4096
10001,13.470493750181049,14715186726,7.452251454607731,241865,7.381134033203125,0.07111742140460642,1,0.000244140625,4096
10101,13.58556849998422,14888288147,7.453165798034256,241068,7.3568115234375,0.09635427459675583,1,0.000244140625,4096
10201,13.698438124964014,15060278636,7.445683200325233,240274,7.33258056640625,0.11310263391898268,1,0.000244140625,4096
10301,13.81502416706644,15235652475,7.439926152085648,240564,7.3414306640625,0.09849548802314789,1,0.000244140625,4096
10401,13.93230566708371,15409491769,7.433748157541347,240907,7.351898193359375,0.08184996418197166,1,0.000244140625,4096
10501,14.05022683297284,15582725108,7.447205903808626,241500,7.3699951171875,0.07721078662112557,1,0.000244140625,4096
10601,14.162105292081833,15757637927,7.443091547078861,241435,7.368011474609375,0.07508007246948623,1,0.000244140625,4096
10701,14.275333083001897,15930096581,7.4482866604475095,241507,7.370208740234375,0.07807792021313453,1,0.000244140625,4096
10801,14.389950750162825,16100780628,7.444737261887467,241401,7.366973876953125,0.0777633849343422,1,0.000244140625,4096
10901,14.503118375083432,16269364223,7.459550987484683,242132,7.3892822265625,0.0702687609221826,1,0.000244140625,4096
11001,14.614744042046368,16436584268,7.473045428544614,242788,7.4093017578125,0.06374367073211396,1,0.000244140625,4096
11101,14.72985520795919,16605121070,7.471405030161519,242948,7.4141845703125,0.057220459849019356,1,0.000244140625,4096
11201,14.8442329170648,16769230814,7.479713548500822,243041,7.417022705078125,0.06269084342269693,1,0.000244140625,4096
11301,14.957551167113706,16935638891,7.488776694306731,242595,7.403411865234375,0.08536482907235587,1,0.000244140625,4096
11401,15.07302587502636,17104887562,7.509233086100242,243057,7.417510986328125,0.09172209977211665,1,0.000244140625,4096
11501,15.181765000103042,17273290992,7.516243491853492,243078,7.41815185546875,0.09809163638474239,1,0.000244140625,4096
11601,15.295668083010241,17440149014,7.524118410516345,243370,7.42706298828125,0.097055422235095,1,0.000244140625,4096
11701,15.407272750046104,17598120375,7.519040922964748,243500,7.4310302734375,0.08801064952724769,1,0.000244140625,4096
11801,15.520775916986167,17754515778,7.524168699444287,243497,7.430938720703125,0.0932299787411619,1,0.000244140625,4096
11901,15.63170654210262,17913966710,7.523320117751842,243418,7.42852783203125,0.09479228572059206,1,0.000244140625,4096
12001,15.74097404209897,18077688622,7.516434132328595,243300,7.4249267578125,0.09150737451609459,1,0.000244140625,4096
12101,15.850042707985267,18239045358,7.5228290953750205,243523,7.431732177734375,0.09109691764064554,1,0.000244140625,4096
12201,15.961563291959465,18402791088,7.5116572531901395,242837,7.410797119140625,0.10086013404951455,1,0.000244140625,4096
12301,16.07320745801553,18569237318,7.521412354500547,243252,7.4234619140625,0.0979504404380469,1,0.000244140625,4096
12401,16.182121250079945,18733028945,7.512520806425314,243069,7.417877197265625,0.09464360915968939,1,0.000244140625,4096
12501,16.293735624989495,18895124256,7.523320498886591,243234,7.42291259765625,0.10040790123034071,1,0.000244140625,4096
12601,16.40473720803857,19053545323,7.526827536622374,242584,7.403076171875,0.12375136474737403,1,0.000244140625,4096
12701,16.514042458031327,19206974555,7.531095813488981,242999,7.415740966796875,0.11535484669210572,1,0.000244140625,4096
12801,16.621802374953404,19355678529,7.531642921279359,243647,7.435516357421875,0.09612656385748419,1,0.000244140625,4096
12901,16.729307250119746,19502897902,7.528978083773348,243394,7.42779541015625,0.10118267361709776,1,0.000244140625,4096
13001,16.837488083168864,19647853586,7.5328947449463595,243829,7.441070556640625,0.09182418830573447,1,0.000244140625,4096
13101,16.944220250006765,19791127935,7.54009291650773,243237,7.423004150390625,0.11708876611710473,1,0.000244140625,4096
13201,17.051506333053112,19935435936,7.522515220071962,242783,7.409149169921875,0.11336605015008683,1,0.000244140625,4096
13301,17.156131042167544,20080385456,7.520508369963325,242759,7.408416748046875,0.11209162191645028,1,0.000244140625,4096
13401,17.26329466700554,20225237757,7.522236097312156,242778,7.40899658203125,0.11323951528090603,1,0.000244140625,4096
13501,17.369585250038654,20373511592,7.519763532513232,242198,7.39129638671875,0.12846714579448193,1,0.000244140625,4096
13601,17.47827075002715,20522565044,7.510128348355892,241140,7.3590087890625,0.1511195592933916,1,0.000244140625,4096
13701,17.58483025012538,20667181640,7.498778949684782,241133,7.358795166015625,0.1399837836691571,1,0.000244140625,4096
13801,17.690078833140433,20805240717,7.486604995567619,240255,7.332000732421875,0.15460426314574427,1,0.000244140625,4096
13901,17.793247958179563,20941188582,7.4898181844512965,240832,7.349609375,0.14020880945129655,1,0.000244140625,4096
14001,17.89963800017722,21075220819,7.494207343739756,241469,7.369049072265625,0.12515827147413106,1,0.000244140625,4096
14101,18.002848917152733,21206868174,7.485017975291354,241262,7.36273193359375,0.12228604169760438,1,0.000244140625,4096
14201,18.10337583301589,21332946801,7.48294797237248,241631,7.373992919921875,0.10895505245060466,1,0.000244140625,4096
14301,18.202586375176907,21454278574,7.466791782975421,241733,7.377105712890625,0.08968607008479612,1,0.000244140625,4096
14401,18.30198591714725,21574459651,7.483826999275805,242584,7.403076171875,0.08075082740080486,1,0.000244140625,4096
14501,18.401109917089343,21691985437,7.4817773118061295,242368,7.396484375,0.08529293680612948,1,0.000244140625,4096
14601,18.502910500159487,21807489204,7.469667302469802,241139,7.358978271484375,0.11068903098542737,1,0.000244140625,4096
14701,18.60086637502536,21924750279,7.483203295829194,241918,7.38275146484375,0.10045183098544364,1,0.000244140625,4096
14801,18.70124537497759,22039323669,7.487297307013516,241217,7.361358642578125,0.1259386644353908,1,0.000244140625,4096
14901,18.80261458316818,22152187532,7.481723496187257,241725,7.376861572265625,0.10486192392163218,1,0.000244140625,4096
15001,18.901298583019525,22266697200,7.4659203025312815,241395,7.366790771484375,0.09912953104690647,1,0.000244140625,4096
15101,18.999869583174586,22382974649,7.457660697606292,241319,7.364471435546875,0.09318926205941658,1,0.000244140625,4096
15201,19.10121029196307,22499564463,7.450395479794171,240779,7.347991943359375,0.10240353643479594,1,0.000244140625,4096
15301,19.2008497081697,22615298283,7.443991466935505,240595,7.342376708984375,0.10161475795112995,1,0.000244140625,4096
15401,19.301388832973316,22732715091,7.43781740996514,240259,7.332122802734375,0.10569460723076496,1,0.000244140625,4096
15501,19.402418124955148,22851842827,7.428322970592484,240192,7.330078125,0.09824484559248425,1,0.000244140625,4096
15601,19.502900625113398,22969690923,7.416462917386188,238806,7.28778076171875,0.12868215566743757,1,0.000244140625,4096
15701,19.603156333090737,23086029151,7.42930420440228,239583,7.311492919921875,0.11781128448040512,1,0.000244140625,4096
15801,19.702955499989912,23202845106,7.446575661082607,240024,7.324951171875,0.1216244892076066,1,0.000244140625,4096
15901,19.79858862515539,23319019022,7.447624565787761,239993,7.324005126953125,0.12361943883463589,1,0.000244140625,4096
16001,19.89711141702719,23433891623,7.44591689758202,240119,7.327850341796875,0.1180665557851448,1,0.000244140625,4096
16101,19.995583167066798,23549112434,7.438296338484882,239618,7.31256103515625,0.12573530332863214,1,0.000244140625,4096
16201,20.09616491710767,23664122463,7.439764202202786,239806,7.31829833984375,0.12146586235903634,1,0.000244140625,4096
16301,20.195633833063766,23776127697,7.4372673011383315,240026,7.32501220703125,0.11225509410708145,1,0.000244140625,4096
16401,20.29033779213205,23884407423,7.447264349847521,240531,7.340423583984375,0.10684076586314628,1,0.000244140625,4096
16501,20.39118987508118,23994322074,7.4567060022322735,240797,7.348541259765625,0.10816474246664853,1,0.000244140625,4096
16601,20.490319499978796,24104830657,7.470336297987964,241087,7.357391357421875,0.11294494056608873,1,0.000244140625,4096
16701,20.588115292135626,24217172405,7.4640166751586925,240938,7.35284423828125,0.1111724368774425,1,0.000244140625,4096
16801,20.685103750089183,24328978500,7.459111348595948,241351,7.365447998046875,0.09366335054907271,1,0.000244140625,4096
16901,20.78552845795639,24438894016,7.464020378609193,241249,7.362335205078125,0.10168517353106843,1,0.000244140625,4096
17001,20.88417954207398,24545564562,7.468376236183041,241102,7.35784912109375,0.11052711508929125,1,0.000244140625,4096
17101,20.98247987497598,24651784002,7.473329378716254,241062,7.35662841796875,0.11670096074750358,1,0.000244140625,4096
17201,21.07935675000772,24756214087,7.459142933712236,240013,7.324615478515625,0.13452745519661136,1,0.000244140625,4096
17301,21.175477625103667,24861874245,7.462800262049138,240374,7.33563232421875,0.1271679378303876,1,0.000244140625,4096
17401,21.276356792077422,24967832338,7.467110720704879,240532,7.3404541015625,0.1266566191423788,1,0.000244140625,4096
17501,21.37152491696179,25067811417,7.481749959914247,241150,7.35931396484375,0.1224359950704974,1,0.000244140625,4096
17601,21.467190083116293,25169116767,7.494340745822715,242339,7.395599365234375,0.09874138058833992,1,0.000244140625,4096
17701,21.565553500084206,25276437091,7.5044848398155635,242330,7.39532470703125,0.10916013278431347,1,0.000244140625,4096
17801,21.661007083021104,25384109061,7.514680853968734,242136,7.389404296875,0.1252765570937342,1,0.000244140625,4096
17901,21.757497375132516,25491730849,7.513857348314067,241843,7.380462646484375,0.13339470182969215,1,0.000244140625,4096
18001,21.852348749991506,25595480335,7.512794152459046,242369,7.396514892578125,0.1162792598809208,1,0.000244140625,4096
18101,21.94858254212886,25697113706,7.5103835520361715,242236,7.3924560546875,0.11792749734867147,1,0.000244140625,4096
18201,22.04360400000587,25800186403,7.506250839763309,241910,7.38250732421875,0.1237435155445592,2,0.00048828125,4095
18301,22.140692375134677,25903538636,7.510109757742793,242624,7.404296875,0.10581288274279288,1,0.000244140625,4096
18401,22.235523875104263,26006805696,7.505654593517836,242296,7.394287109375,0.1113674841428356,1,0.000244140625,4096
18501,22.3309335000813,26112115896,7.492170651912025,241986,7.38482666015625,0.10734399175577458,1,0.000244140625,4096
18601,22.42839083308354,26217266375,7.494139689123983,242248,7.392822265625,0.10131742349898332,1,0.000244140625,4096
18701,22.523625792004168,26323433836,7.486014391369427,241426,7.36773681640625,0.11827757496317659,1,0.000244140625,4096
18801,22.620221292134374,26426656348,7.499372650253761,241770,7.37823486328125,0.12113778697251121,1,0.000244140625,4096
18901,22.715482332976535,26529079092,7.510086656598343,242313,7.394805908203125,0.11528074839521807,1,0.000244140625,4096
19001,22.81081883306615,26629785880,7.518865035144463,243167,7.420867919921875,0.09799711522258825,1,0.000244140625,4096
19101,22.908095958177,26730529096,7.513517321827228,242544,7.40185546875,0.1116618530772282,1,0.000244140625,4096
19201,23.00440170802176,26834275864,7.5225713970711094,242912,7.4130859375,0.10948545957110944,1,0.000244140625,4096
19301,23.101151375100017,26936934679,7.526636750919246,242507,7.400726318359375,0.12591043255987078,1,0.000244140625,4096
19401,23.19765991717577,27040441855,7.53436207208034,242583,7.403045654296875,0.1313164177834647,1,0.000244140625,4096
19501,23.293310708133504,27140789211,7.537621356689593,242966,7.41473388671875,0.1228874699708431,1,0.000244140625,4096
19601,23.389576208079234,27239865235,7.527145033098468,242558,7.40228271484375,0.12486231825471794,1,0.000244140625,4096
19701,23.484841542085633,27338295621,7.5214172865744615,241774,7.37835693359375,0.1430603529807115,1,0.000244140625,4096
19801,23.583186250180006,27440741975,7.501769575913981,240536,7.340576171875,0.16119340403898086,1,0.000244140625,4096
19901,23.68038274999708,27544474385,7.487242197957814,240068,7.3262939453125,0.16094825264531387,1,0.000244140625,4096
20001,23.776505750138313,27648353913,7.48813254161363,240916,7.3521728515625,0.13595969005112973,1,0.000244140625,4096
20101,23.87403425015509,27749864852,7.500174503359072,241550,7.37152099609375,0.1286535072653221,1,0.000244140625,4096
20201,23.969383333111182,27852323939,7.487764786131938,240586,7.34210205078125,0.14566273535068763,1,0.000244140625,4096
20301,24.066168625140563,27953979539,7.481800299054434,240822,7.34930419921875,0.13249609983568433,1,0.000244140625,4096
20401,24.16098037501797,28054505460,7.472475323138462,240983,7.354217529296875,0.11825779384158697,1,0.000244140625,4096
20501,24.255633917171508,28153902351,7.4689333366781065,241213,7.361236572265625,0.10769676441248155,1,0.000244140625,4096
20601,24.35139337508008,28253501911,7.486836005372448,242227,7.392181396484375,0.09465460888807264,1,0.000244140625,4096
20701,24.448741000145674,28350487282,7.500150253943014,242605,7.403717041015625,0.09643321292738882,1,0.000244140625,4096
20801,24.543572625145316,28445373926,7.487839737697371,242234,7.39239501953125,0.09544471816612088,1,0.000244140625,4096
20901,24.63588908314705,28539228622,7.484554055497903,241743,7.377410888671875,0.10714316682602831,1,0.000244140625,4096
21001,24.732801374979317,28637672787,7.48279295450527,240909,7.351959228515625,0.13083372598964527,1,0.000244140625,4096
21101,24.829288457985967,28739503075,7.47481328521813,241071,7.356903076171875,0.11791020904625515,1,0.000244140625,4096
21201,24.924988833023235,28842520791,7.487800072490403,241596,7.3729248046875,0.11487526780290302,1,0.000244140625,4096
21301,25.02053275005892,28947034336,7.497583539227289,242057,7.386993408203125,0.11059013102416415,1,0.000244140625,4096
21401,25.118815666995943,29053521464,7.488945663448241,241247,7.362274169921875,0.12667149352636642,1,0.000244140625,4096
21501,25.216243083123118,29162567441,7.483730864963386,239959,7.322967529296875,0.1607633356665108,1,0.000244140625,4096
21601,25.315369582967833,29272187256,7.484095460308085,239812,7.3184814453125,0.16561401499558492,1,0.000244140625,4096
21701,25.416049957973883,29387868492,7.474926709999756,238267,7.271331787109375,0.20359492289038084,1,0.000244140625,4096
21801,25.51778916711919,29509084819,7.494741670728195,239164,7.2987060546875,0.19603561604069508,1,0.000244140625,4096
21901,25.61772883310914,29633817864,7.484915877573388,239086,7.29632568359375,0.18859019397963817,1,0.000244140625,4096
22001,25.720193250104785,29755582600,7.489460843055056,238972,7.2928466796875,0.19661416336755622,1,0.000244140625,4096
22101,25.821891625178978,29879070512,7.4951685079636885,239691,7.314788818359375,0.1803796896043135,1,0.000244140625,4096
22201,25.924444958101958,30003313191,7.476212234894794,238265,7.271270751953125,0.2049414829416687,1,0.000244140625,4096
22301,26.025907083181664,30132086840,7.479795158523677,238621,7.282135009765625,0.19766014875805205,1,0.000244140625,4096
22401,26.127491042017937,30259528120,7.475802968660905,237357,7.243560791015625,0.2322421776452801,1,0.000244140625,4096
22501,26.23226987500675,30390850017,7.483199225081675,237634,7.25201416015625,0.231185064925425,1,0.000244140625,4096
22601,26.33689666702412,30518778654,7.492031595564429,238728,7.285400390625,0.20663120493942877,1,0.000244140625,4096
22701,26.439917749958113,30644673703,7.486678361555955,239143,7.298065185546875,0.18861317600908034,1,0.000244140625,4096
22801,26.539030333049595,30767742670,7.4975949206695045,239083,7.296234130859375,0.2013607898101295,1,0.000244140625,4096
22901,26.64146204199642,30888554563,7.499150164356102,239739,7.316253662109375,0.18289650224672727,1,0.000244140625,4096
23001,26.742042375029996,31007871865,7.494289515823387,240314,7.33380126953125,0.16048824629213687,1,0.000244140625,4096
23101,26.844436791958287,31128461108,7.4963751675227694,240682,7.34503173828125,0.15134342924151944,1,0.000244140625,4096
23201,26.944263624958694,31248723438,7.494080046459783,240504,7.339599609375,0.15448043708478298,1,0.000244140625,4096
23301,27.045324958162382,31368298011,7.497059177782325,240314,7.33380126953125,0.163257908251075,1,0.000244140625,4096
23401,27.145884917117655,31484148617,7.501094160885618,240680,7.344970703125,0.15612345776061787,1,0.000244140625,4096
23501,27.246568208094686,31599593545,7.501126175628803,241215,7.361297607421875,0.13982856820692824,1,0.000244140625,4096
23601,27.34592179208994,31713409122,7.52149082324315,241886,7.38177490234375,0.1397159208994001,1,0.000244140625,4096
23701,27.444533000001684,31824577829,7.509925752023175,241896,7.382080078125,0.12784567389817525,1,0.000244140625,4096
23801,27.545519542181864,31937664182,7.516724080268399,242936,7.413818359375,0.102905720893399,1,0.000244140625,4096
23901,27.643424542155117,32050068619,7.508261516165257,242279,7.393768310546875,0.11449320561838228,1,0.000244140625,4096
24001,27.738726916955784,32163497907,7.496325611170461,242068,7.3873291015625,0.10899650960796059,1,0.000244140625,4096
24101,27.83528883312829,32280879088,7.518425001385897,243101,7.418853759765625,0.09957124162027231,1,0.000244140625,4096
24201,27.935194791993126,32397627335,7.530750847709185,243872,7.4423828125,0.0883680352091849,1,0.000244140625,4096
24301,28.03931291704066,32516385279,7.5229951226444385,243473,7.430206298828125,0.09278882381631348,1,0.000244140625,4096
24401,28.142740207957104,32637472709,7.525265147905813,243285,7.424468994140625,0.10079615376518802,1,0.000244140625,4096
24501,28.246646499959752,32758276987,7.5355496405140086,244283,7.454925537109375,0.08062410340463355,1,0.000244140625,4096
24601,28.347472458146513,32879929245,7.524010854934216,243955,7.444915771484375,0.0790950834498414,1,0.000244140625,4096
24701,28.450943792006,33005817257,7.513164280446752,243102,7.41888427734375,0.09428000310300177,1,0.000244140625,4096
24801,28.552725250134245,33133822583,7.518791433691033,243067,7.417816162109375,0.10097527158165764,1,0.000244140625,4096
24901,28.652151542017236,33262066557,7.524687875826048,243411,7.428314208984375,0.09637366684167326,1,0.000244140625,4096
25001,28.75485562509857,33390649072,7.51809801171566,243086,7.41839599609375,0.09970201562190972,1,0.000244140625,4096
25101,28.857725167181343,33517809093,7.524371850038213,243292,7.4246826171875,0.09968923285071263,1,0.000244140625,4096
25201,28.962086708052084,33646003558,7.524476611311582,243118,7.41937255859375,0.10510405271783174,1,0.000244140625,4096
25301,29.062789000105113,33774901745,7.5271360780923535,243070,7.41790771484375,0.10922836324860352,1,0.000244140625,4096
25401,29.167069875169545,33907347872,7.526418113443964,242859,7.411468505859375,0.11494960758458905,1,0.000244140625,4096
25501,29.273795542074367,34045563188,7.537265476060593,243354,7.42657470703125,0.11069076902934327,1,0.000244140625,4096
25601,29.378711875062436,34180150831,7.542313664912391,243200,7.421875,0.12043866491239097,1,0.000244140625,4096
25701,29.48031233297661,34310693618,7.539605195934385,242673,7.405792236328125,0.13381295960626005,1,0.000244140625,4096
25801,29.58370920806192,34436983384,7.530140167192935,242284,7.3939208984375,0.13621926875543533,1,0.000244140625,4096
25901,29.686036083148792,34562598616,7.5333215186931355,242656,7.4052734375,0.1280480811931355,1,0.000244140625,4096
26001,29.78715941705741,34684875896,7.543307711139543,243241,7.423126220703125,0.12018149043641824,1,0.000244140625,4096
26101,29.888810249976814,34811575798,7.533366254933529,243082,7.41827392578125,0.1150923291522794,1,0.000244140625,4096
26201,29.991100125014782,34942902580,7.549448075872345,243494,7.43084716796875,0.11860090790359479,1,0.000244140625,4096
26301,30.091245042160153,35075818916,7.549590333645924,243361,7.426788330078125,0.12280200356779858,1,0.000244140625,4096
26401,30.196075667161494,35209722074,7.5355818549055495,242565,7.402496337890625,0.13308551701492455,1,0.000244140625,4096
26501,30.29965225001797,35347067991,7.527994519796675,242363,7.396331787109375,0.13166273268729967,1,0.000244140625,4096
26601,30.405782458139583,35485198761,7.524288540687,241785,7.378692626953125,0.14559591373387537,1,0.000244140625,4096
26701,30.509566167136654,35614992836,7.519741962661492,242281,7.393829345703125,0.12591261695836664,1,0.000244140625,4096
26801,30.612800917122513,35742772914,7.510214760906508,242072,7.387451171875,0.12276358903150797,1,0.000244140625,4096
26901,30.714999250136316,35868645349,7.502768721389524,241849,7.380645751953125,0.12212296943639878,1,0.000244140625,4096
27001,30.814795749960467,35992539760,7.487538827883876,241853,7.380767822265625,0.10677100561825092,1,0.000244140625,4096
27101,30.917023750022054,36119199877,7.486347236886942,242609,7.403839111328125,0.08250812555881737,1,0.000244140625,4096
27201,31.016870792023838,36244064112,7.491648057312251,242616,7.404052734375,0.08759532293725059,1,0.000244140625,4096
27301,31.120126750087366,36368168868,7.483967590690535,242676,7.4058837890625,0.07808380162803541,1,0.000244140625,4096
27401,31.222493708133698,36490572918,7.484691638571216,242777,7.408966064453125,0.07572557411809111,1,0.000244140625,4096
27501,31.323903999989852,36614444288,7.49903940790052,242658,7.40533447265625,0.09370493524427026,1,0.000244140625,4096
27601,31.424717708025128,36737987452,7.494294779680493,242262,7.39324951171875,0.10104526796174262,1,0.000244140625,4096
27701,31.52707491698675,36864879619,7.493658808387272,242235,7.392425537109375,0.10123327127789672,1,0.000244140625,4096
27801,31.629611999960616,36994510843,7.4910411603406075,241905,7.382354736328125,0.10868642401248252,1,0.000244140625,4096
27901,31.733312958152965,37128464029,7.504767353658896,242370,7.39654541015625,0.10822194350264613,1,0.000244140625,4096
28001,31.83788837515749,37262053611,7.495197447371717,241857,7.380889892578125,0.11430755479359167,1,0.000244140625,4096
28101,31.93965012510307,37397581187,7.49185541427926,242064,7.38720703125,0.10464838302925994,1,0.000244140625,4096
28201,32.045944292098284,37535911581,7.497073354520409,242024,7.385986328125,0.1110870263954089,1,0.000244140625,4096
28301,32.15194050013088,37675562786,7.5065934862107895,241829,7.380035400390625,0.12655808582016448,1,0.000244140625,4096
28401,32.259524333057925,37814502318,7.507949874568061,241545,7.371368408203125,0.13658146636493562,1,0.000244140625,4096
28501,32.36592620797455,37955492610,7.516955974180352,242052,7.3868408203125,0.13011515386785177,1,0.000244140625,4096
28601,32.469939708011225,38093701566,7.524461422838629,242844,7.4110107421875,0.11345068065112862,1,0.000244140625,4096
28701,32.57561341696419,38231316963,7.516184798350131,242607,7.403778076171875,0.11240672217825587,1,0.000244140625,4096
28801,32.68275920813903,38365586229,7.499410104462507,242230,7.39227294921875,0.10713715524375722,1,0.000244140625,4096
28901,32.785456417128444,38499123566,7.491711867109865,241583,7.372528076171875,0.11918379093799025,1,0.000244140625,4096
29001,32.89125704206526,38630192065,7.487946885896093,241094,7.35760498046875,0.13034190542734336,1,0.000244140625,4096
29101,32.994231375167146,38757513119,7.488524050197816,240784,7.34814453125,0.14037951894781564,1,0.000244140625,4096
29201,33.09631675016135,38886758814,7.481930042452715,240155,7.328948974609375,0.1529810678433403,1,0.000244140625,4096
29301,33.19616641709581,39014217272,7.4810393782278695,240752,7.34716796875,0.13387140947786946,1,0.000244140625,4096
29401,33.299233083147556,39140867031,7.487495018817045,241205,7.360992431640625,0.12650258717641982,1,0.000244140625,4096
29501,33.40199100016616,39268391018,7.490428387368638,241300,7.3638916015625,0.12653678580613814,1,0.000244140625,4096
29601,33.50626045814715,39395666451,7.466646997761385,240682,7.34503173828125,0.12161525948013541,1,0.000244140625,4096
29701,33.60899783298373,39521942404,7.467829022141459,241082,7.35723876953125,0.11059025261020938,1,0.000244140625,4096
29801,33.71019074996002,39646910419,7.464841807215405,241001,7.354766845703125,0.11007496151227958,1,0.000244140625,4096
29901,33.80844816705212,39773451906,7.473614816657717,241304,7.364013671875,0.10960114478271699,1,0.000244140625,4096
30001,33.913314749952406,39900054664,7.465739443669546,241396,7.3668212890625,0.09891815460704567,1,0.000244140625,4096
30101,34.014354542130604,40022989283,7.460141155664792,240789,7.348297119140625,0.1118440365241673,1,0.000244140625,4096
30201,34.1139939581044,40141571749,7.4610882985174865,241407,7.367156982421875,0.09393131609561145,1,0.000244140625,4096
30301,34.21457991702482,40262625427,7.481670533514461,242602,7.40362548828125,0.07804504523321132,1,0.000244140625,4096
30401,34.3167457501404,40384449203,7.475114538248671,242242,7.39263916015625,0.082475378092421,1,0.000244140625,4096
30501,34.41463258303702,40504813542,7.467560593047197,241562,7.37188720703125,0.09567338601594688,1,0.000244140625,4096
30601,34.51844529202208,40625599916,7.473768146705349,241988,7.3848876953125,0.08888045139284895,1,0.000244140625,4096
30701,34.62163329217583,40746504880,7.471773278078821,241339,7.365081787109375,0.10669149096944608,1,0.000244140625,4096
30801,34.723398042144254,40870334109,7.484034941391229,241999,7.385223388671875,0.09881155271935427,1,0.000244140625,4096
30901,34.824358250014484,40990809345,7.499730793004771,242025,7.386016845703125,0.11371394730164575,1,0.000244140625,4096
31001,34.92593466700055,41111872713,7.487864455479579,241333,7.364898681640625,0.12296577383895357,1,0.000244140625,4096
31101,35.0284470829647,41235190385,7.478757480555338,241151,7.359344482421875,0.11941299813346262,1,0.000244140625,4096
31201,35.13045825017616,41360134182,7.474544440798859,241498,7.36993408203125,0.1046103587676086,1,0.000244140625,4096
31301,35.2308479170315,41490230957,7.470095686502804,240880,7.35107421875,0.11902146775280364,1,0.000244140625,4096
31401,35.33435500017367,41624888315,7.483229805791892,241344,7.365234375,0.11799543079189156,1,0.000244140625,4096
31501,35.44030000013299,41756520609,7.483844835431688,241671,7.375213623046875,0.10863121238481277,1,0.000244140625,4096
31601,35.54289729217999,41884270940,7.479570105075073,241810,7.37945556640625,0.10011453866882292,1,0.000244140625,4096
31701,35.64481695811264,42010453601,7.479916209765875,241632,7.3740234375,0.10589277226587512,1,0.000244140625,4096
31801,35.74826387502253,42137579540,7.484066196988511,241263,7.362762451171875,0.12130374581663617,1,0.000244140625,4096
31901,35.85117758298293,42263310649,7.480653442600578,241063,7.356658935546875,0.12399450705370274,1,0.000244140625,4096
32001,35.95203200005926,42389386662,7.479756053524752,241453,7.368560791015625,0.11119526250912681,1,0.000244140625,4096
32101,36.05557370814495,42513248412,7.478956324015586,241242,7.36212158203125,0.11683474198433608,1,0.000244140625,4096
32201,36.15415358310565,42636935776,7.474977629744207,240906,7.35186767578125,0.12310995396295699,1,0.000244140625,4096
32301,36.254750167019665,42758246917,7.4832768777607805,241084,7.3572998046875,0.12597707307328054,1,0.000244140625,4096
32401,36.35821916698478,42877589534,7.467363359245422,240829,7.349517822265625,0.1178455369797966,1,0.000244140625,4096
32501,36.461220500059426,42998408307,7.463412797992495,240474,7.33868408203125,0.12472871596124513,1,0.000244140625,4096
32601,36.56149529200047,43117634890,7.465777541331452,240567,7.341522216796875,0.12425532453457677,1,0.000244140625,4096
32701,36.66247325018048,43236739830,7.462526144585466,241176,7.360107421875,0.10241872271046581,1,0.000244140625,4096
32801,36.7641255420167,43358089012,7.471713103278321,241336,7.364990234375,0.10672286890332128,1,0.000244140625,4096
32901,36.86428916710429,43478086675,7.468923509416549,240742,7.34686279296875,0.12206071644779914,1,0.000244140625,4096
33001,36.96378858317621,43594901905,7.465798186286143,240755,7.347259521484375,0.11853866480176833,1,0.000244140625,4096
33101,37.064984041964635,43712588625,7.47049479866946,240841,7.349884033203125,0.12061076546633487,1,0.000244140625,4096
33201,37.16705704201013,43834779370,7.455967411674542,240904,7.351806640625,0.1041607710495418,1,0.000244140625,4096
33301,37.26907687517814,43960527615,7.457777105862515,240913,7.352081298828125,0.1056958070343903,1,0.000244140625,4096
33401,37.37389245815575,44086502144,7.46762445691622,240824,7.349365234375,0.11825922254122023,1,0.000244140625,4096
33501,37.472617167048156,44206777877,7.476822833689947,241656,7.374755859375,0.10206697431494671,1,0.000244140625,4096
33601,37.57379595795646,44322718180,7.482765947646066,242176,7.390625,0.09214094764606617,1,0.000244140625,4096
33701,37.67680566711351,44440406049,7.4719965571737905,241036,7.3558349609375,0.11616159623629052,1,0.000244140625,4096
33801,37.77777779195458,44557149666,7.46792845633729,241393,7.366729736328125,0.1011987200091653,1,0.000244140625,4096
33901,37.87864095810801,44676053140,7.4578454472130264,241312,7.3642578125,0.09358763471302645,1,0.000244140625,4096
34001,37.98214620817453,44795463457,7.45841999699942,241558,7.37176513671875,0.08665486028067004,1,0.000244140625,4096
34101,38.08487158315256,44915573439,7.455333734041965,241467,7.368988037109375,0.08634569693259042,1,0.000244140625,4096
34201,38.18696550000459,45033709041,7.465287272000159,241945,7.383575439453125,0.08171183254703429,1,0.000244140625,4096
34301,38.28933091717772,45154328720,7.4728870320676055,241668,7.3751220703125,0.09776496175510552,1,0.000244140625,4096
34401,38.38895516702905,45274380502,7.483977423140519,241496,7.369873046875,0.11410437626551939,1,0.000244140625,4096
34501,38.490018458105624,45401489902,7.481202663965745,240862,7.35052490234375,0.13067776162199518,1,0.000244140625,4096
34601,38.59656474995427,45526890540,7.489167598208517,241152,7.359375,0.12979259820851663,1,0.000244140625,4096
34701,38.700164375128224,45652789581,7.489231805742655,241251,7.362396240234375,0.12683556550828,1,0.000244140625,4096
34801,38.80562320817262,45783514906,7.4932798979167305,240628,7.3433837890625,0.14989610885423055,1,0.000244140625,4096
34901,38.90858116699383,45917297982,7.4803507387609915,240732,7.3465576171875,0.13379312157349155,1,0.000244140625,4096
35001,39.01265625003725,46046660488,7.467309635150075,240172,7.3294677734375,0.13784186171257495,1,0.000244140625,4096
35101,39.11693612509407,46176054931,7.46802296220383,240455,7.338104248046875,0.12991871415695488,1,0.000244140625,4096
35201,39.22130383295007,46305463752,7.4715033054725755,241093,7.357574462890625,0.11392884258195046,1,0.000244140625,4096
35301,39.32488241698593,46433893531,7.472606821071845,241747,7.377532958984375,0.09507386208747004,1,0.000244140625,4096
35401,39.428410792024806,46563856756,7.475384930056572,241607,7.373260498046875,0.10212443200969723,1,0.000244140625,4096
35501,39.53171250014566,46694579698,7.496442336909279,242208,7.3916015625,0.10484077440927919,1,0.000244140625,4096
35601,39.63728424999863,46824555282,7.484965941665761,242106,7.38848876953125,0.09647717213451124,1,0.000244140625,4096
35701,39.73991500004195,46957371952,7.487475965845986,242050,7.38677978515625,0.10069618068973618,1,0.000244140625,4096
35801,39.840793542098254,47089193650,7.488017458881799,242402,7.39752197265625,0.09049548622554937,1,0.000244140625,4096
35901,39.94603612506762,47222690788,7.4959856762354455,243007,7.415985107421875,0.08000056881357054,1,0.000244140625,4096
36001,40.04933508299291,47353706867,7.498539252152675,243129,7.419708251953125,0.0788310001995498,1,0.000244140625,4096
36101,40.155391917098314,47486848953,7.5017381591627,242716,7.4071044921875,0.09463366697520037,1,0.000244140625,4096
36201,40.26002399995923,47617541858,7.503732500411305,242428,7.3983154296875,0.10541707072380468,1,0.000244140625,4096
36301,40.36197491711937,47745992746,7.506637138564262,242066,7.38726806640625,0.11936907215801185,1,0.000244140625,4096
36401,40.46641083317809,47880136074,7.51217712160689,241970,7.38433837890625,0.12783874270064022,1,0.000244140625,4096
36501,40.570633500115946,48015748377,7.517846337426757,242240,7.392578125,0.12526821242675723,1,0.000244140625,4096
36601,40.67569250008091,48149123520,7.519866458108569,242361,7.396270751953125,0.12359570615544424,1,0.000244140625,4096
36701,40.77973504201509,48284414458,7.52746238284228,242559,7.402313232421875,0.12514915042040542,1,0.000244140625,4096
36801,40.885281917173415,48421117617,7.537347145945032,242771,7.408782958984375,0.12856418696065663,1,0.000244140625,4096
36901,40.99118012515828,48559345630,7.53716144829363,242798,7.40960693359375,0.12755451469988,1,0.000244140625,4096
37001,41.099317958112806,48701834437,7.513036318772189,241965,7.384185791015625,0.1288505277565637,1,0.000244140625,4096
37101,41.20756150013767,48844963176,7.518587134698013,241891,7.381927490234375,0.13665964446363787,1,0.000244140625,4096
37201,41.31578400009312,48995440919,7.516325222089066,241250,7.36236572265625,0.1539594994328164,1,0.000244140625,4096
37301,41.424825167050585,49149492972,7.522024163737587,240453,7.338043212890625,0.1839809508469621,1,0.000244140625,4096
37401,41.5332507500425,49302280439,7.513404130682087,239648,7.3134765625,0.1999275681820869,1,0.000244140625,4096
37501,41.64416275010444,49457961938,7.507795599258904,239010,7.29400634765625,0.2137892516026536,1,0.000244140625,4096
37601,41.75577725004405,49616074281,7.516437845148946,239424,7.306640625,0.2097972201489462,1,0.000244140625,4096
37701,41.864063792163506,49774895469,7.52625189365463,240760,7.347412109375,0.17883978427962965,1,0.000244140625,4096
37801,41.97243445808999,49932467910,7.5237582033479296,240794,7.34844970703125,0.17530849631667955,1,0.000244140625,4096
37901,42.08111337502487,50090952020,7.522782093472761,241627,7.373870849609375,0.1489112438633864,1,0.000244140625,4096
38001,42.19334429199807,50249765669,7.527865471893584,241965,7.384185791015625,0.14367968087795902,1,0.000244140625,4096
38101,42.30534662515856,50407232879,7.5212677172460145,242242,7.39263916015625,0.1286285570897645,1,0.000244140625,4096
38201,42.41128129209392,50560686999,7.515301710718914,241144,7.359130859375,0.15617085134391395,1,0.000244140625,4096
38301,42.52226187498309,50711529229,7.512734117057073,241653,7.374664306640625,0.1380698104164484,1,0.000244140625,4096
38401,42.62929075001739,50862095837,7.496683544852896,241060,7.3565673828125,0.14011616204039612,1,0.000244140625,4096
38501,42.7407742079813,51016074390,7.494741269234824,240802,7.34869384765625,0.1460474215785741,1,0.000244140625,4096
38601,42.850719457957894,51173345783,7.484832577286096,240926,7.35247802734375,0.1323545499423462,1,0.000244140625,4096
38701,42.96440395805985,51334956806,7.47666308163169,239964,7.3231201171875,0.15354296444419013,1,0.000244140625,4096
38801,43.07508833310567,51495514789,7.452187476300667,238679,7.283905029296875,0.1682824470037918,1,0.000244140625,4096
38901,43.1839238749817,51656819814,7.462436437101536,239275,7.302093505859375,0.1603429312421607,1,0.000244140625,4096
39001,43.29773341701366,51818709438,7.471903838522239,240041,7.325469970703125,0.14643386781911438,1,0.000244140625,4096
39101,43.409451500047,51984760465,7.477928298489035,240180,7.3297119140625,0.14821638442653473,1,0.000244140625,4096
39201,43.52412229217589,52147549111,7.470330884119271,240023,7.324920654296875,0.14541022982239582,1,0.000244140625,4096
39301,43.636719833128154,52311906337,7.4596586501745765,239577,7.311309814453125,0.14834883572145152,1,0.000244140625,4096
39401,43.750731542008,52479760669,7.458802511342171,239506,7.30914306640625,0.14965944493592076,1,0.000244140625,4096
39501,43.86373004200868,52645122639,7.465110919668955,239620,7.3126220703125,0.15248884935645535,1,0.000244140625,4096
39601,43.97785333311185,52808170085,7.467401837873129,240367,7.335418701171875,0.13198313670125383,1,0.000244140625,4096
39701,44.09005783312023,52967991834,7.467263033485121,240285,7.332916259765625,0.13434677371949633,1,0.000244140625,4096
39801,44.19985566707328,53128175511,7.4668814844457545,240370,7.33551025390625,0.1313712305395045,1,0.000244140625,4096
39901,44.308947208104655,53290171542,7.48719991522534,241252,7.3624267578125,0.12477315741284034,1,0.000244140625,4096
40001,44.4210599581711,53451328789,7.476545093754663,241502,7.37005615234375,0.10648894141091336,1,0.000244140625,4096
40101,44.53191124997102,53613134247,7.492183043352191,241610,7.37335205078125,0.11883099257094099,1,0.000244140625,4096
40201,44.64312558295205,53765607364,7.486989041812182,241539,7.371185302734375,0.11580373907780661,1,0.000244140625,4096
40301,44.7486611250788,53914857282,7.478615769682523,241024,7.35546875,0.12314701968252262,1,0.000244140625,4096
40401,44.859074250096455,54066782258,7.477726563259245,241522,7.37066650390625,0.10706005935299512,1,0.000244140625,4096
40501,44.96710537513718,54218809678,7.486635409762291,241800,7.379150390625,0.10748501913729136,1,0.000244140625,4096
40601,45.078225875040516,54371534280,7.49381632428633,242244,7.3927001953125,0.10111612897383004,1,0.000244140625,4096
40701,45.18492016708478,54521375723,7.498333325535096,242486,7.40008544921875,0.09824787631634635,1,0.000244140625,4096
40801,45.293822792125866,54669262479,7.507292783545661,242399,7.397430419921875,0.10986236362378587,1,0.000244140625,4096
40901,45.40373562509194,54817394520,7.519745959812866,242998,7.41571044921875,0.10403551059411598,1,0.000244140625,4096
41001,45.511598125100136,54964837453,7.518896559866866,242989,7.415435791015625,0.10346076885124056,1,0.000244140625,4096
41101,45.6161219580099,55108455865,7.527545629818174,243667,7.436126708984375,0.09141892083379943,1,0.000244140625,4096
41201,45.71880100015551,55248479762,7.535991734184323,244504,7.461669921875,0.07432181230932322,1,0.000244140625,4096
41301,45.825306833023205,55390038440,7.536898911610272,244034,7.44732666015625,0.08957225145402159,1,0.000244140625,4096
41401,45.92908937507309,55532378982,7.5341795158641895,243715,7.437591552734375,0.09658796312981455,1,0.000244140625,4096
41501,46.038176083005965,55678412247,7.536037869624476,243561,7.432891845703125,0.10314602392135086,1,0.000244140625,4096
41601,46.14468041714281,55822837531,7.533017110563778,243514,7.43145751953125,0.10155959103252776,1,0.000244140625,4096
41701,46.25240350002423,55968511972,7.540533646763096,243686,7.43670654296875,0.10382710379434634,1,0.000244140625,4096
41801,46.35812812508084,56111543922,7.526840439083932,243331,7.425872802734375,0.10096763634955686,1,0.000244140625,4096
41901,46.464561000000685,56251551006,7.533283182680759,243540,7.4322509765625,0.10103220611825936,1,0.000244140625,4096
42001,46.57228279206902,56391933626,7.523857125412258,243416,7.428466796875,0.09539032853725793,1,0.000244140625,4096
42101,46.67969087511301,56534735750,7.517697414068108,242710,7.40692138671875,0.11077602734935788,1,0.000244140625,4096
42201,46.78663633298129,56678948233,7.513032460101234,242700,7.4066162109375,0.10641624916373438,1,0.000244140625,4096
42301,46.89404066698626,56821129253,7.517593388527866,242626,7.40435791015625,0.11323547837161563,1,0.000244140625,4096
42401,46.99934841715731,56963772833,7.522391077615341,243402,7.42803955078125,0.09435152683409065,1,0.000244140625,4096
42501,47.105951625155285,57109836243,7.524318301732426,243440,7.42919921875,0.09511908298242577,1,0.000244140625,4096
42601,47.212993167107925,57254474950,7.531710232799018,242043,7.386566162109375,0.14514407068964275,1,0.000244140625,4096
42701,47.32242375006899,57402119059,7.5295830061675355,242133,7.389312744140625,0.1402702620269105,1,0.000244140625,4096
42801,47.430471792118624,57547778893,7.527341121137436,241410,7.36724853515625,0.16009258598118592,1,0.000244140625,4096
42901,47.54037820803933,57693021656,7.518996809939902,240817,7.349151611328125,0.16984519861177727,1,0.000244140625,4096
43001,47.64745279215276,57841019742,7.50938738721336,241437,7.368072509765625,0.1413148774477353,1,0.000244140625,4096
43101,47.755171083146706,57989962995,7.503874053880589,241086,7.35736083984375,0.1465132140368386,1,0.000244140625,4096
43201,47.864254750078544,58140846912,7.4894680141907255,239282,7.30230712890625,0.1871608852844755,1,0.000244140625,4096
43301,47.9719967499841,58291126349,7.50276891806909,239270,7.30194091796875,0.20082800010033974,1,0.000244140625,4096
43401,48.079529208131135,58436260420,7.516419506966147,240046,7.32562255859375,0.19079694837239725,1,0.000244140625,4096
43501,48.18604158307426,58580180471,7.5278357328933145,240497,7.339385986328125,0.18844974656518954,1,0.000244140625,4096
43601,48.2917520001065,58723091965,7.541078116039278,241084,7.3572998046875,0.18377831135177836,1,0.000244140625,4096
43701,48.39848733297549,58865079725,7.5480094260254225,241319,7.364471435546875,0.18353799047854746,1,0.000244140625,4096
43801,48.50436416710727,59007341116,7.543448265951077,241170,7.35992431640625,0.18352394954482687,1,0.000244140625,4096
43901,48.60684695816599,59146235748,7.54173275190443,240812,7.3489990234375,0.19273372846692993,1,0.000244140625,4096
44001,48.71011579199694,59284626362,7.531504140947263,241003,7.354827880859375,0.17667626008788773,1,0.000244140625,4096
44101,48.815604583127424,59420205689,7.5412505033998105,241105,7.357940673828125,0.1833098295716855,1,0.000244140625,4096
44201,48.92047329200432,59558007069,7.515237350260283,239917,7.321685791015625,0.19355155924465794,1,0.000244140625,4096
44301,49.028866542037576,59697208406,7.507612442775324,239936,7.322265625,0.1853468177753239,1,0.000244140625,4096
44401,49.132176333107054,59836464303,7.510676088985825,239426,7.30670166015625,0.20397442882957506,1,0.000244140625,4096
44501,49.23615216696635,59975663659,7.508309579794734,239259,7.301605224609375,0.20670435518535868,1,0.000244140625,4096
44601,49.34331658296287,60113481521,7.518742215147606,239733,7.316070556640625,0.202671658506981,1,0.000244140625,4096
44701,49.45104362512939,60254563991,7.511884487741889,239365,7.304840087890625,0.20704439985126388,1,0.000244140625,4096
44801,49.55948141706176,60404832655,7.502950241771339,239600,7.31201171875,0.19093852302133918,1,0.000244140625,4096
44901,49.667176333023235,60554564985,7.511102287225706,239720,7.315673828125,0.1954284591007056,1,0.000244140625,4096
45001,49.77700745803304,60707870854,7.496075286586869,239621,7.312652587890625,0.18342269869624417,1,0.000244140625,4096
45101,49.88763058301993,60861450617,7.487958032838435,238695,7.284393310546875,0.20356472229155997,1,0.000244140625,4096
45201,50.00113745802082,61015697423,7.488633700853439,238827,7.288421630859375,0.20021206999406438,1,0.000244140625,4096
45301,50.11254833312705,61172827673,7.481487514506846,239488,7.30859375,0.17289376450684557,1,0.000244140625,4096
45401,50.22144191712141,61332424472,7.477337825651899,240112,7.32763671875,0.1497011069018992,1,0.000244140625,4096
45501,50.33451125002466,61493997808,7.491936204133795,240912,7.35205078125,0.13988542288379513,1,0.000244140625,4096
45601,50.44481079210527,61652854135,7.500936416445597,240858,7.35040283203125,0.1505335844143474,1,0.000244140625,4096
45701,50.55844066711143,61815044914,7.521031294454813,241370,7.36602783203125,0.15500346242356322,1,0.000244140625,4096
45801,50.67056666710414,61976430050,7.517517801569619,241490,7.36968994140625,0.14782786016336935,1,0.000244140625,4096
45901,50.78252970799804,62139226887,7.5211650315876515,241282,7.36334228515625,0.15782274643140148,1,0.000244140625,4096
46001,50.89317670813762,62298506191,7.538105123573445,241080,7.357177734375,0.18092738919844464,1,0.000244140625,4096
46101,51.00169787509367,62453308868,7.554625889542266,241587,7.372650146484375,0.18197574305789121,1,0.000244140625,4096
46201,51.112642667023465,62608105330,7.55735329406715,241647,7.374481201171875,0.18287209289527517,1,0.000244140625,4096
46301,51.22417875006795,62767502364,7.553721635820807,241282,7.36334228515625,0.19037935066455702,1,0.000244140625,4096
46401,51.336925875162706,62928574673,7.5458387669100695,241361,7.365753173828125,0.1800855930819445,1,0.000244140625,4096
46501,51.44746829196811,63085977319,7.547836603597494,241974,7.38446044921875,0.16337615437874398,1,0.000244140625,4096
46601,51.5574353330303,63240225913,7.552925789852143,242288,7.39404296875,0.1588828211021429,1,0.000244140625,4096
46701,51.666772291995585,63386026375,7.556066095978369,242970,7.41485595703125,0.14121013894711876,1,0.000244140625,4096
46801,51.772931582992896,63529826584,7.544143286171016,242748,7.4080810546875,0.13606223148351582,1,0.000244140625,4096
46901,51.87752554216422,63670396409,7.53766908755049,241960,7.384033203125,0.1536358844254897,1,0.000244140625,4096
47001,51.9844042500481,63810218115,7.546782808477643,242192,7.39111328125,0.15566952722764338,1,0.000244140625,4096
47101,52.091601124964654,63954767071,7.545382013874145,242749,7.408111572265625,0.13727044160852042,1,0.000244140625,4096
47201,52.200940374983475,64100354753,7.534296028956883,242657,7.405303955078125,0.12899207387875844,1,0.000244140625,4096
47301,52.30475479201414,64246846470,7.539729139673232,242660,7.4053955078125,0.13433363186073244,1,0.000244140625,4096
47401,52.416249291971326,64394954808,7.544187148116084,242844,7.4110107421875,0.13317640592858382,1,0.000244140625,4096
47501,52.525430417153984,64543734611,7.5371511088564755,242899,7.412689208984375,0.12446189987210055,1,0.000244140625,4096
47601,52.633286291966215,64692029127,7.526774448193686,243274,7.42413330078125,0.10264114741243624,2,0.00048828125,4095
47701,52.7416392499581,64831532335,7.53391888966994,244310,7.45574951171875,0.07816937795119028,1,0.000244140625,4096
47801,52.844723500078544,64967519114,7.530077757169321,243746,7.43853759765625,0.09154015951307137,1,0.000244140625,4096
47901,52.947555042104796,65096829769,7.528957096653572,243735,7.438201904296875,0.09075519235669738,1,0.000244140625,4096
48001,53.050531417131424,65225441730,7.541034655211003,244304,7.45556640625,0.08546824896100258,1,0.000244140625,4096
48101,53.15446470817551,65355603545,7.544893376423809,244525,7.462310791015625,0.08258258540818364,1,0.000244140625,4096
48201,53.25797045812942,65484257054,7.554427385647561,245497,7.491973876953125,0.062453508694436444,1,0.000244140625,4096
48301,53.36091325012967,65609606351,7.547387083732513,245397,7.488922119140625,0.05846496459188799,1,0.000244140625,4096
48401,53.46553962514736,65737161114,7.552239051539026,244998,7.47674560546875,0.07549344607027564,1,0.000244140625,4096
48501,53.566529792035,65865426604,7.5555073548535985,245022,7.47747802734375,0.07802932750984848,1,0.000244140625,4096
48601,53.669550999999046,65993455601,7.53986311892821,243670,7.43621826171875,0.10364485720945993,1,0.000244140625,4096
48701,53.76986045809463,66120489381,7.548886955673855,244891,7.473480224609375,0.07540673106448015,1,0.000244140625,4096
48801,53.86980066704564,66243538832,7.552954555311233,244789,7.470367431640625,0.08258712367060816,1,0.000244140625,4096
48901,53.97336587496102,66367914885,7.5621324323114365,245265,7.484893798828125,0.0772386334833115,1,0.000244140625,4096
49001,54.07527487515472,66490352489,7.549337229755928,244900,7.4737548828125,0.07558234694342758,1,0.000244140625,4096
49101,54.17748449998908,66611785606,7.540609229757185,244449,7.459991455078125,0.08061777467905973,1,0.000244140625,4096
49201,54.279412667034194,66735429953,7.537772055270713,239956,7.3228759765625,0.2148960787082128,2,0.00048828125,4095
49301,54.381370207993314,66863239330,7.504483215895203,237665,7.252960205078125,0.2515230108170776,1,0.000244140625,4096
49401,54.48292900016531,66995631813,7.509461676855952,239342,7.30413818359375,0.20532349326220167,1,0.000244140625,4096
49501,54.58863891707733,67131402393,7.515953629043157,240671,7.344696044921875,0.17125758412128178,1,0.000244140625,4096
49601,54.6953661669977,67273067715,7.507806216503482,240922,7.35235595703125,0.15545025947223223,1,0.000244140625,4096
49701,54.801899207988754,67420503899,7.512827456444049,241440,7.3681640625,0.14466339394404937,1,0.000244140625,4096
49801,54.90894837514497,67569852888,7.517090465742429,241481,7.369415283203125,0.14767518253930412,1,0.000244140625,4096
49901,55.01974750007503,67716245226,7.512528591383248,241109,7.358062744140625,0.1544658472426228,1,0.000244140625,4096
50001,55.12870120815933,67864836361,7.512442243112713,241484,7.3695068359375,0.14293540717521314,1,0.000244140625,4096
50101,55.235679417150095,68012820293,7.505737200998129,241482,7.36944580078125,0.13629140021687913,1,0.000244140625,4096
50201,55.33880712511018,68158399164,7.503373239726612,241568,7.3720703125,0.13130292722661174,1,0.000244140625,4096
50301,55.44566545798443,68302570381,7.506483411668576,241551,7.371551513671875,0.1349318979967009,1,0.000244140625,4096
50401,55.55267483298667,68442859761,7.5048349229761255,241852,7.3807373046875,0.12409761828862553,1,0.000244140625,4096
50501,55.659063125029206,68583445842,7.516248908095479,242323,7.395111083984375,0.12113782411110385,1,0.000244140625,4096
50601,55.76450537517667,68721289678,7.5079620848402975,241789,7.378814697265625,0.12914738757467248,1,0.000244140625,4096
50701,55.869442166993394,68859486912,7.516223665635748,242062,7.38714599609375,0.1290776695419984,1,0.000244140625,4096
50801,55.974572957959026,68995712428,7.5145832795598055,241460,7.3687744140625,0.14580886549730554,1,0.000244140625,4096
50901,56.082298417109996,69133993341,7.505647172325468,241107,7.358001708984375,0.1476454633410933,1,0.000244140625,4096
51001,56.18943762499839,69275147449,7.5011866389184,241008,7.35498046875,0.14620617016839965,1,0.000244140625,4096
51101,56.293906416976824,69409513268,7.487616271487393,240160,7.3291015625,0.15851470898739262,1,0.000244140625,4096
51201,56.40053950017318,69548467542,7.485965021491985,240437,7.337554931640625,0.14841008985136028,1,0.000244140625,4096
51301,56.50765062496066,69692326874,7.479513182552254,240586,7.34210205078125,0.13741113177100406,1,0.000244140625,4096
51401,56.61454387498088,69832795279,7.481874047593314,240932,7.3526611328125,0.12921291478081365,1,0.000244140625,4096
51501,56.72004762501456,69969856557,7.47480235826887,241308,7.3641357421875,0.11066661608137007,1,0.000244140625,4096
51601,56.82472304208204,70106127223,7.479616582896279,241683,7.375579833984375,0.10403674891190384,1,0.000244140625,4096
51701,56.92983941710554,70244567173,7.485995277231127,242510,7.40081787109375,0.0851774061373769,1,0.000244140625,4096
51801,57.03637300012633,70382273239,7.494079206603369,242434,7.39849853515625,0.09558067144711924,1,0.000244140625,4096
51901,57.14101124997251,70517916346,7.484787043835379,242050,7.38677978515625,0.09800725867912874,1,0.000244140625,4096
52001,57.24377354211174,70649243001,7.490459308964712,241881,7.381622314453125,0.10883699451158702,1,0.000244140625,4096
52101,57.34852062514983,70781464457,7.484819011291459,242060,7.3870849609375,0.09773405035395921,1,0.000244140625,4096
52201,57.45266175013967,70914042948,7.486199807820016,242269,7.393463134765625,0.09273667305439126,1,0.000244140625,4096
52301,57.55773683311418,71043718416,7.496498013516566,242403,7.397552490234375,0.09894552328219142,1,0.000244140625,4096
52401,57.66212454205379,71174533741,7.504344706075685,242208,7.3916015625,0.11274314357568471,1,0.000244140625,4096
52501,57.76683504204266,71305591748,7.500071278824459,242454,7.39910888671875,0.10096239210570879,1,0.000244140625,4096
52601,57.868409750051796,71433578893,7.499965258301442,241550,7.37152099609375,0.128444262207692,1,0.000244140625,4096
52701,57.97362312511541,71563193831,7.507736937666318,241823,7.379852294921875,0.12788464274444333,1,0.000244140625,4096
52801,58.080757749965414,71693457092,7.504592177519654,242165,7.390289306640625,0.1143028708790288,1,0.000244140625,4096
52901,58.178839250002056,71821612724,7.4946363914609115,242301,7.394439697265625,0.10019669419528654,1,0.000244140625,4096
53001,58.281756500015035,71950400229,7.504713645771247,242056,7.386962890625,0.11775075514624689,1,0.000244140625,4096
53101,58.384210125077516,72076969642,7.508567242460915,242250,7.39288330078125,0.11568394167966467,1,0.000244140625,4096
53201,58.483273416990414,72198767470,7.508921490769591,241653,7.374664306640625,0.13425718412896614,1,0.000244140625,4096
53301,58.58492979197763,72319123948,7.5153787908929175,242210,7.39166259765625,0.1237161932366675,1,0.000244140625,4096
53401,58.687050458043814,72443188479,7.49366255685524,241602,7.37310791015625,0.12055464669898974,1,0.000244140625,4096
53501,58.78994904202409,72567318816,7.469086622883843,241027,7.355560302734375,0.11352632014946806,1,0.000244140625,4096
53601,58.89051241707057,72688003924,7.479411498490283,241568,7.3720703125,0.10734118599028264,1,0.000244140625,4096
53701,58.99271945795044,72814628771,7.4722238605120594,240989,7.354400634765625,0.11782322574643445,1,0.000244140625,4096
53801,59.09598208311945,72941432456,7.47613574242581,241470,7.36907958984375,0.10705615258205992,1,0.000244140625,4096
53901,59.199549542041495,73069035098,7.462976717009925,240420,7.3370361328125,0.1259405841974246,1,0.000244140625,4096
54001,59.30192425008863,73196665262,7.475127870109558,241083,7.357269287109375,0.11785858300018326,1,0.000244140625,4096
54101,59.40636250004172,73323442667,7.50339255019672,242005,7.385406494140625,0.11798605605609502,1,0.000244140625,4096
54201,59.50891137495637,73447235097,7.49217366210689,240959,7.353485107421875,0.1386885546850154,1,0.000244140625,4096
54301,59.61170187499374,73570884350,7.481931840725984,240911,7.352020263671875,0.12991157705410927,1,0.000244140625,4096
54401,59.71541529195383,73694144251,7.480181283733365,241347,7.365325927734375,0.11485535599898977,1,0.000244140625,4096
54501,59.81937679206021,73819108726,7.472499051965642,241265,7.362823486328125,0.10967556563751657,1,0.000244140625,4096
54601,59.92128450004384,73942827670,7.468694291632071,241193,7.360626220703125,0.10806807092894566,1,0.000244140625,4096
54701,60.02094137505628,74063900535,7.471827406070815,241730,7.37701416015625,0.09481324591456541,1,0.000244140625,4096
54801,60.12541116704233,74182909975,7.4876552508558385,242433,7.398468017578125,0.0891872332777135,1,0.000244140625,4096
54901,60.225236875005066,74303351188,7.470376825672056,241577,7.372344970703125,0.09803185496893096,1,0.000244140625,4096
55001,60.327519917162135,74422831329,7.474099214264063,241774,7.37835693359375,0.0957422806703132,1,0.000244140625,4096
55101,60.42999341711402,74544276047,7.476318425800392,241568,7.3720703125,0.1042481133003923,1,0.000244140625,4096
55201,60.53431983315386,74670094636,7.485707470878133,241916,7.3826904296875,0.1030170411906326,1,0.000244140625,4096
55301,60.63728870800696,74797840271,7.476597563365095,241571,7.372161865234375,0.10443569813071996,1,0.000244140625,4096
55401,60.74182916712016,74924788014,7.461029249134507,240676,7.3448486328125,0.11618061632200671,1,0.000244140625,4096
55501,60.844421833055094,75054427043,7.470383476446366,241104,7.35791015625,0.11247332019636591,1,0.000244140625,4096
55601,60.94902633316815,75185152051,7.446673529591669,239499,7.308929443359375,0.13774408623229384,2,0.00048828125,4095
55701,61.05184620805085,75314589877,7.467108271811971,240077,7.326568603515625,0.1405396682963458,1,0.000244140625,4096
55801,61.15444379206747,75446069910,7.453968033557068,239107,7.296966552734375,0.15700148082269294,1,0.000244140625,4096
55901,61.25849987496622,75576701469,7.459151535981383,239687,7.314666748046875,0.14448478793450814,1,0.000244140625,4096
56001,61.36374012497254,75707691064,7.454558363070776,239148,7.2982177734375,0.15634058963327568,1,0.000244140625,4096
56101,61.46925216703676,75837538748,7.468294125159776,238865,7.289581298828125,0.1787128263316511,1,0.000244140625,4096
56201,61.57036320795305,75962724656,7.486989073780927,240110,7.32757568359375,0.1594133901871766,1,0.000244140625,4096
56301,61.67086350009777,76081866825,7.471867954236659,240000,7.32421875,0.14764920423665906,1,0.000244140625,4096
56401,61.77008954202756,76198205469,7.4636150411851805,239438,7.30706787109375,0.1565471700914305,1,0.000244140625,4096
56501,61.87071054195985,76316822400,7.485496607564246,240628,7.3433837890625,0.1421128185017464,1,0.000244140625,4096
56601,61.969827624969184,76435690558,7.490924648865863,241040,7.35595703125,0.13496761761586296,1,0.000244140625,4096
56701,62.06726504210383,76551311460,7.479845835281724,240914,7.35211181640625,0.12773401887547386,1,0.000244140625,4096
56801,62.168419333174825,76666800209,7.478189859803333,240236,7.3314208984375,0.14676896136583295,1,0.000244140625,4096
56901,62.270393083104864,76784379028,7.486473259616267,241248,7.3623046875,0.1241685721162673,1,0.000244140625,4096
57001,62.37211654195562,76900399238,7.49122399795816,241279,7.363250732421875,0.1279732655362853,1,0.000244140625,4096
57101,62.47333641699515,77020048765,7.497718863948737,241281,7.363311767578125,0.13440709637061232,1,0.000244140625,4096
57201,62.574650916969404,77143675683,7.504973086388041,241712,7.37646484375,0.12850824263804128,1,0.000244140625,4096
57301,62.67859124997631,77268978230,7.511340294185359,242147,7.389739990234375,0.12160030395098431,1,0.000244140625,4096
57401,62.779514000052586,77395882586,7.50550024938924,241496,7.369873046875,0.13562720251424043,1,0.000244140625,4096
57501,62.88212479208596,77522006584,7.517908971447584,242563,7.402435302734375,0.11547366871320897,1,0.000244140625,4096
57601,62.985309875104576,77648705459,7.523424703638469,242816,7.41015625,0.11326845363846871,1,0.000244140625,4096
57701,63.08768504206091,77777968167,7.5238928388741435,243177,7.421173095703125,0.10271974317101851,1,0.000244140625,4096
57801,63.19060770818032,77910512282,7.53576505886109,243487,7.430633544921875,0.10513151393921483,1,0.000244140625,4096
57901,63.29343775007874,78041972604,7.546190520102921,243614,7.43450927734375,0.1116812427591709,1,0.000244140625,4096
58001,63.39582204213366,78171653968,7.531801498093028,242878,7.41204833984375,0.1197531582492779,1,0.000244140625,4096
58101,63.49885675008409,78301056261,7.517031059694395,242262,7.39324951171875,0.12378154797564456,1,0.000244140625,4096
58201,63.6020340831019,78431068285,7.513266282054444,242309,7.394683837890625,0.11858244416381858,1,0.000244140625,4096
58301,63.70357754197903,78562640838,7.516220432880321,241431,7.367889404296875,0.1483310285834456,1,0.000244140625,4096
58401,63.8063426669687,78696297195,7.53580581637052,242201,7.391387939453125,0.14441787691739538,1,0.000244140625,4096
58501,63.90780737507157,78825572922,7.523214004017997,240839,7.349822998046875,0.1733910059711219,1,0.000244140625,4096
58601,64.0114776249975,78954515151,7.514819768397858,240082,7.32672119140625,0.18809857699160837,1,0.000244140625,4096
58701,64.11653525009751,79085775225,7.51155324292351,240634,7.34356689453125,0.1679863483922599,1,0.000244140625,4096
58801,64.22000812506303,79215379080,7.514072609128435,240954,7.35333251953125,0.16074008959718533,1,0.000244140625,4096
58901,64.32288629212417,79340301272,7.520509197507174,241584,7.37255859375,0.14795060375717384,1,0.000244140625,4096
59001,64.4251792919822,79461067413,7.531465746206603,242356,7.3961181640625,0.13534758214410303,1,0.000244140625,4096
59101,64.52767212502658,79578803080,7.524619035994337,242497,7.400421142578125,0.12419789341621179,1,0.000244140625,4096
59201,64.62846133299172,79694946680,7.517148435639484,242573,7.402740478515625,0.1144079571238592,1,0.000244140625,4096
59301,64.72688287496567,79813786918,7.521453395065517,242379,7.396820068359375,0.12463332670614236,1,0.000244140625,4096
59401,64.82803725008853,79931126229,7.517853248008873,242372,7.3966064453125,0.12124680269637267,1,0.000244140625,4096
59501,64.92903354205191,80049084726,7.51329945485662,241963,7.384124755859375,0.12917469899724487,1,0.000244140625,4096
59601,65.03089683316648,80172683311,7.522110357747029,242590,7.40325927734375,0.11885108040327896,1,0.000244140625,4096
59701,65.13405208312906,80295422887,7.538344719952422,243413,7.428375244140625,0.10996947581179661,1,0.000244140625,4096
59801,65.23237250000238,80418134958,7.53959947841599,243831,7.441131591796875,0.09846788661911532,1,0.000244140625,4096
59901,65.33102300018072,80538259033,7.544768239499113,243652,7.4356689453125,0.10909929418661335,1,0.000244140625,4096
60001,65.43248170800507,80658371320,7.555511258293972,243905,7.443389892578125,0.11212136571584708,1,0.000244140625,4096
60101,65.53192854207009,80778778096,7.5526499410284575,243779,7.439544677734375,0.11310526329408255,1,0.000244140625,4096
60201,65.63295600004494,80900051534,7.559813131032437,243963,7.445159912109375,0.11465321892306157,1,0.000244140625,4096
60301,65.73292587511241,81019976572,7.5365656346770225,242960,7.41455078125,0.12201485342702245,1,0.000244140625,4096
60401,65.83380008302629,81145873470,7.5289668022274165,242800,7.40966796875,0.11929883347741654,1,0.000244140625,4096
60501,65.93624783307314,81274346138,7.522445897636098,242390,7.39715576171875,0.12529013591734817,1,0.000244140625,4096
60601,66.04106370802037,81407174652,7.5084800705982815,241830,7.38006591796875,0.1284141526295315,1,0.000244140625,4096
60701,66.1463078330271,81538250976,7.520136344121375,241961,7.384063720703125,0.13607262341824988,1,0.000244140625,4096
60801,66.25086325011216,81667743577,7.519746133852754,242017,7.385772705078125,0.13397342877462926,1,0.000244140625,4096
60901,66.35406416701153,81795698212,7.519127802152907,241969,7.384307861328125,0.13481994082478188,1,0.000244140625,4096
61001,66.45590325002559,81920683907,7.5315886320436105,242575,7.402801513671875,0.1287871183717355,1,0.000244140625,4096
61101,66.55694449995644,82049071354,7.524770057163046,242623,7.404266357421875,0.12050369974117103,1,0.000244140625,4096
61201,66.65990033303387,82180167376,7.518986651972439,243066,7.41778564453125,0.10120100744118865,1,0.000244140625,4096
61301,66.76212512515485,82311231973,7.523052824227281,243080,7.418212890625,0.10483993360228094,1,0.000244140625,4096
61401,66.86556700011715,82446128458,7.52899267205777,243346,7.42633056640625,0.10266210565152001,1,0.000244140625,4096
61501,66.97216004203074,82587020462,7.533299011648405,242908,7.4129638671875,0.12033514446090532,1,0.000244140625,4096
61601,67.07789370813407,82729434190,7.541024678397761,242463,7.399383544921875,0.14164113347588625,1,0.000244140625,4096
61701,67.18553212517872,82874613419,7.53057615074607,241577,7.372344970703125,0.15823118004294479,1,0.000244140625,4096
61801,67.29208437516354,83023317292,7.5214341042833635,241347,7.365325927734375,0.15610817654898845,1,0.000244140625,4096
61901,67.40036595799029,83173574456,7.514970546676688,241638,7.37420654296875,0.14076400370793785,1,0.000244140625,4096
62001,67.50962879206054,83321824624,7.5145803440120655,241561,7.371856689453125,0.14272365455894054,1,0.000244140625,4096
62101,67.61589104216546,83466413726,7.511641916348894,241267,7.362884521484375,0.14875739486451867,1,0.000244140625,4096
62201,67.7231839580927,83609017357,7.513486393718358,242224,7.39208984375,0.1213965499683578,1,0.000244140625,4096
62301,67.83144316705875,83747101726,7.5180971693761425,242812,7.4100341796875,0.10806298968864247,1,0.000244140625,4096
62401,67.93430366716348,83882181606,7.505117181624296,242631,7.404510498046875,0.10060668357742131,1,0.000244140625,4096
62501,68.03925154195167,84014703467,7.506971793806588,242312,7.394775390625,0.11219640318158763,1,0.000244140625,4096
62601,68.14218766707927,84144190078,7.491943714611038,242196,7.3912353515625,0.10070836304853792,1,0.000244140625,4096
62701,68.246382500045,84275915449,7.49322671646255,242300,7.3944091796875,0.09881753677504967,1,0.000244140625,4096
62801,68.35220208298415,84413135021,7.480471971395206,242163,7.390228271484375,0.0902436999108307,1,0.000244140625,4096
62901,68.45878291712143,84551496742,7.470746862513342,242062,7.38714599609375,0.08360086641959175,1,0.000244140625,4096
63001,68.56610883306712,84692124287,7.473498566793034,240984,7.354248046875,0.11925051991803404,1,0.000244140625,4096
63101,68.6729736670386,84834352872,7.476033405242133,241159,7.359588623046875,0.11644478219525833,1,0.000244140625,4096
63201,68.77964212512597,84978594917,7.481872231434837,241613,7.373443603515625,0.1084286279192117,1,0.000244140625,4096
63301,68.88661583303474,85123650225,7.473618019359854,241570,7.37213134765625,0.10148667170360426,1,0.000244140625,4096
63401,68.99487954215147,85272448680,7.463840078477514,241412,7.3673095703125,0.09653050816501363,1,0.000244140625,4096
63501,69.10671533294953,85420390949,7.468551183858828,241411,7.367279052734375,0.10127213112445332,1,0.000244140625,4096
63601,69.21055933297612,85565827102,7.481402625456528,241880,7.381591796875,0.09981082858152757,1,0.000244140625,4096
63701,69.324875124963,85728011171,7.186387356298072,179092,5.4654541015625,1.7209332547355718,31,0.007568359375,3926
63801,69.45864204200916,85940462097,6.306274706158938,98282,2.99932861328125,3.3069460928776877,35,0.008544921875,3757
63901,69.59820337500423,86168266459,6.187240628804952,88374,2.69696044921875,3.490280179586202,53,0.012939453125,3581
64001,69.75622287509032,86460550257,6.144105603744391,83685,2.553863525390625,3.590242078353766,31,0.007568359375,3614
64101,69.89503870811313,86688174694,6.174213951633719,95308,2.9085693359375,3.2656446156962193,29,0.007080078125,3772
64201,70.0648108329624,87001395112,6.027765770485531,73265,2.235870361328125,3.791895409157406,110,0.02685546875,3249
64301,70.25421087513678,87384060270,5.974964887366477,76403,2.331634521484375,3.643330365882102,57,0.013916015625,3515
64401,70.40557866706513,87644725339,6.0271794818413404,86405,2.636871337890625,3.3903081439507154,33,0.008056640625,3636
64501,70.55315266712569,87892513610,6.039279219597728,86743,2.647186279296875,3.392092940300853,30,0.00732421875,3651
64601,70.71739487512968,88200538658,5.981423154610539,76297,2.328399658203125,3.653023496407414,67,0.016357421875,3449
64701,70.93375170812942,88680474854,5.919851915351137,65484,1.9984130859375,3.9214388294136366,69,0.016845703125,3039
64801,71.18398716696538,89229860373,5.877536662190694,66570,2.03155517578125,3.8459814864094444,47,0.011474609375,3306
64901,71.34901516698301,89536562855,5.942899290549176,77872,2.37646484375,3.5664344467991764,39,0.009521484375,3501
65001,71.55226237513125,89955568287,5.937336302690049,68881,2.102081298828125,3.835255003861924,65,0.015869140625,3188
65101,71.78213829197921,90445090122,5.879428766793576,70121,2.139923095703125,3.739505671090451,46,0.01123046875,3373
65201,71.98543141712435,90854958872,5.928974907349028,72773,2.220855712890625,3.708119194458403,73,0.017822265625,3263
65301,72.22115483297966,91378155990,5.838235406343899,67859,2.070892333984375,3.767343072359524,42,0.01025390625,3152
65401,72.41591270803474,91760204934,5.885399465691601,82019,2.503021240234375,3.3823782254572263,64,0.015625,3519
65501,72.577847042121,92044249202,5.98317308067271,91885,2.804107666015625,3.179065414657085,28,0.0068359375,3517
65601,72.72656300012022,92280257444,5.970609952941574,94312,2.878173828125,3.092436124816574,35,0.008544921875,3636
65701,72.89630520809442,92586026252,5.906999778071485,81458,2.48590087890625,3.4210988991652354,36,0.0087890625,3580
65801,73.0773196250666,92923154828,5.955470620003908,78166,2.38543701171875,3.570033608285158,28,0.0068359375,3442
65901,73.26769279199652,93305199961,5.960098584354627,77888,2.376953125,3.5831454593546272,28,0.0068359375,3490
66001,73.457818957977,93668945128,5.954710211537387,71933,2.195220947265625,3.759489264271762,33,0.008056640625,3393
66101,73.63806129200384,94006725474,5.880946494454831,79697,2.432159423828125,3.4487870706267056,38,0.00927734375,3664
66201,73.7756658331491,94217158422,5.938319080184367,94158,2.87347412109375,3.0648449590906166,27,0.006591796875,3877
66301,73.89160766708665,94357819241,6.082579894587413,110784,3.380859375,2.701720519587413,18,0.00439453125,3942
66401,73.99167437502183,94440305948,6.318123869762655,144441,4.407989501953125,1.9101343678095297,2,0.00048828125,4095
66501,74.08836491708644,94522493640,6.562931597426574,171038,5.21966552734375,1.3432660700828238,1,0.000244140625,4096
66601,74.18861495796591,94625003546,6.712858666241928,185157,5.650543212890625,1.062315453351303,1,0.000244140625,4096
66701,74.29551045806147,94748458980,6.8295875510254955,199732,6.0953369140625,0.7342506369629955,1,0.000244140625,4096
66801,74.40271150018089,94886245725,6.900841086615581,207827,6.342376708984375,0.5584643776312062,1,0.000244140625,4096
66901,74.50912191695534,95029009404,6.968193460427261,215266,6.56939697265625,0.39879648777101107,1,0.000244140625,4096
67001,74.62068833317608,95186609450,7.0176282089352515,218854,6.67889404296875,0.3387341659665015,1,0.000244140625,4096
67101,74.73770608310588,95352645259,7.077393413644902,222753,6.797882080078125,0.27951133356677715,1,0.000244140625,4096
67201,74.85271916701458,95529406813,7.108433093442314,224439,6.849334716796875,0.2590983766454391,1,0.000244140625,4096
67301,74.9736289170105,95717675017,7.1588738945736266,225905,6.894073486328125,0.26480040824550155,1,0.000244140625,4096
67401,75.09531787503511,95920860408,7.215044110036204,227919,6.955535888671875,0.25950822136432894,1,0.000244140625,4096
67501,75.22314870799892,96135698861,7.254346362270085,228912,6.98583984375,0.268506518520085,1,0.000244140625,4096
67601,75.35538412514143,96364544156,7.285452417577377,228607,6.976531982421875,0.3089204351555024,1,0.000244140625,4096
67701,75.48544275015593,96603790496,7.336792744429565,229797,7.012847900390625,0.3239448440389401,1,0.000244140625,4096
67801,75.61948245810345,96847993019,7.364234196888225,230664,7.039306640625,0.32492755626322456,1,0.000244140625,4096
67901,75.75195295806043,97093869081,7.384204298951373,231429,7.062652587890625,0.3215517110607484,1,0.000244140625,4096
68001,75.88837854214944,97350457824,7.390326180457661,230747,7.041839599609375,0.3484865808482862,1,0.000244140625,4096
68101,76.02397474995814,97609619556,7.404582417478874,231235,7.056732177734375,0.34785023974449913,1,0.000244140625,4096
68201,76.1612382081803,97865608977,7.410069025000524,232432,7.09326171875,0.31680730625052433,1,0.000244140625,4096
68301,76.29173337505199,98112051925,7.427027705177824,233403,7.122894287109375,0.3041334180684494,1,0.000244140625,4096
68401,76.42276766709983,98350814236,7.444254895245928,234587,7.159027099609375,0.285227795636553,1,0.000244140625,4096
68501,76.55026233312674,98587931208,7.463973148337406,235465,7.185821533203125,0.27815161513428066,1,0.000244140625,4096
68601,76.68305945815518,98820308511,7.472324158610965,236641,7.221710205078125,0.2506139535328398,1,0.000244140625,4096
68701,76.81193754216656,99049394148,7.479246622303256,237064,7.234619140625,0.24462748167825588,1,0.000244140625,4096
68801,76.93864179216325,99274469641,7.474345458791158,237784,7.256591796875,0.21775366191615841,1,0.000244140625,4096
68901,77.0672178750392,99502972963,7.473485052965918,238238,7.27044677734375,0.20303827562216803,1,0.000244140625,4096
69001,77.19564929208718,99729169114,7.489588335266184,238973,7.292877197265625,0.19671113800055906,1,0.000244140625,4096
69101,77.32583216717467,99958220946,7.49482273912887,238548,7.2799072265625,0.2149155125663702,1,0.000244140625,4096
69201,77.45327570801601,100180123237,7.491192621298879,238679,7.283905029296875,0.20728759200200386,1,0.000244140625,4096
69301,77.58324762503617,100401806448,7.487221738109001,238552,7.280029296875,0.20719244123400138,1,0.000244140625,4096
69401,77.71061845798977,100625939444,7.493969682742425,239432,7.306884765625,0.18708491711742514,1,0.000244140625,4096
69501,77.8395798751153,100847161279,7.4968553015552,239845,7.319488525390625,0.1773667761645754,1,0.000244140625,4096
69601,77.96703933295794,101067447624,7.489599926789778,239831,7.319061279296875,0.17053864749290337,1,0.000244140625,4096
69701,78.09271716699004,101287600481,7.5003770125618265,239828,7.3189697265625,0.18140728599932654,1,0.000244140625,4096
69801,78.21479650004767,101500871754,7.520915050182734,240953,7.353302001953125,0.16761304822960899,1,0.000244140625,4096
69901,78.33700208296068,101710381660,7.526657315313868,241599,7.373016357421875,0.1536409578919926,1,0.000244140625,4096
70001,78.46107995812781,101915181447,7.522214213833396,241277,7.363189697265625,0.15902451656777128,1,0.000244140625,4096
70101,78.5836820830591,102116462900,7.515483944723746,241263,7.362762451171875,0.15272149355187103,1,0.000244140625,4096
70201,78.70624570804648,102319131146,7.521657439589585,241652,7.3746337890625,0.14702365052708544,1,0.000244140625,4096
70301,78.8270818751771,102515922696,7.523179412554746,241930,7.38311767578125,0.14006173677349576,1,0.000244140625,4096
70401,78.94597216695547,102706535558,7.532054894292083,242064,7.38720703125,0.14484786304208264,1,0.000244140625,4096
70501,79.06487750005908,102895770121,7.546821834205459,242149,7.389801025390625,0.15702080881483393,1,0.000244140625,4096
70601,79.18292616703548,103091912330,7.537564040232702,241684,7.3756103515625,0.1619536886702022,1,0.000244140625,4096
70701,79.30327295814641,103284909738,7.549027521515554,242070,7.38739013671875,0.161637384796804,1,0.000244140625,4096
70801,79.42284200014547,103477144669,7.52936925153744,241717,7.376617431640625,0.15275181989681474,1,0.000244140625,4096
70901,79.5446645419579,103671628972,7.536609192388447,241679,7.375457763671875,0.16115142871657184,1,0.000244140625,4096
71001,79.66282266704366,103870294886,7.525983313716778,240792,7.348388671875,0.17759464184177798,1,0.000244140625,4096
71101,79.78106420813128,104067553930,7.539437286118857,241251,7.362396240234375,0.177041045884482,1,0.000244140625,4096
71201,79.90092091704719,104265180990,7.539303342695661,242083,7.387786865234375,0.1515164774612856,1,0.000244140625,4096
71301,80.02230845810845,104463368203,7.5393541231631325,242478,7.39984130859375,0.13951281456938247,1,0.000244140625,4096
71401,80.14363254210912,104662823801,7.535868299271701,242429,7.398345947265625,0.13752235200607643,1,0.000244140625,4096
71501,80.26411262503825,104860274617,7.547424821839697,243279,7.424285888671875,0.1231389331678221,1,0.000244140625,4096
71601,80.38405304215848,105060708451,7.553214216388717,243897,7.443145751953125,0.11006846443559226,1,0.000244140625,4096
71701,80.50664112507366,105264149240,7.554542166193074,243778,7.43951416015625,0.11502800603682406,1,0.000244140625,4096
71801,80.62662512506358,105467801436,7.54926641056087,242960,7.41455078125,0.13471562931087,1,0.000244140625,4096
71901,80.74821891705506,105674438161,7.549895899665705,242619,7.404144287109375,0.14575161255632985,1,0.000244140625,4096
72001,80.86894312500954,105881996332,7.525724489174478,240783,7.348114013671875,0.17761047550260312,1,0.000244140625,4096
72101,80.99165237508714,106088698188,7.516538283381514,240265,7.332305908203125,0.18423237517838942,1,0.000244140625,4096
72201,81.11271962500177,106290933307,7.502402851590397,240175,7.329559326171875,0.17284352541852233,1,0.000244140625,4096
72301,81.23579112510197,106491279124,7.506752617197425,240342,7.33465576171875,0.17209685547867526,1,0.000244140625,4096
72401,81.35728808306158,106694089784,7.505937253947574,240788,7.3482666015625,0.15767065238507438,1,0.000244140625,4096
72501,81.48134483303875,106895827942,7.508652481705202,241422,7.36761474609375,0.1410377356114516,1,0.000244140625,4096
72601,81.60324754216708,107095185414,7.501490865791133,241466,7.36895751953125,0.13253334625988256,1,0.000244140625,4096
72701,81.71801250008866,107293908102,7.502853624592429,242183,7.390838623046875,0.11201500154555433,1,0.000244140625,4096
72801,81.83971500000916,107492420363,7.502187101591207,242588,7.4031982421875,0.09898885940370672,1,0.000244140625,4096
72901,81.95865312498063,107685174995,7.504975304489705,242524,7.4012451171875,0.1037301873022054,1,0.000244140625,4096
73001,82.07691737497225,107876159031,7.514758168210685,242781,7.409088134765625,0.10567003344505999,1,0.000244140625,4096
73101,82.19090254209004,108066737719,7.515992496852636,242953,7.414337158203125,0.10165533864951115,1,0.000244140625,4096
73201,82.31040695798583,108253146195,7.527233956275351,243016,7.416259765625,0.11097419065035119,1,0.000244140625,4096
73301,82.43151654209942,108440810978,7.525331398471176,242393,7.397247314453125,0.1280840840180506,1,0.000244140625,4096
73401,82.54770816699602,108623421289,7.537769914265868,242724,7.4073486328125,0.1304212814533683,1,0.000244140625,4096
73501,82.66455654217862,108800500961,7.531919197768771,242560,7.40234375,0.1295754477687714,1,0.000244140625,4096
73601,82.78064916701987,108977893648,7.525515111215761,241485,7.369537353515625,0.15597775770013644,1,0.000244140625,4096
73701,82.89545129216276,109156690785,7.50782842655422,239062,7.29559326171875,0.21223516483547034,1,0.000244140625,4096
73801,83.00816995813511,109334424907,7.507835969189417,239954,7.32281494140625,0.18502102778316676,1,0.000244140625,4096
73901,83.12543687503785,109511708370,7.514525148676873,240859,7.350433349609375,0.16409179906749838,1,0.000244140625,4096
74001,83.23802375001833,109685288004,7.518644379525794,240976,7.35400390625,0.164640473275794,1,0.000244140625,4096
74101,83.35251662507653,109858416954,7.511360739213209,240368,7.33544921875,0.17591152046320868,1,0.000244140625,4096
74201,83.46790812513791,110032055211,7.499231425859364,240059,7.326019287109375,0.17321213874998875,1,0.000244140625,4096
74301,83.58141666697338,110200670223,7.485801888698642,239201,7.299835205078125,0.18596668362051716,1,0.000244140625,4096
74401,83.69397200015374,110366647046,7.494780606293309,239865,7.320098876953125,0.17468172934018433,1,0.000244140625,4096
74501,83.8072041249834,110536005919,7.489130502714606,239734,7.31610107421875,0.17302942849585623,1,0.000244140625,4096
74601,83.91837833309546,110706354877,7.492539186775101,240075,7.326507568359375,0.166031618415726,1,0.000244140625,4096
74701,84.02820683317259,110871053838,7.485185270500228,240080,7.32666015625,0.15852511425022797,1,0.000244140625,4096
74801,84.141451792093,111035772258,7.507721331813312,241409,7.367218017578125,0.14050331423518703,1,0.000244140625,4096
74901,84.25165091711096,111197109897,7.510637931223102,241435,7.368011474609375,0.1426264566137272,1,0.000244140625,4096
75001,84.36387445800938,111358100016,7.498565430108769,241037,7.355865478515625,0.1426999515931442,1,0.000244140625,4096
75101,84.47502391715534,111518847635,7.482363847672952,240391,7.336151123046875,0.1462127246260767,1,0.000244140625,4096
75201,84.58484354196116,111678628847,7.4734544980245925,240151,7.328826904296875,0.1446275937277175,1,0.000244140625,4096
75301,84.6956505831331,111834317185,7.482792453865006,240660,7.3443603515625,0.1384321023025059,1,0.000244140625,4096
75401,84.80726279201917,111991543876,7.472579441497256,240933,7.352691650390625,0.11988779110663117,1,0.000244140625,4096
75501,84.91909041698091,112148835833,7.477822692550326,241409,7.367218017578125,0.11060467497220117,1,0.000244140625,4096
75601,85.03093316708691,112307724882,7.465928030762267,241772,7.3782958984375,0.0876321323247673,1,0.000244140625,4096
75701,85.13933804212138,112463321984,7.479616194226153,242599,7.403533935546875,0.07608225867927843,1,0.000244140625,4096
75801,85.24974954198115,112617153251,7.483249724745912,243100,7.4188232421875,0.06442648255841199,1,0.000244140625,4096
75901,85.36054270807654,112773103985,7.479683925996902,241598,7.37298583984375,0.1066980861531519,1,0.000244140625,4096
76001,85.47282720799558,112932039164,7.478570053475796,241225,7.361602783203125,0.11696727027267073,1,0.000244140625,4096
76101,85.5869242080953,113096216819,7.483579371835833,241287,7.363494873046875,0.120084498788958,1,0.000244140625,4096
76201,85.69932170817629,113257349159,7.467192133020892,240958,7.35345458984375,0.11373754317714191,1,0.000244140625,4096
76301,85.81255783303641,113414159242,7.464805760404407,241213,7.361236572265625,0.10356918813878213,1,0.000244140625,4096
76401,85.92267750017345,113568673413,7.454555302522255,240863,7.350555419921875,0.10399988260038029,1,0.000244140625,4096
76501,86.03103900002316,113723402403,7.455959097186894,240803,7.348724365234375,0.10723473195251909,1,0.000244140625,4096
76601,86.14316545799375,113873971680,7.447713933327964,240282,7.33282470703125,0.11488922629671361,1,0.000244140625,4096
76701,86.25137845799327,114026073252,7.461328686077863,240876,7.3509521484375,0.11037653764036293,1,0.000244140625,4096
76801,86.35924308304675,114178794471,7.4706643478777135,241547,7.371429443359375,0.0992349045183385,1,0.000244140625,4096
76901,86.4667342081666,114335865006,7.474486645922582,241294,7.36370849609375,0.11077814982883183,1,0.000244140625,4096
77001,86.57542858296074,114487950529,7.492734370753929,241725,7.376861572265625,0.11587279848830434,1,0.000244140625,4096
77101,86.68546145805158,114641968772,7.477846196344709,241418,7.36749267578125,0.11035352056345893,1,0.000244140625,4096
77201,86.79445508308709,114793074307,7.488367280907829,241246,7.36224365234375,0.12612362856407877,1,0.000244140625,4096
77301,86.90408633300103,114947719826,7.477636987074197,240678,7.34490966796875,0.132727319105447,1,0.000244140625,4096
77401,87.01377041707747,115104967941,7.474223257236238,240465,7.338409423828125,0.13581383340811293,1,0.000244140625,4096
77501,87.12222404195927,115264547144,7.452432906877048,239247,7.301239013671875,0.15119389320517307,1,0.000244140625,4096
77601,87.23402179195546,115431870929,7.442590675043501,238690,7.28424072265625,0.15834995238725114,1,0.000244140625,4096
77701,87.34724150015973,115596501482,7.4287146021509995,238674,7.28375244140625,0.14496216074474955,1,0.000244140625,4096
77801,87.45953787514009,115761315160,7.4238129183300074,239037,7.294830322265625,0.12898259606438245,1,0.000244140625,4096
77901,87.5716585421469,115922418433,7.413673758628845,238794,7.28741455078125,0.12625920784759526,1,0.000244140625,4096
78001,87.68146129208617,116075071905,7.417436775503095,239346,7.30426025390625,0.11317652159684499,1,0.000244140625,4096
78101,87.79314587498084,116228039739,7.421148972640981,239889,7.320831298828125,0.10031767381285572,1,0.000244140625,4096
78201,87.90201595798135,116381237907,7.42340391593602,240341,7.334625244140625,0.08877867179539489,1,0.000244140625,4096
78301,88.01371066714637,116531197168,7.429458945662604,240701,7.345611572265625,0.08384737339697867,1,0.000244140625,4096
78401,88.12390270805918,116679207350,7.438109258084014,240857,7.350372314453125,0.08773694363088858,1,0.000244140625,4096
78501,88.23203383316286,116826019052,7.454074524056716,240905,7.351837158203125,0.10223736585359067,1,0.000244140625,4096
78601,88.33776012505405,116967481364,7.447073224955666,240565,7.341461181640625,0.10561204331504115,1,0.000244140625,4096
78701,88.44473808305338,117108992595,7.451204511101381,240720,7.34619140625,0.10501310485138138,1,0.000244140625,4096
78801,88.5531317081768,117248834431,7.450416832129028,240879,7.351043701171875,0.09937313095715261,1,0.000244140625,4096
78901,88.66079950006679,117388773202,7.44775640538064,241157,7.359527587890625,0.08822881749001521,1,0.000244140625,4096
79001,88.76569054205902,117525337285,7.451742091327856,241314,7.36431884765625,0.08742324367160581,1,0.000244140625,4096
79101,88.86984187504277,117663001447,7.452574960057558,241772,7.3782958984375,0.07427906162005815,1,0.000244140625,4096
79201,88.97460666717961,117802315367,7.463012507634511,241600,7.373046875,0.0899656326345113,1,0.000244140625,4096
79301,89.08108133310452,117944502717,7.4685401692650055,241903,7.382293701171875,0.08624646809313052,1,0.000244140625,4096
79401,89.18642812501639,118082716275,7.481422063985958,241932,7.3831787109375,0.0982433530484581,1,0.000244140625,4096
79501,89.28917208313942,118216676294,7.489534580412484,241235,7.361907958984375,0.1276266214281092,1,0.000244140625,4096
79601,89.39645816711709,118349531261,7.492181663272296,240587,7.342132568359375,0.15004909491292118,1,0.000244140625,4096
79701,89.50131891714409,118485364957,7.485423537201229,240529,7.340362548828125,0.14506098837310422,1,0.000244140625,4096
79801,89.60383379203267,118623691307,7.4832608646435315,239721,7.315704345703125,0.16755651894040646,1,0.000244140625,4096
79901,89.70926662511192,118761023926,7.4704700117898994,239425,7.306671142578125,0.16379886921177444,1,0.000244140625,4096
80001,89.81550425011665,118903673685,7.469773147875895,239923,7.321868896484375,0.14790425139151964,1,0.000244140625,4096
80101,89.9218636250589,119045322858,7.475107324147973,240156,7.3289794921875,0.14612783196047285,1,0.000244140625,4096
80201,90.02712766709737,119188725625,7.47761327696191,240558,7.34124755859375,0.13636571836816014,1,0.000244140625,4096
80301,90.13211545813829,119326594100,7.481907969977425,239791,7.317840576171875,0.16406739380555013,1,0.000244140625,4096
80401,90.23430604208261,119464197829,7.481928460982155,239636,7.3131103515625,0.16881810941965458,1,0.000244140625,4096
80501,90.33973137498833,119598615575,7.505677465580664,240328,7.334228515625,0.17144894995566418,1,0.000244140625,4096
80601,90.44279929203913,119725083078,7.520816193970666,240677,7.344879150390625,0.17593704358004114,1,0.000244140625,4096
80701,90.54097229195759,119852388476,7.517231572166775,240749,7.347076416015625,0.17015515615115007,1,0.000244140625,4096
80801,90.64267700002529,119978633143,7.53009285741625,241665,7.375030517578125,0.15506233983812479,1,0.000244140625,4096
80901,90.74548158305697,120109574553,7.54337276366471,242625,7.404327392578125,0.13904537108658488,1,0.000244140625,4096
81001,90.84951808303595,120242407288,7.539201753003232,241972,7.3843994140625,0.1548023389407316,1,0.000244140625,4096
81101,90.95075541711412,120377635082,7.537153257092747,241627,7.373870849609375,0.16328240748337208,1,0.000244140625,4096
81201,91.05511983297765,120509393212,7.5250851874011575,241335,7.364959716796875,0.1601254706042825,1,0.000244140625,4096
81301,91.15994066698477,120646703294,7.516397342100253,241310,7.36419677734375,0.15220056475650257,1,0.000244140625,4096
81401,91.26498708315194,120782551985,7.527436776114225,241641,7.374298095703125,0.15313868041110013,1,0.000244140625,4096
81501,91.36784337507561,120922442685,7.529840907991707,241618,7.37359619140625,0.1562447165854568,1,0.000244140625,4096
81601,91.47253183298744,121059881316,7.5260365717312885,241332,7.3648681640625,0.16116840766878848,1,0.000244140625,4096
81701,91.57622766704299,121196654592,7.513076626966564,240841,7.349884033203125,0.16319259376343886,1,0.000244140625,4096
81801,91.68300125002861,121334715791,7.49533651467997,240506,7.33966064453125,0.15567587014871975,1,0.000244140625,4096
81901,91.78565595811233,121470008214,7.50324789009412,240578,7.34185791015625,0.1613899799378702,1,0.000244140625,4096
82001,91.8924124171026,121603520304,7.5090828615213105,240605,7.342681884765625,0.16640097675568555,1,0.000244140625,4096
82101,91.99512591701932,121735802584,7.5136018164472445,242029,7.386138916015625,0.12746290043161945,1,0.000244140625,4096
82201,92.09997591702268,121874286561,7.506298576316096,242114,7.38873291015625,0.11756566615984632,1,0.000244140625,4096
82301,92.20416845800355,122011333670,7.517079566556166,242862,7.41156005859375,0.10551950796241627,1,0.000244140625,4096
82401,92.3066221671179,122143577063,7.5345475139244895,242923,7.413421630859375,0.12112588306511451,1,0.000244140625,4096
82501,92.4107949170284,122274357045,7.535121283198392,242402,7.39752197265625,0.13759931054214203,1,0.000244140625,4096
82601,92.51341716712341,122404111213,7.537944800639,241918,7.38275146484375,0.15519333579524996,1,0.000244140625,4096
82701,92.61300641717389,122535057640,7.5424914392624025,241875,7.381439208984375,0.1610522302780275,1,0.000244140625,4096
82801,92.71585783315822,122664175597,7.545709951737844,241882,7.38165283203125,0.16405711970659365,1,0.000244140625,4096
82901,92.81736879213713,122793880246,7.551578777753549,242473,7.399688720703125,0.1518900570504238,1,0.000244140625,4096
83001,92.92044662497938,122925711063,7.567523276763459,243257,7.423614501953125,0.14390877481033382,1,0.000244140625,4096
83101,93.02523720799945,123057306594,7.570345620389739,243725,7.437896728515625,0.13244889187411424,1,0.000244140625,4096
83201,93.1301157081034,123188074080,7.57008505747579,243978,7.44561767578125,0.12446738169454008,1,0.000244140625,4096
83301,93.23276133299805,123319513045,7.5732019498462115,244103,7.449432373046875,0.12376957679933653,1,0.000244140625,4096
83401,93.33653920795768,123449900598,7.566374592937706,243514,7.43145751953125,0.13491707340645576,1,0.000244140625,4096
83501,93.44126274995506,123582087493,7.566560923717947,243188,7.4215087890625,0.14505213465544742,1,0.000244140625,4096
83601,93.54384991712868,123712269013,7.5661183897403435,243160,7.420654296875,0.14546409286534345,1,0.000244140625,4096
83701,93.64876000001095,123843275410,7.556877063429647,241509,7.370269775390625,0.18660728803902238,1,0.000244140625,4096
83801,93.75160300009884,123977998680,7.5573658886323845,241238,7.36199951171875,0.19536637691363445,1,0.000244140625,4096
83901,93.85556204197928,124113788271,7.5452913050860815,240721,7.346221923828125,0.19906938125795648,1,0.000244140625,4096
84001,93.96089358301833,124249633812,7.530046316005134,240529,7.340362548828125,0.18968376717700863,1,0.000244140625,4096
84101,94.06493629212491,124387510798,7.533771367181738,241213,7.361236572265625,0.17253479491611312,1,0.000244140625,4096
84201,94.1720132920891,124529229516,7.54932731525727,242452,7.3990478515625,0.15027946369476997,1,0.000244140625,4096
84301,94.27992645814084,124671931046,7.5484437152137165,242258,7.39312744140625,0.1553162738074665,1,0.000244140625,4096
84401,94.38735445798375,124818465569,7.54430038817439,242214,7.39178466796875,0.1525157202056402,1,0.000244140625,4096
84501,94.4967174581252,124967902023,7.54323417708013,242005,7.385406494140625,0.1578276829395051,1,0.000244140625,4096
84601,94.60687887505628,125115020328,7.5417251221121315,241994,7.38507080078125,0.15665432133088153,1,0.000244140625,4096
84701,94.715243750019,125259939255,7.547491776663679,242424,7.398193359375,0.1492984172886791,1,0.000244140625,4096
84801,94.82198358303867,125404715736,7.543841790068322,242078,7.38763427734375,0.15620751272457234,1,0.000244140625,4096
84901,94.92900054203346,125548349725,7.5281765249981465,241506,7.37017822265625,0.1579983023418965,1,0.000244140625,4096
85001,95.03887858311646,125692184098,7.527288124612478,241732,7.3770751953125,0.1502129292999781,1,0.000244140625,4096
85101,95.14662612508982,125835642285,7.51948232055067,241718,7.37664794921875,0.14283437133191956,1,0.000244140625,4096
85201,95.2560958750546,125985378097,7.5117349705409495,241756,7.3778076171875,0.13392735335344952,1,0.000244140625,4096
85301,95.36390320817009,126134937366,7.505360267029799,241508,7.3702392578125,0.13512100921729875,1,0.000244140625,4096
85401,95.47210258315317,126283021426,7.510324639702141,241720,7.376708984375,0.13361565532714081,1,0.000244140625,4096
85501,95.580333000049,126428673184,7.497100074437762,241494,7.36981201171875,0.12728806271901227,1,0.000244140625,4096
85601,95.68788358313031,126572984528,7.493572640327065,241044,7.3560791015625,0.1374935387645646,1,0.000244140625,4096
85701,95.79514495795593,126723090676,7.490632508715013,240901,7.351715087890625,0.13891742082438796,1,0.000244140625,4096
85801,95.9062548330985,126876697581,7.492581523367556,240196,7.3302001953125,0.1623813280550559,2,0.00048828125,4095
85901,96.01682995795272,127030265925,7.495275014245258,240705,7.345733642578125,0.14954137166713277,1,0.000244140625,4096
86001,96.12670604209416,127184223704,7.510350026858214,241896,7.382080078125,0.12826994873321418,1,0.000244140625,4096
86101,96.236948417034,127340030244,7.511633888893039,242075,7.387542724609375,0.12409116428366396,1,0.000244140625,4096
86201,96.34782883315347,127496732871,7.526224999935126,242836,7.4107666015625,0.11545839837262584,1,0.000244140625,4096
86301,96.45850608311594,127652749049,7.523222687313011,242852,7.4112548828125,0.11196780450051058,1,0.000244140625,4096
86401,96.5688621669542,127808738251,7.541350598396037,243211,7.422210693359375,0.11913990503666216,1,0.000244140625,4096
86501,96.67505087517202,127961294416,7.544850136785155,243143,7.420135498046875,0.12471463873828004,1,0.000244140625,4096
86601,96.78285337495618,128112698934,7.527746690726165,242338,7.39556884765625,0.13217784306991476,1,0.000244140625,4096
86701,96.8914259171579,128266979351,7.518346053526332,241545,7.371368408203125,0.146977645323207,1,0.000244140625,4096
86801,97.001653958112,128422248973,7.532553297303564,242174,7.39056396484375,0.14198933245981404,1,0.000244140625,4096
86901,97.11057525011711,128582507268,7.531473468395307,242008,7.385498046875,0.14597542152030663,2,0.00048828125,4095
87001,97.22047516703606,128740055260,7.527760772257112,242519,7.401092529296875,0.12666824296023727,1,0.000244140625,4096
87101,97.32411725004204,128890235060,7.523279279188238,242502,7.40057373046875,0.12270554871948836,1,0.000244140625,4096
87201,97.43167454213835,129040260251,7.51277321468138,242581,7.402984619140625,0.10978859554075537,1,0.000244140625,4096
87301,97.53799133305438,129186444887,7.515256743676522,242781,7.409088134765625,0.10616860891089708,1,0.000244140625,4096
87401,97.64640008308925,129332240362,7.508444442183238,241895,7.382049560546875,0.12639488163636337,1,0.000244140625,4096
87501,97.75361245800741,129475931130,7.510585963175012,241599,7.373016357421875,0.1375696057531366,1,0.000244140625,4096
87601,97.85846916702576,129616323078,7.495836821575941,241417,7.367462158203125,0.12837466337281622,1,0.000244140625,4096
87701,97.96541733318008,129756920740,7.481536825922368,241411,7.367279052734375,0.11425777318799302,1,0.000244140625,4096
87801,98.07050291704945,129895890292,7.496245599577433,241922,7.38287353515625,0.11337206442118308,1,0.000244140625,4096
87901,98.17494433303364,130034670334,7.485048193891962,242232,7.392333984375,0.09271420951696197,1,0.000244140625,4096
88001,98.2810804171022,130171268899,7.487094402849705,242032,7.38623046875,0.10086393409970462,1,0.000244140625,4096
88101,98.38581862510182,130306911746,7.485467038558444,242295,7.394256591796875,0.09121044676156931,1,0.000244140625,4096
88201,98.49158083298244,130442304701,7.487131743172116,242601,7.403594970703125,0.0835367724689906,1,0.000244140625,4096
88301,98.59413679200225,130575024704,7.477522382558226,242035,7.386322021484375,0.09120036107385143,1,0.000244140625,4096
88401,98.69847825006582,130711972504,7.486286421947289,242424,7.398193359375,0.08809306257228933,1,0.000244140625,4096
88501,98.80505933309905,130854113575,7.487729996918825,242258,7.39312744140625,0.09460255551257468,1,0.000244140625,4096
88601,98.91338491695933,130995398089,7.497571628054895,242318,7.39495849609375,0.10261313196114497,1,0.000244140625,4096
88701,99.02260058303364,131136872899,7.488263435255295,241628,7.3739013671875,0.11436206806779481,1,0.000244140625,4096
88801,99.13180162501521,131278066374,7.478953333493998,241333,7.364898681640625,0.11405465185337338,1,0.000244140625,4096
88901,99.23968575010076,131420142872,7.471889912500597,240401,7.336456298828125,0.13543361367247186,1,0.000244140625,4096
89001,99.34428962506354,131565888742,7.46318615084207,239484,7.3084716796875,0.15471447115456982,1,0.000244140625,4096
89101,99.45107562514022,131709189505,7.454264359050651,239545,7.310333251953125,0.14393110709752577,1,0.000244140625,4096
89201,99.55807450017892,131851572694,7.451076516127427,239472,7.30810546875,0.1429710473774266,1,0.000244140625,4096
89301,99.66537787509151,131996574626,7.44619275174736,239439,7.307098388671875,0.13909436307548528,1,0.000244140625,4096
89401,99.77268062508665,132142980864,7.439356996746151,238798,7.28753662109375,0.15182037565240059,1,0.000244140625,4096
89501,99.88203945802525,132291975060,7.433461345469536,238727,7.285369873046875,0.14809147242266096,1,0.000244140625,4096
89601,99.98992779199034,132443616604,7.453515314191261,239817,7.318634033203125,0.1348812809881359,1,0.000244140625,4096
89701,100.09846304217353,132593727747,7.453067051426444,239751,7.316619873046875,0.13644717837956932,1,0.000244140625,4096
89801,100.20696362503804,132742426658,7.448586472497577,239842,7.31939697265625,0.12918949984132677,1,0.000244140625,4096
89901,100.31329737510532,132895608629,7.432599701966101,239172,7.2989501953125,0.13364950665360098,1,0.000244140625,4096
90001,100.42382404208183,133052900983,7.430926022486302,239968,7.3232421875,0.10768383498630207,1,0.000244140625,4096
90101,100.53216945799068,133203982775,7.437899384703641,240413,7.336822509765625,0.1010768749380162,1,0.000244140625,4096
90201,100.64028595807031,133351958800,7.441017207844828,240274,7.33258056640625,0.10843664143857801,1,0.000244140625,4096
90301,100.74799908301793,133494866405,7.430209550593913,240398,7.33636474609375,0.09384480450016319,1,0.000244140625,4096
90401,100.85319579206407,133633933227,7.431848652361144,240338,7.33453369140625,0.09731496095489423,1,0.000244140625,4096
90501,100.9596738750115,133774380277,7.4403405789348005,240671,7.344696044921875,0.0956445340129255,1,0.000244140625,4096
90601,101.06780200009234,133913559394,7.430921006136193,240144,7.32861328125,0.10230772488619344,1,0.000244140625,4096
90701,101.17857474996708,134049607555,7.423649798747954,239887,7.320770263671875,0.10287953507607916,1,0.000244140625,4096
90801,101.28772708307952,134187824025,7.425182112527457,239738,7.31622314453125,0.10895896799620708,1,0.000244140625,4096
90901,101.39432475017384,134327761668,7.425059993724281,239743,7.316375732421875,0.10868426130240572,1,0.000244140625,4096
91001,101.50020479201339,134466081888,7.438282431357999,240267,7.332366943359375,0.10591548799862416,1,0.000244140625,4096
91101,101.60540016717277,134603985931,7.4444302559821685,240656,7.34423828125,0.10019197473216845,1,0.000244140625,4096
91201,101.71213679201901,134743304327,7.449360673342952,240484,7.3389892578125,0.1103714155304516,1,0.000244140625,4096
91301,101.81865229201503,134882519402,7.467495559184138,242059,7.387054443359375,0.08044111582476265,1,0.000244140625,4096
91401,101.92341845808551,135019056735,7.476167078992324,242262,7.39324951171875,0.08291756727357402,1,0.000244140625,4096
91501,102.02913295803592,135155793312,7.475737601538775,241845,7.380523681640625,0.09521391989814987,1,0.000244140625,4096
91601,102.13489212514833,135289728872,7.4734967328840805,241661,7.374908447265625,0.09858828561845545,1,0.000244140625,4096
91701,102.23990475013852,135420258728,7.4826474970334225,242242,7.39263916015625,0.09000833687717247,1,0.000244140625,4096
91801,102.34331433312036,135548010698,7.472306353217519,241332,7.3648681640625,0.1074381891550189,2,0.00048828125,4095
91901,102.448437333107,135678466154,7.478565390931697,241811,7.379486083984375,0.09907930694732237,1,0.000244140625,4096
92001,102.55470820795745,135811718456,7.4615425393187085,240514,7.33990478515625,0.12163775416245848,1,0.000244140625,4096
92101,102.65883020800538,135939799526,7.47117307397018,240305,7.333526611328125,0.1376464626420546,1,0.000244140625,4096
92201,102.76717804209329,136071858441,7.448903169059721,239931,7.322113037109375,0.12679013195034639,1,0.000244140625,4096
92301,102.8740911250934,136207327749,7.453234416605372,240167,7.329315185546875,0.12391923105849667,1,0.000244140625,4096
92401,102.98041683295742,136341592353,7.461640923101553,240411,7.336761474609375,0.12487944849217758,1,0.000244140625,4096
92501,103.0854738750495,136474142962,7.4789067284162964,241072,7.35693359375,0.12197313466629645,1,0.000244140625,4096
92601,103.18957104207948,136607401053,7.485008027380137,240960,7.353515625,0.13149240238013693,1,0.000244140625,4096
92701,103.29280075011775,136743404098,7.484249488367103,240143,7.328582763671875,0.15566672469522835,1,0.000244140625,4096
92801,103.39599183318205,136882755179,7.496723492072613,240178,7.32965087890625,0.16707261316636313,1,0.000244140625,4096
92901,103.50176295801066,137021949490,7.5034299464682,240319,7.333953857421875,0.16947608904632538,1,0.000244140625,4096
93001,103.61107879201882,137168643675,7.5045240934587945,239956,7.3228759765625,0.18164811689629445,1,0.000244140625,4096
93101,103.72096625017002,137320046581,7.502693617678855,240148,7.3287353515625,0.17395826611635457,1,0.000244140625,4096
93201,103.82957229204476,137472665990,7.505523093499804,239575,7.311248779296875,0.19427431420292862,1,0.000244140625,4096
93301,103.93888079212047,137623730953,7.504914498692241,239917,7.321685791015625,0.1832287076766157,1,0.000244140625,4096
93401,104.04720345814712,137773090065,7.506381444455945,240645,7.343902587890625,0.16247885656532013,1,0.000244140625,4096
93501,104.15718008298427,137921772706,7.476596996161309,239282,7.30230712890625,0.1742898672550588,1,0.000244140625,4096
93601,104.26449366705492,138071203060,7.475123653558641,239223,7.300506591796875,0.17461706176176595,1,0.000244140625,4096
93701,104.37404262507334,138224453562,7.473026866983435,239093,7.296539306640625,0.1764875603428102,1,0.000244140625,4096
93801,104.48662041709758,138383396900,7.468302851905196,238761,7.286407470703125,0.18189538120207072,1,0.000244140625,4096
93901,104.59658666700125,138545970334,7.4632150464573535,239590,7.31170654296875,0.15150850348860345,1,0.000244140625,4096
94001,104.7090122080408,138704544383,7.477296165851856,240871,7.350799560546875,0.12649660530498075,1,0.000244140625,4096
94101,104.82143870810978,138861073362,7.4825756863697075,241548,7.3714599609375,0.11111572543220749,1,0.000244140625,4096
94201,104.93352962518111,139018520149,7.474494821845003,241099,7.357757568359375,0.11673725348562769,1,0.000244140625,4096
94301,105.04263454210013,139180299622,7.484298499583794,240841,7.349884033203125,0.13441446638066878,1,0.000244140625,4096
94401,105.15411170804873,139342507493,7.4949513381356425,241152,7.359375,0.13557633813564252,1,0.000244140625,4096
94501,105.2684460831806,139506693299,7.494061254249103,240855,7.350311279296875,0.14374997495222797,1,0.000244140625,4096
94601,105.38161462498829,139673278279,7.482450427443385,240628,7.3433837890625,0.13906663838088473,1,0.000244140625,4096
94701,105.49805466714315,139843794943,7.4777140061152885,239916,7.3216552734375,0.15605873267778847,1,0.000244140625,4096
94801,105.61365020810626,140015021003,7.488045264214391,240197,7.330230712890625,0.15781455132376632,1,0.000244140625,4096
94901,105.72781675006263,140189692466,7.485668205776243,240267,7.332366943359375,0.1533012624168677,1,0.000244140625,4096
95001,105.84196250000969,140368701612,7.47482442053609,240020,7.3248291015625,0.1499953189735903,1,0.000244140625,4096
95101,105.95852575008757,140543049297,7.4810590316714585,240336,7.33447265625,0.14658637542145847,1,0.000244140625,4096
95201,106.07391216699034,140720555143,7.484640662760418,240281,7.332794189453125,0.15184647330729284,1,0.000244140625,4096
95301,106.18818675004877,140894698498,7.478664704016217,239584,7.3115234375,0.16714126651621708,1,0.000244140625,4096
95401,106.30321612511761,141068151758,7.492207297578004,239780,7.3175048828125,0.17470241476550363,1,0.000244140625,4096
95501,106.41893212497234,141241981390,7.480391745134687,239238,7.30096435546875,0.1794273896659373,1,0.000244140625,4096
95601,106.53193112509325,141415175244,7.491332891542632,240197,7.330230712890625,0.1611021786520066,1,0.000244140625,4096
95701,106.64643099997193,141583463425,7.5002788236631766,240578,7.34185791015625,0.15842091350692655,1,0.000244140625,4096
95801,106.75884858309291,141745495691,7.491880399542511,240362,7.33526611328125,0.15661428626126117,1,0.000244140625,4096
95901,106.8714552919846,141909453145,7.486806198103892,239970,7.32330322265625,0.16350297544764203,1,0.000244140625,4096
96001,106.98111058305949,142067744578,7.4868460334696225,239861,7.319976806640625,0.16686922682899752,1,0.000244140625,4096
96101,107.09157158317976,142227454017,7.492750466828347,240170,7.32940673828125,0.16334372854709667,1,0.000244140625,4096
96201,107.19947854196653,142382354393,7.483608817511595,240424,7.337158203125,0.14645061438659468,1,0.000244140625,4096
96301,107.30988775007427,142538767298,7.483463334080506,240536,7.340576171875,0.1428871622055059,1,0.000244140625,4096
96401,107.42077974998392,142695921962,7.479121601382115,240503,7.339569091796875,0.1395525095852399,1,0.000244140625,4096
96501,107.53102179197595,142851119638,7.48546551310518,241422,7.36761474609375,0.11785076701143016,1,0.000244140625,4096
96601,107.64197958307341,143008690768,7.480556731267399,241746,7.37750244140625,0.10305428986114862,1,0.000244140625,4096
96701,107.7534587921109,143168675285,7.477918593248209,240977,7.354034423828125,0.12388416942008362,1,0.000244140625,4096
96801,107.86323900008574,143333374696,7.493914889849885,241034,7.35577392578125,0.13814096406863463,1,0.000244140625,4096
96901,107.9750930829905,143497299837,7.502092737962442,240306,7.33355712890625,0.16853560905619158,1,0.000244140625,4096
97001,108.08658154215664,143661569131,7.49854525245783,240109,7.327545166015625,0.17100008644220477,1,0.000244140625,4096
97101,108.19946200004779,143824278143,7.510625345978764,240663,7.344451904296875,0.16617344168188897,1,0.000244140625,4096
97201,108.31215304206125,143989457835,7.534155836350203,240902,7.35174560546875,0.18241023088145258,1,0.000244140625,4096
97301,108.42399579216726,144154525482,7.517859261895632,240061,7.326080322265625,0.19177893963000692,1,0.000244140625,4096
97401,108.53607550007291,144321394920,7.524415056411195,240260,7.3321533203125,0.19226173609869512,1,0.000244140625,4096
97501,108.64765337505378,144484478430,7.529123597894577,239766,7.31707763671875,0.21204596117582675,1,0.000244140625,4096
97601,108.75505600008182,144642425647,7.533990235092394,239942,7.32244873046875,0.21154150462364374,1,0.000244140625,4096
97701,108.86517250002362,144795994756,7.523507610945257,240057,7.325958251953125,0.19754935899213244,1,0.000244140625,4096
97801,108.97585783316754,144944793091,7.504105855455794,239815,7.318572998046875,0.18553285740891923,1,0.000244140625,4096
97901,109.08572429209016,145086317054,7.4950193328731425,240179,7.329681396484375,0.16533793638876748,1,0.000244140625,4096
98001,109.19344954215921,145226463986,7.50152256809061,241200,7.36083984375,0.1406827243406097,1,0.000244140625,4096
98101,109.29546820814721,145363402827,7.511608346750984,241866,7.38116455078125,0.1304437959697342,1,0.000244140625,4096
98201,109.40062974998727,145501195356,7.511227450683304,242137,7.389434814453125,0.12179263623017889,1,0.000244140625,4096
98301,109.50606962502934,145638565177,7.517253521788315,241842,7.38043212890625,0.13682139288206496,1,0.000244140625,4096
98401,109.61230912501924,145772414214,7.503361134480414,242098,7.38824462890625,0.11511650557416431,1,0.000244140625,4096
98501,109.71645429218188,145904565791,7.50212319923307,242254,7.39300537109375,0.10911782813932014,1,0.000244140625,4096
98601,109.8206057921052,146037076406,7.497443723959927,242201,7.391387939453125,0.1060557845068022,1,0.000244140625,4096
98701,109.92586508300155,146170036460,7.48934365045748,242192,7.39111328125,0.09823036920747974,1,0.000244140625,4096
98801,110.03308533295058,146299601005,7.474782069134713,241812,7.3795166015625,0.09526546757221332,1,0.000244140625,4096
98901,110.13973537506536,146429783347,7.4787610787372945,241923,7.382904052734375,0.09585702600291945,1,0.000244140625,4096
99001,110.2449937921483,146559927783,7.481325077848228,242148,7.3897705078125,0.09155457003572831,1,0.000244140625,4096
99101,110.34975608298555,146689635778,7.482162702585467,242583,7.403045654296875,0.0791170482885919,1,0.000244140625,4096
99201,110.45455370796844,146820920651,7.477234462790022,241853,7.380767822265625,0.09646664052439657,1,0.000244140625,4096
99301,110.55888833315112,146953699174,7.481030957819982,241723,7.376800537109375,0.10423042071060706,1,0.000244140625,4096
99401,110.66464808303863,147084091094,7.477060316246538,241681,7.375518798828125,0.10154151741841311,1,0.000244140625,4096
99501,110.77018045797013,147214580589,7.4829572196913166,241929,7.383087158203125,0.09987006148819155,1,0.000244140625,4096
99601,110.87381766713224,147348255539,7.475914898187195,241522,7.37066650390625,0.10524839428094523,1,0.000244140625,4096
99701,110.9788459581323,147480755721,7.489916495389454,241849,7.380645751953125,0.10927074343632892,1,0.000244140625,4096
99801,111.08547654212452,147612676284,7.473901958495091,241277,7.363189697265625,0.11071226122946598,1,0.000244140625,4096
99901,111.19326612516306,147745421310,7.47386229414761,241602,7.37310791015625,0.10075438399135983,1,0.000244140625,4096
100000,111.2946117920801,147874870567,7.478296161224616,242109,7.388580322265625,0.08971583895899116,1,0.000244140625,4096
