epoch,elapsed_seconds,character_reads,byte_entropy,brotli_size,compressed_bpb,high_order_entropy,dominant_tape_count,dominant_tape_fraction,distinct_tapes
1,1.9153788341209292,9960830,7.99990529336794,2097156,8.000015258789062,-0.00010996542112273744,1,3.0517578125e-05,32768
101,2.199333959026262,961452804,7.998956626451015,2059130,7.854957580566406,0.143999045884609,2,6.103515625e-05,32767
201,2.4850398341659456,1887259025,7.996748043520605,2032436,7.7531280517578125,0.2436199917627926,1,3.0517578125e-05,32768
301,2.7675410001538694,2806324859,7.9934137824495455,2015006,7.686637878417969,0.30677590403157673,2,6.103515625e-05,32767
401,3.0486374590545893,3718099982,7.987486493087038,2001795,7.636241912841797,0.3512445802452415,2,6.103515625e-05,32766
501,3.3284192502032965,4611536248,7.980122537067272,1987550,7.581901550292969,0.3982209867743034,2,6.103515625e-05,32766
601,3.6053938751574606,5490782346,7.970269204938486,1976118,7.538291931152344,0.43197727378614204,5,0.000152587890625,32762
701,3.886590708978474,6371019745,7.959829936477094,1966691,7.502330780029297,0.45749915644779726,3,9.1552734375e-05,32764
801,4.167919584084302,7246020800,7.949067678278246,1961635,7.483043670654297,0.46602400762394947,6,0.00018310546875,32762
901,4.44936166703701,8113852422,7.940255522460722,1963111,7.488674163818359,0.45158135864236293,2,6.103515625e-05,32766
1001,4.730644250055775,8984249146,7.928039281868805,1965130,7.496376037597656,0.43166324427114855,2,6.103515625e-05,32764
1101,5.014123917091638,9866135874,7.913504154569259,1964033,7.492191314697266,0.42131283987199364,2,6.103515625e-05,32766
1201,5.300587499979883,10748964213,7.9011173955149605,1963711,7.490962982177734,0.41015441333722613,2,6.103515625e-05,32765
1301,5.590090709039941,11639231573,7.890349041266507,1968727,7.510097503662109,0.3802515376043978,3,9.1552734375e-05,32765
1401,5.880993709200993,12537679960,7.877648350060555,1967468,7.5052947998046875,0.3723535502558679,2,6.103515625e-05,32766
1501,6.199210250051692,13453816936,7.865260810518116,1968049,7.507511138916016,0.35774967160210025,4,0.0001220703125,32762
1601,6.498231042176485,14380366544,7.848585149504667,1968663,7.509853363037109,0.33873178646755786,1,3.0517578125e-05,32768
1701,6.795794375007972,15315277300,7.832831961652124,1967832,7.506683349609375,0.3261486120427488,2,6.103515625e-05,32767
1801,7.097777625080198,16243452094,7.8149311642005355,1968224,7.5081787109375,0.30675245326303546,1,3.0517578125e-05,32768
1901,7.395860000047833,17166821185,7.80233908483474,1969668,7.5136871337890625,0.28865195104567754,2,6.103515625e-05,32767
2001,7.697122959187254,18094296062,7.786754144372665,1971882,7.522132873535156,0.26462127083750886,2,6.103515625e-05,32765
2101,8.001900583971292,19033643356,7.771637659098893,1974565,7.532367706298828,0.2392699528000648,2,6.103515625e-05,32764
2201,8.306394000072032,19982923631,7.753443655149318,1972144,7.52313232421875,0.23031133093056777,2,6.103515625e-05,32767
2301,8.61669204197824,20945759505,7.738777569282195,1971798,7.521812438964844,0.21696513031735165,1,3.0517578125e-05,32768
2401,8.931963875191286,21925768206,7.730411028013817,1974161,7.530826568603516,0.19958445941030156,2,6.103515625e-05,32767
2501,9.24629379203543,22914659554,7.718190826160112,1974417,7.531803131103516,0.18638769505659614,1,3.0517578125e-05,32768
2601,9.564929499989375,23909963910,7.708242166520533,1977288,7.542755126953125,0.16548703956740773,3,9.1552734375e-05,32766
2701,9.886883459053934,24906633007,7.699066090970357,1975986,7.537788391113281,0.16127769985707552,1,3.0517578125e-05,32768
2801,10.209015666972846,25914842020,7.690621264511047,1977253,7.542621612548828,0.14799965196221887,1,3.0517578125e-05,32768
2901,10.538119584089145,26938517463,7.68587327920759,1979513,7.551242828369141,0.1346304508384497,1,3.0517578125e-05,32768
3001,10.86728429212235,27980764268,7.68147546469853,1980935,7.556667327880859,0.12480813681767078,1,3.0517578125e-05,32768
3101,11.19576391717419,29026572706,7.675344712151994,1982092,7.5610809326171875,0.11426377953480671,2,6.103515625e-05,32767
3201,11.526855375152081,30065208846,7.669107892452212,1981864,7.560211181640625,0.10889671081158703,2,6.103515625e-05,32767
3301,11.861239709192887,31113681947,7.667719852736313,1982469,7.562519073486328,0.1052007792499845,2,6.103515625e-05,32767
3401,12.188042000168934,32175847968,7.67078207933938,1984801,7.571414947509766,0.09936713182961476,1,3.0517578125e-05,32768
3501,12.523132959147915,33254267918,7.668062138535942,1983176,7.565216064453125,0.10284607408281676,1,3.0517578125e-05,32768
3601,12.85922500002198,34343362271,7.660092884188475,1982489,7.562595367431641,0.09749751675683438,1,3.0517578125e-05,32768
3701,13.198697959072888,35438115991,7.656990229654042,1981784,7.559906005859375,0.09708422379466697,2,6.103515625e-05,32767
3801,13.539602959062904,36538395872,7.655286768891607,1981241,7.557834625244141,0.09745214364746602,1,3.0517578125e-05,32768
3901,13.888556875055656,37655942716,7.648505548266122,1979870,7.552604675292969,0.09590087297315364,1,3.0517578125e-05,32768
4001,14.225556750083342,38772599605,7.646205006495277,1980134,7.553611755371094,0.0925932511241836,1,3.0517578125e-05,32768
4101,14.572171125095338,39902326401,7.641027697897822,1979121,7.549747467041016,0.09128023085680681,1,3.0517578125e-05,32768
4201,14.915029749972746,41028705191,7.6399390911535585,1979802,7.552345275878906,0.08759381527465226,1,3.0517578125e-05,32768
4301,15.25826391717419,42157552929,7.632750292372837,1978187,7.546184539794922,0.08656575257791488,1,3.0517578125e-05,32768
4401,15.605528875021264,43284383125,7.627594305788203,1976912,7.54132080078125,0.08627350500695297,1,3.0517578125e-05,32768
4501,15.957049917196855,44412954900,7.619092070703193,1976211,7.538646697998047,0.08044537270514596,1,3.0517578125e-05,32768
4601,16.315886459080502,45554465805,7.616733159875382,1975105,7.534427642822266,0.08230551705311662,1,3.0517578125e-05,32768
4701,16.66351162502542,46696447536,7.615013458673433,1974958,7.533866882324219,0.08114657634921407,1,3.0517578125e-05,32768
4801,17.012298749992624,47844023790,7.615623962531691,1975087,7.534358978271484,0.08126498426020667,1,3.0517578125e-05,32768
4901,17.360922834137455,48985827645,7.6104359482850175,1973436,7.5280609130859375,0.08237503519907996,1,3.0517578125e-05,32768
5001,17.705680292099714,50123686201,7.609574604005539,1972462,7.524345397949219,0.08522920605632045,1,3.0517578125e-05,32768
5101,18.056360917165875,51265865023,7.609264625918863,1972578,7.524787902832031,0.08447672308683174,1,3.0517578125e-05,32768
5201,18.4064250420779,52413941920,7.604868795751239,1970592,7.5172119140625,0.08765688168873886,2,6.103515625e-05,32767
5301,18.774602374993265,53561645963,7.601480678942312,1971818,7.521888732910156,0.07959194603215547,1,3.0517578125e-05,32768
5401,19.12507091718726,54720708034,7.596121950013464,1968899,7.510753631591797,0.0853683184216667,1,3.0517578125e-05,32768
5501,19.474497959017754,55876283325,7.591544835858908,1967342,7.504814147949219,0.08673068790968941,1,3.0517578125e-05,32768
5601,19.824155209120363,57025332422,7.584705496475667,1965066,7.496131896972656,0.08857359950301102,2,6.103515625e-05,32767
5701,20.17459470918402,58176543936,7.57933551028474,1963110,7.488670349121094,0.09066516116364642,1,3.0517578125e-05,32768
5801,20.52377275004983,59327502752,7.574683902105141,1962723,7.487194061279297,0.08748984082584421,2,6.103515625e-05,32767
5901,20.872210584115237,60466102286,7.575138058010479,1962342,7.485740661621094,0.08939739638938526,2,6.103515625e-05,32767
6001,21.217240125173703,61601661957,7.569236461356728,1960776,7.479766845703125,0.08946961565360301,2,6.103515625e-05,32767
6101,21.565577584085986,62726693377,7.5677226373715,1961163,7.481243133544922,0.08647950382657843,1,3.0517578125e-05,32768
6201,21.907594375079498,63842500048,7.570098429969425,1959094,7.473350524902344,0.09674790506708142,1,3.0517578125e-05,32768
6301,22.248302875086665,64951291068,7.567225673278162,1958070,7.469444274902344,0.09778139837581801,2,6.103515625e-05,32767
6401,22.594107834156603,66053225964,7.562812265370859,1956227,7.462413787841797,0.10039847752906184,1,3.0517578125e-05,32768
6501,22.938270749989897,67149907450,7.563095990024289,1954495,7.455806732177734,0.10728925784655452,1,3.0517578125e-05,32768
6601,23.279034667182714,68222644656,7.556623232925901,1952341,7.447589874267578,0.10903335865832275,3,9.1552734375e-05,32765
6701,23.61594720906578,69287299379,7.556040341658706,1951489,7.444339752197266,0.11170058946144046,1,3.0517578125e-05,32768
6801,23.956890792120248,70350965541,7.554793373257322,1951274,7.443519592285156,0.11127378097216578,1,3.0517578125e-05,32768
6901,24.293332000030205,71412422784,7.556206824417977,1953774,7.453056335449219,0.10315048896875822,1,3.0517578125e-05,32768
7001,24.630503125023097,72469167076,7.550738954477486,1952690,7.448921203613281,0.10181775086420508,1,3.0517578125e-05,32768
7101,24.966939667006955,73526147238,7.552016920000371,1953889,7.453495025634766,0.09852189436560543,1,3.0517578125e-05,32768
7201,25.302172624971718,74590897860,7.554803625196335,1953565,7.452259063720703,0.10254456147563218,1,3.0517578125e-05,32768
7301,25.63862920901738,75649278837,7.554585693088201,1953193,7.450839996337891,0.10374569675031076,1,3.0517578125e-05,32768
7401,25.97456125007011,76701863965,7.550517888395423,1949987,7.438610076904297,0.11190781149112627,2,6.103515625e-05,32766
7501,26.30544750019908,77741803132,7.548229327889109,1947716,7.4299468994140625,0.11828242847504633,1,3.0517578125e-05,32768
7601,26.639735500095412,78788777691,7.546667595989817,1947701,7.429889678955078,0.11677791703473872,1,3.0517578125e-05,32768
7701,26.986643792130053,79834618709,7.550871250229881,1950382,7.440116882324219,0.1107543679056624,2,6.103515625e-05,32767
7801,27.3211354999803,80880234803,7.554972335002073,1950496,7.4405517578125,0.11442057718957344,1,3.0517578125e-05,32768
7901,27.649166917195544,81915950116,7.556143092355583,1952105,7.446689605712891,0.10945348664269261,1,3.0517578125e-05,32768
8001,27.97609387501143,82948041554,7.557718738815298,1950488,7.440521240234375,0.11719749858092321,1,3.0517578125e-05,32768
8101,28.304342209128663,83968488873,7.554501408803787,1950862,7.441947937011719,0.11255347179206865,1,3.0517578125e-05,32768
8201,28.632076542126015,84980644994,7.554382576267953,1949935,7.438411712646484,0.11597086362146847,1,3.0517578125e-05,32768
8301,28.95863158418797,85992256580,7.554953199817986,1951709,7.445178985595703,0.10977421422228328,1,3.0517578125e-05,32768
8401,29.28304991708137,86993952240,7.5516310647362594,1951675,7.445049285888672,0.10658177884758757,1,3.0517578125e-05,32768
8501,29.616939375177026,87996558181,7.546214660195586,1951302,7.443626403808594,0.10258825638699243,1,3.0517578125e-05,32768
8601,29.946690167067572,88992645651,7.54227902605865,1951284,7.4435577392578125,0.09872128680083758,1,3.0517578125e-05,32768
8701,30.270854084054008,90003896425,7.538368291010743,1950855,7.441921234130859,0.09644705687988342,1,3.0517578125e-05,32768
8801,30.600716000190005,91020114411,7.533722979079507,1948498,7.432929992675781,0.10079298640372603,1,3.0517578125e-05,32768
8901,30.930997917195782,92043581192,7.5340096101783205,1948326,7.432273864746094,0.10173574543222674,2,6.103515625e-05,32767
9001,31.25949037517421,93070588205,7.53597740616645,1949407,7.436397552490234,0.09957985367621536,1,3.0517578125e-05,32768
9101,31.59150716708973,94094512353,7.538819392248426,1949066,7.435096740722656,0.10372265152576965,1,3.0517578125e-05,32768
9201,31.922039792174473,95121053102,7.540505907148084,1950328,7.439910888671875,0.10059501847620922,1,3.0517578125e-05,32768
9301,32.24877850012854,96141639241,7.538704064682057,1948860,7.4343109130859375,0.10439315159611962,2,6.103515625e-05,32767
9401,32.58084437507205,97159822900,7.539173761628567,1949640,7.437286376953125,0.10188738467544223,1,3.0517578125e-05,32768
9501,32.91188945900649,98175319784,7.5412547213284755,1950502,7.440574645996094,0.10068007533238177,1,3.0517578125e-05,32768
9601,33.241286917123944,99192687900,7.54121521810697,1948608,7.433349609375,0.10786560873197004,1,3.0517578125e-05,32768
9701,33.571318458998576,100208865019,7.542984103864306,1949408,7.4364013671875,0.10658273667680618,2,6.103515625e-05,32767
9801,33.90257670916617,101239628290,7.540217467188343,1946848,7.4266357421875,0.11358172500084329,1,3.0517578125e-05,32768
9901,34.237165624974295,102277691724,7.538202762187492,1944677,7.418354034423828,0.11984872776366373,1,3.0517578125e-05,32768
10001,34.567803459009156,103306952942,7.5436765331678455,1945059,7.419811248779297,0.1238652843885486,1,3.0517578125e-05,32768
10101,34.895385125186294,104323689221,7.544878300499394,1945657,7.422092437744141,0.12278586275525338,1,3.0517578125e-05,32768
10201,35.22298216703348,105346023543,7.5437250220644785,1942828,7.4113006591796875,0.13242436288479098,1,3.0517578125e-05,32768
10301,35.55564112518914,106372266564,7.547169427180763,1943398,7.413475036621094,0.13369439055966925,1,3.0517578125e-05,32768
10401,35.88908112514764,107395750322,7.542980479114396,1942925,7.411670684814453,0.13130979429994305,1,3.0517578125e-05,32768
10501,36.24397562514059,108419150105,7.53817315037569,1941756,7.4072113037109375,0.13096184666475263,1,3.0517578125e-05,32768
10601,36.573655917076394,109445467224,7.5325361598054705,1938303,7.394039154052734,0.13849700575273616,1,3.0517578125e-05,32768
10701,36.90532833407633,110477209824,7.524102244539945,1937374,7.390495300292969,0.13360694424697606,1,3.0517578125e-05,32768
10801,37.23880520905368,111519858796,7.525019567183847,1938152,7.393463134765625,0.1315564324182219,1,3.0517578125e-05,32768
10901,37.568234000122175,112556970940,7.524011268467358,1939578,7.398902893066406,0.1251083754009521,1,3.0517578125e-05,32768
11001,37.90011770906858,113596716544,7.524146545790959,1942331,7.409404754638672,0.11474179115228722,1,3.0517578125e-05,32768
11101,38.23655495909043,114658606116,7.5221324825282565,1940701,7.403186798095703,0.11894568443255338,1,3.0517578125e-05,32768
11201,38.573051209095865,115717635272,7.5195268354416465,1940088,7.400848388671875,0.11867844676977146,1,3.0517578125e-05,32768
11301,38.91304295905866,116775265031,7.519636863457188,1941791,7.407344818115234,0.11229204534195336,1,3.0517578125e-05,32768
11401,39.24754070909694,117831934598,7.520882601868334,1943004,7.4119720458984375,0.10891055596989663,1,3.0517578125e-05,32768
11501,39.58405570918694,118888695688,7.525113060974328,1942708,7.4108428955078125,0.11427016546651547,1,3.0517578125e-05,32768
11601,39.9187348340638,119948109117,7.527263509345705,1942353,7.409488677978516,0.11777483136718914,1,3.0517578125e-05,32768
11701,40.25107895908877,121003401077,7.526046033865069,1941857,7.407596588134766,0.11844944573030336,2,6.103515625e-05,32767
11801,40.58958837506361,122058679966,7.523874639626966,1941295,7.405452728271484,0.11842191135548141,1,3.0517578125e-05,32768
11901,40.92703908402473,123118770560,7.5198403845531185,1940456,7.402252197265625,0.11758818728749354,1,3.0517578125e-05,32768
12001,41.261763625079766,124179223677,7.520431339498079,1940862,7.403800964355469,0.1166303751426101,1,3.0517578125e-05,32768
12101,41.59971054201014,125258265665,7.521522889636433,1941900,7.4077606201171875,0.1137622695192455,2,6.103515625e-05,32767
12201,41.94082941720262,126348005544,7.523904437451139,1943485,7.413806915283203,0.11009752216793611,1,3.0517578125e-05,32768
12301,42.28467908408493,127444693621,7.525340396979255,1944224,7.4166259765625,0.10871442041675472,1,3.0517578125e-05,32768
12401,42.624929750105366,128538955940,7.522809367791855,1939188,7.3974151611328125,0.12539420665904277,2,6.103515625e-05,32767
12501,42.96829733415507,129650634714,7.527062492917528,1940185,7.401218414306641,0.12584407861088742,1,3.0517578125e-05,32768
12601,43.31136295897886,130771077685,7.528011258771382,1940127,7.400997161865234,0.12701409690614796,1,3.0517578125e-05,32768
12701,43.65886212512851,131889604495,7.522763617994711,1940043,7.400676727294922,0.12208689069978895,2,6.103515625e-05,32767
12801,44.001435625134036,133002206124,7.523599338026437,1939102,7.397087097167969,0.12651224085846824,1,3.0517578125e-05,32768
12901,44.34489387506619,134110649393,7.521258066488924,1939438,7.398368835449219,0.1228892310397054,1,3.0517578125e-05,32768
13001,44.68304991698824,135203141771,7.520701842591884,1940287,7.401607513427734,0.11909432916414975,1,3.0517578125e-05,32768
13101,45.02233595913276,136298418103,7.523376208116998,1940852,7.4037628173828125,0.11961339073418564,1,3.0517578125e-05,32768
13201,45.37045337515883,137402561839,7.516191017399867,1930902,7.365806579589844,0.15038443781002364,1,3.0517578125e-05,32768
13301,45.721743459114805,138534240110,7.493408302524572,1918065,7.316837310791016,0.1765709917335565,2,6.103515625e-05,32766
13401,46.09934916719794,139710239321,7.454539074789778,1901968,7.25543212890625,0.1991069458835284,3,9.1552734375e-05,32764
13501,46.46830441709608,140937079066,7.401673619842003,1878667,7.166545867919922,0.23512775192208135,10,0.00030517578125,32752
13601,46.84992345911451,142232050025,7.352786381670356,1860333,7.096607208251953,0.2561791734184027,7,0.000213623046875,32756
13701,47.23880679206923,143583870338,7.3212876868595105,1849933,7.056934356689453,0.26435333017005735,16,0.00048828125,32749
13801,47.637080625165254,144993410056,7.3052746140293685,1843769,7.033420562744141,0.2718540512852279,8,0.000244140625,32756
13901,48.04269487503916,146461925447,7.295447663721656,1844761,7.037204742431641,0.258242921290015,6,0.00018310546875,32760
14001,48.453037792118266,147942839841,7.295255850885219,1844210,7.035102844238281,0.26015300664693797,5,0.000152587890625,32763
14101,48.85758791700937,149438469505,7.303485774591353,1846878,7.045280456542969,0.2582053180483843,5,0.000152587890625,32762
14201,49.26655541709624,150943315582,7.3141431459945165,1845950,7.041740417480469,0.2724027285140478,4,0.0001220703125,32761
14301,49.6789689171128,152456398077,7.3249755321481995,1849124,7.0538482666015625,0.271127265546637,4,0.0001220703125,32760
14401,50.09076429205015,153978952281,7.339957891509571,1852437,7.066486358642578,0.273471532866993,3,9.1552734375e-05,32762
14501,50.50692241708748,155528331896,7.362580772412742,1858732,7.0904998779296875,0.2720808944830546,3,9.1552734375e-05,32764
14601,50.92395470920019,157086421431,7.3789304133659455,1865361,7.115787506103516,0.26314290726242984,2,6.103515625e-05,32767
14701,51.33827312500216,158652793896,7.389787917057415,1870804,7.1365509033203125,0.2532370137371025,3,9.1552734375e-05,32763
14801,51.757691542152315,160223706083,7.403375617030905,1872914,7.144599914550781,0.2587757024801238,3,9.1552734375e-05,32764
14901,52.17172654205933,161784552229,7.408303910084018,1878454,7.165733337402344,0.24257057268167426,3,9.1552734375e-05,32766
15001,52.591806625016034,163351057081,7.412343566596846,1882751,7.182125091552734,0.23021847504411141,3,9.1552734375e-05,32765
15101,53.00544837513007,164899037773,7.415560210037083,1887696,7.20098876953125,0.214571440505833,4,0.0001220703125,32764
15201,53.41830700007267,166432287088,7.423211158384583,1892515,7.219371795654297,0.20383936273028613,2,6.103515625e-05,32767
15301,53.828916209051386,167969050468,7.43408737155265,1896667,7.235210418701172,0.198876952851478,1,3.0517578125e-05,32768
15401,54.240897624986246,169499389212,7.43989419278059,1898985,7.244052886962891,0.19584130581769976,2,6.103515625e-05,32767
15501,54.65491441707127,171023855232,7.447535366944143,1902990,7.259330749511719,0.18820461743242412,3,9.1552734375e-05,32765
15601,55.062231875024736,172538315498,7.456107730568807,1910840,7.289276123046875,0.1668316075219316,1,3.0517578125e-05,32768
15701,55.47178650018759,174037556547,7.463940238662085,1916311,7.310146331787109,0.1537939068749754,1,3.0517578125e-05,32768
15801,55.877097292104736,175529038699,7.467928736115307,1918764,7.3195037841796875,0.14842495193561955,1,3.0517578125e-05,32768
15901,56.27758325007744,177016727826,7.473934925629127,1922562,7.333992004394531,0.13994292123459573,1,3.0517578125e-05,32768
16001,56.683824917068705,178511333902,7.47714096676123,1923761,7.338565826416016,0.138575140345214,1,3.0517578125e-05,32768
16101,57.10737191699445,180005248433,7.482682751808688,1925646,7.345756530761719,0.13692622104696905,1,3.0517578125e-05,32768
16201,57.51028458401561,181492769771,7.48807735244528,1928191,7.355464935302734,0.13261241714254535,1,3.0517578125e-05,32768
16301,57.923054417129606,182964372808,7.488887700241892,1929938,7.362129211425781,0.12675848881611085,1,3.0517578125e-05,32768
16401,58.32173595903441,184415738447,7.491291411596036,1930973,7.366077423095703,0.12521398850033272,1,3.0517578125e-05,32768
16501,58.7176527089905,185865722750,7.497811038014677,1933073,7.374088287353516,0.12372275066116156,1,3.0517578125e-05,32768
16601,59.114485000027344,187306308190,7.503727081697225,1934462,7.379386901855469,0.12434017984175583,1,3.0517578125e-05,32768
16701,59.50786358397454,188735873455,7.506755356067671,1935805,7.384510040283203,0.12224531578446829,1,3.0517578125e-05,32768
16801,59.90110562508926,190152808997,7.510249499109756,1936752,7.38812255859375,0.12212694051600614,1,3.0517578125e-05,32768
16901,60.29158700001426,191558926832,7.5139931642099995,1939774,7.399650573730469,0.11434259047953077,1,3.0517578125e-05,32768
17001,60.67987587512471,192958788772,7.50973200796526,1938903,7.396327972412109,0.1134040355531507,1,3.0517578125e-05,32768
17101,61.067455667071044,194353153406,7.509556293906114,1938360,7.394256591796875,0.11529970210923857,1,3.0517578125e-05,32768
17201,61.45707529201172,195734594898,7.509929849446221,1939156,7.3972930908203125,0.11263675862590894,1,3.0517578125e-05,32768
17301,61.83988037519157,197096663028,7.506736932608006,1940855,7.403774261474609,0.10296267113339663,1,3.0517578125e-05,32768
17401,62.21779041714035,198438691905,7.505885354744626,1939023,7.396785736083984,0.10909961866064144,1,3.0517578125e-05,32768
17501,62.59733450016938,199765541435,7.50635438426892,1939591,7.398952484130859,0.10740190013806039,1,3.0517578125e-05,32768
17601,62.97410291712731,201082695151,7.511133310711543,1941882,7.407691955566406,0.10344135514513653,1,3.0517578125e-05,32768
17701,63.34686987497844,202388769394,7.512996656016984,1941855,7.407588958740234,0.1054076972767497,1,3.0517578125e-05,32768
17801,63.72089500003494,203683871306,7.518385082161725,1941244,7.4052581787109375,0.11312690345078735,1,3.0517578125e-05,32768
17901,64.09476916701533,204969956342,7.5176384737545145,1937380,7.3905181884765625,0.12712028527795205,1,3.0517578125e-05,32768
18001,64.46859100018628,206258491082,7.514198792326551,1935374,7.382865905761719,0.13133288656483266,1,3.0517578125e-05,32768
18101,64.83971354202367,207538179468,7.513768898913471,1938353,7.394229888916016,0.11953900999745581,1,3.0517578125e-05,32768
18201,65.20814079209231,208809939229,7.516389188116605,1938456,7.394622802734375,0.12176638538223017,1,3.0517578125e-05,32768
18301,65.57563233398832,210066162834,7.509903028284109,1937003,7.389080047607422,0.12082298067668695,1,3.0517578125e-05,32768
18401,65.94951554201543,211313221438,7.514125990295316,1937744,7.39190673828125,0.12221925201406592,1,3.0517578125e-05,32768
18501,66.32671729219146,212552909067,7.5187558046407466,1938795,7.395915985107422,0.12283981953332468,2,6.103515625e-05,32767
18601,66.68756533414125,213785428255,7.517107850315552,1939124,7.3971710205078125,0.1199368298077399,2,6.103515625e-05,32767
18701,67.04798404197209,215010518225,7.519435871119744,1938818,7.396003723144531,0.12343214797521274,1,3.0517578125e-05,32768
18801,67.40806708415039,216197010618,7.518753911860234,1937878,7.392417907714844,0.12633600414539004,1,3.0517578125e-05,32768
18901,67.7602990840096,217374826235,7.52075178803817,1940486,7.402366638183594,0.11838514985457582,1,3.0517578125e-05,32768
19001,68.11514783417806,218545587222,7.524388816263827,1941585,7.406558990478516,0.11782982578531165,1,3.0517578125e-05,32768
19101,68.46676866710186,219706337225,7.524438766526108,1938871,7.396205902099609,0.12823286442649895,1,3.0517578125e-05,32768
19201,68.8151104170829,220867247067,7.52053051741791,1936853,7.388507843017578,0.1320226744003321,1,3.0517578125e-05,32768
19301,69.1654339171946,222018621712,7.518279103335074,1935611,7.383769989013672,0.13450911432140256,1,3.0517578125e-05,32768
19401,69.5128040839918,223141153226,7.515568821741699,1936119,7.385707855224609,0.12986096651708934,1,3.0517578125e-05,32768
19501,69.85473404219374,224252224956,7.514053237476289,1937799,7.392116546630859,0.12193669084542957,1,3.0517578125e-05,32768
19601,70.20001254207455,225365068378,7.51501192222194,1938761,7.395786285400391,0.11922563682154941,1,3.0517578125e-05,32768
19701,70.5502991671674,226471018930,7.5157902367818865,1938540,7.3949432373046875,0.12084699947719901,1,3.0517578125e-05,32768
19801,70.88873891718686,227571937515,7.514719827225892,1938398,7.394401550292969,0.12031827693292296,1,3.0517578125e-05,32768
19901,71.22762033413164,228659719482,7.511625839291003,1938313,7.394077301025391,0.11754853826561273,1,3.0517578125e-05,32768
20001,71.56896487507038,229743903523,7.515149395666458,1940632,7.402923583984375,0.1122258116820829,1,3.0517578125e-05,32768
20101,71.9068533340469,230825068010,7.509735099705536,1939904,7.400146484375,0.10958861533053632,1,3.0517578125e-05,32768
20201,72.24350445903838,231899850371,7.514473386283678,1940547,7.402599334716797,0.1118740515668808,1,3.0517578125e-05,32768
20301,72.58489837497473,232971263627,7.512193021286326,1940277,7.401569366455078,0.11062365483124825,1,3.0517578125e-05,32768
20401,72.92357504204847,234042151540,7.509956924508154,1937496,7.390960693359375,0.11899623114877933,2,6.103515625e-05,32766
20501,73.26424383418635,235112150307,7.50841885979259,1938141,7.393421173095703,0.1149976866968867,1,3.0517578125e-05,32768
20601,73.6115447501652,236186036353,7.5141074448471,1939983,7.400447845458984,0.11365959938811532,1,3.0517578125e-05,32768
20701,73.95431925007142,237259004473,7.513083801977038,1939063,7.396938323974609,0.11614547800242825,1,3.0517578125e-05,32768
20801,74.2868982499931,238306059141,7.5108578099303225,1937579,7.391277313232422,0.1195804966979006,1,3.0517578125e-05,32768
20901,74.62166175013408,239355356499,7.511072919812499,1939222,7.397544860839844,0.11352805897265483,1,3.0517578125e-05,32768
21001,74.95851837517694,240407428108,7.514558585991441,1939857,7.399967193603516,0.1145913923879256,1,3.0517578125e-05,32768
21101,75.2915553341154,241451721572,7.515112288799103,1938561,7.395023345947266,0.12008894285183747,1,3.0517578125e-05,32768
21201,75.62411745917052,242486878354,7.515098694467525,1938841,7.396091461181641,0.1190072332858847,1,3.0517578125e-05,32768
21301,75.96785937505774,243511313222,7.5189100193025515,1939934,7.400260925292969,0.11864909400958279,1,3.0517578125e-05,32768
21401,76.30147337517701,244523216014,7.523143656303616,1940922,7.404029846191406,0.11911381011220978,1,3.0517578125e-05,32768
21501,76.62844533403404,245523693662,7.525373998184399,1942273,7.409183502197266,0.1161904959871336,1,3.0517578125e-05,32768
21601,76.95554337510839,246518857857,7.530414140619323,1943202,7.412727355957031,0.11768678466229154,1,3.0517578125e-05,32768
21701,77.28032620903105,247519583138,7.534667163927079,1944827,7.418926239013672,0.11574092491340693,2,6.103515625e-05,32767
21801,77.60433012503199,248519110157,7.5346096176246,1941965,7.408008575439453,0.1266010421851469,1,3.0517578125e-05,32768
21901,77.92944866698235,249525590440,7.540279178084348,1943787,7.414958953857422,0.12532022422692624,1,3.0517578125e-05,32768
22001,78.25536537519656,250542289871,7.5401959092028905,1943705,7.414646148681641,0.1255497605212499,1,3.0517578125e-05,32768
22101,78.58484025020152,251562377746,7.531807442151104,1941492,7.4062042236328125,0.12560321851829137,3,9.1552734375e-05,32766
22201,78.91364737506956,252577573377,7.535262532265165,1940623,7.402889251708984,0.13237328055618036,1,3.0517578125e-05,32768
22301,79.23890283401124,253593700183,7.533405238727375,1939395,7.398204803466797,0.135200435260578,1,3.0517578125e-05,32768
22401,79.56702945916913,254619977173,7.532811199513764,1939873,7.400028228759766,0.1327829707539987,2,6.103515625e-05,32767
22501,79.89572820905596,255655904348,7.532718502567025,1938211,7.393688201904297,0.13903030066272848,1,3.0517578125e-05,32768
22601,80.22512087505311,256687433085,7.537958251926807,1939008,7.396728515625,0.14122973630180713,1,3.0517578125e-05,32768
22701,80.55549645912834,257715980081,7.53923121057481,1938202,7.393653869628906,0.1455773409459038,1,3.0517578125e-05,32768
22801,80.88517279201187,258745900384,7.5400083167085565,1938740,7.3957061767578125,0.14430213995074403,1,3.0517578125e-05,32768
22901,81.21541616716422,259776916674,7.538919111033846,1938595,7.395153045654297,0.14376606537954917,1,3.0517578125e-05,32768
23001,81.53996912506409,260781120012,7.544162962479282,1940431,7.402156829833984,0.1420061326452977,1,3.0517578125e-05,32768
23101,81.860270250123,261764702122,7.54211251444479,1941530,7.406349182128906,0.135763332315884,1,3.0517578125e-05,32768
23201,82.1829298750963,262735139579,7.541718993471966,1943472,7.41375732421875,0.1279616692532164,1,3.0517578125e-05,32768
23301,82.50640275003389,263712097304,7.537647520367887,1941795,7.407360076904297,0.13028744346359034,1,3.0517578125e-05,32768
23401,82.82926070899703,264696907238,7.5340483100099345,1940779,7.403484344482422,0.1305639655275126,1,3.0517578125e-05,32768
23501,83.15194800007157,265672859833,7.532162247221434,1939675,7.399272918701172,0.13288932852026214,1,3.0517578125e-05,32768
23601,83.47189008397982,266649415980,7.5390459643015255,1941044,7.4044952392578125,0.13455072504371302,1,3.0517578125e-05,32768
23701,83.79131479212083,267625826995,7.545444382027074,1942220,7.4089813232421875,0.1364630587848863,1,3.0517578125e-05,32768
23801,84.11357608414255,268601470863,7.548172960754083,1941953,7.407962799072266,0.140210161681817,2,6.103515625e-05,32767
23901,84.43378595914692,269579537005,7.54239166749027,1941142,7.404869079589844,0.13752258790042582,1,3.0517578125e-05,32768
24001,84.75678158411756,270556770619,7.535817792188086,1939036,7.3968353271484375,0.13898246503964806,1,3.0517578125e-05,32768
24101,85.08112041698769,271530604751,7.532283272453985,1938867,7.396190643310547,0.13609262914343834,1,3.0517578125e-05,32768
24201,85.4064124589786,272516360295,7.530078111791148,1939380,7.3981475830078125,0.1319305287833359,1,3.0517578125e-05,32768
24301,85.73060591705143,273504743490,7.529923546997198,1939740,7.3995208740234375,0.1304026729737604,2,6.103515625e-05,32767
24401,86.05639308411628,274494940724,7.528861542359751,1937336,7.390350341796875,0.1385112005628759,1,3.0517578125e-05,32768
24501,86.38554770918563,275491582456,7.525745041636101,1935474,7.383247375488281,0.1424976661478201,3,9.1552734375e-05,32766
24601,86.70759916701354,276489964396,7.522496857235668,1932831,7.373165130615234,0.14933172662043326,1,3.0517578125e-05,32768
24701,87.05171454208903,277499543544,7.525211150336468,1933245,7.374744415283203,0.15046673505326513,1,3.0517578125e-05,32768
24801,87.37908858410083,278502521184,7.521534172104534,1935716,7.3841705322265625,0.13736363987797162,1,3.0517578125e-05,32768
24901,87.70542104216293,279506356771,7.5149443991160325,1932866,7.373298645019531,0.14164575409650126,1,3.0517578125e-05,32768
25001,88.03091687499546,280516350944,7.512799101897531,1933937,7.377384185791016,0.13541491610651502,1,3.0517578125e-05,32768
25101,88.35959354205988,281527802801,7.5153250828857505,1935048,7.381622314453125,0.13370276843262552,1,3.0517578125e-05,32768
25201,88.68335366714746,282537375762,7.517865377955418,1936481,7.387088775634766,0.13077660232065202,1,3.0517578125e-05,32768
25301,89.01487387507223,283549725983,7.522315756104317,1938255,7.393856048583984,0.12845970752033242,1,3.0517578125e-05,32768
25401,89.35125987511128,284571501313,7.517523603951945,1936826,7.388404846191406,0.12911875776053883,1,3.0517578125e-05,32768
25501,89.68041579215787,285599087085,7.518521133744689,1936167,7.385890960693359,0.13263017305132951,2,6.103515625e-05,32767
25601,90.01429979200475,286636091684,7.512270214052403,1933439,7.375484466552734,0.13678574749966899,1,3.0517578125e-05,32768
25701,90.34835624997504,287683974953,7.511253424758923,1934092,7.3779754638671875,0.1332779608917356,1,3.0517578125e-05,32768
25801,90.68153833411634,288729113417,7.5105744989235035,1933271,7.374843597412109,0.1357309015113941,1,3.0517578125e-05,32768
25901,91.01666129217483,289780972224,7.51442092446513,1933188,7.3745269775390625,0.13989394692606716,1,3.0517578125e-05,32768
26001,91.35166866704822,290839060856,7.517399650038973,1933822,7.376945495605469,0.14045415443350429,1,3.0517578125e-05,32768
26101,91.68945175013505,291911606152,7.521554844819663,1935857,7.384708404541016,0.13684644027864756,1,3.0517578125e-05,32768
26201,92.02735233400017,292986218304,7.521555779300829,1935445,7.383136749267578,0.1384190300332513,3,9.1552734375e-05,32766
26301,92.36655066697858,294043529549,7.521118998084947,1935188,7.3821563720703125,0.13896262601463416,1,3.0517578125e-05,32768
26401,92.70010995911434,295088314302,7.520982248361524,1935996,7.3852386474609375,0.1357436009005868,1,3.0517578125e-05,32768
26501,93.03267225017771,296121380887,7.52637814213585,1937031,7.389186859130859,0.13719128300499062,1,3.0517578125e-05,32768
26601,93.36098687513731,297159195364,7.527980936194926,1938537,7.394931793212891,0.13304914298203574,2,6.103515625e-05,32767
26701,93.69940045918338,298193311531,7.532191927649333,1940019,7.400585174560547,0.13160675308878655,1,3.0517578125e-05,32768
26801,94.04013945907354,299224636338,7.526765039595912,1939049,7.396884918212891,0.12988012138302096,1,3.0517578125e-05,32768
26901,94.3705234171357,300242348551,7.522744187347625,1939952,7.40032958984375,0.12241459750387484,1,3.0517578125e-05,32768
27001,94.70955379214138,301257023821,7.525179298625443,1940236,7.4014129638671875,0.1237663347582556,1,3.0517578125e-05,32768
27101,95.0390049170237,302276030846,7.521451950337849,1938735,7.395687103271484,0.12576484706636482,2,6.103515625e-05,32766
27201,95.36807083408348,303294486471,7.519103767975723,1938255,7.393856048583984,0.12524771939173895,1,3.0517578125e-05,32768
27301,95.70201608398929,304305649258,7.523358559321547,1941226,7.405189514160156,0.11816904516139104,1,3.0517578125e-05,32768
27401,96.04966291715391,305326020888,7.521208714431148,1938390,7.394371032714844,0.12683768171630394,1,3.0517578125e-05,32768
27501,96.38211345905438,306335465728,7.526018326588471,1940121,7.400974273681641,0.12504405290682996,1,3.0517578125e-05,32768
27601,96.70941562508233,307342302409,7.5273080375737,1940980,7.4042510986328125,0.12305693894088776,1,3.0517578125e-05,32768
27701,97.03758270898834,308347239702,7.523066155209058,1940837,7.403705596923828,0.11936055828522996,1,3.0517578125e-05,32768
27801,97.36240808409639,309343850347,7.5201772422042445,1942079,7.408443450927734,0.11173379127651017,1,3.0517578125e-05,32768
27901,97.6827177091036,310321842381,7.5204870573238,1942795,7.411174774169922,0.1093122831538782,1,3.0517578125e-05,32768
28001,98.00454920902848,311290859800,7.523095423332209,1943254,7.412925720214844,0.11016970311736518,1,3.0517578125e-05,32768
28101,98.3213712091092,312252752250,7.520535648560056,1941849,7.407566070556641,0.11296957800341545,1,3.0517578125e-05,32768
28201,98.64594141719863,313216040591,7.517109074487084,1942289,7.409244537353516,0.10786453713356803,1,3.0517578125e-05,32768
28301,98.97062400006689,314188213815,7.510340378697025,1942272,7.4091796875,0.10116069119702509,1,3.0517578125e-05,32768
28401,99.2909947920125,315159827205,7.509707973104405,1939991,7.400478363037109,0.10922961006729537,1,3.0517578125e-05,32768
28501,99.61519237514585,316129575942,7.51199637391866,1939790,7.399711608886719,0.11228476503194162,1,3.0517578125e-05,32768
28601,99.93346512503922,317095906297,7.508439469051089,1938717,7.395618438720703,0.1128210303303856,1,3.0517578125e-05,32768
28701,100.25231379200704,318056833771,7.509992602002132,1940598,7.402793884277344,0.1071987177247884,1,3.0517578125e-05,32768
28801,100.57083208416589,319002227009,7.509309592947833,1940799,7.403560638427734,0.10574895452009869,2,6.103515625e-05,32767
28901,100.88948683417402,319942749473,7.509498935349839,1939568,7.39886474609375,0.11063418925608914,1,3.0517578125e-05,32768
29001,101.21165745914914,320880898025,7.505075332235501,1936812,7.3883514404296875,0.11672389180581355,1,3.0517578125e-05,32768
29101,101.52664320915937,321811378492,7.503476831381345,1936594,7.387519836425781,0.11595699495556389,1,3.0517578125e-05,32768
29201,101.84767820918933,322746743331,7.502757596275568,1937510,7.391014099121094,0.11174349715447462,1,3.0517578125e-05,32768
29301,102.16788725019433,323690812945,7.499147561398775,1936266,7.386268615722656,0.112878945676119,1,3.0517578125e-05,32768
29401,102.4901000841055,324644738904,7.499067047445992,1935401,7.382968902587891,0.11609814485810155,1,3.0517578125e-05,32768
29501,102.80944095901214,325607722535,7.5012189998455945,1936549,7.387348175048828,0.11387082479676636,1,3.0517578125e-05,32768
29601,103.13143766717985,326564294194,7.5014208257531285,1936983,7.389003753662109,0.11241707209101914,1,3.0517578125e-05,32768
29701,103.45615241699852,327526060531,7.502612323710031,1936439,7.386928558349609,0.11568376536042191,1,3.0517578125e-05,32768
29801,103.77686258405447,328484976019,7.501820313872507,1935340,7.3827362060546875,0.11908410781781953,1,3.0517578125e-05,32768
29901,104.10148679208942,329444641495,7.502147520083944,1936688,7.38787841796875,0.11426910211519381,1,3.0517578125e-05,32768
30001,104.42282129218802,330409144711,7.4967289761794955,1933707,7.376506805419922,0.12022217075957364,3,9.1552734375e-05,32766
30101,104.77377225016244,331381272319,7.499745463256886,1935468,7.3832244873046875,0.11652097595219857,1,3.0517578125e-05,32768
30201,105.09828058397397,332348850098,7.501763971837049,1936652,7.3877410888671875,0.11402288296986107,1,3.0517578125e-05,32768
30301,105.42255125008523,333308199270,7.504315505523673,1935635,7.383861541748047,0.1204539637756259,3,9.1552734375e-05,32766
30401,105.74526650016196,334266516704,7.504599988647762,1938029,7.392993927001953,0.11160606164580855,1,3.0517578125e-05,32768
30501,106.09150287508965,335222800532,7.505212085775954,1935466,7.383216857910156,0.12199522786579742,2,6.103515625e-05,32767
30601,106.41590462508611,336180533901,7.502611148114039,1935185,7.382144927978516,0.12046622013552355,1,3.0517578125e-05,32768
30701,106.73900720919482,337151752568,7.5011141614773695,1933211,7.374614715576172,0.12649944590119766,1,3.0517578125e-05,32768
30801,107.0631282501854,338132559528,7.4909718808399255,1931490,7.368049621582031,0.12292225925789424,1,3.0517578125e-05,32768
30901,107.3879070840776,339121183628,7.491541058959183,1932467,7.371776580810547,0.11976447814863622,1,3.0517578125e-05,32768
31001,107.71142241708003,340112353286,7.493169199316975,1932519,7.371974945068359,0.12119425424861596,1,3.0517578125e-05,32768
31101,108.03802241710946,341100145149,7.49344525438779,1932706,7.372688293457031,0.12075696093075905,1,3.0517578125e-05,32768
31201,108.3644560421817,342078186991,7.497003228495359,1933528,7.375823974609375,0.12117925388598394,1,3.0517578125e-05,32768
31301,108.68672216706909,343053406478,7.492093532255213,1932218,7.370826721191406,0.12126681106380666,1,3.0517578125e-05,32768
31401,109.01274699997157,344036109766,7.491790508030773,1931366,7.367576599121094,0.1242139089096792,1,3.0517578125e-05,32768
31501,109.33320004213601,345015222670,7.49578842281784,1933183,7.374507904052734,0.12128051876510604,1,3.0517578125e-05,32768
31601,109.6697515421547,345999614217,7.494841910221562,1933204,7.3745880126953125,0.12025389752624971,1,3.0517578125e-05,32768
31701,109.99627533415332,346993148959,7.498555805292844,1934857,7.380893707275391,0.11766209801745298,1,3.0517578125e-05,32768
31801,110.32177875004709,347983753010,7.501134197784112,1936591,7.387508392333984,0.11362580545012779,1,3.0517578125e-05,32768
31901,110.64884916716255,348980280091,7.500129578650816,1935878,7.384788513183594,0.11534106546722267,1,3.0517578125e-05,32768
32001,110.97249854216352,349975161857,7.499698850984688,1936762,7.388160705566406,0.11153814541828133,1,3.0517578125e-05,32768
32101,111.31169466697611,350964555687,7.490241703638857,1933653,7.376300811767578,0.11394089187127854,1,3.0517578125e-05,32768
32201,111.63938929210417,351954011162,7.492387788278313,1933667,7.376354217529297,0.11603357074901588,2,6.103515625e-05,32767
32301,111.96529687498696,352941206917,7.486580497371395,1931560,7.368316650390625,0.11826384698076975,1,3.0517578125e-05,32768
32401,112.29111941717565,353934812716,7.484332565529883,1931085,7.366504669189453,0.11782789634042956,1,3.0517578125e-05,32768
32501,112.61928912508301,354936136035,7.487412152445358,1931803,7.369243621826172,0.11816853061918575,1,3.0517578125e-05,32768
32601,112.94287779205479,355935380630,7.4911694512181635,1931669,7.368732452392578,0.12243699882558534,2,6.103515625e-05,32767
32701,113.27258937503211,356948358153,7.493315984980829,1931967,7.369869232177734,0.12344675280309492,1,3.0517578125e-05,32768
32801,113.60325029212981,357977286859,7.495127484035199,1930922,7.365882873535156,0.12924461050004243,1,3.0517578125e-05,32768
32901,113.93348362506367,359012651881,7.499632621103471,1931112,7.366607666015625,0.13302495508784595,1,3.0517578125e-05,32768
33001,114.27145004202612,360057822632,7.50685949507209,1935769,7.384372711181641,0.12248678389044976,1,3.0517578125e-05,32768
33101,114.60381658398546,361086432205,7.507568752963944,1935967,7.385128021240234,0.12244073172370928,1,3.0517578125e-05,32768
33201,114.93648791708983,362133226540,7.503504332163711,1933885,7.377185821533203,0.12631851063050803,1,3.0517578125e-05,32768
33301,115.27276087505743,363191891853,7.5064762329759604,1933322,7.375038146972656,0.1314380860033042,2,6.103515625e-05,32767
33401,115.61105762515217,364252112101,7.501424178446303,1933042,7.373970031738281,0.1274541467080219,2,6.103515625e-05,32767
33501,115.94683620915748,365310839094,7.499301294877979,1932229,7.370868682861328,0.1284326120166508,1,3.0517578125e-05,32768
33601,116.28343508415855,366373758196,7.4991489938592135,1932132,7.3704986572265625,0.12865033663265102,1,3.0517578125e-05,32768
33701,116.62037008418702,367428848043,7.496255213534392,1930262,7.363365173339844,0.13289004019454786,1,3.0517578125e-05,32768
33801,116.97559233405627,368490965692,7.497534154701151,1927792,7.35394287109375,0.14359128360740137,3,9.1552734375e-05,32766
33901,117.30815137503669,369539145556,7.488482777945846,1924390,7.340965270996094,0.14751750694975208,2,6.103515625e-05,32767
34001,117.64163445914164,370579195307,7.490626105132044,1924911,7.342952728271484,0.1476733768605598,1,3.0517578125e-05,32768
34101,117.97829579212703,371624131179,7.500542297662409,1928508,7.3566741943359375,0.14386810332647126,2,6.103515625e-05,32767
34201,118.31036050012335,372660749699,7.502143299062034,1928766,7.357658386230469,0.14448491283156528,2,6.103515625e-05,32767
34301,118.64291529217735,373693142483,7.5040628859762295,1928738,7.357551574707031,0.14651131126919825,1,3.0517578125e-05,32768
34401,118.97342437505722,374735665869,7.497444821226008,1926837,7.350299835205078,0.14714498602092974,1,3.0517578125e-05,32768
34501,119.31075379205868,375804203217,7.494765390786728,1926885,7.350482940673828,0.1442824501129003,1,3.0517578125e-05,32768
34601,119.6493419171311,376885554189,7.490947534739284,1926926,7.350639343261719,0.14030819147756546,1,3.0517578125e-05,32768
34701,119.99378908402286,377961426339,7.488357863751622,1925660,7.3458099365234375,0.14254792722818443,1,3.0517578125e-05,32768
34801,120.33259654208086,379033567202,7.488730005308002,1926103,7.347499847412109,0.141230157895893,1,3.0517578125e-05,32768
34901,120.67427579197101,380099737515,7.487496262765397,1925116,7.3437347412109375,0.14376152155445965,1,3.0517578125e-05,32768
35001,121.01130579202436,381150991799,7.488002191313723,1927308,7.3520965576171875,0.1359056336965354,1,3.0517578125e-05,32768
35101,121.34323595906608,382193955364,7.4904169403251615,1928589,7.356983184814453,0.13343375551070835,1,3.0517578125e-05,32768
35201,121.67993637500331,383238275917,7.490590200929123,1930103,7.362758636474609,0.12783156445451382,2,6.103515625e-05,32767
35301,122.01340445899405,384278097495,7.490800971935185,1932121,7.370456695556641,0.12034427637854428,1,3.0517578125e-05,32768
35401,122.34248600015417,385309933478,7.489508677782798,1929666,7.361091613769531,0.12841706401326647,1,3.0517578125e-05,32768
35501,122.66946954210289,386348294650,7.491670307527928,1930166,7.362998962402344,0.12867134512558387,1,3.0517578125e-05,32768
35601,123.000715542119,387384596059,7.488817931036156,1926801,7.350162506103516,0.13865542493264016,2,6.103515625e-05,32767
35701,123.33329008403234,388416324535,7.492513961236786,1928839,7.357936859130859,0.13457710210592655,1,3.0517578125e-05,32768
35801,123.66477124998346,389446971579,7.491873517178382,1927057,7.351139068603516,0.14073444857486628,1,3.0517578125e-05,32768
35901,123.99827316706069,390477683699,7.490273431338688,1925788,7.3462982177734375,0.14397521356525012,1,3.0517578125e-05,32768
36001,124.3275830000639,391496179707,7.491493048894893,1925231,7.344173431396484,0.14731961749840838,1,3.0517578125e-05,32768
36101,124.65681358403526,392520574318,7.495539134519971,1925927,7.346828460693359,0.14871067382661174,1,3.0517578125e-05,32768
36201,124.98560408409685,393542270545,7.502429235335113,1926576,7.34930419921875,0.1531250361163634,1,3.0517578125e-05,32768
36301,125.31501829205081,394578984310,7.506112915070268,1927141,7.351459503173828,0.15465341189644022,1,3.0517578125e-05,32768
36401,125.64721125015058,395623377441,7.511118197137673,1931600,7.36846923828125,0.14264895885642304,1,3.0517578125e-05,32768
36501,125.9991200841032,396660446922,7.516586260554869,1934127,7.378108978271484,0.13847728228338418,3,9.1552734375e-05,32766
36601,126.3340196670033,397704115453,7.512409619507968,1932185,7.370700836181641,0.14170878332632775,2,6.103515625e-05,32767
36701,126.67069120914675,398761978921,7.512373393792748,1933502,7.375724792480469,0.13664860131227918,1,3.0517578125e-05,32768
36801,127.00979825016111,399820060807,7.5099133476379905,1933065,7.374057769775391,0.13585557786259983,1,3.0517578125e-05,32768
36901,127.34310920909047,400889136991,7.512423920828972,1932098,7.370368957519531,0.142054963309441,2,6.103515625e-05,32767
37001,127.68159950012341,401970405305,7.515826751063017,1932937,7.373569488525391,0.14225726253762616,1,3.0517578125e-05,32768
37101,128.01907037501223,403042376058,7.5134547230753945,1929262,7.359550476074219,0.15390424700117578,1,3.0517578125e-05,32768
37201,128.35543537512422,404115471935,7.5066401430052405,1928458,7.356483459472656,0.15015668353258427,1,3.0517578125e-05,32768
37301,128.6904095839709,405186286627,7.506818783682165,1929098,7.358924865722656,0.14789391795950912,1,3.0517578125e-05,32768
37401,129.02785299997777,406260554698,7.509645119304837,1930188,7.3630828857421875,0.14656223356264952,1,3.0517578125e-05,32768
37501,129.36524841701612,407339234822,7.513089116934721,1931030,7.366294860839844,0.14679425609487762,1,3.0517578125e-05,32768
37601,129.70306400000118,408414211280,7.5139433408532215,1931823,7.369319915771484,0.1446234250817371,1,3.0517578125e-05,32768
37701,130.04650241718628,409490394099,7.517157652850882,1931814,7.369285583496094,0.14787206935478814,1,3.0517578125e-05,32768
37801,130.38110279198736,410564686067,7.516810136980861,1932395,7.371501922607422,0.145308214373439,2,6.103515625e-05,32767
37901,130.71695633418858,411632147647,7.517788355992495,1933565,7.375965118408203,0.14182323758429227,1,3.0517578125e-05,32768
38001,131.05021600006148,412691040297,7.518117045193626,1933694,7.376457214355469,0.14165983083815714,1,3.0517578125e-05,32768
38101,131.3882474170532,413758189999,7.517637902269375,1934527,7.379634857177734,0.13800304509164096,1,3.0517578125e-05,32768
38201,131.72462833416648,414829153817,7.518731471775261,1934902,7.381065368652344,0.1376661031229176,1,3.0517578125e-05,32768
38301,132.0614205840975,415904175190,7.516723694229192,1935358,7.382804870605469,0.13391882362372343,1,3.0517578125e-05,32768
38401,132.39656212506816,416971781012,7.516331052387175,1934271,7.378658294677734,0.13767275770944032,2,6.103515625e-05,32767
38501,132.7348931671586,418039907816,7.522336219792553,1935194,7.382179260253906,0.14015695953864693,1,3.0517578125e-05,32768
38601,133.07182362512685,419112593825,7.5216739274178686,1933865,7.377109527587891,0.14456439982997793,1,3.0517578125e-05,32768
38701,133.41310366708785,420194209038,7.522722255877867,1933266,7.374824523925781,0.147897731952086,1,3.0517578125e-05,32768
38801,133.75117641710676,421274354374,7.518266042149153,1932796,7.3730316162109375,0.14523442593821567,1,3.0517578125e-05,32768
38901,134.08837845898233,422354089973,7.513932708777515,1931263,7.367183685302734,0.14674902347478103,2,6.103515625e-05,32767
39001,134.42707937513478,423429138572,7.509739950089399,1930268,7.3633880615234375,0.14635188856596137,1,3.0517578125e-05,32768
39101,134.76139058405533,424503403705,7.504285001300516,1927701,7.353595733642578,0.15068926765793744,1,3.0517578125e-05,32768
39201,135.10177870909683,425579890884,7.499281758725713,1925265,7.344303131103516,0.1549786276221976,2,6.103515625e-05,32767
39301,135.43997504212894,426651777670,7.50200632695807,1923849,7.338901519775391,0.1631048071826795,2,6.103515625e-05,32767
39401,135.7760108341463,427728264313,7.496420974705276,1921678,7.330619812011719,0.16580116269355738,1,3.0517578125e-05,32768
39501,136.13946475018747,428814515865,7.499578053492231,1920227,7.325084686279297,0.17449336721293385,2,6.103515625e-05,32767
39601,136.4813922091853,429909939117,7.494714307570083,1918057,7.316806793212891,0.17790751435719265,6,0.00018310546875,32763
39701,136.82360962498933,431009165947,7.492857255036206,1918783,7.319576263427734,0.17328099160847188,1,3.0517578125e-05,32768
39801,137.16444066702388,432111974126,7.495348596679549,1918072,7.316864013671875,0.17848458300767422,2,6.103515625e-05,32767
39901,137.5059955001343,433222838260,7.495719360864401,1918616,7.318939208984375,0.17678015188002583,2,6.103515625e-05,32767
40001,137.85390341700986,434361583037,7.494424932771772,1920043,7.324382781982422,0.17004215078935037,1,3.0517578125e-05,32768
40101,138.20219754218124,435504556135,7.496598148946783,1923169,7.336307525634766,0.16029062331201693,1,3.0517578125e-05,32768
40201,138.55384333408438,436662948046,7.493836807305222,1924757,7.342365264892578,0.1514715424126436,1,3.0517578125e-05,32768
40301,138.90183612518013,437818238075,7.492078534393011,1921637,7.330463409423828,0.16161512496918284,1,3.0517578125e-05,32768
40401,139.25088879209943,438956927636,7.496070400983754,1926331,7.348369598388672,0.14770080259508234,1,3.0517578125e-05,32768
40501,139.59693487500772,440085647298,7.4908395218089945,1926110,7.347526550292969,0.14331297151602573,1,3.0517578125e-05,32768
40601,139.94379229214974,441211356605,7.487858230645493,1925498,7.345191955566406,0.1426662750790868,1,3.0517578125e-05,32768
40701,140.28837962518446,442334533337,7.4837021735619995,1924016,7.33953857421875,0.14416359934324952,1,3.0517578125e-05,32768
40801,140.63423879211769,443456332206,7.483896318720108,1925735,7.346096038818359,0.13780027990174837,1,3.0517578125e-05,32768
40901,140.9793631671928,444580507479,7.479376820512895,1925635,7.345714569091797,0.13366225142109833,2,6.103515625e-05,32767
41001,141.32205479219556,445707641498,7.477473754128181,1926126,7.347587585449219,0.1298861686789623,1,3.0517578125e-05,32768
41101,141.66893833409995,446840948971,7.468797587288083,1924145,7.340030670166016,0.12876691712206778,2,6.103515625e-05,32767
41201,142.01400520908646,447974225922,7.468135302983642,1922828,7.3350067138671875,0.13312858911645442,1,3.0517578125e-05,32768
41301,142.36343604209833,449116561762,7.472495257479325,1924573,7.341663360595703,0.13083189688362218,1,3.0517578125e-05,32768
41401,142.71636262512766,450272135400,7.477798252877747,1926146,7.347663879394531,0.13013437348321588,2,6.103515625e-05,32767
41501,143.06844404200092,451445349855,7.478169908909794,1925897,7.346714019775391,0.13145588913440331,1,3.0517578125e-05,32768
41601,143.41992908413522,452598935828,7.4772483458384125,1926003,7.347118377685547,0.1301299681528656,1,3.0517578125e-05,32768
41701,143.76813758397475,453753718709,7.488556858642211,1928895,7.358150482177734,0.13040637646447628,1,3.0517578125e-05,32768
41801,144.1141927500721,454888837497,7.486917665989983,1928683,7.357341766357422,0.12957589963256133,4,0.0001220703125,32765
41901,144.46090708416887,456023362407,7.4850226989998445,1928291,7.355846405029297,0.12917629397054764,1,3.0517578125e-05,32768
42001,144.806866500061,457161078444,7.487413328759629,1928927,7.358272552490234,0.12914077626939502,1,3.0517578125e-05,32768
42101,145.15719320904464,458298589761,7.490049040650902,1930457,7.364109039306641,0.12594000134426153,1,3.0517578125e-05,32768
42201,145.50929487519898,459436517797,7.489207282655015,1920388,7.3256988525390625,0.16350843011595284,2,6.103515625e-05,32764
42301,145.8639554590918,460609996932,7.48354969139711,1910597,7.288349151611328,0.1952005397857821,1,3.0517578125e-05,32768
42401,146.22189158410765,461814488895,7.490983983383009,1916158,7.309562683105469,0.18142130027754,1,3.0517578125e-05,32768
42501,146.58100591716357,463031766046,7.491169988431586,1918422,7.318199157714844,0.1729708307167419,1,3.0517578125e-05,32768
42601,146.95155133400112,464259323876,7.492647578236538,1920388,7.3256988525390625,0.1669487256974751,2,6.103515625e-05,32767
42701,147.3234888750594,465479751666,7.4887377267427055,1921565,7.330188751220703,0.15854897552200242,1,3.0517578125e-05,32768
42801,147.68621054198593,466702115221,7.495677277602084,1924328,7.340728759765625,0.15494851783645913,2,6.103515625e-05,32767
42901,148.04966637515463,467918786163,7.495812137537677,1925472,7.3450927734375,0.15071936410017717,1,3.0517578125e-05,32768
43001,148.41107804211788,469119532901,7.494197440155145,1925313,7.344486236572266,0.14971120358287937,1,3.0517578125e-05,32768
43101,148.76986170909368,470308510906,7.493218685836787,1924508,7.3414154052734375,0.15180328056334957,1,3.0517578125e-05,32768
43201,149.12509466707706,471488870585,7.491225642326067,1924599,7.341762542724609,0.14946309960145765,1,3.0517578125e-05,32768
43301,149.4814565840643,472669637375,7.492642807495722,1927701,7.353595733642578,0.13904707385314374,1,3.0517578125e-05,32768
43401,149.8371015000157,473852153844,7.488680010746863,1929656,7.361053466796875,0.1276265439499884,1,3.0517578125e-05,32768
43501,150.193063542014,475039702436,7.489740351413289,1930132,7.3628692626953125,0.12687108871797648,1,3.0517578125e-05,32768
43601,150.54834616719745,476225753365,7.491933021069428,1931324,7.3674163818359375,0.12451663923349088,1,3.0517578125e-05,32768
43701,150.90309908404015,477411487976,7.493013090478394,1931765,7.369098663330078,0.12391442714831591,1,3.0517578125e-05,32768
43801,151.26037295907736,478599056796,7.494669724610526,1932134,7.370506286621094,0.12416343798943252,2,6.103515625e-05,32767
43901,151.6158295420464,479772405945,7.498413542933516,1934609,7.379947662353516,0.11846588058000052,1,3.0517578125e-05,32768
44001,151.9733563340269,480941691362,7.49968236541866,1934752,7.3804931640625,0.11918920135615974,2,6.103515625e-05,32766
44101,152.32272879197262,482100208697,7.497281282464558,1931751,7.369045257568359,0.12823602489619823,1,3.0517578125e-05,32768
44201,152.6739841250237,483235889837,7.497475027819001,1931460,7.3679351806640625,0.1295398471549385,2,6.103515625e-05,32767
44301,153.0222067499999,484371215596,7.496469430872077,1930559,7.364498138427734,0.13197129244434258,1,3.0517578125e-05,32768
44401,153.36742866714485,485504614155,7.502745441598688,1933245,7.374744415283203,0.12800102631548516,1,3.0517578125e-05,32768
44501,153.71277170907706,486633269449,7.500786627514225,1934676,7.3802032470703125,0.1205833804439127,1,3.0517578125e-05,32768
44601,154.05788529198617,487755597748,7.5036848474632984,1935745,7.384281158447266,0.11940368901603282,2,6.103515625e-05,32767
44701,154.4021127091255,488869774826,7.511655929936719,1939052,7.3968963623046875,0.11475956763203143,1,3.0517578125e-05,32768
44801,154.74556970898993,489975083092,7.509723628845166,1937822,7.392204284667969,0.11751934417719756,1,3.0517578125e-05,32768
44901,155.09601366706192,491084440794,7.507925675896049,1937162,7.389686584472656,0.1182390914233924,1,3.0517578125e-05,32768
45001,155.4381170840934,492192845364,7.510592527625339,1937641,7.391513824462891,0.11907870316244829,1,3.0517578125e-05,32768
45101,155.7798794170376,493293276298,7.509699747803364,1935731,7.384227752685547,0.1254719951178167,1,3.0517578125e-05,32768
45201,156.14493004209362,494386542527,7.50211799965727,1931573,7.368366241455078,0.13375175820219187,1,3.0517578125e-05,32768
45301,156.48908058414236,495473053045,7.50028646159841,1932076,7.3702850341796875,0.13000142741872267,1,3.0517578125e-05,32768
45401,156.8273987090215,496549719284,7.5020276611478955,1932424,7.371612548828125,0.13041511231977054,2,6.103515625e-05,32767
45501,157.16598441707902,497620778791,7.499853323465608,1930572,7.3645477294921875,0.13530559397342046,2,6.103515625e-05,32767
45601,157.50607204204425,498698358675,7.503104735936546,1930276,7.3634185791015625,0.13968615683498342,1,3.0517578125e-05,32768
45701,157.84448595903814,499773829663,7.504214005272079,1929660,7.3610687255859375,0.14314527968614144,2,6.103515625e-05,32767
45801,158.18831800017506,500846929761,7.504840943574909,1932126,7.370475769042969,0.13436517453193986,1,3.0517578125e-05,32768
45901,158.52509279199876,501918350658,7.506853160956216,1933497,7.375705718994141,0.13114744196207528,1,3.0517578125e-05,32768
46001,158.8596262091305,502985671850,7.502213794338494,1932121,7.370456695556641,0.13175709878185327,1,3.0517578125e-05,32768
46101,159.19846033398062,504057712510,7.5030861379226135,1933338,7.375099182128906,0.12798695579370722,2,6.103515625e-05,32767
46201,159.53556420910172,505123456912,7.504679518632583,1933192,7.374542236328125,0.13013728230445842,1,3.0517578125e-05,32768
46301,159.87204816704616,506190334466,7.508161798140939,1934393,7.379123687744141,0.1290381103967988,1,3.0517578125e-05,32768
46401,160.20999850006774,507258340193,7.509824430244376,1934359,7.378993988037109,0.1308304422072668,1,3.0517578125e-05,32768
46501,160.55119862500578,508321559231,7.508825839966376,1933055,7.374019622802734,0.13480621716364194,2,6.103515625e-05,32767
46601,160.88653204217553,509376792167,7.509305088974526,1931655,7.368679046630859,0.1406260423436665,1,3.0517578125e-05,32768
46701,161.2244252921082,510423189955,7.511590413256215,1933584,7.37603759765625,0.13555281559996502,1,3.0517578125e-05,32768
46801,161.5593753750436,511489943658,7.512767974319206,1935325,7.382678985595703,0.13008898872350283,1,3.0517578125e-05,32768
46901,161.89774008397944,512570051439,7.516184447226969,1935324,7.3826751708984375,0.1335092763285317,1,3.0517578125e-05,32768
47001,162.23736441717483,513651404423,7.518609879890867,1935825,7.384586334228516,0.13402354566235175,1,3.0517578125e-05,32768
47101,162.57644662517123,514728958096,7.516855580799161,1933982,7.377555847167969,0.13929973363119252,1,3.0517578125e-05,32768
47201,162.9134414170403,515811176330,7.515758129177724,1933348,7.3751373291015625,0.14062080007616107,1,3.0517578125e-05,32768
47301,163.250187584199,516885277843,7.51611302101975,1932551,7.372097015380859,0.14401600563889083,1,3.0517578125e-05,32768
47401,163.58970433403738,517959714914,7.51166581131295,1930732,7.3651580810546875,0.14650773025826247,1,3.0517578125e-05,32768
47501,163.9245964169968,519018330443,7.510056149688332,1931995,7.369976043701172,0.1400801059871597,2,6.103515625e-05,32767
47601,164.263185209129,520085092930,7.509914084292116,1930688,7.364990234375,0.1449238499171157,1,3.0517578125e-05,32768
47701,164.60119329206645,521162034910,7.512006036086006,1932056,7.370208740234375,0.1417972958516307,1,3.0517578125e-05,32768
47801,164.94000862515531,522238145479,7.515300791715041,1931398,7.367698669433594,0.1476021222814472,1,3.0517578125e-05,32768
47901,165.27991000004113,523317128768,7.519897187867621,1933140,7.3743438720703125,0.1455533157973088,1,3.0517578125e-05,32768
48001,165.62133829202503,524398262204,7.515978624907191,1931305,7.367343902587891,0.14863472231930075,1,3.0517578125e-05,32768
48101,165.98175012506545,525488750236,7.511081899348632,1929321,7.359775543212891,0.15130635613574128,1,3.0517578125e-05,32768
48201,166.3237340420019,526579582940,7.508364594827511,1928758,7.357627868652344,0.1507367261751673,1,3.0517578125e-05,32768
48301,166.66775125009008,527680824316,7.509805972928147,1928922,7.358253479003906,0.15155249392424075,1,3.0517578125e-05,32768
48401,167.00729966699146,528762283308,7.5069988243559,1926707,7.349803924560547,0.1571948997953534,1,3.0517578125e-05,32768
48501,167.34828804200515,529838666668,7.507197186261091,1927127,7.351406097412109,0.1557910888489813,1,3.0517578125e-05,32768
48601,167.69173045898788,530921505182,7.5069964290750715,1926672,7.34967041015625,0.15732601891882148,1,3.0517578125e-05,32768
48701,168.03260854212567,531991228226,7.502367776896109,1927005,7.350940704345703,0.15142707255040566,1,3.0517578125e-05,32768
48801,168.37240175018087,533053811404,7.503499716503203,1928747,7.357585906982422,0.14591380952078126,1,3.0517578125e-05,32768
48901,168.70736724999733,534109328588,7.506501195805328,1928992,7.3585205078125,0.1479806879928276,2,6.103515625e-05,32766
49001,169.04699908406474,535178595604,7.508830843669108,1930729,7.365146636962891,0.14368420670621695,2,6.103515625e-05,32767
49101,169.38718570908532,536253714776,7.504124717253845,1929778,7.361518859863281,0.14260585739056353,1,3.0517578125e-05,32768
49201,169.7243698751554,537319965557,7.5063898377535905,1931273,7.367221832275391,0.13916800547819985,1,3.0517578125e-05,32768
49301,170.06327275000513,538390485852,7.508681833504205,1932981,7.373737335205078,0.13494449829912725,1,3.0517578125e-05,32768
49401,170.40376787516288,539469014542,7.508835790462539,1934100,7.3780059814453125,0.13082980901722685,1,3.0517578125e-05,32768
49501,170.74845575005747,540551576801,7.511751389837946,1933597,7.376087188720703,0.1356642011172431,1,3.0517578125e-05,32768
49601,171.08849016716704,541622601624,7.5133021446830455,1936877,7.388599395751953,0.12470274893109234,1,3.0517578125e-05,32768
49701,171.42765816720203,542691697272,7.517699504765661,1938736,7.39569091796875,0.12200858679691073,1,3.0517578125e-05,32768
49801,171.76359216705896,543756679864,7.516297312719088,1937178,7.389747619628906,0.1265496930901815,2,6.103515625e-05,32767
49901,172.1013356251642,544821414650,7.522623943756368,1938853,7.396137237548828,0.12648670620753943,1,3.0517578125e-05,32768
50001,172.43972629215568,545880092061,7.523575708651743,1938559,7.395015716552734,0.12855999209900837,1,3.0517578125e-05,32768
50101,172.7728715420235,546935638092,7.5209481792706665,1939826,7.399848937988281,0.12109924128238525,1,3.0517578125e-05,32768
50201,173.1060251670424,547984316292,7.521912882999263,1938618,7.395240783691406,0.12667209930785717,1,3.0517578125e-05,32768
50301,173.43797479197383,549023570403,7.522041163685033,1937668,7.3916168212890625,0.13042434239597078,1,3.0517578125e-05,32768
50401,173.77363779209554,550059397822,7.522881212907334,1936899,7.388683319091797,0.13419789381553748,1,3.0517578125e-05,32768
50501,174.105094833998,551100727310,7.524933841372814,1937807,7.392147064208984,0.13278677716382958,1,3.0517578125e-05,32768
50601,174.43732762499712,552145952094,7.528083622390609,1937409,7.390628814697266,0.13745480769334328,1,3.0517578125e-05,32768
50701,174.7694474591408,553196905507,7.528451240509034,1936832,7.388427734375,0.14002350613403358,2,6.103515625e-05,32767
50801,175.10131195909344,554242020584,7.527282863257083,1935839,7.384639739990234,0.1426431232668488,1,3.0517578125e-05,32768
50901,175.43379375012591,555288460082,7.529210854308038,1936814,7.388359069824219,0.14085178448381885,1,3.0517578125e-05,32768
51001,175.7687036250718,556333399280,7.518252726928619,1936312,7.386444091796875,0.131808635131744,2,6.103515625e-05,32766
51101,176.10093312500976,557381541589,7.517349406280411,1935350,7.382774353027344,0.13457505325306762,1,3.0517578125e-05,32768
51201,176.43338383408263,558417650768,7.511969459856418,1933852,7.3770599365234375,0.1349095233329809,2,6.103515625e-05,32766
51301,176.76377466716804,559440712442,7.512171416684815,1933474,7.375617980957031,0.13655343572778378,1,3.0517578125e-05,32768
51401,177.114381584106,560466490289,7.510026692424647,1933836,7.3769989013671875,0.13302779105745977,1,3.0517578125e-05,32768
51501,177.44709295919165,561491974324,7.5100231177390855,1934169,7.378269195556641,0.13175392218244486,1,3.0517578125e-05,32768
51601,177.77553579211235,562516771602,7.510674639731551,1934000,7.37762451171875,0.13305012801280114,2,6.103515625e-05,32767
51701,178.1178292920813,563545999141,7.516336490653366,1935376,7.38287353515625,0.13346295549711584,1,3.0517578125e-05,32768
51801,178.44938495918177,564571743096,7.519606832671075,1936264,7.386260986328125,0.13334584634294977,1,3.0517578125e-05,32768
51901,178.77533775009215,565589675944,7.517891600877649,1935742,7.384269714355469,0.13362188652217988,1,3.0517578125e-05,32768
52001,179.10616766707972,566602676439,7.516419430063083,1935906,7.384895324707031,0.13152410535605163,1,3.0517578125e-05,32768
52101,179.43585850019008,567611964303,7.517514974481363,1936347,7.386577606201172,0.13093736828019154,1,3.0517578125e-05,32768
52201,179.76364770904183,568616992105,7.516007334394404,1935970,7.385139465332031,0.13086786906237258,1,3.0517578125e-05,32768
52301,180.09531512507237,569632378841,7.519062831704139,1934450,7.379341125488281,0.139721706215858,2,6.103515625e-05,32767
52401,180.42455708398484,570652090505,7.510940907615759,1930864,7.36566162109375,0.14527928652200917,1,3.0517578125e-05,32768
52501,180.7503924591001,571669544130,7.51171660583489,1931222,7.367027282714844,0.1446893231200459,2,6.103515625e-05,32766
52601,181.08477487508208,572702798629,7.515029766456346,1933445,7.375507354736328,0.13952241172001756,1,3.0517578125e-05,32768
52701,181.41633662511595,573728613835,7.516624407796037,1934992,7.38140869140625,0.13521571638978713,1,3.0517578125e-05,32768
52801,181.7458068341948,574754284385,7.513966265743821,1934358,7.378990173339844,0.1349760924039769,2,6.103515625e-05,32767
52901,182.0782388341613,575776217283,7.513379385373583,1933848,7.377044677734375,0.1363347076392083,2,6.103515625e-05,32767
53001,182.41203295905143,576810855305,7.510158556106142,1933902,7.377250671386719,0.13290788471942339,1,3.0517578125e-05,32768
53101,182.7451517500449,577845880317,7.5064191476580095,1933379,7.375255584716797,0.13116356294121267,1,3.0517578125e-05,32768
53201,183.08283220906742,578884285557,7.5068024681267245,1932387,7.371471405029297,0.1353310630974276,1,3.0517578125e-05,32768
53301,183.41309441719204,579910059714,7.501296123425625,1927942,7.354515075683594,0.1467810477420315,2,6.103515625e-05,32766
53401,183.74119150009938,580940310178,7.497512760356114,1927813,7.354022979736328,0.14348978061978546,1,3.0517578125e-05,32768
53501,184.0772753341589,581975796408,7.4894052433705625,1927231,7.351802825927734,0.13760241744282808,1,3.0517578125e-05,32768
53601,184.41296629211865,583022062108,7.491662726673659,1928448,7.3564453125,0.13521741417365885,1,3.0517578125e-05,32768
53701,184.74500220897608,584064771664,7.489792401641522,1929558,7.360679626464844,0.12911277517667852,1,3.0517578125e-05,32768
53801,185.08183833397925,585110857715,7.488598155213053,1928578,7.356941223144531,0.13165693206852147,1,3.0517578125e-05,32768
53901,185.41573445918038,586155015976,7.49001231496101,1931052,7.3663787841796875,0.12363353078132278,1,3.0517578125e-05,32768
54001,185.74809262505732,587201525640,7.487680949270324,1929848,7.361785888671875,0.1258950605984488,1,3.0517578125e-05,32768
54101,186.11342575005256,588241647446,7.489625552023927,1931595,7.368450164794922,0.12117538722900534,1,3.0517578125e-05,32768
54201,186.45028150011785,589280843502,7.488131263313173,1932758,7.372886657714844,0.11524460559832939,1,3.0517578125e-05,32768
54301,186.786113667069,590327488053,7.486582902121764,1932612,7.3723297119140625,0.11425319020770175,1,3.0517578125e-05,32768
54401,187.12570116715506,591377756384,7.486284696193917,1933080,7.374114990234375,0.11216970595954212,1,3.0517578125e-05,32768
54501,187.45878616697155,592416867633,7.495724996177874,1932823,7.373134613037109,0.1225903831407642,1,3.0517578125e-05,32768
54601,187.79023987497203,593460414213,7.500783689181439,1933704,7.376495361328125,0.12428832785331423,1,3.0517578125e-05,32768
54701,188.1225256670732,594501786452,7.498852768196052,1935400,7.382965087890625,0.11588768030542695,1,3.0517578125e-05,32768
54801,188.45757575007156,595544646460,7.500980458830883,1935314,7.382637023925781,0.11834343490510157,1,3.0517578125e-05,32768
54901,188.7909667091444,596587573607,7.504068171427628,1935983,7.385189056396484,0.11887911503114346,1,3.0517578125e-05,32768
55001,189.12587000010535,597627135484,7.50374323542991,1935712,7.3841552734375,0.11958796199241029,1,3.0517578125e-05,32768
55101,189.4625643750187,598667098560,7.505343887104203,1935713,7.384159088134766,0.12118479896943768,1,3.0517578125e-05,32768
55201,189.79389316705056,599714049568,7.503524848732208,1934563,7.379772186279297,0.12375266245291083,1,3.0517578125e-05,32768
55301,190.12821195903234,600759569004,7.506088766909235,1934430,7.379264831542969,0.12682393536626613,1,3.0517578125e-05,32768
55401,190.45732125011273,601806586879,7.509774110203659,1935228,7.3823089599609375,0.12746515024272131,1,3.0517578125e-05,32768
55501,190.7891993341036,602857842751,7.5130568434038505,1936234,7.386146545410156,0.12691029799369424,1,3.0517578125e-05,32768
55601,191.12347258417867,603909558497,7.512759565971985,1936647,7.387722015380859,0.12503755059112542,1,3.0517578125e-05,32768
55701,191.4590005001519,604955310713,7.519869545107282,1937296,7.39019775390625,0.1296717912010319,1,3.0517578125e-05,32768
55801,191.7950988339726,606010168633,7.517418307632886,1934349,7.378955841064453,0.1384624665684333,1,3.0517578125e-05,32768
55901,192.12859933404252,607071339016,7.5177010775789235,1933515,7.375774383544922,0.1419266940340016,2,6.103515625e-05,32767
56001,192.46589154214598,608130434957,7.524580858100713,1934095,7.377986907958984,0.14659395014172905,1,3.0517578125e-05,32768
56101,192.80269962502643,609194676845,7.52333878607356,1933703,7.376491546630859,0.1468472394427005,1,3.0517578125e-05,32768
56201,193.13907875004224,610254725181,7.520850705162628,1934455,7.379360198974609,0.14149050618801873,1,3.0517578125e-05,32768
56301,193.4721082500182,611306785501,7.523118035899445,1933234,7.374702453613281,0.14841558228616414,2,6.103515625e-05,32767
56401,193.8038020420354,612357992165,7.517466556851108,1931553,7.368289947509766,0.14917660934134247,1,3.0517578125e-05,32768
56501,194.14013608405367,613414099583,7.517916935890016,1932895,7.373409271240234,0.14450766464978138,1,3.0517578125e-05,32768
56601,194.47611062508076,614473056223,7.522037306917955,1935817,7.384555816650391,0.1374814902675645,2,6.103515625e-05,32767
56701,194.8108938750811,615527268906,7.5169790898001985,1933381,7.375263214111328,0.14171587568887034,1,3.0517578125e-05,32768
56801,195.1482439590618,616581633280,7.515772846060249,1935026,7.381538391113281,0.1342344549469674,1,3.0517578125e-05,32768
56901,195.48778654215857,617637422494,7.518382316604758,1935926,7.384971618652344,0.13341069795241456,1,3.0517578125e-05,32768
57001,195.82493933406658,618687164161,7.517143197708882,1938856,7.396148681640625,0.12099451606825706,1,3.0517578125e-05,32768
57101,196.1804630421102,619742686924,7.51495204502507,1938644,7.3953399658203125,0.11961207920475747,1,3.0517578125e-05,32768
57201,196.5140573340468,620789197539,7.516805935602813,1939559,7.398830413818359,0.11797552178445336,1,3.0517578125e-05,32768
57301,196.85033470904455,621841378548,7.517297187968323,1940344,7.401824951171875,0.1154722367964478,1,3.0517578125e-05,32768
57401,197.18719945917837,622900468791,7.5170828627647435,1939108,7.3971099853515625,0.11997287741318097,1,3.0517578125e-05,32768
57501,197.52010183408856,623946950070,7.5187940292122715,1939713,7.399417877197266,0.11937615201500584,1,3.0517578125e-05,32768
57601,197.84876950015314,624984103094,7.517972920745333,1938778,7.395851135253906,0.1221217854914265,1,3.0517578125e-05,32768
57701,198.1842193750199,626016737315,7.517508444791749,1939329,7.397953033447266,0.119555411344483,1,3.0517578125e-05,32768
57801,198.51950866705738,627058097287,7.51567758082132,1940196,7.4012603759765625,0.11441720484475759,1,3.0517578125e-05,32768
57901,198.85780629212968,628111093085,7.510458622754431,1937800,7.392120361328125,0.11833826142630599,1,3.0517578125e-05,32768
58001,199.19586562504992,629183375111,7.5070745578873,1936240,7.38616943359375,0.12090512429355016,1,3.0517578125e-05,32768
58101,199.5366485840641,630269731301,7.501157034082183,1935163,7.382061004638672,0.1190960294435115,1,3.0517578125e-05,32768
58201,199.8754613341298,631352496001,7.499228437376081,1933359,7.375179290771484,0.12404914660459632,1,3.0517578125e-05,32768
58301,200.21923325001262,632437911228,7.499838320337402,1935635,7.383861541748047,0.11597677858935551,1,3.0517578125e-05,32768
58401,200.5655744590331,633514567597,7.498251737117592,1935226,7.382301330566406,0.11595040655118538,1,3.0517578125e-05,32768
58501,200.9050914591644,634575488305,7.503575605376574,1937626,7.391456604003906,0.11211900137266806,2,6.103515625e-05,32767
58601,201.23976545897312,635617389087,7.502142967173658,1938357,7.394245147705078,0.10789781946857957,2,6.103515625e-05,32767
58701,201.5704258340411,636643858548,7.503169365284601,1938273,7.393924713134766,0.10924465214983581,1,3.0517578125e-05,32768
58801,201.9032319590915,637655575930,7.5002782123233525,1937060,7.3892974853515625,0.11098072697178996,1,3.0517578125e-05,32768
58901,202.23167000012472,638664058582,7.501002838840447,1936371,7.386669158935547,0.11433367990489973,1,3.0517578125e-05,32768
59001,202.56295720906928,639676437198,7.500532632631889,1936871,7.388576507568359,0.11195612506352948,1,3.0517578125e-05,32768
59101,202.89348129206337,640700982449,7.502755649393985,1937454,7.390800476074219,0.11195517331976657,1,3.0517578125e-05,32768
59201,203.22551779216155,641729114381,7.498927066694346,1937969,7.392765045166016,0.10616202152833054,1,3.0517578125e-05,32768
59301,203.55712441704236,642758801871,7.497977962869582,1937526,7.391075134277344,0.10690282859223821,2,6.103515625e-05,32767
59401,203.88926008413546,643798387891,7.493093694200431,1935465,7.383213043212891,0.10988065098754074,1,3.0517578125e-05,32768
59501,204.2227186250966,644835531098,7.491721005560649,1933799,7.376857757568359,0.11486324799228953,1,3.0517578125e-05,32768
59601,204.55716708418913,645878863441,7.496152681217873,1935045,7.381610870361328,0.11454181085654458,1,3.0517578125e-05,32768
59701,204.89811466704123,646931662065,7.493886176315323,1934246,7.378562927246094,0.1153232490692293,1,3.0517578125e-05,32768
59801,205.24112095916644,647984846912,7.490321097682839,1932717,7.372730255126953,0.11759084255588625,1,3.0517578125e-05,32768
59901,205.5763087500818,649031531760,7.48572594102383,1931087,7.366512298583984,0.11921364243984556,1,3.0517578125e-05,32768
60001,205.9101240420714,650076319984,7.486763423349932,1930441,7.364048004150391,0.12271541919954121,1,3.0517578125e-05,32768
60101,206.24306370900013,651111754891,7.486277562966602,1929482,7.360389709472656,0.12588785349394538,1,3.0517578125e-05,32768
60201,206.57656754204072,652147271849,7.489199052256005,1929449,7.360263824462891,0.1289352277931144,1,3.0517578125e-05,32768
60301,206.92066125012934,653175395503,7.483908114167843,1929623,7.360927581787109,0.12298053238073337,1,3.0517578125e-05,32768
60401,207.25516504212283,654201621229,7.490373731062837,1929954,7.362190246582031,0.12818348448080563,1,3.0517578125e-05,32768
60501,207.5891258341726,655233035318,7.491342882670164,1931397,7.367694854736328,0.12364802793383589,1,3.0517578125e-05,32768
60601,207.92285520909354,656263945361,7.49661522362272,1932652,7.3724822998046875,0.1241329238180322,2,6.103515625e-05,32767
60701,208.25756575004198,657307828993,7.5013452722312675,1935539,7.383495330810547,0.11784994142072058,1,3.0517578125e-05,32768
60801,208.58904550014995,658362923659,7.49930429919761,1934404,7.3791656494140625,0.12013864978354771,1,3.0517578125e-05,32768
60901,208.92544704210013,659435091665,7.496118101949871,1932209,7.370792388916016,0.1253257130338552,1,3.0517578125e-05,32768
61001,209.26005520904437,660501840590,7.492295124564002,1931427,7.367809295654297,0.12448582890970528,1,3.0517578125e-05,32768
61101,209.59846629202366,661569807326,7.488921796384464,1929506,7.360481262207031,0.1284405341774324,2,6.103515625e-05,32767
61201,209.9340858340729,662618293513,7.487465426524953,1929024,7.358642578125,0.1288228483999534,1,3.0517578125e-05,32768
61301,210.2689440001268,663664296423,7.489275407007852,1928617,7.357089996337891,0.1321854106699618,2,6.103515625e-05,32767
61401,210.60462545906194,664710339384,7.486428002247704,1928476,7.3565521240234375,0.12987587822426683,2,6.103515625e-05,32767
61501,210.93565766699612,665752804188,7.483819914562606,1925669,7.345844268798828,0.13797564576377752,1,3.0517578125e-05,32768
61601,211.27294962503947,666800559968,7.4817401928824925,1926633,7.349521636962891,0.13221855591960185,1,3.0517578125e-05,32768
61701,211.6099070000928,667859851919,7.479410753921214,1926506,7.349037170410156,0.13037358351105777,1,3.0517578125e-05,32768
61801,211.94278933410533,668912557282,7.484701842002986,1929598,7.360832214355469,0.12386962764751708,1,3.0517578125e-05,32768
61901,212.2779454169795,669953923729,7.485258859229322,1927119,7.351375579833984,0.13388327939533795,4,0.0001220703125,32765
62001,212.61189375002868,670974058488,7.488624306156993,1928152,7.355316162109375,0.13330814404761782,1,3.0517578125e-05,32768
62101,212.94170454214327,671992327358,7.491147080180844,1928316,7.3559417724609375,0.13520530771990646,1,3.0517578125e-05,32768
62201,213.2706340001896,673014759907,7.49269445748516,1927612,7.3532562255859375,0.13943823189922266,1,3.0517578125e-05,32768
62301,213.59864175016992,674032063236,7.499259959056224,1930527,7.364376068115234,0.13488389094098974,1,3.0517578125e-05,32768
62401,213.92771974997595,675057276780,7.497222735278658,1928936,7.358306884765625,0.13891585051303323,1,3.0517578125e-05,32768
62501,214.26391033409163,676084488069,7.490829260287528,1926275,7.348155975341797,0.14267328494573128,1,3.0517578125e-05,32768
62601,214.59476654208265,677111018690,7.487929131391189,1924471,7.341274261474609,0.1466548699165795,1,3.0517578125e-05,32768
62701,214.92204383411445,678130527012,7.493489013563476,1925973,7.347003936767578,0.14648507679589784,2,6.103515625e-05,32767
62801,215.2496362091042,679147366633,7.501335932121877,1929446,7.360252380371094,0.1410835517507829,2,6.103515625e-05,32767
62901,215.57758529204875,680148337097,7.501966012715218,1928115,7.355175018310547,0.1467909944046708,2,6.103515625e-05,32767
63001,215.90452075004578,681154142857,7.499193317645377,1928522,7.356727600097656,0.14246571754772042,1,3.0517578125e-05,32768
63101,216.25923541700467,682174493043,7.500489877802022,1928333,7.356006622314453,0.14448325548756902,1,3.0517578125e-05,32768
63201,216.59237970900722,683202872107,7.506349543227655,1928927,7.358272552490234,0.14807699073742064,2,6.103515625e-05,32766
63301,216.921729166992,684237970292,7.508176215553484,1929700,7.3612213134765625,0.14695490207692163,1,3.0517578125e-05,32768
63401,217.25141166709363,685267820376,7.509149620370457,1929172,7.3592071533203125,0.14994246705014458,1,3.0517578125e-05,32768
63501,217.58255870919675,686302785538,7.506868817417301,1927494,7.352806091308594,0.15406272610870708,1,3.0517578125e-05,32768
63601,217.91238341713324,687346301717,7.511786466555679,1928667,7.357280731201172,0.1545057353545074,1,3.0517578125e-05,32768
63701,218.24786091712303,688395123875,7.510135595959504,1927637,7.353351593017578,0.15678400294192585,1,3.0517578125e-05,32768
63801,218.58190333400853,689446175221,7.509624280795585,1928610,7.357063293457031,0.1525609873385534,1,3.0517578125e-05,32768
63901,218.91425945912488,690495002442,7.513848809111102,1928834,7.357917785644531,0.15593102346657073,1,3.0517578125e-05,32768
64001,219.24657550011761,691535386917,7.516398754147799,1929890,7.361946105957031,0.15445264819076776,1,3.0517578125e-05,32768
64101,219.57886037509888,692577707291,7.5171362951740415,1931772,7.3691253662109375,0.14801092896310397,1,3.0517578125e-05,32768
64201,219.90977645898238,693627817540,7.510089057183212,1929743,7.361385345458984,0.14870371172422736,2,6.103515625e-05,32767
64301,220.24253337504342,694675822943,7.510049577920511,1928204,7.3555145263671875,0.15453505155332348,3,9.1552734375e-05,32766
64401,220.57965591712855,695717989967,7.507287513178611,1926959,7.350765228271484,0.15652228490712705,1,3.0517578125e-05,32768
64501,220.91056383401155,696763726950,7.508837976101524,1928716,7.3574676513671875,0.15137032473433631,1,3.0517578125e-05,32768
64601,221.24816025001928,697825783934,7.5031429396702105,1925543,7.345363616943359,0.15777932272685113,1,3.0517578125e-05,32768
64701,221.606842166977,698885674760,7.500032843695999,1927186,7.351631164550781,0.14840167914521807,1,3.0517578125e-05,32768
64801,221.94570391718298,699953972398,7.498258524168781,1927007,7.350948333740234,0.14731019042854676,1,3.0517578125e-05,32768
64901,222.28354475018568,701027765933,7.497841257748226,1926723,7.349864959716797,0.14797629803142875,1,3.0517578125e-05,32768
65001,222.62051829206757,702095744552,7.499787703812823,1927840,7.3541259765625,0.14566172725032267,1,3.0517578125e-05,32768
65101,222.95390387508087,703157095402,7.496444697296718,1926151,7.347682952880859,0.1487617444158582,1,3.0517578125e-05,32768
65201,223.29041195916943,704208083127,7.49584213732201,1926198,7.347862243652344,0.14797989366966657,1,3.0517578125e-05,32768
65301,223.62347833416425,705254044142,7.494073788576385,1926471,7.348903656005859,0.14517013257052547,2,6.103515625e-05,32767
65401,223.96295004198328,706293686947,7.492524877681191,1926030,7.347221374511719,0.1453035031694725,1,3.0517578125e-05,32768
65501,224.29665204207413,707332638102,7.4878274570172,1926917,7.350605010986328,0.1372224460308722,1,3.0517578125e-05,32768
65601,224.6294946251437,708372963355,7.489507050649312,1927928,7.354461669921875,0.135045380727437,1,3.0517578125e-05,32768
65701,224.96050150017254,709422145131,7.492144640152194,1928765,7.357654571533203,0.13449006861899093,2,6.103515625e-05,32767
65801,225.29513804218732,710487682406,7.491700872486298,1927501,7.352832794189453,0.138868078296845,1,3.0517578125e-05,32768
65901,225.63626508414745,711552980955,7.487494015945147,1927487,7.352779388427734,0.13471462751741292,1,3.0517578125e-05,32768
66001,225.98201245907694,712620341866,7.489564005151905,1928915,7.358226776123047,0.13133722902885836,1,3.0517578125e-05,32768
66101,226.32469833409414,713677596566,7.489825003363029,1928295,7.355861663818359,0.13396333954466932,1,3.0517578125e-05,32768
66201,226.66228720918298,714752083476,7.486091094716543,1926191,7.347835540771484,0.13825555394505873,2,6.103515625e-05,32766
66301,227.00180616718717,715830735733,7.485993628223683,1926324,7.3483428955078125,0.13765073271587092,1,3.0517578125e-05,32768
66401,227.34256183402613,716903163683,7.4863330880233105,1926956,7.3507537841796875,0.13557930384362304,2,6.103515625e-05,32767
66501,227.67728491709568,717973932852,7.4962341798600045,1930360,7.363739013671875,0.1324951661881295,2,6.103515625e-05,32767
66601,228.0106375841424,719034721662,7.496153184355883,1930441,7.364048004150391,0.13210518020549245,2,6.103515625e-05,32767
66701,228.3473589590285,720086130377,7.496265756093964,1930352,7.36370849609375,0.13255726000021362,1,3.0517578125e-05,32768
66801,228.67858479218557,721140013656,7.501573440429022,1931119,7.366634368896484,0.13493907153253737,1,3.0517578125e-05,32768
66901,229.0124972499907,722184549330,7.502803894733423,1929977,7.362277984619141,0.14052591011428195,1,3.0517578125e-05,32768
67001,229.3440123749897,723227865063,7.503367014451479,1929965,7.362232208251953,0.1411348061995259,1,3.0517578125e-05,32768
67101,229.67517291707918,724276191872,7.5065088390494505,1929749,7.361408233642578,0.14510060540687242,3,9.1552734375e-05,32766
67201,230.0116205420345,725332873390,7.504834296437297,1928339,7.356029510498047,0.14880478593924984,1,3.0517578125e-05,32768
67301,230.34669545898214,726386185730,7.501255268439275,1928428,7.3563690185546875,0.14488624988458731,1,3.0517578125e-05,32768
67401,230.67768399999477,727422231539,7.5014103222327755,1927803,7.353984832763672,0.1474254894691036,3,9.1552734375e-05,32766
67501,231.0128476251848,728453698888,7.501778924265655,1929622,7.360923767089844,0.1408551571758112,1,3.0517578125e-05,32768
67601,231.35109691717662,729483364692,7.5005632722559525,1929612,7.3608856201171875,0.13967765213876504,1,3.0517578125e-05,32768
67701,231.67926941718906,730526165841,7.504410432212009,1931245,7.367115020751953,0.1372954114600562,1,3.0517578125e-05,32768
67801,232.01129383407533,731584755067,7.506397397535779,1932085,7.370319366455078,0.13607803108070105,1,3.0517578125e-05,32768
67901,232.34894725005142,732641542318,7.50859936083708,1931103,7.366573333740234,0.1420260270968452,1,3.0517578125e-05,32768
68001,232.68341941712424,733695919719,7.50963940333106,1934587,7.379863739013672,0.12977566431738818,1,3.0517578125e-05,32768
68101,233.01813570898958,734740074265,7.511697225331693,1936027,7.385356903076172,0.12634032225552083,1,3.0517578125e-05,32768
68201,233.35356199997477,735787289028,7.514848258838535,1937906,7.392524719238281,0.122323539600254,1,3.0517578125e-05,32768
68301,233.68533091712743,736826890047,7.519470935354048,1938093,7.393238067626953,0.12623286772709452,1,3.0517578125e-05,32768
68401,234.01489925011992,737859822996,7.522475652998995,1938345,7.394199371337891,0.12827628166110472,1,3.0517578125e-05,32768
68501,234.3435352500528,738879786523,7.521739233211655,1938890,7.396278381347656,0.12546085186399836,2,6.103515625e-05,32767
68601,234.67334958398715,739907447510,7.525694870150371,1937561,7.391208648681641,0.13448622146873035,1,3.0517578125e-05,32768
68701,235.0031805841718,740940053976,7.5287937092579815,1936903,7.388698577880859,0.14009513137712215,1,3.0517578125e-05,32768
68801,235.3320188750513,741953859951,7.533359401324013,1937948,7.3926849365234375,0.14067446480057555,1,3.0517578125e-05,32768
68901,235.65681816707365,742956288539,7.538484527469478,1939150,7.397270202636719,0.14121432483275953,2,6.103515625e-05,32767
69001,235.9835144591052,743957152728,7.5377897486192955,1939055,7.396907806396484,0.14088194222281114,2,6.103515625e-05,32767
69101,236.31087975017726,744967210819,7.536480155443794,1937107,7.389476776123047,0.14700337932074703,1,3.0517578125e-05,32768
69201,236.63989983405918,745975110395,7.532179932314273,1937446,7.390769958496094,0.14140997381817932,1,3.0517578125e-05,32768
69301,236.97711445903406,746985129710,7.53171913101284,1935900,7.3848724365234375,0.1468466944894029,1,3.0517578125e-05,32768
69401,237.30984933418222,747993088181,7.527113773895926,1933903,7.377254486083984,0.14985928781194158,2,6.103515625e-05,32767
69501,237.638391709188,749001629149,7.527447943657992,1934627,7.380016326904297,0.14743161675369532,1,3.0517578125e-05,32768
69601,237.97190900007263,750030619053,7.522206981077857,1932322,7.371223449707031,0.15098353137082565,1,3.0517578125e-05,32768
69701,238.3010346670635,751060955724,7.5208199614604885,1932536,7.372039794921875,0.14878016653861348,2,6.103515625e-05,32767
69801,238.6321452499833,752088810746,7.525845100737837,1935782,7.384422302246094,0.14142279849174333,1,3.0517578125e-05,32768
69901,238.96410545916297,753121168743,7.530570331345386,1938407,7.394435882568359,0.1361344487770264,1,3.0517578125e-05,32768
70001,239.3124805840198,754149945696,7.530723067210824,1937735,7.391872406005859,0.13885066120496425,1,3.0517578125e-05,32768
70101,239.64592554210685,755174587841,7.5231693009459075,1936304,7.38641357421875,0.13675572672715752,1,3.0517578125e-05,32768
70201,239.97670450014994,756215431616,7.518018518327338,1935239,7.382350921630859,0.13566759669647865,1,3.0517578125e-05,32768
70301,240.31317795906216,757264266864,7.519907182871306,1935775,7.384395599365234,0.13551158350607206,1,3.0517578125e-05,32768
70401,240.64699391718023,758306745355,7.517115188904081,1933743,7.376644134521484,0.14047105438259688,1,3.0517578125e-05,32768
70501,240.97654270916246,759344375050,7.5185415435121605,1934591,7.379878997802734,0.13866254570942615,1,3.0517578125e-05,32768
70601,241.32987775001675,760380106070,7.518696395159896,1933387,7.375286102294922,0.1434102928649743,1,3.0517578125e-05,32768
70701,241.66224400000647,761414694259,7.5135558968044815,1932735,7.372798919677734,0.14075697712674717,1,3.0517578125e-05,32768
70801,241.99300216697156,762454249863,7.51341958119031,1931228,7.3670501708984375,0.14636941029187245,1,3.0517578125e-05,32768
70901,242.3263413340319,763489550930,7.513941896624757,1930205,7.363147735595703,0.15079416102905352,1,3.0517578125e-05,32768
71001,242.66308191698045,764522463093,7.51060413197295,1928225,7.355594635009766,0.1550094969631841,1,3.0517578125e-05,32768
71101,242.99642800004221,765557531244,7.508307534147151,1927497,7.352817535400391,0.15548999874676017,1,3.0517578125e-05,32768
71201,243.32888033404015,766604571116,7.5019889992655955,1926971,7.350811004638672,0.1511779946269236,1,3.0517578125e-05,32768
71301,243.6615356670227,767652450198,7.500302538333946,1927277,7.351978302001953,0.14832423633199276,2,6.103515625e-05,32767
71401,243.998526917072,768707602466,7.504345038537209,1928706,7.357429504394531,0.14691553414267755,2,6.103515625e-05,32767
71501,244.33514308417216,769752868294,7.500962822833518,1929233,7.359439849853516,0.1415229729800025,1,3.0517578125e-05,32768
71601,244.66822512517683,770794605789,7.502498016436782,1930908,7.3658294677734375,0.13666854866334432,1,3.0517578125e-05,32768
71701,245.00366037501954,771844862993,7.506402840132779,1933738,7.376625061035156,0.12977777909762267,1,3.0517578125e-05,32768
71801,245.33865858404897,772903709331,7.5130563751567685,1932795,7.373027801513672,0.14002857364309662,1,3.0517578125e-05,32768
71901,245.6804800000973,773961564664,7.511008213102555,1932380,7.3714447021484375,0.13956351095411712,2,6.103515625e-05,32767
72001,246.0426131670829,775019970362,7.512016321230157,1931767,7.369106292724609,0.1429100285055478,1,3.0517578125e-05,32768
72101,246.3822006250266,776083089633,7.513675153156022,1934158,7.378227233886719,0.13544791926930344,1,3.0517578125e-05,32768
72201,246.71768041700125,777154477694,7.5122135736290065,1932301,7.371143341064453,0.14107023256455342,1,3.0517578125e-05,32768
72301,247.0527144591324,778218825583,7.509472681527541,1930968,7.366058349609375,0.14341433191816577,1,3.0517578125e-05,32768
72401,247.39282591710798,779293013579,7.511085568957555,1931563,7.368328094482422,0.14275747447513343,1,3.0517578125e-05,32768
72501,247.73103166697547,780379083190,7.508681691473992,1929785,7.361545562744141,0.14713612872985138,1,3.0517578125e-05,32768
72601,248.07042716699652,781464608674,7.509535427190303,1929889,7.361942291259766,0.14759313593053758,1,3.0517578125e-05,32768
72701,248.41740175010636,782562146087,7.497334744677044,1925156,7.3438873291015625,0.15344741557548147,1,3.0517578125e-05,32768
72801,248.76748220901936,783678120871,7.498130453504327,1924898,7.342903137207031,0.15522731629729591,2,6.103515625e-05,32767
72901,249.1129221250303,784791384504,7.498208973228184,1923942,7.339256286621094,0.1589526866070905,1,3.0517578125e-05,32768
73001,249.45485954219475,785895819052,7.502595102820848,1925716,7.3460235595703125,0.15657154325053568,2,6.103515625e-05,32767
73101,249.7961953340564,786997225621,7.503436558946023,1926698,7.349769592285156,0.15366696666086632,1,3.0517578125e-05,32768
73201,250.13750512502156,788092504380,7.499168220196694,1928467,7.356517791748047,0.14265042844864695,1,3.0517578125e-05,32768
73301,250.4807528750971,789183784447,7.505829147518956,1931385,7.367649078369141,0.13818006914981495,1,3.0517578125e-05,32768
73401,250.8223378751427,790261510116,7.506461116871963,1931875,7.369518280029297,0.13694283684266573,1,3.0517578125e-05,32768
73501,251.16499270917848,791342636263,7.503892959408146,1932220,7.3708343505859375,0.13305860882220877,1,3.0517578125e-05,32768
73601,251.50674145901576,792431183744,7.498926314593263,1932765,7.372913360595703,0.1260129539975603,1,3.0517578125e-05,32768
73701,251.84664054214954,793506225161,7.509329271337128,1934848,7.380859375,0.12846989633712802,1,3.0517578125e-05,32768
73801,252.18767708400264,794588450439,7.512191321895541,1933115,7.374248504638672,0.13794281725686908,1,3.0517578125e-05,32768
73901,252.52769762510434,795673105322,7.5127943979431215,1932376,7.371429443359375,0.14136495458374654,2,6.103515625e-05,32766
74001,252.86083675012924,796738493936,7.510765329930757,1932114,7.370429992675781,0.14033533725497538,1,3.0517578125e-05,32768
74101,253.19964450015686,797795006502,7.507532616370804,1932263,7.370998382568359,0.13653423380244423,1,3.0517578125e-05,32768
74201,253.53569791698828,798846551874,7.503730588700709,1931340,7.3674774169921875,0.13625317170852114,1,3.0517578125e-05,32768
74301,253.86895312508568,799892513477,7.505044746178239,1930783,7.365352630615234,0.13969211556300465,1,3.0517578125e-05,32768
74401,254.20352779212408,800936166484,7.503074148413226,1931644,7.3686370849609375,0.1344370634522889,1,3.0517578125e-05,32768
74501,254.54310550005175,801989848146,7.496700828970424,1928126,7.355216979980469,0.1414838489899548,2,6.103515625e-05,32767
74601,254.87644958402961,803046181617,7.494582298061244,1927940,7.3545074462890625,0.14007485177218193,1,3.0517578125e-05,32768
74701,255.21886712498963,804096509661,7.497048449940184,1928816,7.35784912109375,0.13919932884643416,2,6.103515625e-05,32767
74801,255.55289458413608,805147286156,7.502126808525208,1930647,7.364833831787109,0.13729297673809882,1,3.0517578125e-05,32768
74901,255.88977400003932,806209460436,7.503373884162487,1930299,7.363506317138672,0.1398675670238152,1,3.0517578125e-05,32768
75001,256.2459354591556,807275437742,7.500709575875528,1929123,7.359020233154297,0.14168934272123135,2,6.103515625e-05,32767
75101,256.58137591718696,808339437888,7.499753143448022,1928772,7.3576812744140625,0.14207186903395908,1,3.0517578125e-05,32768
75201,256.91760095907375,809406403999,7.506794068814411,1931683,7.368785858154297,0.13800821066011437,1,3.0517578125e-05,32768
75301,257.25159833417274,810461757220,7.515083592457501,1935271,7.382472991943359,0.1326106005141412,1,3.0517578125e-05,32768
75401,257.5851584591437,811515988372,7.518524368192693,1934354,7.378974914550781,0.13954945364191218,1,3.0517578125e-05,32768
75501,257.92042525019497,812568046412,7.513109911858255,1932368,7.37139892578125,0.14171098607700472,1,3.0517578125e-05,32768
75601,258.2641136671882,813607200769,7.5099302072587895,1931082,7.366493225097656,0.1434369821611332,1,3.0517578125e-05,32768
75701,258.5985152090434,814638578003,7.505721713142021,1932529,7.372013092041016,0.13370862110100568,1,3.0517578125e-05,32768
75801,258.9313482090365,815682556122,7.507801259702621,1932572,7.3721771240234375,0.1356241356791834,1,3.0517578125e-05,32768
75901,259.26383887510747,816724139043,7.512976084066013,1933514,7.375770568847656,0.13720551521835667,1,3.0517578125e-05,32768
76001,259.5936295001302,817763048469,7.512317260853159,1932289,7.371097564697266,0.14121969615589336,1,3.0517578125e-05,32768
76101,259.9288073340431,818822424826,7.516469257746241,1934349,7.378955841064453,0.13751341668178796,1,3.0517578125e-05,32768
76201,260.2658724170178,819896679633,7.514340911635802,1933239,7.374721527099609,0.13961938453619283,2,6.103515625e-05,32767
76301,260.60227024997585,820959699686,7.513207447154283,1932859,7.373271942138672,0.13993550501561103,1,3.0517578125e-05,32768
76401,260.9363027091604,822018763813,7.511387714775741,1931969,7.369876861572266,0.14151085320347523,2,6.103515625e-05,32766
76501,261.2951127921697,823090599587,7.510740536989365,1933346,7.375129699707031,0.13561083728233392,1,3.0517578125e-05,32768
76601,261.6325623341836,824167225037,7.511939375599354,1933159,7.374416351318359,0.13752302428099483,2,6.103515625e-05,32767
76701,261.96906837518327,825259168808,7.506098603723843,1930620,7.3647308349609375,0.14136776876290558,2,6.103515625e-05,32767
76801,262.30836395919323,826349887081,7.506789569520935,1934353,7.378971099853516,0.12781846966741917,1,3.0517578125e-05,32768
76901,262.64982475014403,827437528528,7.5132061520110485,1937202,7.389839172363281,0.12336697964776722,1,3.0517578125e-05,32768
77001,262.98419054201804,828513923774,7.513667637305902,1937315,7.390270233154297,0.12339740415160527,2,6.103515625e-05,32767
77101,263.3183425841853,829577271999,7.514435072922406,1937065,7.389316558837891,0.12511851408451502,2,6.103515625e-05,32766
77201,263.65093116718344,830640073147,7.517361795694061,1936657,7.387760162353516,0.12960163334054542,1,3.0517578125e-05,32768
77301,263.9845172499772,831705554859,7.52287940504705,1938281,7.393955230712891,0.12892417433415915,2,6.103515625e-05,32767
77401,264.31778600020334,832773912081,7.518915598919271,1937742,7.391899108886719,0.12701649003255255,1,3.0517578125e-05,32768
77501,264.6560102500953,833844049773,7.519967148105834,1939257,7.397678375244141,0.12228877286169304,1,3.0517578125e-05,32768
77601,264.9913489171304,834910113641,7.516914608205774,1938728,7.395660400390625,0.12125420781514862,1,3.0517578125e-05,32768
77701,265.32969554211013,835983085347,7.515349812067513,1938539,7.394939422607422,0.12041038946009142,1,3.0517578125e-05,32768
77801,265.668080459116,837066622770,7.512069036826704,1938073,7.393161773681641,0.11890726314506317,1,3.0517578125e-05,32768
77901,266.00535833416507,838143351002,7.521444604663186,1940297,7.401645660400391,0.11979894426279536,1,3.0517578125e-05,32768
78001,266.34455375000834,839221390731,7.523879938386752,1939327,7.397945404052734,0.1259345343340179,1,3.0517578125e-05,32768
78101,266.6834965420421,840293732763,7.527207250003194,1940353,7.401859283447266,0.12534796655592828,3,9.1552734375e-05,32765
78201,267.0399077499751,841363475488,7.525635706889764,1940024,7.400604248046875,0.1250314588428889,1,3.0517578125e-05,32768
78301,267.3768877091352,842416631939,7.521275245856297,1938074,7.393165588378906,0.128109657477391,1,3.0517578125e-05,32768
78401,267.71045029209927,843465532010,7.515706531317303,1938802,7.395942687988281,0.11976384332902157,1,3.0517578125e-05,32768
78501,268.04835512512363,844512651744,7.513708394415724,1938149,7.393451690673828,0.12025670374189623,1,3.0517578125e-05,32768
78601,268.3891150841955,845569142841,7.514003852330237,1939803,7.399761199951172,0.11424265237906539,1,3.0517578125e-05,32768
78701,268.7222958339844,846616055348,7.508924107663844,1939989,7.400470733642578,0.10845337402126631,1,3.0517578125e-05,32768
78801,269.05560362502,847656271589,7.510680106166014,1940905,7.403964996337891,0.10671510982812293,1,3.0517578125e-05,32768
78901,269.3886933340691,848687403642,7.5131709020265,1941372,7.4057464599609375,0.10742444206556279,3,9.1552734375e-05,32766
79001,269.71757162502035,849718770421,7.517718172105479,1941951,7.407955169677734,0.10976300242774428,1,3.0517578125e-05,32768
79101,270.07101129204966,850749713117,7.51831918389653,1939402,7.398231506347656,0.12008767754887373,1,3.0517578125e-05,32768
79201,270.41205412498675,851779261049,7.513180481436826,1937687,7.391689300537109,0.12149118089971633,1,3.0517578125e-05,32768
79301,270.77663545915857,852802268940,7.506937029840976,1935704,7.384124755859375,0.12281227398160066,1,3.0517578125e-05,32768
79401,271.11237079207785,853824800608,7.502237507228325,1934870,7.380943298339844,0.12129420888848141,1,3.0517578125e-05,32768
79501,271.47882237518206,854860184517,7.5007258284253595,1931609,7.368503570556641,0.13222225786871888,1,3.0517578125e-05,32768
79601,271.84346658410504,855898773824,7.498960296862833,1930969,7.366062164306641,0.13289813255619265,1,3.0517578125e-05,32768
79701,272.21918179211207,856934379022,7.5000029112511575,1930576,7.36456298828125,0.13543992296990748,1,3.0517578125e-05,32768
79801,272.5806499591563,857983395830,7.494773378155639,1928150,7.355308532714844,0.13946484544079496,2,6.103515625e-05,32767
79901,272.9366528750397,859030940491,7.4907969670034085,1926605,7.349414825439453,0.14138214156395534,1,3.0517578125e-05,32768
80001,273.2924098339863,860075244206,7.494197061223946,1929036,7.3586883544921875,0.1355087067317582,1,3.0517578125e-05,32768
80101,273.6782578341663,861116047700,7.497957019059852,1931873,7.369510650634766,0.12844636842508628,1,3.0517578125e-05,32768
80201,274.06080037518404,862156733388,7.5028554183681635,1931891,7.369579315185547,0.13327610318261662,1,3.0517578125e-05,32768
80301,274.4365625840146,863196334950,7.500842298029114,1931360,7.3675537109375,0.13328858709161384,1,3.0517578125e-05,32768
80401,274.7907098750584,864234916062,7.493412180069287,1931075,7.366466522216797,0.1269456578524899,1,3.0517578125e-05,32768
80501,275.14034024998546,865273320025,7.494914004749215,1930356,7.3637237548828125,0.13119024986640238,1,3.0517578125e-05,32768
80601,275.49434941704385,866318196140,7.489438113387623,1931217,7.367008209228516,0.12242990415910704,1,3.0517578125e-05,32768
80701,275.8520637091715,867372641035,7.487311797210005,1930751,7.365230560302734,0.12208123690727035,2,6.103515625e-05,32767
80801,276.20459600002505,868435997293,7.494102538983396,1930583,7.364589691162109,0.12951284782128702,1,3.0517578125e-05,32768
80901,276.55620079208165,869504262818,7.495003889194281,1932250,7.370948791503906,0.12405509769037515,2,6.103515625e-05,32767
81001,276.905861584004,870579275949,7.5006806958768095,1930955,7.366008758544922,0.13467193733188765,1,3.0517578125e-05,32768
81101,277.25352154206485,871635510103,7.494521621904974,1928948,7.3583526611328125,0.1361689607721619,2,6.103515625e-05,32767
81201,277.5967147501651,872681491625,7.494903158876829,1930146,7.362922668457031,0.13198049041979765,1,3.0517578125e-05,32768
81301,277.9384160421323,873718981199,7.488383459595964,1928145,7.355289459228516,0.13309400036744812,2,6.103515625e-05,32767
81401,278.285136874998,874762720602,7.483347974520975,1927404,7.3524627685546875,0.13088520596628772,1,3.0517578125e-05,32768
81501,278.62782800011337,875805639077,7.484461721322342,1926378,7.348548889160156,0.13591283216218564,1,3.0517578125e-05,32768
81601,278.9711625841446,876849080451,7.484669532955792,1926930,7.350654602050781,0.1340149309050105,1,3.0517578125e-05,32768
81701,279.311385625042,877878236671,7.487311882298201,1927553,7.353031158447266,0.13428072385093515,1,3.0517578125e-05,32768
81801,279.6520696671214,878899036554,7.487559442995719,1929251,7.359508514404297,0.12805092859142242,1,3.0517578125e-05,32768
81901,279.99069900019094,879910858753,7.491387019026616,1930097,7.362735748291016,0.12865127073560068,2,6.103515625e-05,32767
82001,280.32820537500083,880921537609,7.489592512091798,1929893,7.361957550048828,0.1276349620429702,1,3.0517578125e-05,32768
82101,280.6674424591474,881938403160,7.491947532771462,1929530,7.360572814941406,0.13137471783005594,1,3.0517578125e-05,32768
82201,281.00814829207957,882954361045,7.49609842730662,1931207,7.366970062255859,0.12912836505076086,1,3.0517578125e-05,32768
82301,281.34699854208156,883974113205,7.498163965493553,1931238,7.367088317871094,0.13107564762245882,1,3.0517578125e-05,32768
82401,281.68489995901473,884996969833,7.495095801596981,1930206,7.363151550292969,0.1319442513040121,1,3.0517578125e-05,32768
82501,282.0237878751941,886021338021,7.494954348550392,1929999,7.362361907958984,0.13259244059140762,3,9.1552734375e-05,32766
82601,282.3667252501473,887045089250,7.495144090128122,1928994,7.358528137207031,0.1366159529210904,2,6.103515625e-05,32767
82701,282.7094034589827,888072739417,7.497267769920032,1927441,7.352603912353516,0.144663857566516,4,0.0001220703125,32765
82801,283.05394458398223,889093413042,7.493061962633041,1926220,7.3479461669921875,0.1451157956408533,1,3.0517578125e-05,32768
82901,283.39266475010663,890111068108,7.484649180074218,1925538,7.345344543457031,0.13930463661718662,1,3.0517578125e-05,32768
83001,283.7313285002019,891133254877,7.4866414345056285,1927863,7.354213714599609,0.1324277199060191,1,3.0517578125e-05,32768
83101,284.06787716713734,892149034423,7.482261529931762,1928202,7.355506896972656,0.1267546329591056,2,6.103515625e-05,32767
83201,284.4070126670413,893168306805,7.478968610713129,1926254,7.348075866699219,0.13089274401391027,1,3.0517578125e-05,32768
83301,284.7459830001462,894193885800,7.48137555370674,1927122,7.351387023925781,0.12998852978095865,1,3.0517578125e-05,32768
83401,285.08613499999046,895224845059,7.483571058534523,1926968,7.350799560546875,0.13277149798764842,1,3.0517578125e-05,32768
83501,285.4328545841854,896263008569,7.480633873494414,1924568,7.341644287109375,0.13898958638503878,1,3.0517578125e-05,32768
83601,285.7729852090124,897301228140,7.48196205342378,1925560,7.345428466796875,0.1365335866269053,1,3.0517578125e-05,32768
83701,286.119139125105,898339730435,7.482281746889631,1927273,7.351963043212891,0.1303187036767408,1,3.0517578125e-05,32768
83801,286.46344862505794,899373007505,7.478108312424786,1924608,7.341796875,0.13631143742478624,2,6.103515625e-05,32767
83901,286.80716866697185,900409408506,7.479905798817408,1926590,7.349357604980469,0.1305481938369395,1,3.0517578125e-05,32768
84001,287.1468376251869,901438682272,7.481831362551507,1928010,7.354774475097656,0.12705688745385046,1,3.0517578125e-05,32768
84101,287.4913165841717,902472511543,7.480974857447031,1926883,7.350475311279297,0.13049954616773451,1,3.0517578125e-05,32768
84201,287.8333337090444,903516733896,7.480186323412596,1927587,7.353160858154297,0.12702546525829916,1,3.0517578125e-05,32768
84301,288.179894000059,904563602808,7.48185301665778,1927728,7.35369873046875,0.12815428618903013,1,3.0517578125e-05,32768
84401,288.52195512503386,905606216855,7.481912998470105,1927755,7.353801727294922,0.12811127117518328,1,3.0517578125e-05,32768
84501,288.860167209059,906647490173,7.483246286666759,1929467,7.360332489013672,0.12291379765308719,1,3.0517578125e-05,32768
84601,289.20231895917095,907680853253,7.483751183997469,1926596,7.3493804931640625,0.13437069083340614,1,3.0517578125e-05,32768
84701,289.54625500016846,908723072615,7.487895704631688,1928336,7.35601806640625,0.13187763822543808,1,3.0517578125e-05,32768
84801,289.8850807501003,909755209576,7.48777222362629,1927729,7.353702545166016,0.13406967846027396,1,3.0517578125e-05,32768
84901,290.2289573340677,910803118514,7.483004821242732,1924447,7.341182708740234,0.14182211250249743,1,3.0517578125e-05,32768
85001,290.5704123340547,911840220060,7.478954803566598,1923965,7.339344024658203,0.1396107789083949,1,3.0517578125e-05,32768
85101,290.90850287512876,912869955067,7.475368103533766,1921586,7.330268859863281,0.14509924367048477,1,3.0517578125e-05,32768
85201,291.2514636251144,913914387256,7.476784068207041,1921936,7.33160400390625,0.14518006430079122,1,3.0517578125e-05,32768
85301,291.59421966713853,914956699746,7.476125803648568,1920986,7.327980041503906,0.14814576214466157,1,3.0517578125e-05,32768
85401,291.93740816717036,915999133375,7.478786183677357,1923034,7.335792541503906,0.142993642173451,1,3.0517578125e-05,32768
85501,292.2792558341753,917055692450,7.477999555616449,1924362,7.340858459472656,0.1371410961437931,1,3.0517578125e-05,32768
85601,292.62850416707806,918112110891,7.484205297940638,1925947,7.346904754638672,0.13730054330196584,1,3.0517578125e-05,32768
85701,292.9741929171141,919189744546,7.485010210291781,1923953,7.339298248291016,0.14571196200076564,2,6.103515625e-05,32767
85801,293.32291916711256,920270690881,7.487200190213413,1925500,7.3451995849609375,0.14200060525247515,1,3.0517578125e-05,32768
85901,293.67149558407255,921353737267,7.493164740473064,1926630,7.349510192871094,0.1436545476019706,1,3.0517578125e-05,32768
86001,294.0227297921665,922429742356,7.4904830875119925,1925064,7.343536376953125,0.14694671055886754,1,3.0517578125e-05,32768
86101,294.37486170907505,923513223548,7.490014278682781,1927438,7.352592468261719,0.1374218104210625,2,6.103515625e-05,32767
86201,294.72134191705845,924604215265,7.488063004543745,1928194,7.355476379394531,0.13258662514921404,2,6.103515625e-05,32767
86301,295.06601445912383,925676190789,7.488688955208707,1928750,7.357597351074219,0.13109160413448784,1,3.0517578125e-05,32768
86401,295.41076404205523,926751300661,7.488407042206491,1928228,7.3556060791015625,0.13280096310492873,1,3.0517578125e-05,32768
86501,295.7563388340641,927819638035,7.494822909832772,1929477,7.360370635986328,0.13445227384644376,1,3.0517578125e-05,32768
86601,296.1027825421188,928893239069,7.498604946235654,1929725,7.361316680908203,0.13728826532745053,2,6.103515625e-05,32767
86701,296.4541841670871,929969282942,7.509319809356663,1931782,7.369163513183594,0.14015629617306935,1,3.0517578125e-05,32768
86801,296.8040657090023,931046400621,7.507529387469699,1929426,7.360176086425781,0.14735330104391764,1,3.0517578125e-05,32768
86901,297.1673692499753,932124897312,7.506976391341411,1929032,7.358673095703125,0.1483032956382857,1,3.0517578125e-05,32768
87001,297.5124305000063,933215432659,7.510846852766377,1932538,7.372047424316406,0.13879942844997117,2,6.103515625e-05,32767
87101,297.86307237506844,934304820791,7.508086498450942,1930151,7.362941741943359,0.14514475650758296,1,3.0517578125e-05,32768
87201,298.2215033341199,935404177008,7.508962008750838,1930263,7.363368988037109,0.14559302071372837,1,3.0517578125e-05,32768
87301,298.57078637508675,936493000398,7.50837996911093,1928515,7.356700897216797,0.151679071894133,1,3.0517578125e-05,32768
87401,298.91882179211825,937576800739,7.510627643593562,1929993,7.362339019775391,0.14828862381817132,1,3.0517578125e-05,32768
87501,299.26590054202825,938650298711,7.513970478207751,1931996,7.3699798583984375,0.1439906198093137,3,9.1552734375e-05,32766
87601,299.6121775840875,939720749598,7.512784422314224,1932992,7.373779296875,0.1390051254392244,1,3.0517578125e-05,32768
87701,299.96081858407706,940783673762,7.514841420444557,1933326,7.375053405761719,0.1397880146828383,2,6.103515625e-05,32767
87801,300.30427575018257,941842677263,7.5150212333078015,1934637,7.380054473876953,0.13496675943084835,1,3.0517578125e-05,32768
87901,300.6519584590569,942900936104,7.5105975345478,1933779,7.376781463623047,0.13381607092475356,1,3.0517578125e-05,32768
88001,300.9965304590296,943953826704,7.511936792822915,1933271,7.374843597412109,0.1370931954108059,1,3.0517578125e-05,32768
88101,301.3432104589883,945006387469,7.512622151643253,1934166,7.378257751464844,0.13436440017840923,1,3.0517578125e-05,32768
88201,301.6875838341657,946050949597,7.512766699602393,1935559,7.383571624755859,0.1291950748465336,1,3.0517578125e-05,32768
88301,302.02771458402276,947087229144,7.515548485473979,1937348,7.3903961181640625,0.12515236730991663,2,6.103515625e-05,32766
88401,302.3709754999727,948119945877,7.518695100264066,1938566,7.395042419433594,0.12365268083047187,1,3.0517578125e-05,32768
88501,302.7107505421154,949151053017,7.515902321833274,1938558,7.395011901855469,0.12089041997780559,1,3.0517578125e-05,32768
88601,303.0512570000719,950178490219,7.510968007297537,1939007,7.396724700927734,0.11424330636980251,1,3.0517578125e-05,32768
88701,303.39299249998294,951192590092,7.509525161990259,1938115,7.393321990966797,0.11620317102346256,1,3.0517578125e-05,32768
88801,303.7312075840309,952203725671,7.504795246131152,1934866,7.380928039550781,0.12386720658037031,1,3.0517578125e-05,32768
88901,304.0725599590223,953220171211,7.506589343171087,1936375,7.386684417724609,0.11990492544647768,1,3.0517578125e-05,32768
89001,304.41642729216255,954233645424,7.510701368704596,1936772,7.3881988525390625,0.12250251616553332,1,3.0517578125e-05,32768
89101,304.75568308401853,955250061988,7.5053896948165555,1935323,7.382671356201172,0.12271833861538362,1,3.0517578125e-05,32768
89201,305.0941932091955,956259643621,7.502107044940873,1934832,7.38079833984375,0.12130870509712288,1,3.0517578125e-05,32768
89301,305.4325787089765,957262297889,7.504082082382531,1935011,7.381481170654297,0.12260091172823451,1,3.0517578125e-05,32768
89401,305.7729597501457,958267696566,7.502505471970084,1935082,7.381752014160156,0.12075345780992741,1,3.0517578125e-05,32768
89501,306.115133917192,959274648142,7.504295742730577,1935171,7.382091522216797,0.12220422051378055,1,3.0517578125e-05,32768
89601,306.45488091697916,960276465065,7.502453565921574,1935099,7.381816864013672,0.12063670190790177,1,3.0517578125e-05,32768
89701,306.7887153751217,961277487682,7.505796355480042,1935532,7.3834686279296875,0.12232772755035448,1,3.0517578125e-05,32768
89801,307.12318820902146,962271350491,7.507263740603214,1936269,7.386280059814453,0.1209836807887612,1,3.0517578125e-05,32768
89901,307.4581588341389,963257441477,7.503596244273846,1936729,7.388034820556641,0.11556142371720579,1,3.0517578125e-05,32768
90001,307.79126208415255,964248298466,7.503612744751914,1938069,7.393146514892578,0.11046622985933574,1,3.0517578125e-05,32768
90101,308.13229579199106,965239579443,7.499361638167077,1934521,7.379611968994141,0.11974966917293628,1,3.0517578125e-05,32768
90201,308.4678538341541,966222135057,7.498172674955343,1933275,7.374858856201172,0.12331381875417069,1,3.0517578125e-05,32768
90301,308.8029882921837,967210993624,7.49603664350801,1931722,7.368934631347656,0.12710201216035344,1,3.0517578125e-05,32768
90401,309.13400900014676,968195919799,7.493768143095364,1933144,7.374359130859375,0.11940901223598921,1,3.0517578125e-05,32768
90501,309.4677360840142,969179518204,7.496894295854011,1935636,7.3838653564453125,0.11302893940869829,1,3.0517578125e-05,32768
90601,309.7990563341882,970155857689,7.498882863987451,1935939,7.385021209716797,0.11386165427065453,1,3.0517578125e-05,32768
90701,310.13233095919713,971131727417,7.4971962865199435,1935584,7.3836669921875,0.11352929433244352,1,3.0517578125e-05,32768
90801,310.46712441719137,972106748146,7.4949809856565395,1933363,7.375194549560547,0.1197864360959926,2,6.103515625e-05,32767
90901,310.80012812511995,973077487365,7.494957704267245,1934423,7.379238128662109,0.11571957560513546,1,3.0517578125e-05,32768
91001,311.12895295908675,974042933181,7.49788369905436,1935029,7.381549835205078,0.1163338638492819,1,3.0517578125e-05,32768
91101,311.4607866250444,975011758589,7.499365661537812,1933385,7.375278472900391,0.12408718863742152,2,6.103515625e-05,32767
91201,311.79107837518677,975990080802,7.498616776583502,1932836,7.3731842041015625,0.12543257248193918,1,3.0517578125e-05,32768
91301,312.12271291716024,976977972240,7.496803271094431,1933657,7.376316070556641,0.1204872005377906,3,9.1552734375e-05,32766
91401,312.4608777090907,977962737735,7.5023309280952155,1934139,7.378154754638672,0.12417617345654364,1,3.0517578125e-05,32768
91501,312.7948797501158,978950977509,7.501822405289577,1931909,7.369647979736328,0.13217442555324865,2,6.103515625e-05,32767
91601,313.1263845001813,979955887079,7.498312652203422,1930509,7.364307403564453,0.13400524863896912,1,3.0517578125e-05,32768
91701,313.46536062518135,980967286969,7.497670382386608,1931404,7.3677215576171875,0.1299488247694205,2,6.103515625e-05,32767
91801,313.802379750181,981981062796,7.494697544636245,1929831,7.361721038818359,0.13297650581788556,1,3.0517578125e-05,32768
91901,314.13738850015216,983001233454,7.499910733382639,1931064,7.366424560546875,0.13348617283576392,1,3.0517578125e-05,32768
92001,314.4769980420824,984024244020,7.499772088030614,1931430,7.367820739746094,0.13195134828452026,1,3.0517578125e-05,32768
92101,314.81677662511356,985038724171,7.505480992029423,1934511,7.379573822021484,0.12590717000793905,1,3.0517578125e-05,32768
92201,315.1560913750436,986057212060,7.50762928115682,1933858,7.377082824707031,0.1305464564497889,1,3.0517578125e-05,32768
92301,315.4942146250978,987082298757,7.509059792335698,1933049,7.373996734619141,0.13506305771655747,1,3.0517578125e-05,32768
92401,315.83532575005665,988117241129,7.506531933958659,1931564,7.3683319091796875,0.1382000247789712,2,6.103515625e-05,32767
92501,316.18283200007863,989151746689,7.506262683466686,1930441,7.364048004150391,0.14221467931629572,1,3.0517578125e-05,32768
92601,316.52769933408126,990193245548,7.498975194951032,1929155,7.359142303466797,0.13983289148423506,1,3.0517578125e-05,32768
92701,316.87474012514576,991230067540,7.499581179840212,1928942,7.358329772949219,0.14125140689099336,1,3.0517578125e-05,32768
92801,317.2197674170602,992274122474,7.500218639644268,1930710,7.365074157714844,0.13514448192942385,2,6.103515625e-05,32767
92901,317.56441933405586,993318847894,7.506378436651161,1932800,7.373046875,0.13333156165116122,1,3.0517578125e-05,32768
93001,317.9066037500743,994370848762,7.502987227621182,1932858,7.373268127441406,0.12971910017977617,3,9.1552734375e-05,32766
93101,318.254378749989,995431347721,7.497691780658049,1929152,7.359130859375,0.13856092128304898,2,6.103515625e-05,32767
93201,318.59982541715726,996497806414,7.49396911655956,1927497,7.352817535400391,0.14115158115916948,1,3.0517578125e-05,32768
93301,318.9470229591243,997562147265,7.491098957599194,1929062,7.358787536621094,0.1323114209781,1,3.0517578125e-05,32768
93401,319.29726416710764,998620074823,7.48691220144421,1927372,7.3523406982421875,0.1345715032020225,1,3.0517578125e-05,32768
93501,319.6443094171118,999678699177,7.485405123328673,1928093,7.355091094970703,0.13031402835796957,2,6.103515625e-05,32767
93601,319.9897653751541,1000721893159,7.485594906987796,1928904,7.358184814453125,0.12741009253467084,1,3.0517578125e-05,32768
93701,320.3336769170128,1001765682439,7.482031631167146,1927966,7.354606628417969,0.12742500274917745,1,3.0517578125e-05,32768
93801,320.6805958750192,1002817620747,7.487292980595296,1928899,7.358165740966797,0.1291272396284988,1,3.0517578125e-05,32768
93901,321.02845850004815,1003883774345,7.4856096313561755,1928543,7.356807708740234,0.12880192261594114,2,6.103515625e-05,32767
94001,321.37983841705136,1004948301234,7.4863305122192205,1928215,7.355556488037109,0.13077402418211115,1,3.0517578125e-05,32768
94101,321.73227083403617,1006031302675,7.485293896543414,1928458,7.356483459472656,0.1288104370707579,2,6.103515625e-05,32767
94201,322.0823270420078,1007121881048,7.483209654704576,1926137,7.347629547119141,0.1355801075854357,1,3.0517578125e-05,32768
94301,322.429013709072,1008202359620,7.479354461689977,1924933,7.343036651611328,0.13631781007864863,1,3.0517578125e-05,32768
94401,322.77636704198085,1009286419679,7.4803331607769525,1926803,7.350170135498047,0.13016302527890566,2,6.103515625e-05,32767
94501,323.12376079219393,1010365014929,7.481441685680231,1929370,7.359962463378906,0.1214792223013248,1,3.0517578125e-05,32768
94601,323.4729291670956,1011434344701,7.4832444501755155,1927819,7.354045867919922,0.12919858225559366,1,3.0517578125e-05,32768
94701,323.8218855841551,1012512644964,7.48686750674916,1927208,7.351715087890625,0.13515241885853513,1,3.0517578125e-05,32768
94801,324.17170133418404,1013587756090,7.4879906958836,1927481,7.352756500244141,0.13523419563945893,2,6.103515625e-05,32767
94901,324.52042129216716,1014648215448,7.481672041285794,1925103,7.343685150146484,0.13798689113930962,1,3.0517578125e-05,32768
95001,324.8664331671316,1015719274247,7.480583543846776,1926396,7.3486175537109375,0.13196599013583832,1,3.0517578125e-05,32768
95101,325.21390833402984,1016799505743,7.484702042105793,1927973,7.354633331298828,0.13006871080696492,1,3.0517578125e-05,32768
95201,325.5600553750992,1017873585027,7.483052193093233,1925858,7.346565246582031,0.13648694651120152,1,3.0517578125e-05,32768
95301,325.90963137499057,1018943324264,7.482731651415228,1926881,7.350467681884766,0.13226396953046216,1,3.0517578125e-05,32768
95401,326.25874462514184,1020004999671,7.476492838761591,1924527,7.341487884521484,0.13500495424010683,1,3.0517578125e-05,32768
95501,326.60361483413726,1021065006172,7.477963022189227,1925347,7.344615936279297,0.13334708590993039,1,3.0517578125e-05,32768
95601,326.95626875013113,1022123174603,7.479164579045492,1926700,7.3497772216796875,0.12938735736580487,1,3.0517578125e-05,32768
95701,327.3069380840752,1023183099776,7.486715492068678,1928111,7.355159759521484,0.13155573254719322,1,3.0517578125e-05,32768
95801,327.6520353751257,1024243278186,7.489795343506206,1927513,7.352878570556641,0.13691677294956506,1,3.0517578125e-05,32768
95901,327.9950881670229,1025292621183,7.494888549946143,1927535,7.352962493896484,0.1419260560496589,1,3.0517578125e-05,32768
96001,328.33766187517904,1026347538017,7.496979314681608,1925333,7.344562530517578,0.15241678416403026,1,3.0517578125e-05,32768
96101,328.67334762518294,1027403820175,7.50048669101003,1923817,7.338779449462891,0.16170724154713945,1,3.0517578125e-05,32768
96201,329.0084102919791,1028455979685,7.501975500226916,1924492,7.3413543701171875,0.16062113010972823,2,6.103515625e-05,32766
96301,329.3465412091464,1029513011771,7.4963986427263,1924434,7.341133117675781,0.1552655250505186,1,3.0517578125e-05,32768
96401,329.68034929200076,1030574101709,7.497705117296335,1924825,7.342624664306641,0.15508045298969453,1,3.0517578125e-05,32768
96501,330.0161495839711,1031638099376,7.49837887332244,1926161,7.347721099853516,0.15065777346892428,1,3.0517578125e-05,32768
96601,330.358892749995,1032710123635,7.497914960848995,1926413,7.348682403564453,0.14923255728454166,1,3.0517578125e-05,32768
96701,330.6963708749972,1033792869277,7.500388564245956,1925705,7.345981597900391,0.15440696634556517,4,0.0001220703125,32765
96801,331.03804900008254,1034876129761,7.501793471810468,1925333,7.344562530517578,0.15723094129289006,1,3.0517578125e-05,32768
96901,331.3808106670622,1035963314928,7.500430190495092,1926992,7.35089111328125,0.1495390772138423,1,3.0517578125e-05,32768
97001,331.72315241699107,1037060830029,7.500346832395961,1926934,7.350669860839844,0.1496769715561168,1,3.0517578125e-05,32768
97101,332.0589152921457,1038151127568,7.50132534202348,1927482,7.352760314941406,0.14856502708207397,1,3.0517578125e-05,32768
97201,332.4004837500397,1039245454225,7.503607815290289,1927831,7.354091644287109,0.14951617100317982,1,3.0517578125e-05,32768
97301,332.74361087498255,1040344141950,7.5007420179266955,1928734,7.357536315917969,0.14320570200872673,1,3.0517578125e-05,32768
97401,333.08792025013827,1041442184128,7.501691612520443,1929111,7.358974456787109,0.142717155733334,1,3.0517578125e-05,32768
97501,333.43054895917885,1042532808419,7.5077969155248105,1931144,7.366729736328125,0.14106717919668554,2,6.103515625e-05,32766
97601,333.7700584169943,1043618232258,7.506576097462161,1933354,7.375160217285156,0.13141588017700467,1,3.0517578125e-05,32768
97701,334.10907037509605,1044713484547,7.503354381012766,1933408,7.3753662109375,0.12798817007526608,1,3.0517578125e-05,32768
97801,334.45240245899186,1045800674791,7.507294311676569,1934824,7.380767822265625,0.1265264894109439,4,0.0001220703125,32764
97901,334.79185100016184,1046893361235,7.508529567336126,1933235,7.374706268310547,0.133823299025579,2,6.103515625e-05,32767
98001,335.1328811252024,1047971029873,7.508109815543438,1931710,7.368888854980469,0.1392209605629695,5,0.000152587890625,32764
98101,335.4749568339903,1049056796207,7.506059913829626,1930839,7.365566253662109,0.1404936601675164,1,3.0517578125e-05,32768
98201,335.8173276670277,1050145009592,7.508854854779579,1929939,7.362133026123047,0.14672182865653216,1,3.0517578125e-05,32768
98301,336.18554666708224,1051243050714,7.506433895858303,1930275,7.363414764404297,0.1430191314540057,1,3.0517578125e-05,32768
98401,336.5357620001305,1052349215138,7.499613873372448,1927122,7.351387023925781,0.14822684944666698,1,3.0517578125e-05,32768
98501,336.88146258401684,1053454799202,7.498997937302211,1928060,7.3549652099609375,0.1440327273412736,1,3.0517578125e-05,32768
98601,337.2294181671459,1054564642678,7.49661930695345,1926940,7.3506927490234375,0.14592655793001263,1,3.0517578125e-05,32768
98701,337.57254745904356,1055665257331,7.494120779171195,1926130,7.347602844238281,0.14651793493291354,2,6.103515625e-05,32767
98801,337.9129744169768,1056769449571,7.493962216804842,1928366,7.356132507324219,0.13782970948062356,1,3.0517578125e-05,32768
98901,338.2595948341768,1057880579280,7.491988023149294,1929323,7.359783172607422,0.13220485054187225,1,3.0517578125e-05,32768
99001,338.605197167024,1058989809289,7.493697905956467,1929964,7.3622283935546875,0.13146951240177973,1,3.0517578125e-05,32768
99101,338.9485865421593,1060098456039,7.4924356125414,1930274,7.363410949707031,0.12902466283436897,1,3.0517578125e-05,32768
99201,339.2934032501653,1061212082146,7.492062638154485,1930070,7.362632751464844,0.12942988668964084,1,3.0517578125e-05,32768
99301,339.64036633400247,1062338396530,7.49095022469948,1928642,7.357185363769531,0.13376486092994888,1,3.0517578125e-05,32768
99401,339.99482870916836,1063466006377,7.492411577333833,1930208,7.3631591796875,0.1292523976463329,2,6.103515625e-05,32767
99501,340.34084283397533,1064603166847,7.490953528985898,1927923,7.354442596435547,0.13651093255035107,1,3.0517578125e-05,32768
99601,340.6895007500425,1065747328873,7.500295198906916,1930298,7.363502502441406,0.13679269646550996,2,6.103515625e-05,32767
99701,341.0371124171652,1066888464320,7.496427619953456,1928261,7.355731964111328,0.14069565584212818,1,3.0517578125e-05,32768
99801,341.39165433403105,1068036662651,7.49905971575156,1929560,7.360687255859375,0.13837245989218516,1,3.0517578125e-05,32768
99901,341.7364719591569,1069166525421,7.494347738640624,1928310,7.355918884277344,0.1384288543632799,1,3.0517578125e-05,32768
100000,342.07945112511516,1070279818431,7.495519141857469,1929515,7.360515594482422,0.13500354737504683,1,3.0517578125e-05,32768
