epoch,elapsed_seconds,character_reads,byte_entropy,brotli_size,compressed_bpb,high_order_entropy,dominant_tape_count,dominant_tape_fraction,distinct_tapes
1,1.9409413749817759,10112831,7.999918951111587,2097222,8.000267028808594,-0.0003480776970068433,1,3.0517578125e-05,32768
101,2.226443582912907,949433447,7.998937712548571,2060311,7.859462738037109,0.13947497451146162,1,3.0517578125e-05,32768
201,2.5085519158747047,1856080698,7.996913894209928,2033020,7.7553558349609375,0.2415580592489901,2,6.103515625e-05,32767
301,2.7861442079301924,2753444257,7.993312684270965,2017214,7.695060729980469,0.298251954290496,2,6.103515625e-05,32766
401,3.063663624925539,3634770782,7.989428731790492,2008105,7.660312652587891,0.3291160792026018,3,9.1552734375e-05,32763
501,3.338668332900852,4494648509,7.984073814355867,2001224,7.634063720703125,0.3500100936527417,2,6.103515625e-05,32764
601,3.6112618749029934,5341754410,7.97790182614189,1997034,7.618080139160156,0.3598216869817339,2,6.103515625e-05,32767
701,3.8854427500627935,6190796551,7.970731565203758,1996312,7.615325927734375,0.35540563746938325,2,6.103515625e-05,32765
801,4.1634796659927815,7046614370,7.961284326453409,1993836,7.6058807373046875,0.3554035891487217,2,6.103515625e-05,32767
901,4.438177207950503,7894771729,7.952491200606233,1995720,7.613067626953125,0.33942357365310816,2,6.103515625e-05,32765
1001,4.715953957987949,8739996529,7.940923357380736,1989506,7.589363098144531,0.35156025923620504,2,6.103515625e-05,32764
1101,4.995095832971856,9579897150,7.930377369526263,1985413,7.573749542236328,0.3566278272899348,3,9.1552734375e-05,32762
1201,5.292494124965742,10433866869,7.920923908706045,1983433,7.566196441650391,0.35472746705565417,2,6.103515625e-05,32764
1301,5.576533125014976,11301666933,7.909541435050072,1979832,7.552459716796875,0.35708171825319734,4,0.0001220703125,32763
1401,5.8584474578965455,12174996678,7.8950965907451796,1975213,7.534839630126953,0.36025696061822643,3,9.1552734375e-05,32762
1501,6.14533737488091,13056544995,7.881896532547889,1977811,7.544750213623047,0.3371463189248418,2,6.103515625e-05,32767
1601,6.435894082998857,13954247141,7.869611656478863,1979056,7.54949951171875,0.3201121447601132,1,3.0517578125e-05,32768
1701,6.723576582968235,14848866327,7.852407944916979,1977679,7.544246673583984,0.3081612713329944,3,9.1552734375e-05,32763
1801,7.015929958084598,15751346819,7.838716617268535,1976040,7.537994384765625,0.30072223250290975,3,9.1552734375e-05,32765
1901,7.30856249993667,16666922011,7.828463067154992,1976169,7.538486480712891,0.28997658644210134,2,6.103515625e-05,32767
2001,7.610236000036821,17604060121,7.817536286204716,1975817,7.537143707275391,0.2803925789293258,2,6.103515625e-05,32765
2101,7.910451249917969,18541670705,7.805201633767828,1976020,7.5379180908203125,0.26728354294751533,1,3.0517578125e-05,32768
2201,8.218433124944568,19502723956,7.791693941236099,1973581,7.528614044189453,0.26307989704664614,2,6.103515625e-05,32766
2301,8.52546391589567,20473521150,7.780991690127302,1972885,7.525959014892578,0.25503267523472406,2,6.103515625e-05,32767
2401,8.833254457917064,21456765216,7.764167756835902,1972111,7.523006439208984,0.24116131762691762,4,0.0001220703125,32764
2501,9.147843207931146,22464152023,7.753434099972061,1972361,7.523960113525391,0.2294739864466706,2,6.103515625e-05,32767
2601,9.471320250071585,23474742269,7.7412141506025565,1972337,7.523868560791016,0.21734558981154084,2,6.103515625e-05,32767
2701,9.785916249966249,24482875309,7.7322830877974225,1970602,7.517250061035156,0.2150330267622662,1,3.0517578125e-05,32768
2801,10.107898040907457,25502125323,7.7267986145658885,1974958,7.533866882324219,0.1929317322416697,1,3.0517578125e-05,32768
2901,10.429679000051692,26540986219,7.716630900328787,1975743,7.536861419677734,0.17976948065105258,1,3.0517578125e-05,32768
3001,10.75595312495716,27585076090,7.7100916880374974,1975567,7.536190032958984,0.17390165507851307,1,3.0517578125e-05,32768
3101,11.087668457999825,28629026902,7.7031849989223,1977296,7.54278564453125,0.1603993543910498,1,3.0517578125e-05,32768
3201,11.41690570791252,29694662591,7.69848986398617,1978363,7.546855926513672,0.1516339374724982,1,3.0517578125e-05,32768
3301,11.748264957917854,30767067444,7.689454653594815,1976068,7.5381011962890625,0.15135345730575267,1,3.0517578125e-05,32768
3401,12.082370500080287,31844417873,7.6797327236679696,1975872,7.537353515625,0.14237920804296955,1,3.0517578125e-05,32768
3501,12.412800291087478,32909989506,7.671630530828969,1975649,7.536502838134766,0.1351276926942031,1,3.0517578125e-05,32768
3601,12.745855665998533,33973984046,7.666299488086299,1975086,7.534355163574219,0.13194432451208016,1,3.0517578125e-05,32768
3701,13.077081250026822,35035047358,7.657605762325535,1975185,7.534732818603516,0.12287294372201973,1,3.0517578125e-05,32768
3801,13.408906500088051,36105738765,7.652014217730731,1974588,7.5324554443359375,0.11955877339479315,1,3.0517578125e-05,32768
3901,13.748838040977716,37182680488,7.647610281704546,1975449,7.535739898681641,0.11187038302290553,1,3.0517578125e-05,32768
4001,14.103032124927267,38269647563,7.641899891472493,1975317,7.535236358642578,0.10666353282991459,1,3.0517578125e-05,32768
4101,14.452299583004788,39376383064,7.633057149138799,1972553,7.524692535400391,0.10836461373840844,1,3.0517578125e-05,32768
4201,14.79724320792593,40496887171,7.627179148713765,1971554,7.520881652832031,0.10629749588173354,1,3.0517578125e-05,32768
4301,15.14318983303383,41625002989,7.620104314140042,1970753,7.517826080322266,0.10227823381777679,2,6.103515625e-05,32767
4401,15.487301541026682,42757296943,7.6170713019821985,1971538,7.520820617675781,0.09625068430641726,1,3.0517578125e-05,32768
4501,15.827623500023037,43883415325,7.610987629544557,1969325,7.512378692626953,0.09860893691760353,2,6.103515625e-05,32767
4601,16.176732833031565,45012012665,7.605886123638827,1969651,7.513622283935547,0.09226383970328023,1,3.0517578125e-05,32768
4701,16.522740999935195,46127309939,7.6005685179549305,1968738,7.510139465332031,0.09042905262289924,1,3.0517578125e-05,32768
4801,16.86710699996911,47240582015,7.5987542625982325,1968711,7.510036468505859,0.08871779409237313,1,3.0517578125e-05,32768
4901,17.216391999972984,48359237285,7.59596787648309,1969933,7.514698028564453,0.08126984791863645,1,3.0517578125e-05,32768
5001,17.56073816609569,49475767201,7.587185498855681,1964666,7.494606018066406,0.0925794807892748,2,6.103515625e-05,32767
5101,17.905527540948242,50593256352,7.583768393923905,1963847,7.491481781005859,0.09228661291804574,1,3.0517578125e-05,32768
5201,18.245937833096832,51697368542,7.578240866482941,1962791,7.487453460693359,0.09078740578958122,1,3.0517578125e-05,32768
5301,18.59078029100783,52805087678,7.574442337878738,1963266,7.489265441894531,0.08517689598420652,1,3.0517578125e-05,32768
5401,18.933495082892478,53909161038,7.570617610251605,1965145,7.496433258056641,0.07418435219496455,1,3.0517578125e-05,32768
5501,19.277737790951505,55013336818,7.570546875475523,1963084,7.4885711669921875,0.08197570848333591,1,3.0517578125e-05,32768
5601,19.616617999970913,56102716219,7.5698355828981,1962767,7.487361907958984,0.0824736749391155,1,3.0517578125e-05,32768
5701,19.95767654106021,57191186691,7.57098461979577,1962784,7.4874267578125,0.08355786198327042,1,3.0517578125e-05,32768
5801,20.297717415960506,58285196211,7.567791350713897,1961533,7.482654571533203,0.08513677918069362,1,3.0517578125e-05,32768
5901,20.63880475005135,59367761504,7.563709034370031,1960346,7.478126525878906,0.08558250849112436,1,3.0517578125e-05,32768
6001,20.980317249894142,60458448810,7.561367339664517,1959372,7.4744110107421875,0.08695632892232918,1,3.0517578125e-05,32768
6101,21.320478833047673,61541915567,7.560222438590621,1960057,7.477024078369141,0.08319836022148053,1,3.0517578125e-05,32768
6201,21.664403290953487,62641425506,7.559429858501895,1959382,7.474449157714844,0.08498070078705133,1,3.0517578125e-05,32768
6301,22.00530487508513,63738436607,7.562021541687573,1958967,7.472866058349609,0.0891554833379633,1,3.0517578125e-05,32768
6401,22.346068707993254,64823872222,7.562275383475025,1959772,7.4759368896484375,0.0863384938265872,1,3.0517578125e-05,32768
6501,22.68672287487425,65906989599,7.560044056263296,1958918,7.472679138183594,0.08736491807970204,1,3.0517578125e-05,32768
6601,23.025134125025943,66982821462,7.5547437502880985,1958173,7.469837188720703,0.0849065615673954,1,3.0517578125e-05,32768
6701,23.366589332930744,68059588692,7.552196948654504,1956112,7.46197509765625,0.09022185099825375,1,3.0517578125e-05,32768
6801,23.70986224990338,69142307152,7.547343754719121,1955286,7.458824157714844,0.08851959700427692,1,3.0517578125e-05,32768
6901,24.054317750036716,70234235637,7.54421586185307,1955086,7.458061218261719,0.08615464359135139,1,3.0517578125e-05,32768
7001,24.414879000047222,71328219498,7.543399877040043,1955251,7.458690643310547,0.08470923372949635,2,6.103515625e-05,32767
7101,24.762985415989533,72434774035,7.541666345323883,1954327,7.455165863037109,0.0865004822867732,1,3.0517578125e-05,32768
7201,25.107371458085254,73541185512,7.542356791596772,1953533,7.452136993408203,0.09021979818856884,1,3.0517578125e-05,32768
7301,25.453989832894877,74679280852,6.577961482376799,1316296,5.021270751953125,1.5566907304236741,3,9.1552734375e-05,32753
7401,25.877873790916055,76304457176,5.928674846677936,1338818,5.107185363769531,0.8214894829084045,1,3.0517578125e-05,32768
7501,26.349879124900326,78233581064,5.987507357777025,1427719,5.446315765380859,0.5411915923961654,3,9.1552734375e-05,32765
7601,26.84248258289881,80301783192,6.057436189350565,1494229,5.700031280517578,0.3574049088329865,1,3.0517578125e-05,32768
7701,27.34978612489067,82431315152,6.139645317572574,1541492,5.8803253173828125,0.25932000018976176,1,3.0517578125e-05,32768
7801,27.855640375055373,84601887869,6.225982224458656,1580392,6.028717041015625,0.19726518344303123,1,3.0517578125e-05,32768
7901,28.3665933329612,86782011143,6.297293976308408,1611172,6.1461334228515625,0.15116055345684565,1,3.0517578125e-05,32768
8001,28.876134833088145,88936850843,6.354304821408237,1634378,6.234657287597656,0.11964753381058113,1,3.0517578125e-05,32768
8101,29.386797624872997,91118447917,6.422055673740212,1657485,6.322803497314453,0.09925217642575923,1,3.0517578125e-05,32768
8201,29.894694166025147,93273321522,6.479795625010395,1678780,6.4040374755859375,0.07575814942445724,2,6.103515625e-05,32767
8301,30.39172558300197,95389349906,6.535758600921507,1696719,6.472469329833984,0.06328927108752236,1,3.0517578125e-05,32768
8401,30.881220165872946,97464720676,6.576692324706468,1711858,6.530220031738281,0.04647229296818711,1,3.0517578125e-05,32768
8501,31.366082374937832,99523584367,6.631844767923644,1728865,6.595096588134766,0.03674817978887823,1,3.0517578125e-05,32768
8601,31.849814499961212,101577929043,6.681468793386701,1741231,6.642269134521484,0.03919965886521659,1,3.0517578125e-05,32768
8701,32.32720391592011,103608922317,6.721907056475426,1752639,6.685787200927734,0.03611985554769159,1,3.0517578125e-05,32768
8801,32.80593154090457,105631967888,6.762404476635545,1762523,6.723491668701172,0.03891280793437346,1,3.0517578125e-05,32768
8901,33.2828440410085,107646788684,6.797882494549532,1771417,6.757419586181641,0.04046290836789179,1,3.0517578125e-05,32768
9001,33.75331995799206,109639173398,6.832914972199058,1779978,6.790077209472656,0.04283776272640161,1,3.0517578125e-05,32768
9101,34.21953579108231,111611341557,6.868636309711877,1789444,6.8261871337890625,0.0424491759228145,1,3.0517578125e-05,32768
9201,34.687456040875986,113566512301,6.897054587271695,1795880,6.850738525390625,0.04631606188107007,1,3.0517578125e-05,32768
9301,35.17617312492803,115502593909,6.9277018748023576,1803150,6.878471374511719,0.0492305002906388,1,3.0517578125e-05,32768
9401,35.6349168329034,117419753716,6.961150943680716,1811094,6.908775329589844,0.05237561409087199,1,3.0517578125e-05,32768
9501,36.09434791607782,119329247224,6.9916608289351405,1817839,6.934505462646484,0.05715536628865614,1,3.0517578125e-05,32768
9601,36.54960933304392,121230960919,7.017919070971279,1824319,6.959224700927734,0.058694370043544275,1,3.0517578125e-05,32768
9701,36.99855754105374,123111996385,7.042913231035194,1832233,6.989414215087891,0.05349901594730344,1,3.0517578125e-05,32768
9801,37.444877750007436,124957131032,7.070644538214353,1838137,7.011936187744141,0.05870835047021217,2,6.103515625e-05,32767
9901,37.888186499942094,126789634319,7.097288177858404,1845729,7.040897369384766,0.05639080847363864,1,3.0517578125e-05,32768
10001,38.32780958293006,128604082249,7.11582195066071,1848905,7.053012847900391,0.06280910276031904,1,3.0517578125e-05,32768
10101,38.763426416087896,130402456593,7.138858316651454,1854693,7.075092315673828,0.06376600097762619,1,3.0517578125e-05,32768
10201,39.20246679103002,132198975830,7.161705814941259,1860193,7.096073150634766,0.06563266430649328,1,3.0517578125e-05,32768
10301,39.63901454093866,133968293123,7.186152189535225,1864078,7.110893249511719,0.07525894002350597,2,6.103515625e-05,32767
10401,40.06921787490137,135723669169,7.208583357175629,1867246,7.122978210449219,0.08560514672640984,1,3.0517578125e-05,32768
10501,40.49707504105754,137469733162,7.226757820243561,1871546,7.139381408691406,0.08737641155215492,3,9.1552734375e-05,32766
10601,40.91941679106094,139192179876,7.248579165127372,1877283,7.161266326904297,0.08731283822307478,2,6.103515625e-05,32767
10701,41.33897358295508,140902852837,7.2717586587740985,1882932,7.1828155517578125,0.08894310701628605,1,3.0517578125e-05,32768
10801,41.757537707919255,142590393319,7.295005614036811,1888998,7.205955505371094,0.08905010866571761,1,3.0517578125e-05,32768
10901,42.17640941590071,144266898351,7.314803287434077,1893249,7.222171783447266,0.0926315039868113,1,3.0517578125e-05,32768
11001,42.59575724997558,145947539507,7.336208220421037,1897648,7.23895263671875,0.09725558370228704,1,3.0517578125e-05,32768
11101,43.010217499919236,147625035807,7.3546256299077495,1901136,7.25225830078125,0.10236732912649948,2,6.103515625e-05,32767
11201,43.420705874916166,149279247856,7.372059306213415,1904965,7.266864776611328,0.10519452960208664,1,3.0517578125e-05,32768
11301,43.83154141600244,150932865028,7.388567699469157,1909425,7.283878326416016,0.10468937305314174,1,3.0517578125e-05,32768
11401,44.26213004090823,152579621811,7.403768812574054,1911967,7.293575286865234,0.11019352570881935,1,3.0517578125e-05,32768
11501,44.67271524993703,154224314953,7.414749320111049,1914336,7.3026123046875,0.11213701542354926,1,3.0517578125e-05,32768
11601,45.077824332984164,155835189974,7.430080684910076,1917573,7.314960479736328,0.11512020517374744,2,6.103515625e-05,32767
11701,45.47651841607876,157411988549,7.4449843359799805,1919395,7.321910858154297,0.12307347782568367,1,3.0517578125e-05,32768
11801,45.872845290927216,158975197721,7.460123797069935,1923477,7.337482452392578,0.12264134467735666,2,6.103515625e-05,32767
11901,46.267519040964544,160525213192,7.4701553459774805,1925969,7.346988677978516,0.12316666799896492,1,3.0517578125e-05,32768
12001,46.662768540903926,162061214801,7.482632479505857,1927643,7.353374481201172,0.1292579983046851,1,3.0517578125e-05,32768
12101,47.05467262491584,163603097373,7.493060225826529,1931625,7.368564605712891,0.12449562011363824,1,3.0517578125e-05,32768
12201,47.44519774988294,165129878483,7.505443318958325,1935355,7.382793426513672,0.1226498924446533,1,3.0517578125e-05,32768
12301,47.83340866607614,166635871920,7.511882805118375,1936120,7.385711669921875,0.12617113519649958,1,3.0517578125e-05,32768
12401,48.22632283298299,168141750512,7.520859385187485,1940665,7.403049468994141,0.11780991619334458,1,3.0517578125e-05,32768
12501,48.61709304107353,169638323622,7.532743139702253,1942903,7.411586761474609,0.12115637822764391,2,6.103515625e-05,32766
12601,48.99697974999435,171097747371,7.541899580513159,1946365,7.424793243408203,0.1171063371049561,1,3.0517578125e-05,32768
12701,49.38192904088646,172548296133,7.54614144080877,1947381,7.428668975830078,0.11747246497869224,1,3.0517578125e-05,32768
12801,49.7625204580836,173994245898,7.556204954165213,1949624,7.437225341796875,0.11897961236833776,2,6.103515625e-05,32767
12901,50.14105379092507,175432174814,7.563994669573992,1952309,7.447467803955078,0.11652686561891379,1,3.0517578125e-05,32768
13001,50.52117675007321,176867840162,7.57240326208758,1953075,7.450389862060547,0.12201340002703276,1,3.0517578125e-05,32768
13101,50.90012662508525,178294275172,7.578778430290672,1955729,7.460514068603516,0.1182643616871566,1,3.0517578125e-05,32768
13201,51.27997970790602,179706436194,7.585188424337088,1959049,7.473178863525391,0.1120095608116971,2,6.103515625e-05,32767
13301,51.65569791593589,181107879071,7.590927493115475,1960118,7.477256774902344,0.11367071821313157,2,6.103515625e-05,32766
13401,52.02972212503664,182502938764,7.59478574114048,1962002,7.484443664550781,0.11034207658969919,2,6.103515625e-05,32766
13501,52.40103766601533,183888255576,7.596210122634242,1963713,7.490970611572266,0.10523951106197593,2,6.103515625e-05,32766
13601,52.77132483292371,185252287380,7.600221119476419,1961406,7.482170104980469,0.11805101449595057,2,6.103515625e-05,32766
13701,53.14400358288549,186610715364,7.604324888967643,1961221,7.481464385986328,0.12286050298131457,1,3.0517578125e-05,32768
13801,53.516912874998525,187978876435,7.610313496117713,1966205,7.500476837158203,0.10983665895950967,2,6.103515625e-05,32767
13901,53.88479545805603,189349783383,7.612762028281684,1967418,7.505104064941406,0.10765796334027744,2,6.103515625e-05,32767
14001,54.27556945802644,190707841828,7.6151932012593395,1969403,7.512676239013672,0.10251696224566764,2,6.103515625e-05,32767
14101,54.64762912504375,192074288614,7.621139981821933,1970920,7.518463134765625,0.10267684705630842,1,3.0517578125e-05,32768
14201,55.01531483302824,193424328131,7.6247850803673725,1973678,7.528984069824219,0.09580101054315371,2,6.103515625e-05,32767
14301,55.38314662501216,194764008724,7.626830074994867,1976350,7.539176940917969,0.08765313407689845,1,3.0517578125e-05,32768
14401,55.758048332994804,196112108062,7.633250190722079,1978334,7.546745300292969,0.08650489042911058,1,3.0517578125e-05,32768
14501,56.12676795804873,197469513248,7.638628514314916,1979270,7.550315856933594,0.08831265738132199,2,6.103515625e-05,32767
14601,56.495233125053346,198826276974,7.640479785361254,1980740,7.5559234619140625,0.08455632344719177,1,3.0517578125e-05,32768
14701,56.86795658292249,200184543450,7.64410352369214,1981864,7.560211181640625,0.08389234205151475,1,3.0517578125e-05,32768
14801,57.237957207951695,201526492905,7.6465618449260315,1981691,7.559551239013672,0.08701060591235965,1,3.0517578125e-05,32768
14901,57.60599958291277,202864762994,7.646489627197088,1979919,7.552791595458984,0.09369803173810354,1,3.0517578125e-05,32768
15001,57.97458520787768,204206424251,7.651252746842329,1979310,7.550468444824219,0.10078430201811006,1,3.0517578125e-05,32768
15101,58.34493283298798,205544204942,7.651109003350341,1977319,7.542873382568359,0.1082356207819819,2,6.103515625e-05,32767
15201,58.719959625042975,206883683022,7.650580324417623,1975465,7.535800933837891,0.11477939057973252,1,3.0517578125e-05,32768
15301,59.09110741596669,208216561258,7.651153595271007,1976983,7.541591644287109,0.1095619509838972,1,3.0517578125e-05,32768
15401,59.463631874881685,209544481264,7.649429332083537,1976359,7.539211273193359,0.11021805889017777,2,6.103515625e-05,32767
15501,59.83379654097371,210863315209,7.6476884001797405,1975967,7.537715911865234,0.10997248831450612,1,3.0517578125e-05,32768
15601,60.202339415904135,212181446316,7.6493424574003965,1976949,7.541461944580078,0.10788051282031841,1,3.0517578125e-05,32768
15701,60.576331707881764,213496749914,7.652751653984182,1979257,7.550266265869141,0.10248538811504115,2,6.103515625e-05,32767
15801,60.94197483290918,214813918069,7.651462788569072,1980298,7.554237365722656,0.09722542284641555,1,3.0517578125e-05,32768
15901,61.31089424993843,216134934543,7.651199652136703,1979458,7.551033020019531,0.1001666321171717,2,6.103515625e-05,32767
16001,61.682369832880795,217459755796,7.65089208713931,1980379,7.554546356201172,0.09634573093813792,1,3.0517578125e-05,32768
16101,62.04785262490623,218775210378,7.6519659937632225,1981616,7.55926513671875,0.0927008570444725,1,3.0517578125e-05,32768
16201,62.41756808292121,220101984225,7.6480017427897105,1982339,7.562023162841797,0.08597857994791358,1,3.0517578125e-05,32768
16301,62.79122654092498,221428083815,7.6487485015375025,1983617,7.566898345947266,0.0818501555902369,1,3.0517578125e-05,32768
16401,63.163267582887784,222742471429,7.651175084248328,1983660,7.5670623779296875,0.0841127063186402,1,3.0517578125e-05,32768
16501,63.53286291589029,224054811910,7.652021105905681,1985222,7.573020935058594,0.07900017084708733,1,3.0517578125e-05,32768
16601,63.91168166603893,225363601278,7.653143191126331,1985663,7.574703216552734,0.07843997457359642,1,3.0517578125e-05,32768
16701,64.27749333297834,226659212287,7.6507790359725,1983423,7.566158294677734,0.08462074129476527,1,3.0517578125e-05,32768
16801,64.64593233307824,227955461946,7.649678819311996,1981396,7.5584259033203125,0.09125291599168328,2,6.103515625e-05,32766
16901,65.01425587502308,229262300312,7.649458710123756,1981865,7.560214996337891,0.08924371378586571,1,3.0517578125e-05,32768
17001,65.40337783307768,230559586547,7.6532791551866355,1983500,7.5664520263671875,0.08682712881944799,2,6.103515625e-05,32766
17101,65.7705047079362,231857293073,7.652552707992695,1983818,7.567665100097656,0.08488760789503846,1,3.0517578125e-05,32768
17201,66.14144399994984,233171944209,7.6547001123740115,1986049,7.576175689697266,0.07852442267674586,1,3.0517578125e-05,32768
17301,66.51930112508126,234499989278,7.656584802901669,1987479,7.581630706787109,0.07495409611455983,1,3.0517578125e-05,32768
17401,66.89083995809779,235845948588,7.658060576314533,1987668,7.5823516845703125,0.07570889174422035,1,3.0517578125e-05,32768
17501,67.27379012503661,237199874595,7.657500185840502,1987010,7.579841613769531,0.0776585720709706,1,3.0517578125e-05,32768
17601,67.65128287510015,238556817972,7.654908417193443,1985921,7.575687408447266,0.07922100874617755,1,3.0517578125e-05,32768
17701,68.02739229099825,239910913559,7.653923279014446,1986664,7.578521728515625,0.07540155049882102,1,3.0517578125e-05,32768
17801,68.4065839999821,241280778602,7.651810273208714,1986226,7.576850891113281,0.0749593820954324,1,3.0517578125e-05,32768
17901,68.78544025006704,242660259650,7.655377023128292,1985173,7.572834014892578,0.0825430082357137,1,3.0517578125e-05,32768
18001,69.16421966603957,244032620130,7.655702794099335,1985131,7.572673797607422,0.08302899649191353,1,3.0517578125e-05,32768
18101,69.53816116601229,245376367516,7.653753878208732,1984953,7.571994781494141,0.0817590967145918,2,6.103515625e-05,32767
18201,69.9131391660776,246711506728,7.650761175744109,1982942,7.564323425292969,0.08643775045114044,1,3.0517578125e-05,32768
18301,70.29893666598946,248044473556,7.648014240043075,1982692,7.5633697509765625,0.08464448906651256,2,6.103515625e-05,32766
18401,70.67487025004812,249382616742,7.64065783970913,1981884,7.5602874755859375,0.08037036412319232,2,6.103515625e-05,32767
18501,71.0482668329496,250722652949,7.6444013624150635,1983098,7.564918518066406,0.07948284434865727,1,3.0517578125e-05,32768
18601,71.42187583306804,252068451051,7.643643732128274,1981702,7.559593200683594,0.08405053144468067,1,3.0517578125e-05,32768
18701,71.7958123749122,253396293580,7.644899967322065,1981239,7.557826995849609,0.08707297147245541,1,3.0517578125e-05,32768
18801,72.16390345804393,254711452373,7.643079298107361,1981656,7.559417724609375,0.0836615734979862,1,3.0517578125e-05,32768
18901,72.53662633290514,256027656799,7.642694956022235,1980575,7.555294036865234,0.08740091915700088,2,6.103515625e-05,32767
19001,72.906740040984,257347119619,7.643082353577796,1980165,7.553730010986328,0.08935234259146796,1,3.0517578125e-05,32768
19101,73.2728063329123,258660672143,7.643920617893759,1979550,7.551383972167969,0.09253664572579012,2,6.103515625e-05,32767
19201,73.65064887492917,259980591955,7.638315103632877,1979385,7.550754547119141,0.08756055651373629,1,3.0517578125e-05,32768
19301,74.0249976660125,261298323824,7.636194481749172,1979516,7.5512542724609375,0.08494020928823431,1,3.0517578125e-05,32768
19401,74.41598887508735,262617624965,7.636984984916789,1979068,7.5495452880859375,0.08743969683085151,1,3.0517578125e-05,32768
19501,74.78860854101367,263929812679,7.63799090073602,1980575,7.555294036865234,0.0826968638707859,1,3.0517578125e-05,32768
19601,75.15553291607648,265223609448,7.634810124041009,1979828,7.5524444580078125,0.08236566603319684,1,3.0517578125e-05,32768
19701,75.5241763330996,266519088765,7.6301579729979805,1978601,7.547763824462891,0.08239414853508986,1,3.0517578125e-05,32768
19801,75.89262570790015,267820747674,7.628895641998401,1977050,7.541847229003906,0.08704841299449484,1,3.0517578125e-05,32768
19901,76.26204199995846,269111031512,7.629770835330142,1977296,7.54278564453125,0.08698519079889167,1,3.0517578125e-05,32768
20001,76.63636879087426,270397521272,7.629117061406319,1977653,7.544147491455078,0.08496956995124094,1,3.0517578125e-05,32768
20101,77.00288866600022,271679987680,7.628026022459263,1978359,7.546840667724609,0.08118535473465371,1,3.0517578125e-05,32768
20201,77.36851416598074,272955094000,7.627899457444284,1978825,7.548618316650391,0.07928114079389381,2,6.103515625e-05,32766
20301,77.7348671250511,274220769537,7.630008147039792,1979795,7.552318572998047,0.07768957404174515,1,3.0517578125e-05,32768
20401,78.09715962503105,275475195568,7.632938609829291,1979902,7.552726745605469,0.08021186422382254,2,6.103515625e-05,32767
20501,78.46019125008024,276728690846,7.635014661976972,1978881,7.548831939697266,0.08618272227970625,1,3.0517578125e-05,32768
20601,78.82844224991277,277994258832,7.632924881848279,1978954,7.549110412597656,0.08381446925062264,1,3.0517578125e-05,32768
20701,79.19244070793502,279256759779,7.630935059091346,1976946,7.541450500488281,0.08948455860306481,1,3.0517578125e-05,32768
20801,79.55421816604212,280510740828,7.628111373337881,1976966,7.541526794433594,0.08658457890428739,1,3.0517578125e-05,32768
20901,79.92210904089734,281761285545,7.62611783459511,1975698,7.536689758300781,0.08942807629432892,2,6.103515625e-05,32767
21001,80.28363329102285,283010599315,7.623961566646319,1974835,7.533397674560547,0.09056389208577187,1,3.0517578125e-05,32768
21101,80.6533703750465,284253868851,7.623071743808083,1974872,7.533538818359375,0.08953292544870806,1,3.0517578125e-05,32768
21201,81.01388533296995,285501521585,7.619882334907916,1972668,7.5251312255859375,0.09475110932197861,1,3.0517578125e-05,32768
21301,81.37767104106024,286758493088,7.620993240884136,1972471,7.524379730224609,0.09661351065952672,1,3.0517578125e-05,32768
21401,81.74312654091045,288012612436,7.6145791580774205,1969912,7.514617919921875,0.09996123815554547,1,3.0517578125e-05,32768
21501,82.10364566603675,289264463921,7.613015310637439,1969890,7.514533996582031,0.09848131405540794,2,6.103515625e-05,32767
21601,82.4637852080632,290503546917,7.609141755650472,1970412,7.5165252685546875,0.09261648709578463,1,3.0517578125e-05,32768
21701,82.82837708294392,291743977444,7.6054667065373724,1970434,7.516609191894531,0.0888575146428412,1,3.0517578125e-05,32768
21801,83.19558349996805,292970589762,7.603426991692427,1970352,7.51629638671875,0.08713060497367664,1,3.0517578125e-05,32768
21901,83.55873666587286,294191133767,7.599672981721587,1970294,7.516075134277344,0.08359784744424292,1,3.0517578125e-05,32768
22001,83.9209032910876,295416764697,7.600038319690885,1970161,7.515567779541016,0.08447054014986932,3,9.1552734375e-05,32766
22101,84.30333724990487,296639907433,7.597415764266262,1969845,7.514362335205078,0.08305342906118351,1,3.0517578125e-05,32768
22201,84.6642482499592,297857690043,7.597318899835083,1968477,7.509143829345703,0.08817507048938023,1,3.0517578125e-05,32768
22301,85.02285545808263,299077891319,7.599859323226827,1967551,7.505611419677734,0.09424790354909263,1,3.0517578125e-05,32768
22401,85.38238575006835,300301187010,7.592254604651889,1966257,7.500675201416016,0.09157940323587344,1,3.0517578125e-05,32768
22501,85.74051645793952,301518511126,7.589153561842272,1965858,7.499153137207031,0.0900004246352406,1,3.0517578125e-05,32768
22601,86.09634308307432,302728932611,7.587842201745145,1963882,7.491615295410156,0.09622690633498898,1,3.0517578125e-05,32768
22701,86.45929750008509,303930618304,7.585425154014963,1963324,7.4894866943359375,0.09593845967902581,1,3.0517578125e-05,32768
22801,86.81332549988292,305119907925,7.586799452521445,1963708,7.4909515380859375,0.09584791443550778,1,3.0517578125e-05,32768
22901,87.16780566587113,306323738225,7.590262609509187,1963523,7.490245819091797,0.10001679041739031,1,3.0517578125e-05,32768
23001,87.52774858288467,307552365824,7.590367036440998,1963363,7.489635467529297,0.10073156891170143,1,3.0517578125e-05,32768
23101,87.884387207916,308786771823,7.589268100377579,1962536,7.486480712890625,0.10278738748695382,1,3.0517578125e-05,32768
23201,88.24694891599938,310015633677,7.588954039418803,1962694,7.487083435058594,0.1018706043602089,1,3.0517578125e-05,32768
23301,88.60767554095946,311239511926,7.585040692210345,1961271,7.481655120849609,0.1033855713607359,1,3.0517578125e-05,32768
23401,88.96483354107477,312457419220,7.585717507894908,1961033,7.480747222900391,0.10497028499451755,1,3.0517578125e-05,32768
23501,89.32200558297336,313679577085,7.5770232409187495,1959236,7.4738922119140625,0.10313102900468696,1,3.0517578125e-05,32768
23601,89.68599616596475,314914438511,7.5719867187282635,1957218,7.466194152832031,0.1057925658962322,1,3.0517578125e-05,32768
23701,90.04652791609988,316145567881,7.566680618427142,1956220,7.4623870849609375,0.10429353346620474,1,3.0517578125e-05,32768
23801,90.4055569160264,317356838004,7.560953639211429,1954608,7.45623779296875,0.10471584624267916,1,3.0517578125e-05,32768
23901,90.76393199991435,318556066159,7.557346755571655,1952774,7.449241638183594,0.10810511738806117,3,9.1552734375e-05,32765
24001,91.11824591597542,319751436142,7.5547770239416,1952636,7.4487152099609375,0.10606181398066283,2,6.103515625e-05,32767
24101,91.47498520789668,320946311236,7.55379595769133,1952526,7.448295593261719,0.10550036442961108,1,3.0517578125e-05,32768
24201,91.82889712508768,322135392075,7.552185351266987,1953176,7.450775146484375,0.10141020478261176,1,3.0517578125e-05,32768
24301,92.18258970789611,323315610172,7.554814400153082,1955867,7.461040496826172,0.09377390332690982,1,3.0517578125e-05,32768
24401,92.53546329098754,324483243694,7.553880183740016,1955841,7.460941314697266,0.09293886904274995,1,3.0517578125e-05,32768
24501,92.89777312497608,325659615743,7.556153206650839,1956524,7.4635467529296875,0.09260645372115128,1,3.0517578125e-05,32768
24601,93.25154216587543,326832187247,7.555968012664336,1955983,7.461483001708984,0.09448501095535189,1,3.0517578125e-05,32768
24701,93.60506974998862,328003577101,7.5502677000663825,1952577,7.448490142822266,0.10177755724411686,1,3.0517578125e-05,32768
24801,93.96075029089116,329173724327,7.549931661274629,1953541,7.452167510986328,0.09776415028830066,1,3.0517578125e-05,32768
24901,94.30968504096381,330338696819,7.5490313683993415,1953173,7.450763702392578,0.0982676660067634,1,3.0517578125e-05,32768
25001,94.66050687502138,331491756206,7.5518443763165894,1951040,7.442626953125,0.10921742319158945,1,3.0517578125e-05,32768
25101,95.00781824998558,332638930386,7.5460291112689415,1951360,7.44384765625,0.10218145501894149,1,3.0517578125e-05,32768
25201,95.37330245808698,333779839303,7.543351182258354,1948350,7.432365417480469,0.11098576477788491,1,3.0517578125e-05,32768
25301,95.71990158292465,334902105502,7.539605192822368,1946964,7.4270782470703125,0.11252694575205524,1,3.0517578125e-05,32768
25401,96.07874012505636,336026027881,7.53777385032614,1947241,7.428134918212891,0.10963893211324915,1,3.0517578125e-05,32768
25501,96.43224220792763,337152884041,7.534152829778021,1945046,7.419761657714844,0.1143911720631774,1,3.0517578125e-05,32768
25601,96.7822887499351,338287962162,7.527952924916333,1942161,7.408756256103516,0.11919666881281721,1,3.0517578125e-05,32768
25701,97.12934991600923,339416842254,7.525402203204891,1942315,7.409343719482422,0.11605848372246896,1,3.0517578125e-05,32768
25801,97.47650962509215,340551436088,7.522493374963174,1942550,7.410240173339844,0.11225320162333041,1,3.0517578125e-05,32768
25901,97.82643008301966,341693853167,7.5163026165768745,1941542,7.406394958496094,0.10990765808078073,1,3.0517578125e-05,32768
26001,98.1754990410991,342837939152,7.518862783157475,1942186,7.408851623535156,0.110011159622319,2,6.103515625e-05,32767
26101,98.52285308297724,343978016994,7.521322314449731,1943761,7.414859771728516,0.10646254272121514,1,3.0517578125e-05,32768
26201,98.87326879100874,345111489048,7.526117959467209,1944136,7.416290283203125,0.10982767626408396,1,3.0517578125e-05,32768
26301,99.22351908287965,346231765600,7.530604546021301,1943430,7.413597106933594,0.11700743908770761,1,3.0517578125e-05,32768
26401,99.56943095801398,347348867239,7.531880208322139,1942019,7.408214569091797,0.12366563923034235,1,3.0517578125e-05,32768
26501,99.9158260000404,348467101604,7.531729877399651,1941446,7.406028747558594,0.1257011298410573,1,3.0517578125e-05,32768
26601,100.26084145787172,349580125779,7.526305943311311,1940150,7.401084899902344,0.1252210434089669,2,6.103515625e-05,32767
26701,100.6063234580215,350701544704,7.523297323098313,1940470,7.402305603027344,0.12099172007096914,1,3.0517578125e-05,32768
26801,100.95108483289368,351821364321,7.523363978973055,1940585,7.402744293212891,0.12061968576016469,1,3.0517578125e-05,32768
26901,101.29611762496643,352938068207,7.520887012695856,1941377,7.405765533447266,0.1151214792485904,1,3.0517578125e-05,32768
27001,101.64236808288842,354052813497,7.522512347233451,1942510,7.410087585449219,0.112424761784232,2,6.103515625e-05,32767
27101,101.98881249991246,355165961369,7.519142086816221,1940484,7.4023590087890625,0.11678307802715882,1,3.0517578125e-05,32768
27201,102.33952391589992,356271916555,7.51708647171179,1942205,7.408924102783203,0.10816236892858644,1,3.0517578125e-05,32768
27301,102.6921948750969,357360604541,7.517771755941547,1941402,7.405860900878906,0.11191085506264109,1,3.0517578125e-05,32768
27401,103.03137325006537,358438126597,7.518544316084295,1943001,7.411960601806641,0.10658371427765445,2,6.103515625e-05,32767
27501,103.37040075007826,359506120623,7.521332786738432,1943917,7.415454864501953,0.10587792223647874,2,6.103515625e-05,32767
27601,103.70575474994257,360566872956,7.523520239110502,1944507,7.417705535888672,0.10581470322182973,1,3.0517578125e-05,32768
27701,104.04273820808157,361635903766,7.522649629500746,1944065,7.416019439697266,0.10663018980348049,1,3.0517578125e-05,32768
27801,104.40724820806645,362703908068,7.526894623930033,1945533,7.421619415283203,0.10527520864683027,1,3.0517578125e-05,32768
27901,104.7464495410677,363771864857,7.524787988328422,1946855,7.426662445068359,0.09812554326006229,1,3.0517578125e-05,32768
28001,105.08374362508766,364840749327,7.522742876774594,1943827,7.415111541748047,0.10763133502654743,1,3.0517578125e-05,32768
28101,105.41961708292365,365895523515,7.524880689098961,1945152,7.420166015625,0.10471467347396057,1,3.0517578125e-05,32768
28201,105.76546870800667,366957937473,7.518203006617261,1943658,7.414466857910156,0.1037361487071049,1,3.0517578125e-05,32768
28301,106.1033545830287,368019975589,7.512824536756224,1941505,7.406253814697266,0.10657072205895801,1,3.0517578125e-05,32768
28401,106.4438530409243,369078996441,7.510132765412804,1940868,7.4038238525390625,0.10630891287374133,1,3.0517578125e-05,32768
28501,106.78029479109682,370138968957,7.511182032791217,1940057,7.400730133056641,0.11045189973457603,1,3.0517578125e-05,32768
28601,107.11438750009984,371193641489,7.51247791024927,1940706,7.403205871582031,0.109272038667239,2,6.103515625e-05,32766
28701,107.44848487502895,372253983739,7.514344700694494,1941111,7.404750823974609,0.10959387671988452,1,3.0517578125e-05,32768
28801,107.78230995801277,373313833234,7.517141986331401,1940917,7.404010772705078,0.11313121362632295,1,3.0517578125e-05,32768
28901,108.11379366600886,374364777530,7.52149216471674,1942044,7.4083099365234375,0.11318222819330259,1,3.0517578125e-05,32768
29001,108.44666725001298,375407940151,7.5200445646546985,1941470,7.406120300292969,0.11392426436172975,1,3.0517578125e-05,32768
29101,108.7814106659498,376447904165,7.523007984076859,1941398,7.405845642089844,0.11716234198701514,1,3.0517578125e-05,32768
29201,109.12356529105455,377488528959,7.524345208025556,1940960,7.4041748046875,0.12017040333805618,1,3.0517578125e-05,32768
29301,109.45438804104924,378524768815,7.524042010264241,1936910,7.388725280761719,0.13531672950252194,2,6.103515625e-05,32767
29401,109.78762587509118,379565571010,7.522356678364697,1937516,7.3910369873046875,0.13131969106000962,1,3.0517578125e-05,32768
29501,110.11818883288652,380609942422,7.524292549108547,1937879,7.392421722412109,0.13187082669643768,1,3.0517578125e-05,32768
29601,110.44927574996836,381656767405,7.5254860070480625,1936878,7.388603210449219,0.13688279659884373,1,3.0517578125e-05,32768
29701,110.78172270790674,382710112015,7.52931183329688,1937600,7.391357421875,0.13795441142188025,1,3.0517578125e-05,32768
29801,111.11454191594385,383751425527,7.532095047378809,1938502,7.394798278808594,0.13729676857021555,1,3.0517578125e-05,32768
29901,111.44323100009933,384790899372,7.534099877702751,1936745,7.388095855712891,0.14600402198986018,1,3.0517578125e-05,32768
30001,111.77681941608898,385831299735,7.540084657916789,1938201,7.393650054931641,0.1464346029851482,2,6.103515625e-05,32767
30101,112.10851054103114,386870549418,7.541870398170692,1938792,7.395904541015625,0.14596585715506727,4,0.0001220703125,32764
30201,112.43892624997534,387911172000,7.539781441488435,1937533,7.391101837158203,0.14867960433023164,2,6.103515625e-05,32767
30301,112.77024674997665,388944956522,7.5391400488497915,1936463,7.387020111083984,0.15211993776580712,1,3.0517578125e-05,32768
30401,113.09762766608037,389974664819,7.540129023136543,1936963,7.388927459716797,0.1512015634197459,2,6.103515625e-05,32766
30501,113.43200616608374,391005941355,7.541299080207973,1939489,7.398563385009766,0.1427356951982075,1,3.0517578125e-05,32768
30601,113.76242008293048,392034413111,7.537793591025538,1939406,7.398246765136719,0.13954682588881884,1,3.0517578125e-05,32768
30701,114.0991501249373,393069159675,7.535326888144544,1940763,7.403423309326172,0.13190357881837222,1,3.0517578125e-05,32768
30801,114.43945887498558,394107346052,7.531359900924331,1941197,7.405078887939453,0.1262810129848777,1,3.0517578125e-05,32768
30901,114.76928395801224,395131890423,7.534474185634138,1943540,7.4140167236328125,0.12045746200132523,1,3.0517578125e-05,32768
31001,115.09739108290523,396158540706,7.5344338156471995,1943776,7.4149169921875,0.1195168234596995,1,3.0517578125e-05,32768
31101,115.4308836250566,397189236743,7.533399786237852,1942684,7.4107513427734375,0.12264844346441439,1,3.0517578125e-05,32768
31201,115.76308962493204,398238423892,7.529578176991157,1941404,7.4058685302734375,0.12370964671771922,1,3.0517578125e-05,32768
31301,116.09712254093029,399293556632,7.527598125295316,1939306,7.397865295410156,0.12973282988515944,1,3.0517578125e-05,32768
31401,116.43386083305813,400347129019,7.528867546677316,1939947,7.400310516357422,0.12855703031989396,1,3.0517578125e-05,32768
31501,116.76587183307856,401392765458,7.53127040232008,1940982,7.404258728027344,0.12701167429273585,1,3.0517578125e-05,32768
31601,117.09941604104824,402432772383,7.525375517913481,1941156,7.4049224853515625,0.12045303256191886,1,3.0517578125e-05,32768
31701,117.43416920793243,403479963259,7.530533459142111,1942890,7.411537170410156,0.11899628873195489,2,6.103515625e-05,32767
31801,117.76794541603886,404536881145,7.527952047892258,1940296,7.401641845703125,0.12631020218913314,1,3.0517578125e-05,32768
31901,118.10166849987581,405594056409,7.529493644584103,1940064,7.4007568359375,0.12873680864660297,1,3.0517578125e-05,32768
32001,118.43928591604345,406655247101,7.529366472523603,1937132,7.3895721435546875,0.13979432896891542,1,3.0517578125e-05,32768
32101,118.7792937909253,407720550700,7.5312290906624595,1936096,7.3856201171875,0.1456089734749595,1,3.0517578125e-05,32768
32201,119.11570737487637,408790106695,7.529803403620155,1937557,7.391193389892578,0.1386100137275772,1,3.0517578125e-05,32768
32301,119.45319166593254,409859982185,7.52744965179073,1936059,7.385478973388672,0.1419706784020578,1,3.0517578125e-05,32768
32401,119.78769674990326,410927743345,7.523436594571253,1935528,7.383453369140625,0.1399832254306279,1,3.0517578125e-05,32768
32501,120.1193010408897,411976363869,7.517857227582668,1933746,7.376655578613281,0.14120164896938636,2,6.103515625e-05,32767
32601,120.45220295805484,413009700685,7.518401751167301,1932797,7.373035430908203,0.14536632025909757,1,3.0517578125e-05,32768
32701,120.78776645800099,414038312759,7.517450924794872,1933159,7.374416351318359,0.1430345734765126,1,3.0517578125e-05,32768
32801,121.11516612488776,415056944665,7.5148356592840315,1933482,7.375648498535156,0.13918716074887527,1,3.0517578125e-05,32768
32901,121.44592854101211,416068759385,7.511572162039534,1933456,7.37554931640625,0.13602284563328393,2,6.103515625e-05,32767
33001,121.77904241601937,417081659345,7.5139516674181435,1933296,7.37493896484375,0.13901270257439347,1,3.0517578125e-05,32768
33101,122.1045618748758,418098338042,7.513584850984918,1933925,7.377338409423828,0.13624644156108978,1,3.0517578125e-05,32768
33201,122.4338472080417,419124207824,7.51277941252704,1932579,7.372203826904297,0.1405755856227433,1,3.0517578125e-05,32768
33301,122.76309766597115,420149096814,7.507237909723415,1932523,7.371990203857422,0.13524770586599288,2,6.103515625e-05,32767
33401,123.09349058289081,421180884915,7.506036868791469,1931042,7.366340637207031,0.13969623158443767,1,3.0517578125e-05,32768
33501,123.4266405410599,422218219299,7.506901447845863,1931120,7.36663818359375,0.14026326425211266,1,3.0517578125e-05,32768
33601,123.7616888328921,423269772647,7.512365641578228,1932229,7.370868682861328,0.1414969587168997,1,3.0517578125e-05,32768
33701,124.0932472909335,424321157814,7.512831645587853,1934735,7.380428314208984,0.1324033313788684,1,3.0517578125e-05,32768
33801,124.42914062505588,425379637907,7.51448739526324,1936252,7.3862152099609375,0.12827218530230233,1,3.0517578125e-05,32768
33901,124.76461641606875,426443564429,7.5137396282397075,1936329,7.386508941650391,0.1272306865893169,1,3.0517578125e-05,32768
34001,125.1089837080799,427506716808,7.509701896899818,1935427,7.383068084716797,0.12663381218302128,1,3.0517578125e-05,32768
34101,125.44999762508087,428569536803,7.50652242675753,1933053,7.374011993408203,0.132510433349327,1,3.0517578125e-05,32768
34201,125.78701708302833,429635723974,7.5025800260392455,1933592,7.376068115234375,0.12651191080487045,1,3.0517578125e-05,32768
34301,126.11842633294873,430684423708,7.503240552476136,1933059,7.374034881591797,0.12920567088433899,1,3.0517578125e-05,32768
34401,126.45088320807554,431719839280,7.5043024171660555,1933687,7.376430511474609,0.12787190569144613,1,3.0517578125e-05,32768
34501,126.78394158300944,432755585297,7.505827093248143,1931750,7.369041442871094,0.13678565037704882,2,6.103515625e-05,32767
34601,127.11582849989645,433788893419,7.505629345560847,1928713,7.357456207275391,0.14817313828545675,5,0.000152587890625,32764
34701,127.44898933288641,434829274616,7.506042804185006,1926322,7.348335266113281,0.15770753807172433,1,3.0517578125e-05,32768
34801,127.78682783292606,435881183592,7.509242305132689,1926626,7.349494934082031,0.15974737105065806,1,3.0517578125e-05,32768
34901,128.1236219580751,436950714238,7.517564003750203,1930060,7.3625946044921875,0.15496939925801545,1,3.0517578125e-05,32768
35001,128.46211583307013,438032399964,7.521079812559127,1932791,7.373012542724609,0.14806726983451757,1,3.0517578125e-05,32768
35101,128.8103993749246,439109965517,7.52378328109666,1932617,7.372348785400391,0.151434495696269,2,6.103515625e-05,32767
35201,129.1451661658939,440176015773,7.525078207747434,1933507,7.375743865966797,0.1493343417806372,3,9.1552734375e-05,32766
35301,129.4806422078982,441239535665,7.524356387936333,1934590,7.379875183105469,0.14448120483086413,1,3.0517578125e-05,32768
35401,129.81827587494627,442312732369,7.521585776270508,1934493,7.379505157470703,0.14208061879980516,1,3.0517578125e-05,32768
35501,130.15660883300006,443380879648,7.514215020003335,1934056,7.377838134765625,0.13637688523771008,1,3.0517578125e-05,32768
35601,130.4952915830072,444455465026,7.5108274559789,1934216,7.378448486328125,0.1323789696507749,1,3.0517578125e-05,32768
35701,130.83971058297902,445553675305,7.510081297137779,1931447,7.367885589599609,0.14219570753816946,4,0.0001220703125,32765
35801,131.18278337502852,446653837327,7.511208809494869,1931441,7.367862701416016,0.14334610807885362,1,3.0517578125e-05,32768
35901,131.52545087505132,447747381573,7.508577134900538,1930830,7.365531921386719,0.14304521351381894,1,3.0517578125e-05,32768
36001,131.86553804087453,448837091320,7.509498096117672,1931689,7.368808746337891,0.1406893497797812,1,3.0517578125e-05,32768
36101,132.20777366589755,449922302285,7.508251282869132,1932966,7.373680114746094,0.13457116812303838,1,3.0517578125e-05,32768
36201,132.55101895797998,451010163557,7.510373079423148,1934358,7.378990173339844,0.13138290608330383,1,3.0517578125e-05,32768
36301,132.88902912498452,452087605763,7.5058026888960505,1934024,7.377716064453125,0.1280866244429255,2,6.103515625e-05,32767
36401,133.22781737498008,453170047535,7.503856246702021,1933590,7.376060485839844,0.1277957608621776,1,3.0517578125e-05,32768
36501,133.56847716588527,454256986063,7.505195174698687,1934450,7.379341125488281,0.12585404921040588,1,3.0517578125e-05,32768
36601,133.91239833296277,455350697054,7.50176652496864,1933547,7.375896453857422,0.12587007111121817,1,3.0517578125e-05,32768
36701,134.2857860000804,456458968597,7.503542697812535,1934655,7.380123138427734,0.12341955938480087,1,3.0517578125e-05,32768
36801,134.63270262489095,457563272031,7.501465036519949,1934935,7.381191253662109,0.12027378285783996,1,3.0517578125e-05,32768
36901,134.97776212496683,458660020763,7.502969847813881,1936536,7.387298583984375,0.11567126382950565,1,3.0517578125e-05,32768
37001,135.32286795787513,459765996227,7.502253504371982,1934146,7.378181457519531,0.12407204685245077,1,3.0517578125e-05,32768
37101,135.66625708295032,460877189657,7.502082569974509,1934294,7.378746032714844,0.12333653725966531,1,3.0517578125e-05,32768
37201,136.0082749160938,461984875961,7.5022587504867335,1934787,7.380626678466797,0.12163207201993664,2,6.103515625e-05,32767
37301,136.3541913330555,463089182671,7.502123547478444,1935465,7.383213043212891,0.11891050426555339,1,3.0517578125e-05,32768
37401,136.69726366596296,464172301072,7.498140206975776,1934852,7.3808746337890625,0.11726557318671382,1,3.0517578125e-05,32768
37501,137.04178233304992,465251083356,7.50380491794539,1936452,7.3869781494140625,0.11682676853132712,1,3.0517578125e-05,32768
37601,137.3845859998837,466327943368,7.5026658080212885,1937441,7.390750885009766,0.11191492301152284,1,3.0517578125e-05,32768
37701,137.7249303329736,467400617738,7.510603366097019,1939381,7.398151397705078,0.11245196839194094,1,3.0517578125e-05,32768
37801,138.0595490830019,468472849862,7.513540639234131,1941503,7.406246185302734,0.10729445393139692,1,3.0517578125e-05,32768
37901,138.39956408296712,469547660700,7.516467003323007,1940490,7.402381896972656,0.11408510635035096,2,6.103515625e-05,32767
38001,138.73974733287469,470627123461,7.516267312112687,1939998,7.400505065917969,0.11576224619471809,1,3.0517578125e-05,32768
38101,139.0886222498957,471768038284,7.4565429199605,1847276,7.0467987060546875,0.40974421390581206,28,0.0008544921875,32513
38201,139.50122633296996,473318620816,6.030614939282826,971592,3.706329345703125,2.3242855935797007,78,0.00238037109375,30286
38301,140.10857808287255,476000310493,5.021375440962375,598977,2.2849159240722656,2.7364595168901094,92,0.0028076171875,27079
38401,140.8794912910089,479588965868,5.08012910382231,579560,2.210845947265625,2.869283156556685,81,0.002471923828125,25777
38501,141.6913097910583,483419662560,5.226124153790683,582447,2.2218589782714844,3.0042651755191985,84,0.0025634765625,25548
38601,142.5420628329739,487434382776,5.3475433724692,592730,2.2610855102539062,3.086457862215294,88,0.002685546875,26140
38701,143.31175166601315,490956738506,5.427486852141813,615627,2.348430633544922,3.0790562185968913,99,0.003021240234375,27037
38801,144.00516150007024,494038026072,5.53095985420673,640984,2.445159912109375,3.0857999420973554,77,0.002349853515625,27518
38901,144.72385658300482,497216530934,5.593294108248377,642502,2.4509506225585938,3.142343485689783,74,0.00225830078125,27681
39001,145.37421433301643,500042088537,5.6296425993130175,679813,2.593280792236328,3.0363618070766893,58,0.00177001953125,28415
39101,145.95634116604924,502486011265,5.6485927540190435,644524,2.4586639404296875,3.189928813589356,93,0.002838134765625,28475
39201,146.51279312488623,504764113276,5.6794952705292125,671030,2.5597763061523438,3.119718964376869,73,0.002227783203125,29454
39301,147.04184816591442,506897000431,5.758500139327705,660698,2.5203628540039062,3.2381372853237984,64,0.001953125,29020
39401,147.59147562505677,509117208043,5.847246505197797,660295,2.5188255310058594,3.3284209741919373,104,0.003173828125,29024
39501,148.09381891600788,511093293234,5.907826336746391,695757,2.654102325439453,3.2537240113069377,49,0.001495361328125,29713
39601,148.55951620801352,512846349032,5.981674971097874,708666,2.7033462524414062,3.278328718656468,58,0.00177001953125,30159
39701,148.98370191594586,514384413538,5.9894446380092665,742762,2.8334121704101562,3.1560324675991103,78,0.00238037109375,30718
39801,149.40237487503327,515883443740,5.995420688136976,724328,2.763092041015625,3.232328647121351,54,0.00164794921875,30479
39901,149.8194464999251,517369200445,5.9663432329435215,702264,2.678924560546875,3.2874186723966465,70,0.00213623046875,30415
40001,150.2180721659679,518730309210,6.044246278624945,732290,2.7934646606445312,3.2507816179804134,60,0.0018310546875,31082
40101,150.5818578749895,519894916031,6.05391744921891,751104,2.865234375,3.1886830742189103,42,0.00128173828125,31387
40201,150.9238127078861,520929147684,6.074224921969417,758186,2.8922500610351562,3.181974860934261,28,0.0008544921875,31728
40301,151.2343111250084,521796881752,6.09608828277134,779309,2.972827911376953,3.1232603713943865,35,0.001068115234375,31801
40401,151.55536312493496,522732216977,6.083482233855215,734068,2.8002471923828125,3.2832350414724027,69,0.002105712890625,30935
40501,151.9488395000808,524123245219,6.000317882032178,652595,2.489452362060547,3.510865519971631,50,0.00152587890625,31047
40601,152.31335516599938,525320104102,6.073337359592892,685456,2.61480712890625,3.458530230686642,64,0.001953125,30963
40701,152.70814879098907,526675894487,6.153305158863856,650930,2.4831008911132812,3.6702042677505746,73,0.002227783203125,30494
40801,153.11876949993894,528129723342,6.126546155955902,643419,2.454448699951172,3.67209745600473,57,0.001739501953125,30981
40901,153.49173833290115,529333657919,6.114360371516131,636230,2.4270248413085938,3.6873355302075375,101,0.003082275390625,30842
41001,153.86269829096273,530502891659,6.072682424236566,605533,2.309925079345703,3.762757344890863,56,0.001708984375,31188
41101,154.23481308296323,531633418331,6.116232900855206,589080,2.247161865234375,3.8690710356208307,48,0.00146484375,31339
41201,154.59665625006892,532662355630,6.11883080808024,596545,2.2756385803222656,3.8431922277579744,36,0.0010986328125,31645
41301,154.93388579087332,533542510126,6.1257791901442324,603068,2.3005218505859375,3.825257339558295,44,0.0013427734375,31977
41401,155.2640765409451,534253328355,6.072646807016964,638180,2.4344635009765625,3.6381833060404016,46,0.00140380859375,32109
41501,155.56117733288556,534883358054,6.081628157749771,694361,2.6487770080566406,3.43285114969313,24,0.000732421875,32361
41601,155.83165987487882,535391669434,6.221037268337158,822603,3.137981414794922,3.083055853542236,23,0.000701904296875,32602
41701,156.10953758307733,535984636240,6.400787413182673,880281,3.3580055236816406,3.0427818895010326,59,0.001800537109375,32297
41801,156.413152749883,536789786037,6.334892752985169,796445,3.038196563720703,3.296696189264466,40,0.001220703125,31930
41901,156.75928674987517,537839462709,6.045452911540815,650733,2.482349395751953,3.563103515788862,67,0.002044677734375,31118
42001,157.11855941591784,538976379078,5.911317844407187,630799,2.4063072204589844,3.505010623948203,39,0.001190185546875,31621
42101,157.4697236660868,540037955723,5.905407405219984,643287,2.4539451599121094,3.4514622453078747,44,0.0013427734375,31409
42201,157.8135442500934,541091652730,5.986546300267164,665696,2.5394287109375,3.4471175893296637,81,0.002471923828125,31321
42301,158.14971754094586,542097811813,5.997878639973996,679612,2.5925140380859375,3.405364601888058,86,0.00262451171875,31387
42401,158.50243816594593,543222203820,5.988357850347448,655499,2.500530242919922,3.4878276074275263,47,0.001434326171875,31274
42501,158.86665966594592,544395020534,6.049976315728076,649592,2.477996826171875,3.5719794895562007,44,0.0013427734375,31359
42601,159.24591833306476,545636256911,6.088533435076606,606305,2.3128700256347656,3.77566340944184,95,0.002899169921875,30750
42701,159.64203683310188,546982908336,6.134840210273909,622703,2.3754234313964844,3.7594167788774246,57,0.001739501953125,31031
42801,160.02791633293964,548317877455,6.0885293776117155,597210,2.2781753540039062,3.8103540236078093,128,0.00390625,30870
42901,160.39481291593984,549467676576,6.094700668844718,627588,2.3940582275390625,3.7006424413056553,37,0.001129150390625,31354
43001,160.728891040897,550460951006,6.074787601010683,613834,2.3415908813476562,3.7331967196630265,48,0.00146484375,31550
43101,161.0776887498796,551474145303,6.068328963775912,583893,2.227375030517578,3.8409539332583336,36,0.0010986328125,31416
43201,161.4257556248922,552439692734,6.074802395230883,584228,2.2286529541015625,3.8461494411293202,44,0.0013427734375,31684
43301,161.77337033301592,553396816865,6.119951036546281,592553,2.2604103088378906,3.8595407277083904,57,0.001739501953125,31442
43401,162.1048139159102,554256991178,6.147861877069921,622511,2.3746910095214844,3.773170867548437,33,0.001007080078125,32049
43501,162.40645912499167,554917604370,6.231231876480862,705377,2.6907997131347656,3.5404321633460967,28,0.0008544921875,32295
43601,162.71234829095192,555670614649,6.266674653727084,711844,2.7154693603515625,3.5512052933755216,45,0.001373291015625,31734
43701,163.02338379109278,556523460244,6.237715006931776,693651,2.646068572998047,3.591646433933729,36,0.0010986328125,31753
43801,163.34719275007956,557476557617,6.215705747989395,693367,2.6449851989746094,3.5707205490147853,44,0.0013427734375,31742
43901,163.67499083303846,558463077059,6.231477527354191,669887,2.5554161071777344,3.676061420176457,62,0.00189208984375,31649
44001,164.00286337500438,559452965330,6.226900392045959,649138,2.4762649536132812,3.7506354384326777,46,0.00140380859375,31457
44101,164.35898937494494,560463267369,6.274412223566628,630987,2.407024383544922,3.8673878400217063,61,0.001861572265625,31456
44201,164.70235445792787,561518314479,6.314535580743174,609667,2.325695037841797,3.988840542901377,53,0.001617431640625,31552
44301,165.029507082887,562429317825,6.315184736692056,606481,2.3135414123535156,4.0016433243385405,76,0.0023193359375,31579
44401,165.36849854094908,563353816046,6.295512659057504,588522,2.2450332641601562,4.050479394897348,41,0.001251220703125,31651
44501,165.69269925006665,564173592936,6.297729114308436,624442,2.3820571899414062,3.9156719243670297,34,0.00103759765625,31951
44601,166.00590754090808,564958562316,6.335993978686058,635594,2.4245986938476562,3.9113952848384015,41,0.001251220703125,32041
44701,166.30339125008322,565646691599,6.366226935524053,683778,2.6084060668945312,3.757820868629522,39,0.001190185546875,32233
44801,166.5870707910508,566295623772,6.38700391962901,749686,2.8598251342773438,3.5271787853516665,41,0.001251220703125,32446
44901,166.86567337508313,566964283254,6.391653098660311,772288,2.946044921875,3.445608176785311,70,0.00213623046875,32180
45001,167.1640533329919,567741607725,6.250780098945745,734621,2.802356719970703,3.4484233789750416,34,0.00103759765625,32198
45101,167.4597653329838,568456801759,6.208318398395052,749510,2.8591537475585938,3.3491646508364585,38,0.00115966796875,32160
45201,167.76056020800024,569246187513,6.139527293963706,693486,2.6454391479492188,3.4940881460144873,62,0.00189208984375,31999
45301,168.0680263750255,570006012058,6.122691531942965,681094,2.5981674194335938,3.524524112509371,53,0.001617431640625,32055
45401,168.38349337503314,570821002439,6.103217940377398,637365,2.431354522705078,3.67186341767232,60,0.0018310546875,31622
45501,168.72631408297457,571799316776,6.048115947192063,573239,2.1867332458496094,3.8613827013424533,66,0.00201416015625,31489
45601,169.08346891589463,572836348936,6.031929819640789,549245,2.095203399658203,3.9367264199825858,65,0.001983642578125,31368
45701,169.4451913330704,573864489931,6.068174670298807,544975,2.0789146423339844,3.9892600279648223,75,0.002288818359375,31130
45801,169.80822108290158,574885112664,6.156940379741483,571145,2.1787452697753906,3.9781951099660926,34,0.00103759765625,31594
45901,170.14238079101779,575763958290,6.2321275849590405,582341,2.221454620361328,4.010672964597712,48,0.00146484375,31430
46001,170.49372133309953,576754394014,6.260962586607471,565854,2.1585617065429688,4.102400880064502,40,0.001220703125,31361
46101,170.88930233288556,578028434580,6.2390129345690095,511453,1.9510383605957031,4.287974573973306,112,0.00341796875,30864
46201,171.2735113329254,579142422069,6.319575473359022,559034,2.1325454711914062,4.1870300021676155,48,0.00146484375,31465
46301,171.65239041601308,580254476279,6.320511627235225,543582,2.0736007690429688,4.2469108581922566,90,0.00274658203125,30971
46401,172.03661091602407,581417695061,6.329867701389272,550257,2.0990638732910156,4.2308038280982565,65,0.001983642578125,31018
46501,172.4425042080693,582726180815,6.345850592334136,536589,2.046924591064453,4.298926001269683,60,0.0018310546875,31212
46601,172.83873212500475,583958830593,6.356577381257216,550711,2.1007957458496094,4.255781635407606,59,0.001800537109375,30683
46701,173.30515833292156,585670138718,6.350187289449843,481502,1.8367843627929688,4.513402926656874,49,0.001495361328125,29832
46801,173.81890316610225,587622889708,6.409258364256221,480147,1.8316154479980469,4.577642916258174,73,0.002227783203125,29617
46901,174.31667075003497,589403223379,6.447593331478969,507348,1.9353790283203125,4.512214303158657,43,0.001312255859375,30173
47001,174.7890550410375,591105359298,6.464292482783007,509361,1.9430580139160156,4.521234468866991,57,0.001739501953125,30379
47101,175.21151766600087,592513612228,6.490148566591985,525569,2.0048866271972656,4.48526193939472,44,0.0013427734375,30821
47201,175.6138356248848,593798888085,6.460862961887792,538535,2.0543479919433594,4.406514969944433,52,0.0015869140625,31207
47301,175.99908391595818,594986177119,6.470980407948455,533639,2.0356712341308594,4.435309173817596,49,0.001495361328125,31053
47401,176.38786887493916,596134749096,6.4918781897405555,559770,2.1353530883789062,4.356525101361649,50,0.00152587890625,31557
47501,176.7226340000052,596993117041,6.464004628698156,600933,2.292377471923828,4.171627156774328,43,0.001312255859375,31869
47601,177.05014708288945,597843985659,6.46987592259603,590526,2.2526779174804688,4.217198005115561,89,0.002716064453125,31397
47701,177.41378045803867,598904374826,6.448096371132602,556517,2.122943878173828,4.3251524929587735,70,0.00213623046875,31319
47801,177.82411899999715,600224290365,6.46344869703111,514394,1.9622573852539062,4.5011913117772036,72,0.002197265625,30569
47901,178.24548591603525,601574307603,6.469272503118385,518057,1.9762306213378906,4.493041881780495,61,0.001861572265625,30917
48001,178.64346795808524,602786024833,6.514144010092323,536155,2.045269012451172,4.4688749976411515,45,0.001373291015625,31367
48101,178.99864441598766,603758403645,6.553978314878986,590556,2.2527923583984375,4.301185956480548,37,0.001129150390625,31868
48201,179.32568029104732,604588717000,6.583717278881179,615090,2.3463821411132812,4.237335137767897,88,0.002685546875,31739
48301,179.6524443330709,605427595586,6.561963094720639,615025,2.3461341857910156,4.215828908929623,56,0.001708984375,31684
48401,179.99142108298838,606355569642,6.55074624055329,569414,2.1721420288085938,4.378604211744697,62,0.00189208984375,31546
48501,180.32389383297414,607164344299,6.562649281775405,605918,2.3113937377929688,4.251255543982436,56,0.001708984375,32007
48601,180.65251879091375,607996301281,6.586846214323165,625283,2.385265350341797,4.201580863981368,61,0.001861572265625,31916
48701,181.00634562503546,608988793939,6.540202837050476,576117,2.197711944580078,4.342490892470398,115,0.003509521484375,31172
48801,181.415633500088,610345751922,6.480594152181327,502987,1.9187431335449219,4.561851018636405,101,0.003082275390625,30199
48901,181.86745362496004,611934531069,6.457326277028471,499601,1.9058265686035156,4.551499708424956,101,0.003082275390625,30589
49001,182.26563870790415,613179017361,6.4499904108811315,521959,1.9911155700683594,4.458874840812772,105,0.003204345703125,30816
49101,182.6755087079946,614479869689,6.435399113398996,508974,1.9415817260742188,4.4938173873247775,56,0.001708984375,30744
49201,183.05954454094172,615632486595,6.388992599796762,543182,2.0720748901367188,4.316917709660043,47,0.001434326171875,31445
49301,183.42170895799063,616645884222,6.419169538338122,551885,2.105274200439453,4.313895337898669,37,0.001129150390625,31420
49401,183.77164725004695,617579988669,6.443770499423309,575469,2.195240020751953,4.248530478671356,39,0.001190185546875,31633
49501,184.1114766660612,618496809772,6.446200779843806,598959,2.2848472595214844,4.161353520322321,32,0.0009765625,31857
49601,184.4323736249935,619320280014,6.464816092875257,656874,2.5057754516601562,3.9590406412151005,52,0.0015869140625,31928
49701,184.77572358306497,620351268530,6.397293305953717,635046,2.4225082397460938,3.974785066207623,26,0.00079345703125,31677
49801,185.1502249580808,621457564745,6.447091485580419,635658,2.4248428344726562,4.022248651107763,46,0.00140380859375,31464
49901,185.4879383330699,622406478485,6.519266612124494,616308,2.3510284423828125,4.168238169741682,53,0.001617431640625,31742
50001,185.82560754101723,623341488302,6.582170082209828,586546,2.2374954223632812,4.344674659846547,50,0.00152587890625,31339
50101,186.21711416589096,624545111051,6.592665725639781,561272,2.141082763671875,4.451582961967906,88,0.002685546875,30687
50201,186.58774670795538,625668837393,6.624875943901312,602908,2.2999114990234375,4.324964444877875,57,0.001739501953125,31581
50301,186.9390549159143,626717211338,6.64427428429318,644568,2.458831787109375,4.185442497183805,53,0.001617431640625,31563
50401,187.30525554087944,627877419675,6.588489068796438,563949,2.151294708251953,4.437194360544485,49,0.001495361328125,31106
50501,187.68365629087202,629035637305,6.582084075432249,564412,2.1530609130859375,4.429023162346311,44,0.0013427734375,31534
50601,188.03897962509654,630034897123,6.527954852422655,573310,2.1870040893554688,4.340950763067187,73,0.002227783203125,31449
50701,188.4000203749165,631008879769,6.455700590188448,573837,2.189014434814453,4.2666861553739945,49,0.001495361328125,31324
50801,188.7612181659788,632041056688,6.392568107177075,562141,2.144397735595703,4.248170371581372,34,0.00103759765625,31439
50901,189.1228989160154,633058471125,6.370477544704436,579935,2.2122764587402344,4.158201085964202,78,0.00238037109375,31480
51001,189.49227658309974,634134543191,6.291170934273345,575513,2.1954078674316406,4.095763066841704,76,0.0023193359375,31138
51101,189.8486826249864,635175987227,6.251895688086776,591178,2.2551651000976562,3.99673058798912,61,0.001861572265625,31498
51201,190.2065083750058,636214685195,6.212045343880748,560750,2.1390914916992188,4.072953852181529,72,0.002197265625,31209
51301,190.57726116594858,637293480559,6.176882662628436,544975,2.0789146423339844,4.097968020294451,56,0.001708984375,31181
51401,190.91298587503843,638134651607,6.189152558359563,598983,2.2849388122558594,3.9042137461037036,36,0.0010986328125,32058
51501,191.21199345798232,638797213934,6.2360989897706425,672290,2.5645828247070312,3.6715161650636112,34,0.00103759765625,32088
51601,191.50719916587695,639496608148,6.271377967878158,695242,2.6521377563476562,3.619240211530502,72,0.002197265625,32153
51701,191.81499837501906,640258457057,6.256161444846018,665176,2.537445068359375,3.7187163764866433,37,0.001129150390625,32047
51801,192.13238820806146,641087294422,6.286095638937974,633282,2.4157791137695312,3.870316525168443,67,0.002044677734375,31685
51901,192.48030858300626,642092473171,6.274286383030766,581349,2.217670440673828,4.056615942356938,63,0.001922607421875,31357
52001,192.85527154104784,643235768950,6.269326563225798,536377,2.0461158752441406,4.223210687981657,110,0.00335693359375,30792
52101,193.24485891591758,644420663508,6.3054673835736725,525338,2.0040054321289062,4.301461951444766,74,0.00225830078125,31065
52201,193.61399804102257,645455258491,6.334469034153367,555446,2.1188583374023438,4.215610696751023,81,0.002471923828125,31515
52301,193.94983341591433,646349868967,6.333525913665299,586004,2.2354278564453125,4.098098057219986,57,0.001739501953125,31911
52401,194.24901199992746,646928027614,6.413243908025265,706093,2.693531036376953,3.719712871648312,38,0.00115966796875,32351
52501,194.52252612495795,647529810936,6.458552785479722,766892,2.9254608154296875,3.5330919700500347,45,0.001373291015625,32290
52601,194.8037572079338,648200563171,6.427565110855253,768227,2.930553436279297,3.4970116745759565,35,0.001068115234375,32304
52701,195.11069395788945,649006575760,6.2951447462591545,663666,2.5316848754882812,3.7634598707708733,103,0.003143310546875,31344
52801,195.4800970829092,650154038434,6.086865500907224,532098,2.0297927856445312,4.057072715262692,106,0.00323486328125,31164
52901,195.84292008308694,651169836231,6.167358422174253,564739,2.154308319091797,4.013050103082456,43,0.001312255859375,31520
53001,196.1848078330513,652175018012,6.209114065087227,594970,2.2696304321289062,3.9394836329583205,44,0.0013427734375,31407
53101,196.51011529099196,653042318518,6.26253963450696,640463,2.4431724548339844,3.819367179672976,32,0.0009765625,31893
53201,196.81558112497441,653840173718,6.260898030710985,664672,2.5355224609375,3.725375569773485,34,0.00103759765625,31998
53301,197.1187198748812,654600864033,6.298708478658687,676990,2.5825119018554688,3.7161965768032186,60,0.0018310546875,31958
53401,197.4274981659837,655385780505,6.3268625522878885,666581,2.542804718017578,3.7840578342703104,65,0.001983642578125,31825
53501,197.7591322080698,656295522670,6.313745595782468,609334,2.3244247436523438,3.989320852130124,51,0.001556396484375,31844
53601,198.09023645799607,657152566120,6.293146429284995,598125,2.281665802001953,4.011480627283042,69,0.002105712890625,31795
53701,198.4411436249502,658148185583,6.251628901612486,547121,2.0871009826660156,4.164527918946471,94,0.00286865234375,31260
53801,198.80538879102096,659209890179,6.244883190404684,557382,2.1262435913085938,4.11863959909609,45,0.001373291015625,31364
53901,199.159123665886,660211679335,6.212641715595856,556252,2.1219329833984375,4.0907087321974185,101,0.003082275390625,31486
54001,199.49171991599724,661012892769,6.223585881459802,613853,2.341663360595703,3.881922520864099,29,0.000885009765625,32253
54101,199.79118174989708,661657678006,6.257445400045217,701137,2.6746253967285156,3.5828200033167015,29,0.000885009765625,32369
54201,200.06916054105386,662271373914,6.350762057160986,798664,3.046661376953125,3.3041006802078607,19,0.000579833984375,32585
54301,200.3346937908791,662841231062,6.465887373934105,942157,3.594043731689453,2.8718436422446523,2,6.103515625e-05,32761
54401,200.60139341605827,663470191192,6.595161752647616,1103786,4.210609436035156,2.38455231661246,1,3.0517578125e-05,32768
54501,200.87757400004193,664216613441,6.703187315534922,1231497,4.697788238525391,2.005399077009532,1,3.0517578125e-05,32768
54601,201.1723695830442,665082805794,6.7998597449011875,1344432,5.12860107421875,1.6712586706824375,1,3.0517578125e-05,32768
54701,201.49292479106225,666069545625,6.880175181662596,1443031,5.504726409912109,1.3754487717504862,1,3.0517578125e-05,32768
54801,201.86676741600968,667181759604,6.94956106420744,1529255,5.833644866943359,1.115916197264081,1,3.0517578125e-05,32768
54901,202.22168416599743,668388663892,7.013289270571309,1606915,6.129894256591797,0.8833950139795119,1,3.0517578125e-05,32768
55001,202.5889295830857,669678090902,7.066757099513298,1685552,6.42987060546875,0.636886494044548,1,3.0517578125e-05,32768
55101,202.96814600005746,671028538864,7.114342865387833,1737838,6.629325866699219,0.48501699868861436,1,3.0517578125e-05,32768
55201,203.35806508292444,672449824765,7.150374340914125,1782725,6.800556182861328,0.3498181580527966,1,3.0517578125e-05,32768
55301,203.76092733303085,673936431432,7.184645332820503,1821776,6.94952392578125,0.23512140703925333,1,3.0517578125e-05,32768
55401,204.18666804092936,675484288257,7.215469364465843,1852224,7.065673828125,0.14979553634084297,1,3.0517578125e-05,32768
55501,204.60681587504223,677098113781,7.238015247280272,1872545,7.143192291259766,0.09482295602050606,1,3.0517578125e-05,32768
55601,205.0386787080206,678778199845,7.261831994583565,1886553,7.196628570556641,0.06520342402692414,1,3.0517578125e-05,32768
55701,205.4801625830587,680516982829,7.281881882931513,1894783,7.228023529052734,0.053858353878778686,1,3.0517578125e-05,32768
55801,205.92924033291638,682316442892,7.304388542013471,1903979,7.263103485107422,0.041285056906049,1,3.0517578125e-05,32768
55901,206.40413454105146,684183868238,7.3285791139864935,1911550,7.291984558105469,0.03659455588102478,1,3.0517578125e-05,32768
56001,206.8851512079127,686125793062,7.353891601464657,1916966,7.312644958496094,0.04124664296856295,1,3.0517578125e-05,32768
56101,207.3702855000738,688146499198,7.380311693071297,1922148,7.3324127197265625,0.047898973344734586,1,3.0517578125e-05,32768
56201,207.86450491589494,690218077889,7.400911972129586,1924676,7.3420562744140625,0.0588556977155239,1,3.0517578125e-05,32768
56301,208.3696117498912,692357722730,7.42162333866856,1926911,7.350582122802734,0.07104121586582579,1,3.0517578125e-05,32768
56401,208.88481370802037,694561268274,7.438257075074272,1931100,7.3665618896484375,0.07169518542583475,1,3.0517578125e-05,32768
56501,209.3996107908897,696781484633,7.45124978855843,1932273,7.371036529541016,0.08021325901741427,1,3.0517578125e-05,32768
56601,209.91551195806824,698989335233,7.458402149422041,1933958,7.377464294433594,0.08093785498844763,1,3.0517578125e-05,32768
56701,210.44342483300716,701163762288,7.463447719371055,1934332,7.3788909912109375,0.08455672816011717,1,3.0517578125e-05,32768
56801,210.95477820793167,703307900649,7.4638805590373405,1934230,7.378501892089844,0.08537866694749674,1,3.0517578125e-05,32768
56901,211.45654958300292,705418762054,7.464019453636804,1936058,7.385475158691406,0.07854429494539783,1,3.0517578125e-05,32768
57001,211.9536870000884,707486823462,7.468140163451667,1937139,7.389598846435547,0.07854131701612044,2,6.103515625e-05,32767
57101,212.4394414999988,709520940667,7.470537036798749,1939180,7.3973846435546875,0.07315239324406164,1,3.0517578125e-05,32768
57201,212.9212846250739,711518387934,7.47208796464834,1941485,7.406177520751953,0.0659104438963869,1,3.0517578125e-05,32768
57301,213.40044949995354,713489804229,7.474170703317437,1943376,7.41339111328125,0.06077959003618716,1,3.0517578125e-05,32768
57401,213.8801716659218,715450873965,7.478495977355987,1944395,7.417278289794922,0.06121768756106505,1,3.0517578125e-05,32768
57501,214.34758679103106,717369440114,7.484991447226321,1945410,7.421150207519531,0.06384123970678957,2,6.103515625e-05,32767
57601,214.8132913329173,719257587543,7.49003210029856,1946014,7.423454284667969,0.06657781563059118,1,3.0517578125e-05,32768
57701,215.29724749992602,721104188097,7.491087178040173,1946493,7.425281524658203,0.06580565338196998,1,3.0517578125e-05,32768
57801,215.75473087490536,722936934691,7.494468659716798,1948596,7.4333038330078125,0.06116482670898549,1,3.0517578125e-05,32768
57901,216.21195583301596,724746802830,7.497987030234548,1948838,7.434226989746094,0.06376004048845463,4,0.0001220703125,32765
58001,216.66344875004143,726528436532,7.501954379262349,1950083,7.438976287841797,0.06297809142055222,1,3.0517578125e-05,32768
58101,217.10759345791303,728285144112,7.5035380093370065,1951087,7.442806243896484,0.06073176544052217,2,6.103515625e-05,32767
58201,217.5467337910086,730008502681,7.505869294717305,1951228,7.4433441162109375,0.06252517850636785,1,3.0517578125e-05,32768
58301,217.98339787498116,731715335013,7.511595144908624,1954168,7.454559326171875,0.05703581873674857,1,3.0517578125e-05,32768
58401,218.43187229102477,733403703489,7.5162471418953665,1955873,7.461063385009766,0.05518375688560084,1,3.0517578125e-05,32768
58501,218.89416495803744,735075486304,7.513171666757616,1954335,7.455196380615234,0.05797528614238168,1,3.0517578125e-05,32768
58601,219.351110749878,736720063378,7.51283224127787,1953552,7.45220947265625,0.06062276862162008,1,3.0517578125e-05,32768
58701,219.7752056659665,738351271986,7.517875413265028,1953659,7.452617645263672,0.06525776800135574,2,6.103515625e-05,32767
58801,220.20021879090928,739969340463,7.521590209930601,1955023,7.457820892333984,0.0637693175966163,1,3.0517578125e-05,32768
58901,220.62237308290787,741575643346,7.520812194234065,1954204,7.4546966552734375,0.06611553896062716,1,3.0517578125e-05,32768
59001,221.0405957910698,743167456952,7.521866006132623,1952910,7.449760437011719,0.07210556912090382,1,3.0517578125e-05,32768
59101,221.45822299993597,744732925125,7.533168349326996,1955440,7.45941162109375,0.07375672823324564,1,3.0517578125e-05,32768
59201,221.8731213749852,746286453373,7.536153695465151,1956120,7.462005615234375,0.0741480802307759,1,3.0517578125e-05,32768
59301,222.28338108304888,747819344512,7.535971625588732,1957642,7.467811584472656,0.06816004111607565,1,3.0517578125e-05,32768
59401,222.6933035410475,749336959197,7.5352688055641615,1958722,7.471931457519531,0.0633373480446302,1,3.0517578125e-05,32768
59501,223.09866070793942,750846418859,7.538151274760412,1958882,7.472541809082031,0.06560946567838055,1,3.0517578125e-05,32768
59601,223.5076296250336,752354457145,7.547069647539606,1959426,7.474617004394531,0.07245264314507516,1,3.0517578125e-05,32768
59701,223.91173683293164,753857362177,7.549845620790485,1959474,7.474800109863281,0.0750455109272039,1,3.0517578125e-05,32768
59801,224.33576058293693,755328706332,7.548439574606851,1957546,7.467445373535156,0.08099420107169486,1,3.0517578125e-05,32768
59901,224.73557416605763,756801299632,7.549397899431815,1956437,7.463214874267578,0.08618302516423704,1,3.0517578125e-05,32768
60001,225.12960199988447,758259965470,7.549187265048264,1955035,7.457866668701172,0.09132059634709222,1,3.0517578125e-05,32768
60101,225.52236554096453,759707883806,7.546540489508115,1953901,7.453540802001953,0.09299968750616205,1,3.0517578125e-05,32768
60201,225.91652995790355,761149804552,7.547877939349998,1953265,7.451114654541016,0.09676328480898277,1,3.0517578125e-05,32768
60301,226.31164833297953,762581794807,7.545446085176057,1951852,7.4457244873046875,0.09972159787136992,1,3.0517578125e-05,32768
60401,226.7092423751019,764006425295,7.551206638107283,1952080,7.44659423828125,0.1046123998260331,2,6.103515625e-05,32767
60501,227.09950466593727,765415707036,7.554827410482182,1952096,7.4466552734375,0.10817213704468198,1,3.0517578125e-05,32768
60601,227.4855690000113,766813161454,7.553345878591443,1950134,7.439170837402344,0.1141750411890996,1,3.0517578125e-05,32768
60701,227.86710191587918,768205389803,7.551657394319248,1950623,7.441036224365234,0.11062116995401361,1,3.0517578125e-05,32768
60801,228.2485324998852,769582400524,7.548864348520973,1950671,7.441219329833984,0.10764501868698861,1,3.0517578125e-05,32768
60901,228.63618399994448,770965216240,7.545095299186934,1949303,7.436000823974609,0.1090944752123244,1,3.0517578125e-05,32768
61001,229.0219542500563,772339842997,7.54037271700797,1947126,7.427696228027344,0.11267648898062621,2,6.103515625e-05,32767
61101,229.40594041603617,773700282764,7.535435179139035,1945920,7.423095703125,0.11233947601403482,1,3.0517578125e-05,32768
61201,229.7878013330046,775054279343,7.5359607133307955,1947170,7.427864074707031,0.10809663862376429,2,6.103515625e-05,32766
61301,230.16446704091504,776397067058,7.534941963151516,1947562,7.429359436035156,0.10558252711635951,2,6.103515625e-05,32767
61401,230.54431612510234,777723442120,7.534001152501798,1946536,7.425445556640625,0.1085555958611728,1,3.0517578125e-05,32768
61501,230.9182394160889,779040974090,7.537959955399007,1945018,7.419654846191406,0.11830510920760062,1,3.0517578125e-05,32768
61601,231.29394025006332,780373014747,7.533086486547303,1944668,7.4183197021484375,0.11476678439886534,1,3.0517578125e-05,32768
61701,231.67161683295853,781703073366,7.536204215225663,1944554,7.417884826660156,0.1183193885655065,1,3.0517578125e-05,32768
61801,232.0449254999403,783020920354,7.532614854684555,1944024,7.415863037109375,0.11675181757517983,1,3.0517578125e-05,32768
61901,232.4192938748747,784335963401,7.530835063069065,1944138,7.416297912597656,0.114537150471409,2,6.103515625e-05,32767
62001,232.79558266606182,785649767356,7.526220401624095,1943571,7.414134979248047,0.11208542237604835,1,3.0517578125e-05,32768
62101,233.16844516596757,786956206687,7.52976385751627,1944371,7.417186737060547,0.11257712045572354,3,9.1552734375e-05,32766
62201,233.54355808300897,788263210277,7.529203070750745,1943630,7.414360046386719,0.11484302436402594,1,3.0517578125e-05,32768
62301,233.91398704098538,789563846717,7.529383270613083,1942655,7.410640716552734,0.11874255406034884,2,6.103515625e-05,32767
62401,234.30555554106832,790852720669,7.523530587200895,1942595,7.410411834716797,0.1131187524840982,1,3.0517578125e-05,32768
62501,234.67744958307594,792139011077,7.521725311418649,1943842,7.415168762207031,0.10655654921161783,1,3.0517578125e-05,32768
62601,235.0454224580899,793419740153,7.52243006887186,1944694,7.418418884277344,0.10401118459451641,1,3.0517578125e-05,32768
62701,235.41434695804492,794692498892,7.524813109563052,1945287,7.420680999755859,0.10413210980719256,1,3.0517578125e-05,32768
62801,235.78756516589783,795942105152,7.528298769030981,1946839,7.426601409912109,0.10169735911887123,1,3.0517578125e-05,32768
62901,236.14952825009823,797178405211,7.531919687249924,1948608,7.433349609375,0.09857007787492389,1,3.0517578125e-05,32768
63001,236.513749249978,798419663230,7.532741584451397,1950327,7.439907073974609,0.09283451047678781,1,3.0517578125e-05,32768
63101,236.87192170787603,799651136869,7.540724245248931,1952309,7.447467803955078,0.09325644129385324,1,3.0517578125e-05,32768
63201,237.22938887495548,800874950918,7.543539280262651,1951600,7.44476318359375,0.0987760966689013,1,3.0517578125e-05,32768
63301,237.5880916658789,802092067523,7.542591686432453,1950473,7.440464019775391,0.1021276666570623,2,6.103515625e-05,32767
63401,237.96436145808548,803288198322,7.541371733927534,1948354,7.432380676269531,0.10899105765800243,1,3.0517578125e-05,32768
63501,238.32109666592441,804484767780,7.541940744125583,1947831,7.430385589599609,0.11155515452597342,1,3.0517578125e-05,32768
63601,238.67613462498412,805672145221,7.545694832215039,1948507,7.432964324951172,0.11273050726386735,2,6.103515625e-05,32767
63701,239.03335879091173,806857996383,7.544577037846098,1946617,7.425754547119141,0.1188224907269575,1,3.0517578125e-05,32768
63801,239.38726695789956,808049575298,7.5416046395696394,1946721,7.426151275634766,0.11545336393487382,1,3.0517578125e-05,32768
63901,239.74129933305085,809234373947,7.544190542107321,1945779,7.422557830810547,0.12163271129677433,1,3.0517578125e-05,32768
64001,240.09128587506711,810402497298,7.542530446491286,1942721,7.410892486572266,0.13163795991902028,1,3.0517578125e-05,32768
64101,240.44349737488665,811567294315,7.545108422766294,1942392,7.409637451171875,0.1354709715944189,1,3.0517578125e-05,32768
64201,240.79549304093234,812721588896,7.547916484188901,1942337,7.409427642822266,0.13848884136663564,1,3.0517578125e-05,32768
64301,241.14561283309013,813878538896,7.549187103157597,1942561,7.410282135009766,0.13890496814783138,1,3.0517578125e-05,32768
64401,241.49605962494388,815041616517,7.549040615530663,1942133,7.408649444580078,0.1403911709505845,1,3.0517578125e-05,32768
64501,241.8446354579646,816206786267,7.548285972252373,1941777,7.407291412353516,0.14099455989885712,1,3.0517578125e-05,32768
64601,242.19941162504256,817383801468,7.549275810498685,1943200,7.4127197265625,0.1365560839361848,1,3.0517578125e-05,32768
64701,242.55397637491114,818565357552,7.554594197784905,1945079,7.419887542724609,0.13470665506029533,1,3.0517578125e-05,32768
64801,242.90938741597347,819749502649,7.5545687215105755,1946815,7.426509857177734,0.12805886433284108,1,3.0517578125e-05,32768
64901,243.26314262510277,820929379182,7.5546644626650234,1945691,7.422222137451172,0.13244232521385157,1,3.0517578125e-05,32768
65001,243.61631804099306,822089296573,7.555504307619263,1946636,7.4258270263671875,0.1296772812520759,1,3.0517578125e-05,32768
65101,243.96358358301222,823242363394,7.552372276580382,1947100,7.4275970458984375,0.1247752306819443,1,3.0517578125e-05,32768
65201,244.3109207500238,824388536428,7.55478625122387,1948817,7.434146881103516,0.12063937012035453,1,3.0517578125e-05,32768
65301,244.65602083294652,825527100590,7.551806720016417,1948728,7.433807373046875,0.11799934696954217,1,3.0517578125e-05,32768
65401,245.00376920797862,826674238792,7.55130610547181,1947449,7.428928375244141,0.12237773022766962,1,3.0517578125e-05,32768
65501,245.37420541606843,827815994348,7.549794924395247,1946836,7.4265899658203125,0.12320495857493441,1,3.0517578125e-05,32768
65601,245.72260291595012,828963312758,7.554061129990132,1947163,7.427837371826172,0.12622375816396048,1,3.0517578125e-05,32768
65701,246.06902945809998,830104808863,7.5532976437821375,1945510,7.421531677246094,0.13176596653604378,2,6.103515625e-05,32767
65801,246.41623999993317,831243171420,7.549449421609714,1944976,7.41949462890625,0.12995479270346433,1,3.0517578125e-05,32768
65901,246.76287800003774,832394208592,7.548569851723025,1945002,7.419593811035156,0.12897604068786883,1,3.0517578125e-05,32768
66001,247.11077262507752,833546136960,7.550777551568161,1944529,7.417789459228516,0.13298809233964537,1,3.0517578125e-05,32768
66101,247.45749791595154,834686846682,7.549408186759698,1943588,7.4141998291015625,0.13520835765813555,1,3.0517578125e-05,32768
66201,247.8057093329262,835818680761,7.548055552249642,1945316,7.4207916259765625,0.1272639262730797,1,3.0517578125e-05,32768
66301,248.1558944999706,836947244588,7.544518187804387,1943572,7.4141387939453125,0.1303793938590747,2,6.103515625e-05,32767
66401,248.502782125026,838060469486,7.542246232298219,1945151,7.420162200927734,0.12208403137048496,1,3.0517578125e-05,32768
66501,248.8453722500708,839168863044,7.541901475772638,1946638,7.425834655761719,0.11606682001091961,2,6.103515625e-05,32767
66601,249.19003020809032,840283625542,7.538825362323654,1946354,7.424751281738281,0.1140740805853726,1,3.0517578125e-05,32768
66701,249.53538791602477,841401711757,7.53906690890334,1947132,7.4277191162109375,0.11134779269240269,1,3.0517578125e-05,32768
66801,249.87617887509987,842514063797,7.538781643627189,1945724,7.4223480224609375,0.11643362116625156,1,3.0517578125e-05,32768
66901,250.21489787497558,843611310027,7.5342551583347825,1944771,7.418712615966797,0.11554254236798567,1,3.0517578125e-05,32768
67001,250.56221358291805,844714572622,7.527643656203917,1941774,7.407279968261719,0.12036368794219854,1,3.0517578125e-05,32768
67101,250.90582262491807,845830825427,7.525318663388893,1940516,7.4024810791015625,0.12283758428733016,1,3.0517578125e-05,32768
67201,251.2512858749833,846954644776,7.516265045464063,1938713,7.395603179931641,0.12066186553242275,2,6.103515625e-05,32767
67301,251.6010974580422,848090956816,7.516532296782366,1940538,7.402565002441406,0.11396729434095931,1,3.0517578125e-05,32768
67401,251.94807008304633,849223915190,7.5198774248381355,1942170,7.408790588378906,0.11108683645922923,1,3.0517578125e-05,32768
67501,252.29600258287974,850366691190,7.5225588978915345,1941940,7.4079132080078125,0.11464568988372204,2,6.103515625e-05,32767
67601,252.64617741596885,851504923984,7.5250012024662265,1941880,7.407684326171875,0.1173168762943515,2,6.103515625e-05,32767
67701,252.99214333295822,852645499697,7.525184243611866,1940054,7.400718688964844,0.12446555464702236,1,3.0517578125e-05,32768
67801,253.33512812503614,853770024323,7.524808499927249,1940129,7.401004791259766,0.12380370866748347,1,3.0517578125e-05,32768
67901,253.6835545829963,854884342462,7.519714103041113,1940679,7.403102874755859,0.11661122828525361,1,3.0517578125e-05,32768
68001,254.0297806249,856003356716,7.51514156780493,1940857,7.403781890869141,0.11135967693578941,1,3.0517578125e-05,32768
68101,254.40723562496714,857123069426,7.51594307815341,1939744,7.3995361328125,0.11640694534091,2,6.103515625e-05,32767
68201,254.75232720794156,858233416377,7.516849669902399,1939617,7.399051666259766,0.11779800364263338,1,3.0517578125e-05,32768
68301,255.092230750015,859333552044,7.515960525048265,1939601,7.398990631103516,0.11696989394474944,1,3.0517578125e-05,32768
68401,255.43682258296758,860437152070,7.51067477496902,1937366,7.390464782714844,0.12020999225417661,1,3.0517578125e-05,32768
68501,255.78182112495415,861538680588,7.510759798131186,1938232,7.393768310546875,0.11699148758431122,1,3.0517578125e-05,32768
68601,256.1212267500814,862637401562,7.507555471916514,1936747,7.388103485107422,0.11945198680909197,1,3.0517578125e-05,32768
68701,256.46719179092906,863738921719,7.509950894758207,1937522,7.391059875488281,0.11889101926992574,1,3.0517578125e-05,32768
68801,256.8128276250791,864850984330,7.5087425104847165,1936962,7.388923645019531,0.11981886546518528,1,3.0517578125e-05,32768
68901,257.15735104097985,865974118022,7.510767859678206,1936882,7.388618469238281,0.12214939043992512,1,3.0517578125e-05,32768
69001,257.5045277909376,867096558796,7.507860937588643,1935379,7.382884979248047,0.12497595834059627,1,3.0517578125e-05,32768
69101,257.849785707891,868201372696,7.512093779297811,1935902,7.384880065917969,0.12721371337984255,1,3.0517578125e-05,32768
69201,258.1900064998772,869304198777,7.5162802839008656,1936034,7.385383605957031,0.1308966779438343,1,3.0517578125e-05,32768
69301,258.5340397080872,870421606888,7.51959571381079,1936806,7.388328552246094,0.1312671615646961,1,3.0517578125e-05,32768
69401,258.8753978749737,871535412606,7.515981175414007,1934373,7.379047393798828,0.13693378161517877,2,6.103515625e-05,32767
69501,259.2190722080413,872645811921,7.520120019247159,1935053,7.381641387939453,0.13847863130770577,1,3.0517578125e-05,32768
69601,259.56473920797,873752856825,7.521397683484385,1935629,7.383838653564453,0.13755902991993185,1,3.0517578125e-05,32768
69701,259.90821387502365,874856496154,7.524130582796252,1937221,7.389911651611328,0.13421893118492356,1,3.0517578125e-05,32768
69801,260.2489437079057,875959871530,7.525452791316566,1937297,7.390201568603516,0.13525122271305,2,6.103515625e-05,32767
69901,260.5914174579084,877064463165,7.521093953622088,1936254,7.386222839355469,0.13487111426661968,1,3.0517578125e-05,32768
70001,260.9335146250669,878171986703,7.521912991398917,1936127,7.385738372802734,0.13617461859618274,1,3.0517578125e-05,32768
70101,261.2758560408838,879286710850,7.519744090859687,1936348,7.3865814208984375,0.1331626699612496,1,3.0517578125e-05,32768
70201,261.62464537494816,880402557251,7.514895684666332,1934684,7.3802337646484375,0.13466192001789423,1,3.0517578125e-05,32768
70301,261.977495332947,881510344463,7.515832048607129,1935327,7.382686614990234,0.13314543361689424,2,6.103515625e-05,32766
70401,262.3193924159277,882612816123,7.516721154285496,1936147,7.385814666748047,0.13090648753744905,1,3.0517578125e-05,32768
70501,262.6602269578725,883697636658,7.513230521359299,1936220,7.3860931396484375,0.12713738171086142,1,3.0517578125e-05,32768
70601,262.9976067079697,884770232709,7.517770870755824,1938710,7.395591735839844,0.12217913491598065,1,3.0517578125e-05,32768
70701,263.33238370809704,885847580195,7.521368078773921,1939273,7.397739410400391,0.12362866837353081,1,3.0517578125e-05,32768
70801,263.6784641658887,886930723890,7.521317336070719,1939923,7.400218963623047,0.12109837244767174,1,3.0517578125e-05,32768
70901,264.027372749988,888014997365,7.522243435737913,1940932,7.4040679931640625,0.11817544257385038,1,3.0517578125e-05,32768
71001,264.37817554106005,889090985100,7.525335748867656,1941141,7.404865264892578,0.12047048397507787,1,3.0517578125e-05,32768
71101,264.71302033308893,890155117181,7.517522883212411,1939302,7.397850036621094,0.1196728465913175,1,3.0517578125e-05,32768
71201,265.04858233290724,891213026589,7.511034338026502,1936865,7.388553619384766,0.12248071864173671,1,3.0517578125e-05,32768
71301,265.38261070800945,892272007702,7.510145119175411,1936382,7.386711120605469,0.12343399856994264,1,3.0517578125e-05,32768
71401,265.7198952080216,893334443146,7.5183018582993135,1939459,7.398448944091797,0.11985291420751665,2,6.103515625e-05,32767
71501,266.05559624987654,894390939744,7.519172663914013,1939197,7.397449493408203,0.12172317050580972,1,3.0517578125e-05,32768
71601,266.3917662499007,895442400889,7.523577231446184,1941116,7.4047698974609375,0.1188073339852469,1,3.0517578125e-05,32768
71701,266.72487675002776,896492529608,7.525568684058198,1940859,7.403789520263672,0.12177916379452647,1,3.0517578125e-05,32768
71801,267.0633384999819,897538614136,7.526081221351949,1941656,7.406829833984375,0.11925138736757379,1,3.0517578125e-05,32768
71901,267.3977405000478,898588990798,7.524228470705303,1940689,7.403141021728516,0.12108744897678747,1,3.0517578125e-05,32768
72001,267.7309142909944,899635690328,7.5244061945083915,1940819,7.403636932373047,0.12076926213534467,1,3.0517578125e-05,32768
72101,268.06415525008924,900676583177,7.52562254970973,1941472,7.4061279296875,0.11949462002223044,2,6.103515625e-05,32767
72201,268.39495129091665,901703986928,7.526637171842342,1942314,7.409339904785156,0.1172972670571859,1,3.0517578125e-05,32768
72301,268.72705550002865,902724864920,7.530516624403491,1942485,7.409992218017578,0.120524406385913,1,3.0517578125e-05,32768
72401,269.0560834580101,903748385834,7.530608046703568,1941057,7.404544830322266,0.12606321638130247,1,3.0517578125e-05,32768
72501,269.3803505410906,904747435270,7.526829783085462,1938883,7.396251678466797,0.1305781046186647,3,9.1552734375e-05,32766
72601,269.707981250016,905754959697,7.524591752318644,1939132,7.3972015380859375,0.12739021423270636,1,3.0517578125e-05,32768
72701,270.0380120410118,906767158065,7.523741283480596,1939779,7.399669647216797,0.1240716362637988,1,3.0517578125e-05,32768
72801,270.3708137499634,907808062897,7.523023344575215,1938234,7.393775939941406,0.12924740463380857,1,3.0517578125e-05,32768
72901,270.7060815000441,908849757205,7.524952822825403,1940446,7.402214050292969,0.12273877253243448,1,3.0517578125e-05,32768
73001,271.0367429999169,909896289992,7.528876217957057,1940387,7.401988983154297,0.12688723480276032,1,3.0517578125e-05,32768
73101,271.36755116609856,910928235613,7.524910717302038,1939679,7.399288177490234,0.12562253981180405,1,3.0517578125e-05,32768
73201,271.6990037080832,911954853790,7.521454071548367,1939177,7.397373199462891,0.12408087208547602,2,6.103515625e-05,32767
73301,272.02658283291385,912981096061,7.521547369709542,1940397,7.402027130126953,0.11952023958258895,2,6.103515625e-05,32767
73401,272.35658208304085,914006223576,7.523003145026448,1939756,7.3995819091796875,0.12342123584676035,1,3.0517578125e-05,32768
73501,272.68971841596067,915035745512,7.5226928317995485,1938635,7.395305633544922,0.12738719825462663,1,3.0517578125e-05,32768
73601,273.0181075409055,916051581931,7.520588405875971,1940441,7.402194976806641,0.11839342906933048,1,3.0517578125e-05,32768
73701,273.3448527499568,917058998293,7.521840095424666,1939918,7.400199890136719,0.12164020528794683,1,3.0517578125e-05,32768
73801,273.6760849999264,918075904962,7.518670074314211,1938984,7.396636962890625,0.12203311142358597,2,6.103515625e-05,32767
73901,274.0026363329962,919100581654,7.516423468545471,1936696,7.387908935546875,0.1285145329985964,1,3.0517578125e-05,32768
74001,274.3293154160492,920125248212,7.523671996935737,1936640,7.3876953125,0.13597668443573685,2,6.103515625e-05,32766
74101,274.65756266587414,921142557898,7.517161739779773,1936767,7.388179779052734,0.12898196072703882,1,3.0517578125e-05,32768
74201,274.9861586659681,922176852404,7.521715924254118,1938049,7.393070220947266,0.12864570330685243,1,3.0517578125e-05,32768
74301,275.3384604160674,923221028767,7.523951022093064,1938651,7.395366668701172,0.12858435339189178,1,3.0517578125e-05,32768
74401,275.6732540410012,924261206669,7.523885274977441,1937795,7.392101287841797,0.13178398713564388,2,6.103515625e-05,32767
74501,276.0101769999601,925295867822,7.526485177717376,1938768,7.39581298828125,0.13067218943612602,1,3.0517578125e-05,32768
74601,276.34831204102375,926332483355,7.5237602516506765,1939218,7.397529602050781,0.12623064959989527,1,3.0517578125e-05,32768
74701,276.68109033303335,927362556319,7.522361718265601,1937011,7.389110565185547,0.13325115308005397,1,3.0517578125e-05,32768
74801,277.0099359159358,928382858548,7.519900833099997,1936132,7.3857574462890625,0.1341433868109343,1,3.0517578125e-05,32768
74901,277.339568000054,929402707551,7.518561097482781,1936486,7.387107849121094,0.13145324836168726,1,3.0517578125e-05,32768
75001,277.66874620807357,930416592958,7.517023196727716,1937447,7.390773773193359,0.12624942353435653,2,6.103515625e-05,32767
75101,277.9967252910137,931442659094,7.511136857665078,1936547,7.387340545654297,0.12379631201078123,1,3.0517578125e-05,32768
75201,278.3290830410551,932482369055,7.506595278760387,1936086,7.385581970214844,0.12101330854554337,1,3.0517578125e-05,32768
75301,278.66007708292454,933513069945,7.5021996051199835,1934308,7.3787994384765625,0.12340016664342102,1,3.0517578125e-05,32768
75401,278.9893289159518,934542396940,7.503828337389614,1934909,7.381092071533203,0.12273626585641129,1,3.0517578125e-05,32768
75501,279.32230229093693,935575066731,7.50426508991708,1935152,7.38201904296875,0.12224604694833019,1,3.0517578125e-05,32768
75601,279.65709950006567,936607455493,7.502232178936763,1934098,7.377998352050781,0.12423382688598217,1,3.0517578125e-05,32768
75701,279.98536229110323,937619356693,7.501192948385501,1934002,7.377632141113281,0.12356080727222007,1,3.0517578125e-05,32768
75801,280.31248041591607,938633559706,7.504198039616064,1934471,7.379421234130859,0.12477680548520453,1,3.0517578125e-05,32768
75901,280.644256208092,939648479879,7.510016267291132,1936053,7.385456085205078,0.12456018208605357,1,3.0517578125e-05,32768
76001,280.9741705409251,940680740590,7.510233609438994,1936736,7.3880615234375,0.12217208600149387,1,3.0517578125e-05,32768
76101,281.30746208294295,941716876970,7.508546970612294,1934319,7.378841400146484,0.12970557046580922,1,3.0517578125e-05,32768
76201,281.64268304104917,942766648286,7.510216997425168,1934993,7.381412506103516,0.1288044913216524,1,3.0517578125e-05,32768
76301,281.9756462909281,943817901081,7.515182600477163,1936934,7.388816833496094,0.1263657669810696,1,3.0517578125e-05,32768
76401,282.3103424580768,944871871743,7.512358806184607,1936599,7.387538909912109,0.12481989627249757,1,3.0517578125e-05,32768
76501,282.6492668329738,945924692185,7.5137256286711,1936924,7.3887786865234375,0.12494694214766255,3,9.1552734375e-05,32765
76601,282.98229891597293,946977094263,7.511995005557405,1933561,7.375949859619141,0.13604514593826433,2,6.103515625e-05,32767
76701,283.3165922500193,948047114820,7.516705864321515,1933869,7.377124786376953,0.13958107794456165,1,3.0517578125e-05,32768
76801,283.6582795830909,949127323514,7.5152643027558295,1933950,7.377433776855469,0.1378305259003607,1,3.0517578125e-05,32768
76901,283.99882162502035,950220760016,7.517586329400603,1934307,7.378795623779297,0.13879070562130646,3,9.1552734375e-05,32766
77001,284.36541929095984,951316484087,7.518626746267987,1933788,7.3768157958984375,0.14181095036954972,1,3.0517578125e-05,32768
77101,284.7090395409614,952425630698,7.519753702571052,1933736,7.376617431640625,0.1431362709304267,1,3.0517578125e-05,32768
77201,285.05035308306105,953527059077,7.511189168193261,1932558,7.372123718261719,0.13906544993154224,1,3.0517578125e-05,32768
77301,285.39629345806316,954629420355,7.509453564061174,1930999,7.366176605224609,0.143276958836565,1,3.0517578125e-05,32768
77401,285.743089833064,955730928155,7.5081272772482155,1930258,7.363349914550781,0.14477736269743424,1,3.0517578125e-05,32768
77501,286.08472312497906,956834675177,7.507633375676409,1929683,7.361156463623047,0.14647691205336244,1,3.0517578125e-05,32768
77601,286.43170824996196,957940796786,7.5071077470841985,1931003,7.366191864013672,0.1409158830705266,3,9.1552734375e-05,32765
77701,286.77514870790765,959048152508,7.501544104135068,1930508,7.3643035888671875,0.13724051526788017,2,6.103515625e-05,32766
77801,287.1185429999605,960154879595,7.496996495387923,1931379,7.367626190185547,0.12937030520237602,1,3.0517578125e-05,32768
77901,287.4646237909328,961260478721,7.492737717044187,1931309,7.367359161376953,0.12537855566723355,1,3.0517578125e-05,32768
78001,287.8071359160822,962353517026,7.490752617241182,1931822,7.369316101074219,0.12143651616696349,1,3.0517578125e-05,32768
78101,288.1458745000418,963442768996,7.48961820469164,1931917,7.369678497314453,0.11993970737718662,4,0.0001220703125,32765
78201,288.48876720806584,964538070312,7.480695468810737,1928335,7.356014251708984,0.1246812171017524,1,3.0517578125e-05,32768
78301,288.83426804095507,965643925270,7.484211840088591,1931483,7.368022918701172,0.11618892138741899,1,3.0517578125e-05,32768
78401,289.1792753750924,966753128347,7.488483596500783,1931840,7.369384765625,0.11909883087578343,2,6.103515625e-05,32767
78501,289.52549145789817,967859980484,7.484650926567506,1928698,7.357398986816406,0.12725193975109939,2,6.103515625e-05,32767
78601,289.8694097909611,968962971126,7.488797324696618,1930941,7.365955352783203,0.12284197191341484,1,3.0517578125e-05,32768
78701,290.2120185000822,970068630682,7.490979384076232,1932974,7.373710632324219,0.11726875175201368,1,3.0517578125e-05,32768
78801,290.5564880410675,971178140500,7.495840964843118,1934922,7.381141662597656,0.11469930224546143,1,3.0517578125e-05,32768
78901,290.8976288330741,972288316436,7.499370259463089,1934754,7.380500793457031,0.11886946600605786,1,3.0517578125e-05,32768
79001,291.2409369999077,973386437427,7.495524488570529,1932874,7.373329162597656,0.12219532597287319,1,3.0517578125e-05,32768
79101,291.5862862910144,974482381931,7.497653682866701,1933695,7.376461029052734,0.12119265381396627,2,6.103515625e-05,32767
79201,291.93449354101904,975569471049,7.497647018432254,1931529,7.368198394775391,0.12944862365686305,1,3.0517578125e-05,32768
79301,292.27572116605006,976651352920,7.488611152120055,1930821,7.365497589111328,0.12311356300872678,1,3.0517578125e-05,32768
79401,292.61956091597676,977745108737,7.484226104481661,1928919,7.358242034912109,0.12598406956955177,1,3.0517578125e-05,32768
79501,292.95998549996875,978839878516,7.4885588695599745,1929383,7.360012054443359,0.12854681511661514,1,3.0517578125e-05,32768
79601,293.29914266592823,979926481196,7.490447123701885,1930456,7.364105224609375,0.1263418990925098,2,6.103515625e-05,32767
79701,293.64245437504724,981004918408,7.49010096393446,1932964,7.3736724853515625,0.11642847858289773,1,3.0517578125e-05,32768
79801,293.981424999889,982091913307,7.496906135755592,1935976,7.385162353515625,0.11174378223996673,2,6.103515625e-05,32767
79901,294.3468135409057,983181109525,7.503965155109185,1938738,7.395698547363281,0.1082666077459038,1,3.0517578125e-05,32768
80001,294.68808270804584,984269297286,7.509230654012952,1939134,7.397209167480469,0.11202148653248312,1,3.0517578125e-05,32768
80101,295.0291447499767,985350396132,7.5142203666836265,1939111,7.397121429443359,0.1170989372402671,1,3.0517578125e-05,32768
80201,295.367104915902,986430311353,7.519331169803936,1939243,7.397624969482422,0.12170620032151369,1,3.0517578125e-05,32768
80301,295.7076202079188,987513091310,7.521030255114879,1937428,7.3907012939453125,0.1303289611695666,1,3.0517578125e-05,32768
80401,296.0495360828936,988616269651,7.515454113309641,1935236,7.3823394775390625,0.13311463577057836,1,3.0517578125e-05,32768
80501,296.3896929579787,989717713470,7.514868127621348,1934455,7.379360198974609,0.13550792864673866,1,3.0517578125e-05,32768
80601,296.730002499884,990818921432,7.512103679179324,1933085,7.374134063720703,0.13796961545862096,2,6.103515625e-05,32767
80701,297.0695686249528,991925114092,7.514093897934801,1934656,7.380126953125,0.1339669448098011,1,3.0517578125e-05,32768
80801,297.40951891592704,993038115804,7.514530449994723,1935512,7.383392333984375,0.13113811601034797,1,3.0517578125e-05,32768
80901,297.7509059999138,994139948053,7.519143005567141,1934705,7.380313873291016,0.13882913227612548,1,3.0517578125e-05,32768
81001,298.0941613749601,995237935247,7.512018331581711,1931630,7.368583679199219,0.1434346523824921,1,3.0517578125e-05,32768
81101,298.4383720410988,996337641080,7.515418720144314,1933675,7.376384735107422,0.13903398503689246,1,3.0517578125e-05,32768
81201,298.7777680410072,997422114869,7.517628951395496,1933525,7.375812530517578,0.1418164208779178,1,3.0517578125e-05,32768
81301,299.1148079999257,998508045504,7.518478460814836,1934236,7.3785247802734375,0.13995368054139856,1,3.0517578125e-05,32768
81401,299.4558025000151,999599966687,7.5171233245159454,1934414,7.379203796386719,0.1379195281292267,1,3.0517578125e-05,32768
81501,299.79531637509353,1000689990914,7.519464175524817,1935769,7.384372711181641,0.13509146434317643,1,3.0517578125e-05,32768
81601,300.13273433293216,1001782161150,7.515482603573444,1935330,7.382698059082031,0.13278454449141286,1,3.0517578125e-05,32768
81701,300.4736507080961,1002874710518,7.512664876765452,1933383,7.375270843505859,0.13739403325959287,1,3.0517578125e-05,32768
81801,300.812696875073,1003966288412,7.511594626115158,1933478,7.375633239746094,0.13596138636906385,1,3.0517578125e-05,32768
81901,301.15958641609177,1005063220041,7.5100707241687354,1935007,7.381465911865234,0.12860481230350107,1,3.0517578125e-05,32768
82001,301.50360649987124,1006160270528,7.5134292871103705,1937058,7.389289855957031,0.12413943115333925,1,3.0517578125e-05,32768
82101,301.84712070808746,1007274552379,7.5104263218246725,1934489,7.379489898681641,0.1309364231430319,1,3.0517578125e-05,32768
82201,302.1937909158878,1008390502494,7.513789739899005,1935985,7.385196685791016,0.1285930541079896,1,3.0517578125e-05,32768
82301,302.5434313749429,1009506295973,7.511824582619621,1936355,7.386608123779297,0.12521645884032395,1,3.0517578125e-05,32768
82401,302.8893879998941,1010630013598,7.510725246267824,1935075,7.381725311279297,0.1289999349885269,1,3.0517578125e-05,32768
82501,303.2373474999331,1011758502638,7.506960785469427,1934715,7.380352020263672,0.12660876520575481,1,3.0517578125e-05,32768
82601,303.58607208309695,1012887901897,7.507979254946459,1933839,7.377010345458984,0.13096890948747486,2,6.103515625e-05,32767
82701,303.9304517500568,1014014155884,7.508612666694869,1935082,7.381752014160156,0.12686065253471313,2,6.103515625e-05,32767
82801,304.27321833302267,1015121759215,7.510922828624866,1936842,7.388465881347656,0.12245694727721013,1,3.0517578125e-05,32768
82901,304.6117958331015,1016214610721,7.51407567133936,1937168,7.38970947265625,0.12436619868311016,2,6.103515625e-05,32767
83001,304.95109049999155,1017305497961,7.518507457001797,1937908,7.3925323486328125,0.1259751083689844,1,3.0517578125e-05,32768
83101,305.31193529092707,1018387472660,7.515436578723565,1936755,7.388134002685547,0.12730257603801842,1,3.0517578125e-05,32768
83201,305.65329829091206,1019469467226,7.5132347945017095,1934783,7.380611419677734,0.13262337482397513,1,3.0517578125e-05,32768
83301,305.99032950005494,1020532143854,7.512498026894584,1935340,7.3827362060546875,0.12976182083989674,1,3.0517578125e-05,32768
83401,306.3260102500208,1021587994970,7.509682193880966,1935273,7.382480621337891,0.12720157254307551,1,3.0517578125e-05,32768
83501,306.6656770410482,1022651090917,7.510721651841842,1936401,7.386783599853516,0.12393805198832641,2,6.103515625e-05,32767
83601,306.99953650007956,1023710604961,7.50995344044521,1936396,7.3867645263671875,0.1231889140780229,1,3.0517578125e-05,32768
83701,307.33921795804054,1024767119747,7.512677693196533,1938432,7.39453125,0.11814644319653311,1,3.0517578125e-05,32768
83801,307.6731962079648,1025812899789,7.508881185018167,1936813,7.388355255126953,0.12052592989121358,1,3.0517578125e-05,32768
83901,308.0038547499571,1026856900778,7.507599467438062,1935024,7.38153076171875,0.1260687057193124,1,3.0517578125e-05,32768
84001,308.33664408302866,1027893124043,7.510437667572168,1936216,7.386077880859375,0.1243597867127928,1,3.0517578125e-05,32768
84101,308.6691622911021,1028922278482,7.513451360317648,1938942,7.396476745605469,0.11697461471217885,1,3.0517578125e-05,32768
84201,308.99608258297667,1029936300876,7.51497262073813,1937664,7.3916015625,0.12337105823813044,3,9.1552734375e-05,32766
84301,309.3221223328728,1030951827220,7.513638726073717,1937609,7.391391754150391,0.12224697192332634,1,3.0517578125e-05,32768
84401,309.6547005409375,1031970652657,7.512114796213687,1936098,7.385627746582031,0.12648704963165613,1,3.0517578125e-05,32768
84501,309.9808409160469,1032972154968,7.515223731103873,1933629,7.376209259033203,0.13901447207067008,1,3.0517578125e-05,32768
84601,310.30643420806155,1033969280806,7.513974055047329,1934548,7.3797149658203125,0.13425908922701613,1,3.0517578125e-05,32768
84701,310.63562024990097,1034966172203,7.50995250511315,1932250,7.370948791503906,0.13900371360924346,1,3.0517578125e-05,32768
84801,310.9576159999706,1035957071343,7.506951114575704,1932712,7.372711181640625,0.1342399329350794,2,6.103515625e-05,32767
84901,311.2802476659417,1036948853479,7.50792942654955,1933554,7.375923156738281,0.13200626981126895,1,3.0517578125e-05,32768
85001,311.60591166606173,1037944124285,7.515318175195449,1937948,7.3926849365234375,0.12263323867201148,1,3.0517578125e-05,32768
85101,311.93283841595985,1038944309575,7.513757797267779,1937068,7.3893280029296875,0.12442979433809143,1,3.0517578125e-05,32768
85201,312.25955362501554,1039947186743,7.5126651539659255,1935072,7.3817138671875,0.1309512867784255,1,3.0517578125e-05,32768
85301,312.59187395800836,1040951555750,7.512934344273967,1935723,7.384197235107422,0.12873710916654524,1,3.0517578125e-05,32768
85401,312.9170752079226,1041946795826,7.507773550273406,1934155,7.378215789794922,0.12955776047848389,1,3.0517578125e-05,32768
85501,313.24064420792274,1042950634663,7.505213032753894,1932818,7.373115539550781,0.13209749320311293,1,3.0517578125e-05,32768
85601,313.58219725009985,1043957971654,7.507866751496443,1933722,7.376564025878906,0.13130272561753653,1,3.0517578125e-05,32768
85701,313.910168207949,1044968341201,7.503852354055793,1932523,7.371990203857422,0.131862150198371,1,3.0517578125e-05,32768
85801,314.2635639999062,1045975865538,7.504367185655466,1933243,7.374736785888672,0.12963039976679447,1,3.0517578125e-05,32768
85901,314.5932218329981,1046975212410,7.506200429318525,1932494,7.371879577636719,0.13432085168180663,2,6.103515625e-05,32767
86001,314.918442791095,1047970454514,7.502994259934255,1930344,7.363677978515625,0.13931628141862973,1,3.0517578125e-05,32768
86101,315.2426262078807,1048962992836,7.504048513745925,1929220,7.3593902587890625,0.14465825495686246,2,6.103515625e-05,32767
86201,315.57067200005986,1049963415788,7.501015616128205,1929102,7.358940124511719,0.14207549161648636,2,6.103515625e-05,32767
86301,315.89592995797284,1050969208565,7.500193027440901,1928596,7.3570098876953125,0.14318313974558894,2,6.103515625e-05,32767
86401,316.2217668329831,1051967092035,7.498603982515546,1927755,7.353801727294922,0.1448022552206245,1,3.0517578125e-05,32768
86501,316.5523048329633,1052961746202,7.498133274457426,1928149,7.355304718017578,0.1428285564398477,1,3.0517578125e-05,32768
86601,316.87551162508316,1053954864915,7.504984700396001,1931661,7.368701934814453,0.13628276558154795,1,3.0517578125e-05,32768
86701,317.1996531249024,1054945646619,7.503535627920642,1930827,7.365520477294922,0.13801515062572012,1,3.0517578125e-05,32768
86801,317.52878795797005,1055939232091,7.506903680166061,1931871,7.369503021240234,0.1374006589258263,1,3.0517578125e-05,32768
86901,317.85164362494834,1056944908396,7.511604630003127,1933207,7.374599456787109,0.1370051732160178,1,3.0517578125e-05,32768
87001,318.17736112489365,1057945615284,7.511722355761353,1934367,7.379024505615234,0.13269785014611823,1,3.0517578125e-05,32768
87101,318.506868916098,1058952227536,7.510095975524756,1934514,7.379585266113281,0.13051070941147458,1,3.0517578125e-05,32768
87201,318.837023583008,1059961261398,7.512365602166158,1934525,7.379627227783203,0.13273837438295466,1,3.0517578125e-05,32768
87301,319.16720979101956,1060973414441,7.5120365841273475,1933213,7.374622344970703,0.1374142391566444,1,3.0517578125e-05,32768
87401,319.50943445810117,1061989805506,7.514787969689266,1933912,7.377288818359375,0.13749915132989088,1,3.0517578125e-05,32768
87501,319.84413899993524,1063010276907,7.514373381124384,1933809,7.376895904541016,0.13747747658336795,1,3.0517578125e-05,32768
87601,320.1695100408979,1064028236673,7.510745594431164,1933784,7.376800537109375,0.13394505732178885,2,6.103515625e-05,32767
87701,320.5031369999051,1065057811512,7.511485914902347,1932920,7.373504638671875,0.13798127623047218,4,0.0001220703125,32764
87801,320.83641629107296,1066097968698,7.507699310309901,1932755,7.372875213623047,0.13482409668685413,1,3.0517578125e-05,32768
87901,321.1674882080406,1067136735764,7.502586393496011,1929484,7.3603973388671875,0.14218905462882336,2,6.103515625e-05,32767
88001,321.50116174994037,1068178965209,7.499713495024428,1927576,7.353118896484375,0.1465945985400534,1,3.0517578125e-05,32768
88101,321.8355155000463,1069232016083,7.50031022212049,1927067,7.351177215576172,0.14913300654431794,1,3.0517578125e-05,32768
88201,322.1689862080384,1070286306059,7.501364694648757,1924918,7.342979431152344,0.15838526349641313,1,3.0517578125e-05,32768
88301,322.5054864580743,1071342244410,7.502450782452758,1926609,7.349430084228516,0.15302069822424258,1,3.0517578125e-05,32768
88401,322.84451683308,1072384620139,7.505491647773439,1928848,7.35797119140625,0.14752045636718858,1,3.0517578125e-05,32768
88501,323.1797609999776,1073441903368,7.505358621603028,1929979,7.362285614013672,0.14307300758935604,1,3.0517578125e-05,32768
88601,323.52150887507014,1074507938759,7.505295114832284,1929936,7.36212158203125,0.1431735328010344,1,3.0517578125e-05,32768
88701,323.85766912507825,1075577820889,7.503343966605819,1929917,7.362049102783203,0.14129486382261547,1,3.0517578125e-05,32768
88801,324.21366758295335,1076639717311,7.502467123851595,1930057,7.362583160400391,0.13988396345120435,1,3.0517578125e-05,32768
88901,324.55540274991654,1077699450344,7.501452028118298,1928208,7.35552978515625,0.14592224296204837,1,3.0517578125e-05,32768
89001,324.88856558292173,1078757937224,7.5022868903919715,1928023,7.354824066162109,0.14746282422986212,1,3.0517578125e-05,32768
89101,325.2224630001001,1079816556013,7.506885945687836,1929411,7.360118865966797,0.1467670797210392,2,6.103515625e-05,32767
89201,325.5571918329224,1080854973361,7.508831724614683,1929177,7.359226226806641,0.1496054978080421,1,3.0517578125e-05,32768
89301,325.88859337498434,1081888551260,7.503578881769847,1927811,7.354015350341797,0.14956353142805057,1,3.0517578125e-05,32768
89401,326.2172055828851,1082925346928,7.509625907663815,1929138,7.359077453613281,0.15054845405053374,1,3.0517578125e-05,32768
89501,326.55382716609165,1083960765643,7.511207139903538,1927836,7.3541107177734375,0.15709642213010078,1,3.0517578125e-05,32768
89601,326.8860409159679,1085008405984,7.511172124488817,1928358,7.356101989746094,0.15507013474272302,2,6.103515625e-05,32767
89701,327.21492725005373,1086047059195,7.508202798014933,1926791,7.350124359130859,0.1580784388840737,1,3.0517578125e-05,32768
89801,327.5484641660005,1087088118917,7.514863021301268,1928007,7.354763031005859,0.160099990295409,2,6.103515625e-05,32767
89901,327.8795590000227,1088146214981,7.5132316014520795,1927383,7.352382659912109,0.1608489415399701,1,3.0517578125e-05,32768
90001,328.2109075409826,1089192525731,7.511609322373041,1927412,7.3524932861328125,0.15911603624022863,1,3.0517578125e-05,32768
90101,328.5462105409242,1090238544512,7.510629798502625,1925883,7.346660614013672,0.1639691844889528,2,6.103515625e-05,32766
90201,328.87700841599144,1091277880709,7.509862801148687,1926714,7.349830627441406,0.16003217370728073,1,3.0517578125e-05,32768
90301,329.20948008308187,1092316340031,7.5121280539732345,1928718,7.357475280761719,0.15465277321151571,1,3.0517578125e-05,32768
90401,329.5441607499961,1093362904145,7.512684173152893,1928334,7.356010437011719,0.1566737361411743,1,3.0517578125e-05,32768
90501,329.8882922499906,1094414642024,7.513986627457105,1929983,7.362300872802734,0.15168575465437062,2,6.103515625e-05,32767
90601,330.2177533749491,1095457165153,7.514531155824918,1930505,7.364292144775391,0.15023901104952753,1,3.0517578125e-05,32768
90701,330.55059320805594,1096492426758,7.515686181361616,1930086,7.362693786621094,0.1529923947405223,2,6.103515625e-05,32767
90801,330.88308137492277,1097539680087,7.515508580715347,1932773,7.372943878173828,0.14256470254151932,1,3.0517578125e-05,32768
90901,331.22061141603626,1098611224265,7.514117460277546,1930219,7.363201141357422,0.1509163189201237,1,3.0517578125e-05,32768
91001,331.56089479103684,1099681296651,7.510094721315998,1928785,7.357730865478516,0.15236385583748202,1,3.0517578125e-05,32768
91101,331.89555945806205,1100745302193,7.505767079333067,1927712,7.3536376953125,0.15212938402056686,1,3.0517578125e-05,32768
91201,332.23003991600126,1101813802752,7.50916924566653,1929231,7.359432220458984,0.1497370252075454,1,3.0517578125e-05,32768
91301,332.5654173749499,1102873032057,7.511794465261223,1931116,7.3666229248046875,0.1451715404565359,1,3.0517578125e-05,32768
91401,332.9007836659439,1103929185313,7.506755745265036,1929840,7.36175537109375,0.14500037417128642,1,3.0517578125e-05,32768
91501,333.2360111249145,1104986460402,7.504746317130509,1928452,7.3564605712890625,0.14828574584144683,2,6.103515625e-05,32767
91601,333.5746209160425,1106045234169,7.502257937288396,1928700,7.3574066162109375,0.1448513210774589,2,6.103515625e-05,32766
91701,333.90977616608143,1107114777030,7.503638862872601,1927466,7.352699279785156,0.15093958308744515,5,0.000152587890625,32763
91801,334.24589979089797,1108180116806,7.501867562709538,1926805,7.350177764892578,0.15168979781696024,1,3.0517578125e-05,32768
91901,334.58713741600513,1109241021015,7.499604250607598,1924896,7.3428955078125,0.1567087427950984,2,6.103515625e-05,32767
92001,334.9196899160743,1110299273651,7.500773247834516,1925761,7.346195220947266,0.15457802688725053,2,6.103515625e-05,32767
92101,335.28556904103607,1111348538266,7.503031914949486,1927808,7.35400390625,0.14902800869948596,1,3.0517578125e-05,32768
92201,335.6349414999131,1112403024572,7.513097774626036,1931394,7.367683410644531,0.1454143639815051,1,3.0517578125e-05,32768
92301,335.9685967909172,1113455581059,7.514018231459648,1931661,7.368701934814453,0.14531629664519485,1,3.0517578125e-05,32768
92401,336.3021179160569,1114504504865,7.519972063446128,1934904,7.381072998046875,0.13889906539925256,1,3.0517578125e-05,32768
92501,336.63825945788994,1115560608227,7.52063113952271,1934355,7.378978729248047,0.1416524102746628,1,3.0517578125e-05,32768
92601,336.9731167908758,1116621791570,7.518523895652561,1934895,7.381038665771484,0.1374852298810767,2,6.103515625e-05,32767
92701,337.3110100829508,1117691544270,7.514955330637765,1934910,7.381095886230469,0.13385944440729602,1,3.0517578125e-05,32768
92801,337.6518368748948,1118755985146,7.5174387798645785,1935715,7.384166717529297,0.13327206233528166,1,3.0517578125e-05,32768
92901,337.9831069998909,1119805869541,7.52168238137522,1936616,7.387603759765625,0.1340786216095946,2,6.103515625e-05,32767
93001,338.3133587499615,1120841060325,7.518534192235631,1933774,7.376762390136719,0.14177180209891205,1,3.0517578125e-05,32768
93101,338.6535462499596,1121878414979,7.514324215306116,1933667,7.376354217529297,0.1379699977768194,2,6.103515625e-05,32767
93201,338.98321162490174,1122921073210,7.517680847398608,1935133,7.381946563720703,0.13573428367790452,1,3.0517578125e-05,32768
93301,339.31474470789544,1123973489729,7.5211712737919445,1935923,7.384960174560547,0.13621109923139763,1,3.0517578125e-05,32768
93401,339.6808464580681,1125032318415,7.522499036184019,1934488,7.379486083984375,0.14301295219964416,1,3.0517578125e-05,32768
93501,340.0159825410228,1126090609165,7.519818162032545,1932605,7.372303009033203,0.14751515299934148,1,3.0517578125e-05,32768
93601,340.35939524997957,1127154321869,7.517179370241724,1931517,7.368152618408203,0.14902675183352088,1,3.0517578125e-05,32768
93701,340.69595404108986,1128209272815,7.524072941166752,1933520,7.37579345703125,0.14827948413550196,1,3.0517578125e-05,32768
93801,341.02904287492856,1129261732726,7.521796848015242,1929358,7.359916687011719,0.16188016100352343,1,3.0517578125e-05,32768
93901,341.3605965410825,1130318351505,7.526664129051388,1930924,7.3658905029296875,0.1607736261217001,1,3.0517578125e-05,32768
94001,341.70212412509136,1131387499376,7.526767760287308,1931800,7.369232177734375,0.1575355825529332,1,3.0517578125e-05,32768
94101,342.04313475009985,1132468513554,7.524465004059328,1930408,7.363922119140625,0.16054288491870317,1,3.0517578125e-05,32768
94201,342.38338829088025,1133554259071,7.524709621846845,1930901,7.365802764892578,0.15890685695426665,2,6.103515625e-05,32767
94301,342.7247877079062,1134637183311,7.525101331132452,1933832,7.376983642578125,0.1481176885543274,1,3.0517578125e-05,32768
94401,343.0589077079203,1135701995544,7.526110750424641,1933837,7.377002716064453,0.1491080343601876,1,3.0517578125e-05,32768
94501,343.3931762080174,1136760512832,7.529949072516481,1935565,7.383594512939453,0.14635455957702792,1,3.0517578125e-05,32768
94601,343.7292242080439,1137818019463,7.526125832385646,1936963,7.388927459716797,0.13719837266884927,1,3.0517578125e-05,32768
94701,344.06921954103746,1138876003353,7.525665309601764,1937216,7.389892578125,0.13577273147676383,1,3.0517578125e-05,32768
94801,344.4143800830934,1139929995106,7.522551614662451,1936514,7.387214660644531,0.13533695401791945,1,3.0517578125e-05,32768
94901,344.7503262080718,1140981633240,7.518783701932098,1933795,7.376842498779297,0.14194120315280134,1,3.0517578125e-05,32768
95001,345.08709179097787,1142048950628,7.517946992514238,1934170,7.378273010253906,0.1396739822603319,1,3.0517578125e-05,32768
95101,345.4219507910311,1143121033120,7.517398665751855,1934521,7.379611968994141,0.13778669675771393,1,3.0517578125e-05,32768
95201,345.76391216600314,1144201415608,7.518520891325577,1933457,7.375553131103516,0.1429677602220618,1,3.0517578125e-05,32768
95301,346.1021453749854,1145291188696,7.523362981480004,1935136,7.3819580078125,0.1414049736675036,1,3.0517578125e-05,32768
95401,346.44270804105327,1146374360458,7.525715401066975,1936480,7.3870849609375,0.13863044012947512,2,6.103515625e-05,32766
95501,346.78377450001426,1147466942637,7.527313140277457,1937019,7.389141082763672,0.1381720575137848,1,3.0517578125e-05,32768
95601,347.1219992910046,1148549161834,7.526072675259333,1937644,7.3915252685546875,0.1345474067046455,1,3.0517578125e-05,32768
95701,347.45981791592203,1149622199342,7.527533891452185,1938938,7.396461486816406,0.13107240463577874,1,3.0517578125e-05,32768
95801,347.79882304091007,1150689151118,7.528986009533027,1939350,7.398033142089844,0.13095286744318368,1,3.0517578125e-05,32768
95901,348.14535904093646,1151755792788,7.527051153203303,1939261,7.397693634033203,0.12935751917009952,1,3.0517578125e-05,32768
96001,348.49688366591,1152829174886,7.525174121876996,1939050,7.396888732910156,0.12828538896684005,1,3.0517578125e-05,32768
96101,348.8373984999489,1153911339398,7.525679107432927,1938046,7.393058776855469,0.13262033057745803,2,6.103515625e-05,32767
96201,349.1747902079951,1154994242845,7.5284462070145,1939406,7.398246765136719,0.13019944187778165,1,3.0517578125e-05,32768
96301,349.5125949999783,1156069485166,7.528523342891196,1940052,7.4007110595703125,0.12781228332088368,1,3.0517578125e-05,32768
96401,349.8466185000725,1157141744041,7.5264054874934185,1941099,7.404705047607422,0.12170043988599666,1,3.0517578125e-05,32768
96501,350.1806517499499,1158195215642,7.525175518018673,1938281,7.393955230712891,0.1312202873057826,1,3.0517578125e-05,32768
96601,350.5354249998927,1159251592997,7.524182599747602,1940300,7.4016571044921875,0.1225254952554149,1,3.0517578125e-05,32768
96701,350.870702000102,1160299130213,7.519499785088312,1940299,7.401653289794922,0.11784649529339042,2,6.103515625e-05,32767
96801,351.2091676250566,1161353845649,7.51745875646504,1935799,7.384487152099609,0.13297160436543098,1,3.0517578125e-05,32768
96901,351.5496252910234,1162417532958,7.514649925114622,1935585,7.383670806884766,0.13097911822985608,1,3.0517578125e-05,32768
97001,351.8844104579184,1163475972037,7.5183241084073416,1937194,7.389808654785156,0.1285154536221853,2,6.103515625e-05,32767
97101,352.21759241609834,1164519912966,7.51866656112713,1935138,7.381965637207031,0.13670092392009892,1,3.0517578125e-05,32768
97201,352.5528855000157,1165570533909,7.519596222121559,1935081,7.381748199462891,0.1378480226586687,1,3.0517578125e-05,32768
97301,352.8894567498937,1166625495985,7.5133087761603115,1930928,7.36590576171875,0.14740301444156145,1,3.0517578125e-05,32768
97401,353.22628787509166,1167691203211,7.517602089214952,1933936,7.37738037109375,0.140221718121202,1,3.0517578125e-05,32768
97501,353.5648541660048,1168757493148,7.516719391590675,1934230,7.378501892089844,0.13821749950083095,2,6.103515625e-05,32767
97601,353.90124404104427,1169819986303,7.513728495434949,1934703,7.380306243896484,0.1334222515384642,1,3.0517578125e-05,32768
97701,354.2581832909491,1170870560555,7.5140802170381304,1935333,7.382709503173828,0.13137071386430232,1,3.0517578125e-05,32768
97801,354.5977745000273,1171918375086,7.507840800678613,1932025,7.370090484619141,0.1377503160594724,1,3.0517578125e-05,32768
97901,354.92858929093927,1172955369651,7.510544661083557,1932933,7.373554229736328,0.136990431347229,1,3.0517578125e-05,32768
98001,355.25828662491404,1173986135957,7.514176988069451,1934116,7.3780670166015625,0.1361099714678886,1,3.0517578125e-05,32768
98101,355.5918978750706,1175025204888,7.515910429973559,1934127,7.378108978271484,0.13780145170207447,1,3.0517578125e-05,32768
98201,355.92170950002037,1176059024647,7.5146027831458255,1933349,7.375141143798828,0.1394616393469974,3,9.1552734375e-05,32766
98301,356.25317212496884,1177095202981,7.517517330514899,1935948,7.3850555419921875,0.1324617885227113,1,3.0517578125e-05,32768
98401,356.5880400000606,1178133236321,7.522446592080205,1936709,7.387958526611328,0.1344880654688767,1,3.0517578125e-05,32768
98501,356.9179035408888,1179181031240,7.521920860788814,1936867,7.388561248779297,0.1333596120095173,1,3.0517578125e-05,32768
98601,357.25059904088266,1180230202132,7.518785037239896,1934443,7.379314422607422,0.139470614632474,2,6.103515625e-05,32766
98701,357.5954796660226,1181291719039,7.5183348759783,1935521,7.383426666259766,0.13490820971853434,2,6.103515625e-05,32767
98801,357.93282141606323,1182359831282,7.521275169745767,1935122,7.381904602050781,0.13937056769498568,1,3.0517578125e-05,32768
98901,358.26689533307217,1183427235026,7.522256906232695,1933675,7.376384735107422,0.14587217112527284,2,6.103515625e-05,32767
99001,358.60547329089604,1184492370582,7.5227716231728765,1933734,7.376609802246094,0.14616182092678276,1,3.0517578125e-05,32768
99101,358.9426673750859,1185552411280,7.523528926207202,1933878,7.377159118652344,0.1463698075548585,1,3.0517578125e-05,32768
99201,359.2774257499259,1186605753395,7.525578788802861,1933624,7.376190185546875,0.14938860325598569,1,3.0517578125e-05,32768
99301,359.6104548329022,1187645825435,7.529339564380494,1935375,7.382869720458984,0.1464698439215093,1,3.0517578125e-05,32768
99401,359.9385713750962,1188662219082,7.527409305250993,1935651,7.383922576904297,0.14348672834669607,1,3.0517578125e-05,32768
99501,360.2675124579109,1189676113935,7.526092328087133,1935243,7.382366180419922,0.14372614766721092,1,3.0517578125e-05,32768
99601,360.59511104109697,1190682973196,7.5263281708505945,1935380,7.3828887939453125,0.14343937690528197,1,3.0517578125e-05,32768
99701,360.92899429099634,1191675600237,7.529582764305523,1936154,7.385841369628906,0.14374139467661706,1,3.0517578125e-05,32768
99801,361.25455474993214,1192667826082,7.522922002741479,1936058,7.385475158691406,0.13744684405007312,1,3.0517578125e-05,32768
99901,361.58400891604833,1193665581582,7.528681827179393,1938508,7.3948211669921875,0.13386066018720566,1,3.0517578125e-05,32768
100000,361.9058358750772,1194652480885,7.527975990660925,1937463,7.390834808349609,0.137141182311316,1,3.0517578125e-05,32768
