epoch,elapsed_seconds,character_reads,byte_entropy,brotli_size,compressed_bpb,high_order_entropy,dominant_tape_count,dominant_tape_fraction,distinct_tapes
1,1.9457013751380146,9823089,7.999902563148014,2097251,8.000377655029297,-0.00047509188128280755,1,3.0517578125e-05,32768
101,2.271014291094616,940849834,7.998864014297444,2061198,7.862846374511719,0.13601763978572556,1,3.0517578125e-05,32768
201,2.590627250028774,1847352876,7.996717245435338,2033418,7.756874084472656,0.23984316096268188,2,6.103515625e-05,32766
301,2.9109960000496358,2754700672,7.993816462545586,2017920,7.69775390625,0.29606255629558564,2,6.103515625e-05,32767
401,3.1893815831281245,3659806033,7.98846871431668,2007295,7.657222747802734,0.33124596651394533,1,3.0517578125e-05,32768
501,3.466786833014339,4558347706,7.980778989889259,1999369,7.626987457275391,0.35379153261386875,2,6.103515625e-05,32765
601,3.7441880831029266,5441280642,7.972739356427969,1992215,7.599697113037109,0.37304224339085934,2,6.103515625e-05,32764
701,4.025745915947482,6316172750,7.96512948573317,1991530,7.597084045410156,0.368045440323014,3,9.1552734375e-05,32762
801,4.301497749984264,7186118259,7.954895197231474,1991047,7.595241546630859,0.35965365060061494,5,0.000152587890625,32761
901,4.58102308306843,8061296543,7.945849971424773,1992824,7.602020263671875,0.34382970775289756,3,9.1552734375e-05,32764
1001,4.859411207959056,8934328825,7.935692861564494,1992527,7.600887298583984,0.33480556298050956,3,9.1552734375e-05,32766
1101,5.143289207946509,9810519890,7.925873885014006,1993843,7.605907440185547,0.3199664448284594,2,6.103515625e-05,32765
1201,5.423385583097115,10677851622,7.914396097523815,1994335,7.607784271240234,0.3066118262835804,4,0.0001220703125,32760
1301,5.720936290919781,11533218868,7.904583127134048,1992500,7.6007843017578125,0.30379882537623537,2,6.103515625e-05,32765
1401,6.002354541094974,12388394855,7.891203855147439,1989554,7.589546203613281,0.3016576515341578,2,6.103515625e-05,32766
1501,6.281911124940962,13237484717,7.876624432583058,1986341,7.577289581298828,0.29933485128422976,4,0.0001220703125,32764
1601,6.561854749917984,14072597153,7.861572334099767,1986178,7.576667785644531,0.28490454845523594,2,6.103515625e-05,32765
1701,6.844907165970653,14921104400,7.852244693133756,1984050,7.568550109863281,0.28369458327047514,4,0.0001220703125,32765
1801,7.13682754104957,15795438186,7.839572845717398,1977810,7.544746398925781,0.2948264467916166,2,6.103515625e-05,32765
1901,7.427572291111574,16685478177,7.823433511800696,1972592,7.52484130859375,0.2985922032069457,2,6.103515625e-05,32766
2001,7.722910833079368,17600837946,7.809935052115195,1971576,7.520965576171875,0.2889694759433201,2,6.103515625e-05,32767
2101,8.026364041026682,18536570980,7.795253361887951,1969339,7.512432098388672,0.2828212634992795,1,3.0517578125e-05,32768
2201,8.329098666086793,19481207011,7.785111041840107,1969742,7.513969421386719,0.2711416204533883,3,9.1552734375e-05,32765
2301,8.631177250063047,20423320799,7.770349106164681,1967602,7.505805969238281,0.26454313692639975,1,3.0517578125e-05,32768
2401,8.940130583010614,21380185510,7.757326377559579,1968890,7.510719299316406,0.24660707824317285,5,0.000152587890625,32764
2501,9.255684040952474,22357017980,7.7432284267189,1966298,7.500831604003906,0.2423968227149942,1,3.0517578125e-05,32768
2601,9.569966624956578,23349898976,7.7268265744923355,1965820,7.4990081787109375,0.22781839578139795,2,6.103515625e-05,32767
2701,9.888845165958628,24374581020,7.7137448696548265,1964445,7.493762969970703,0.2199818996841234,2,6.103515625e-05,32767
2801,10.214740500086918,25412084636,7.702294988651178,1965579,7.498088836669922,0.20420615198125613,5,0.000152587890625,32764
2901,10.542341666063294,26462017213,7.691931976381939,1966384,7.50115966796875,0.19077230841318915,2,6.103515625e-05,32766
3001,10.871792541118339,27519610673,7.684245264935599,1966044,7.4998626708984375,0.18438259403716106,1,3.0517578125e-05,32768
3101,11.203338416060433,28587500036,7.678057102624283,1967291,7.504619598388672,0.17343750423561133,1,3.0517578125e-05,32768
3201,11.536883540917188,29666008613,7.67261378945816,1968537,7.509372711181641,0.16324107827651968,1,3.0517578125e-05,32768
3301,11.87024891609326,30736047235,7.662406426805058,1968370,7.508735656738281,0.15367077006677654,1,3.0517578125e-05,32768
3401,12.206944999983534,31818148054,7.656486109838741,1968264,7.508331298828125,0.1481548110106159,1,3.0517578125e-05,32768
3501,12.542850458063185,32901467708,7.648551645872828,1967376,7.50494384765625,0.14360779821657843,1,3.0517578125e-05,32768
3601,12.87798283295706,33986119935,7.642020551178718,1967989,7.507282257080078,0.13473829409864013,1,3.0517578125e-05,32768
3701,13.216703166021034,35069321817,7.637400739139262,1969422,7.512748718261719,0.12465202087754346,1,3.0517578125e-05,32768
3801,13.552186415996403,36149314426,7.634274680036154,1970334,7.516227722167969,0.11804695786818531,1,3.0517578125e-05,32768
3901,13.894132041139528,37250960661,7.633785316509941,1972093,7.522937774658203,0.11084754185173828,1,3.0517578125e-05,32768
4001,14.238344541052356,38365226470,7.630347739093575,1971503,7.520687103271484,0.10966063582209085,1,3.0517578125e-05,32768
4101,14.582656332990155,39473574897,7.620858392153654,1969742,7.513969421386719,0.10688897076693493,1,3.0517578125e-05,32768
4201,14.930100040975958,40588046782,7.613274458367285,1968133,7.507831573486328,0.10544288488095699,1,3.0517578125e-05,32768
4301,15.2731366250664,41699340409,7.612568339831253,1969480,7.512969970703125,0.09959836912812836,1,3.0517578125e-05,32768
4401,15.643974957987666,42814491806,7.609446312150127,1970649,7.517429351806641,0.09201696034348661,1,3.0517578125e-05,32768
4501,15.989721500081941,43927003320,7.605999067644506,1971367,7.520168304443359,0.08583076320114635,1,3.0517578125e-05,32768
4601,16.335541000124067,45043701809,7.607070904535028,1971630,7.521171569824219,0.08589933471080968,1,3.0517578125e-05,32768
4701,16.6810150409583,46165711824,7.607750193141026,1971898,7.522193908691406,0.08555628444961982,1,3.0517578125e-05,32768
4801,17.028280124999583,47313358543,7.60844219955863,1972854,7.525840759277344,0.08260144028128646,1,3.0517578125e-05,32768
4901,17.3759306659922,48470607005,7.607031954441519,1971392,7.520263671875,0.0867682825665188,1,3.0517578125e-05,32768
5001,17.725076457951218,49625673218,7.604953689288225,1970053,7.515155792236328,0.08979789705189667,1,3.0517578125e-05,32768
5101,18.07395275007002,50780802963,7.601315360464582,1968393,7.508823394775391,0.0924919656891916,1,3.0517578125e-05,32768
5201,18.425152082927525,51946998800,7.600589895528813,1967712,7.5062255859375,0.09436430959131314,2,6.103515625e-05,32767
5301,18.77478529093787,53110649994,7.59753466786891,1966970,7.503395080566406,0.09413958730250371,1,3.0517578125e-05,32768
5401,19.12755149998702,54283736941,7.593554879134984,1965217,7.496707916259766,0.09684696287521799,1,3.0517578125e-05,32768
5501,19.477503708098084,55462449066,7.589760445283576,1963124,7.4887237548828125,0.1010366904007638,1,3.0517578125e-05,32768
5601,19.83014416601509,56644853137,7.581902344573197,1960256,7.477783203125,0.104119141448197,1,3.0517578125e-05,32768
5701,20.187765582930297,57838309814,7.578330714009176,1961014,7.480674743652344,0.09765597035683182,1,3.0517578125e-05,32768
5801,20.54247225006111,59030470324,7.573352758144546,1960472,7.478607177734375,0.09474558041017112,1,3.0517578125e-05,32768
5901,20.89690462499857,60223060429,7.5631211273981425,1957743,7.468196868896484,0.09492425850165809,1,3.0517578125e-05,32768
6001,21.25924641592428,61418213102,7.5616012552833105,1958098,7.469551086425781,0.09205016885752926,2,6.103515625e-05,32767
6101,21.60939612495713,62611295330,7.562943234185303,1957911,7.468837738037109,0.09410549614819352,1,3.0517578125e-05,32768
6201,21.96426249993965,63788842260,7.558021966615498,1955662,7.460258483886719,0.09776348272877922,1,3.0517578125e-05,32768
6301,22.31901037506759,64958054192,7.5587508321780765,1956469,7.463336944580078,0.0954138875979984,1,3.0517578125e-05,32768
6401,22.66937162494287,66116430728,7.561723506535434,1956231,7.462429046630859,0.09929445990457442,1,3.0517578125e-05,32768
6501,23.019458000082523,67265423217,7.560863558172013,1956968,7.465240478515625,0.09562307965638794,1,3.0517578125e-05,32768
6601,23.36959279095754,68414022940,7.560144952997874,1955339,7.459026336669922,0.10111861632795183,1,3.0517578125e-05,32768
6701,23.717478499980643,69548196001,7.558565631361468,1954843,7.457134246826172,0.10143138453529588,1,3.0517578125e-05,32768
6801,24.067949125077575,70668016477,7.562605507831603,1956308,7.4627227783203125,0.09988272951129051,1,3.0517578125e-05,32768
6901,24.414029125124216,71793158416,7.562644924985318,1956546,7.463630676269531,0.09901424871578701,1,3.0517578125e-05,32768
7001,24.75402370793745,72910828722,7.559580837634675,1955013,7.457782745361328,0.1017980922733468,1,3.0517578125e-05,32768
7101,25.09810045803897,74027170949,7.547471670204613,1952904,7.449737548828125,0.0977341213764884,1,3.0517578125e-05,32768
7201,25.44135820795782,75131482397,7.545658667281064,1952219,7.447124481201172,0.09853418607989184,2,6.103515625e-05,32767
7301,25.782451374921948,76231037533,7.547534829832361,1952878,7.449638366699219,0.09789646313314204,1,3.0517578125e-05,32768
7401,26.12516870792024,77314567579,7.546167839710029,1952313,7.447483062744141,0.09868477696588851,1,3.0517578125e-05,32768
7501,26.462850332958624,78385578137,7.5393576448961,1951189,7.443195343017578,0.09616230187852182,1,3.0517578125e-05,32768
7601,26.810953791020438,79445565507,7.531114786541062,1948906,7.434486389160156,0.0966283973809059,2,6.103515625e-05,32767
7701,27.14332408295013,80492088359,7.526099068771105,1947822,7.430351257324219,0.09574781144688593,1,3.0517578125e-05,32768
7801,27.481321749975905,81547558919,7.523324104478161,1946516,7.4253692626953125,0.09795484178284841,1,3.0517578125e-05,32768
7901,27.818958665942773,82600510428,7.515723086160073,1946132,7.4239044189453125,0.09181866721476073,1,3.0517578125e-05,32768
8001,28.15525162499398,83630514061,7.5130029177252595,1946268,7.4244232177734375,0.08857969995182202,1,3.0517578125e-05,32768
8101,28.48542270809412,84654400478,7.504879942509477,1944888,7.419158935546875,0.08572100696260243,1,3.0517578125e-05,32768
8201,28.818806416122243,85687839427,7.499590290970566,1944376,7.417205810546875,0.08238448042369129,1,3.0517578125e-05,32768
8301,29.154940458014607,86719299671,7.498525033340071,1944588,7.4180145263671875,0.08051050697288353,1,3.0517578125e-05,32768
8401,29.488426415948197,87746079511,7.503934444266364,1944314,7.416969299316406,0.086965144949958,1,3.0517578125e-05,32768
8501,29.820727833081037,88773227266,7.5016634602075065,1943872,7.415283203125,0.08638025708250652,1,3.0517578125e-05,32768
8601,30.15511079109274,89801046236,7.498948159604743,1942859,7.411418914794922,0.08752924480982127,1,3.0517578125e-05,32768
8701,30.485740666044876,90826692999,7.495352724035113,1940804,7.4035797119140625,0.09177301212105071,1,3.0517578125e-05,32768
8801,30.81612370791845,91840555291,7.5008859039048055,1942884,7.4115142822265625,0.08937162167824297,1,3.0517578125e-05,32768
8901,31.148339207982644,92859446495,7.499449841991961,1943958,7.415611267089844,0.0838385749021171,1,3.0517578125e-05,32768
9001,31.47856729105115,93881418441,7.50239455445659,1944624,7.41815185546875,0.08424269898783976,1,3.0517578125e-05,32768
9101,31.803930416004732,94892721448,7.503095945613681,1944981,7.419513702392578,0.08358224322110264,2,6.103515625e-05,32767
9201,32.13388079102151,95894248355,7.502935828926944,1945736,7.422393798828125,0.08054203009881888,1,3.0517578125e-05,32768
9301,32.46100137499161,96892872564,7.507136997202713,1946277,7.424457550048828,0.0826794471538852,1,3.0517578125e-05,32768
9401,32.79138095793314,97898076608,7.513605420811973,1946875,7.426738739013672,0.08686668179830104,2,6.103515625e-05,32767
9501,33.121836540987715,98897811257,7.510374473837114,1946094,7.423759460449219,0.08661501338789535,1,3.0517578125e-05,32768
9601,33.448125540977344,99895487485,7.511439282677826,1945263,7.420589447021484,0.09084983565634186,1,3.0517578125e-05,32768
9701,33.77509058313444,100901529420,7.510816281388225,1945686,7.422203063964844,0.08861321742338113,1,3.0517578125e-05,32768
9801,34.10503145796247,101918897043,7.515399555036208,1945552,7.42169189453125,0.0937076605049576,1,3.0517578125e-05,32768
9901,34.431602250086144,102930153457,7.510166870375859,1941033,7.404453277587891,0.10571359278796866,2,6.103515625e-05,32767
10001,34.75961512513459,103945572618,7.5110354970957784,1939814,7.399803161621094,0.1112323354746847,1,3.0517578125e-05,32768
10101,35.094226707937196,104966299949,7.512674041982885,1939225,7.397556304931641,0.11511773705124462,1,3.0517578125e-05,32768
10201,35.42287658294663,105982802728,7.510863117800448,1940303,7.401668548583984,0.10919456921646375,1,3.0517578125e-05,32768
10301,35.77913362509571,106997527272,7.511481129964507,1940346,7.401832580566406,0.10964854939810031,1,3.0517578125e-05,32768
10401,36.110814332962036,108003651215,7.5117276668577855,1942451,7.409862518310547,0.1018651485472386,1,3.0517578125e-05,32768
10501,36.43832695810124,109019927095,7.506670485936526,1940199,7.401271820068359,0.10539866586816693,1,3.0517578125e-05,32768
10601,36.77278204099275,110051567883,7.503908774274227,1938171,7.393535614013672,0.1103731602605551,1,3.0517578125e-05,32768
10701,37.10616008308716,111072361796,7.503540488634805,1937357,7.390430450439453,0.11311003819535159,1,3.0517578125e-05,32768
10801,37.43633725005202,112083255377,7.504650618342256,1937372,7.3904876708984375,0.11416294744381883,2,6.103515625e-05,32767
10901,37.765866791130975,113097451663,7.504077452854421,1937513,7.391025543212891,0.11305190964153056,1,3.0517578125e-05,32768
11001,38.09512974997051,114108577349,7.503837993090683,1937530,7.391090393066406,0.11274760002427708,1,3.0517578125e-05,32768
11101,38.42163500003517,115121268934,7.501418902708715,1936548,7.3873443603515625,0.11407454235715253,1,3.0517578125e-05,32768
11201,38.74898224999197,116122187211,7.502763444498624,1938848,7.3961181640625,0.10664528043612442,1,3.0517578125e-05,32768
11301,39.0737590410281,117124208689,7.504501987566153,1936404,7.3867950439453125,0.11770694362084022,1,3.0517578125e-05,32768
11401,39.40211099991575,118139547668,7.507234103620952,1936263,7.386257171630859,0.12097693199009285,1,3.0517578125e-05,32768
11501,39.7301180830691,119154361774,7.508648057023874,1936846,7.388481140136719,0.12016691688715486,1,3.0517578125e-05,32768
11601,40.06420604093,120172229140,7.515591539425962,1936679,7.387844085693359,0.12774745373260288,1,3.0517578125e-05,32768
11701,40.39429191593081,121192458829,7.512626384209213,1937233,7.389957427978516,0.12266895623069729,1,3.0517578125e-05,32768
11801,40.724963166052476,122227679062,7.510288623328942,1936998,7.389060974121094,0.12122764920784856,1,3.0517578125e-05,32768
11901,41.054020249983296,123253215358,7.503999177363804,1934996,7.3814239501953125,0.12257522716849145,1,3.0517578125e-05,32768
12001,41.386599166085944,124286261241,7.4971159370298,1932547,7.372081756591797,0.12503418043800352,1,3.0517578125e-05,32768
12101,41.718375582946464,125322860696,7.500919922511687,1933042,7.373970031738281,0.1269498907734059,1,3.0517578125e-05,32768
12201,42.05219866591506,126346220644,7.504150399035787,1934104,7.378021240234375,0.12612915880141173,1,3.0517578125e-05,32768
12301,42.37998916604556,127363095571,7.502807203010637,1934017,7.377689361572266,0.1251178414383718,1,3.0517578125e-05,32768
12401,42.71037320792675,128388876685,7.50334744466973,1934515,7.379589080810547,0.12375836385918326,1,3.0517578125e-05,32768
12501,43.04176745796576,129424688279,7.498500559608932,1933214,7.374626159667969,0.12387439994096283,2,6.103515625e-05,32765
12601,43.37780145811848,130477941690,7.4990958589494445,1932246,7.370933532714844,0.12816232623460078,1,3.0517578125e-05,32768
12701,43.7114390830975,131519153435,7.49849579777948,1933395,7.375316619873047,0.12317917790643307,1,3.0517578125e-05,32768
12801,44.047717083012685,132564424350,7.4954234692159,1931975,7.369899749755859,0.12552371946004026,1,3.0517578125e-05,32768
12901,44.383821290917695,133608804016,7.498310397679353,1934576,7.37982177734375,0.11848862033560259,1,3.0517578125e-05,32768
13001,44.76723524997942,134656864842,7.4943579299293015,1931816,7.369293212890625,0.1250647170386765,1,3.0517578125e-05,32768
13101,45.11830800003372,135705937923,7.492879360273111,1930207,7.363155364990234,0.12972399528287681,1,3.0517578125e-05,32768
13201,45.450590500142425,136756773730,7.4939513549943815,1931997,7.369983673095703,0.12396768189867835,1,3.0517578125e-05,32768
13301,45.8036014160607,137799906416,7.495297842443626,1932551,7.372097015380859,0.12320082706276647,1,3.0517578125e-05,32768
13401,46.14240783313289,138842534409,7.490975853021824,1932601,7.372287750244141,0.11868810277768294,1,3.0517578125e-05,32768
13501,46.47621208312921,139884365330,7.492915524872139,1933297,7.374942779541016,0.11797274533112301,1,3.0517578125e-05,32768
13601,46.810802166117355,140929021006,7.496268938930054,1934817,7.380741119384766,0.11552781954528868,1,3.0517578125e-05,32768
13701,47.1484721659217,141968758885,7.498168960593877,1933471,7.375606536865234,0.12256242372864268,1,3.0517578125e-05,32768
13801,47.480305625125766,143005003059,7.507902439282706,1937522,7.391059875488281,0.11684256379442459,1,3.0517578125e-05,32768
13901,47.808037125039846,144042731840,7.516402218616131,1939530,7.398719787597656,0.11768243101847453,2,6.103515625e-05,32767
14001,48.17215208313428,145091329713,7.517843241308377,1936427,7.386882781982422,0.13096045932595501,1,3.0517578125e-05,32768
14101,48.50871737510897,146138580319,7.516084033803114,1935953,7.385074615478516,0.13100941832459867,1,3.0517578125e-05,32768
14201,48.847420250065625,147192965588,7.514553577151318,1934594,7.379890441894531,0.13466313525678686,1,3.0517578125e-05,32768
14301,49.19022529106587,148235833464,7.516854621630286,1934526,7.379631042480469,0.13722357914981753,1,3.0517578125e-05,32768
14401,49.53121729101986,149283114563,7.514377680637779,1934919,7.381130218505859,0.1332474621319193,2,6.103515625e-05,32767
14501,49.86085249995813,150320543895,7.512354053020774,1933081,7.374118804931641,0.13823524808913312,1,3.0517578125e-05,32768
14601,50.19574362505227,151363599953,7.506527221506376,1931507,7.368114471435547,0.1384127500708292,1,3.0517578125e-05,32768
14701,50.52731425012462,152402545459,7.50553217062956,1931298,7.367317199707031,0.13821497092252866,2,6.103515625e-05,32767
14801,50.858781500020996,153434610106,7.505396106653222,1929802,7.361610412597656,0.14378569405556618,1,3.0517578125e-05,32768
14901,51.19094295799732,154459792192,7.500115032361128,1927391,7.352413177490234,0.1477018548708937,1,3.0517578125e-05,32768
15001,51.52283087512478,155487775618,7.497361486408347,1925392,7.34478759765625,0.1525738887520971,1,3.0517578125e-05,32768
15101,51.85157537506893,156530122078,7.491099156772591,1923980,7.3394012451171875,0.15169791165540314,1,3.0517578125e-05,32768
15201,52.19206975004636,157586316986,7.486581624322454,1922365,7.333240509033203,0.1533411152892512,1,3.0517578125e-05,32768
15301,52.525803375057876,158635411480,7.493339008755683,1923624,7.338043212890625,0.15529579586505804,1,3.0517578125e-05,32768
15401,52.859830416040495,159694274039,7.487417056574937,1921735,7.330837249755859,0.15657980681907802,1,3.0517578125e-05,32768
15501,53.19647816591896,160747210758,7.489777878026114,1923914,7.339149475097656,0.15062840292845792,1,3.0517578125e-05,32768
15601,53.5280731250532,161783448041,7.490675756044922,1923631,7.338069915771484,0.15260584027343782,1,3.0517578125e-05,32768
15701,53.862279958091676,162827564950,7.494677235754961,1925017,7.343357086181641,0.15132014957332007,1,3.0517578125e-05,32768
15801,54.19886775012128,163884812177,7.492445677674029,1927882,7.354286193847656,0.13815948382637266,1,3.0517578125e-05,32768
15901,54.53346504108049,164943487840,7.487892838017773,1927321,7.352146148681641,0.13574668933613232,1,3.0517578125e-05,32768
16001,54.87203012499958,165988901072,7.489149348005312,1927383,7.352382659912109,0.13676668809320258,1,3.0517578125e-05,32768
16101,55.22348850010894,167022789524,7.495541538328421,1930469,7.364154815673828,0.13138672265459306,2,6.103515625e-05,32767
16201,55.57216783310287,168048273505,7.4932215130105755,1925352,7.344635009765625,0.14858650324495049,3,9.1552734375e-05,32764
16301,55.95127650001086,169073141413,7.491857158401117,1924596,7.3417510986328125,0.15010605976830416,1,3.0517578125e-05,32768
16401,56.325346291065216,170099537857,7.485899201155118,1922479,7.333675384521484,0.15222381663363382,2,6.103515625e-05,32767
16501,56.67466133297421,171124248323,7.486459129663942,1922772,7.3347930908203125,0.15166603884362928,1,3.0517578125e-05,32768
16601,57.00554483314045,172141056235,7.481226002029218,1922473,7.333652496337891,0.14757350569132743,1,3.0517578125e-05,32768
16701,57.370857290923595,173159918935,7.478931764480981,1922364,7.3332366943359375,0.14569507014504346,1,3.0517578125e-05,32768
16801,57.701453250134364,174179155855,7.480117907644456,1924977,7.343204498291016,0.13691340935344076,1,3.0517578125e-05,32768
16901,58.03781675011851,175197016833,7.482984222095013,1927734,7.353721618652344,0.12926260344266893,1,3.0517578125e-05,32768
17001,58.36796387494542,176223731588,7.487214091101137,1929440,7.3602294921875,0.12698459891363711,1,3.0517578125e-05,32768
17101,58.698042874922976,177244977608,7.483038546556916,1927915,7.354412078857422,0.12862646769949393,1,3.0517578125e-05,32768
17201,59.06836058292538,178449931188,7.169161373757117,1579653,6.025897979736328,1.1432633940207886,141,0.004302978515625,31306
17301,59.5642603749875,180054401337,6.520601473102262,1048389,3.999286651611328,2.521314821490934,81,0.002471923828125,30080
17401,60.134031125111505,181976112449,5.950993505298771,838301,3.197864532470703,2.753128972828068,88,0.002685546875,26501
17501,61.9533509160392,190141013701,5.288566652675617,431849,1.6473731994628906,3.6411934532127264,119,0.003631591796875,15662
17601,63.92431791592389,198639232834,5.327134449949229,458829,1.7502937316894531,3.576840718259776,71,0.002166748046875,16504
17701,65.70993270794861,206361976959,5.3680387789513,486125,1.8544197082519531,3.513619070699347,71,0.002166748046875,17378
17801,67.49489745800383,214087180028,5.400442759827883,491888,1.87640380859375,3.5240389512341332,106,0.00323486328125,17416
17901,69.24378937506117,221671673770,5.45038143884379,519631,1.9822349548339844,3.4681464840098055,94,0.00286865234375,19078
18001,70.89187458297238,228696892942,5.534198374596209,537704,2.051177978515625,3.483020396080584,75,0.002288818359375,19189
18101,72.53916366607882,235749532831,5.57883779793122,531980,2.0293426513671875,3.5494951465640323,78,0.00238037109375,19023
18201,74.14015991613269,242543725934,5.630907334261934,540025,2.0600318908691406,3.5708754433927936,88,0.002685546875,19474
18301,75.68002312514,249017669084,5.733448759382176,580215,2.2133445739746094,3.5201041854075665,87,0.002655029296875,20923
18401,77.17100629094057,255329251469,5.7867146975483434,553557,2.111652374267578,3.6750623232807653,68,0.0020751953125,19776
18501,78.68142670812085,261762981915,5.810226295382831,567172,2.1635894775390625,3.6466368178437687,76,0.0023193359375,20520
18601,80.12897366611287,267865576105,5.853908236268909,586876,2.2387542724609375,3.6151539638079715,78,0.00238037109375,21414
18701,81.51199600007385,273722219237,5.905244807682993,582577,2.2223548889160156,3.6828899187669775,89,0.002716064453125,21402
18801,82.80645833304152,279199571275,5.946174536352746,600899,2.292247772216797,3.6539267641359494,77,0.002349853515625,22259
18901,84.0809627911076,284582059492,5.952736874230662,595923,2.273265838623047,3.679471035607615,100,0.0030517578125,22252
19001,85.24188287509605,289458814502,5.954139383792378,618824,2.360626220703125,3.593513163089253,68,0.0020751953125,24003
19101,86.36821374995634,294177419130,6.00336747490336,614048,2.3424072265625,3.66096024834086,68,0.0020751953125,23377
19201,87.46588641614653,298593989232,6.021428998493045,628427,2.397258758544922,3.624170239948123,80,0.00244140625,24533
19301,88.55555933294818,303163692169,6.040624676234424,616532,2.3518829345703125,3.6887417416641117,74,0.00225830078125,23939
19401,89.97060066601261,309343884787,6.12446712872732,490343,1.8705101013183594,4.25395702740896,86,0.00262451171875,17763
19501,91.65151366614737,316791459257,6.168826559701333,513126,1.9574203491210938,4.21140621058024,108,0.0032958984375,18455
19601,93.20140116591938,323614708474,6.217956113227947,556200,2.121734619140625,4.096221494087322,101,0.003082275390625,20291
19701,94.64369395794347,329929191970,6.256926674454628,567400,2.164459228515625,4.092467445939003,76,0.0023193359375,21322
19801,96.02521495800465,335901429407,6.3078230147481404,558316,2.1298065185546875,4.178016496193453,81,0.002471923828125,21504
19901,97.26500170794316,341334916252,6.312446807226444,594380,2.2673797607421875,4.045067046484257,112,0.00341796875,23627
20001,98.40886533306912,346193486482,6.32733520692887,603173,2.300922393798828,4.026412813130042,75,0.002288818359375,23762
20101,99.45003695809282,350534257707,6.30577804000426,632035,2.411022186279297,3.8947558537249627,74,0.00225830078125,25577
20201,100.37893037497997,354317500651,6.330376173317635,646684,2.4669036865234375,3.8634724867941976,48,0.00146484375,25900
20301,101.4724753331393,358901525517,6.494626837733545,515850,1.9678115844726562,4.526815253260889,92,0.0028076171875,19188
20401,103.0711533750873,366016661022,6.525169845078114,521381,1.9889106750488281,4.536259170029286,66,0.00201416015625,19372
20501,104.61215900001116,372825436896,6.576340024554305,522141,1.9918098449707031,4.584530179583602,85,0.002593994140625,18796
20601,106.16929541598074,379590932889,6.604665888883197,559714,2.1351394653320312,4.469526423551166,95,0.002899169921875,20404
20701,107.64234841591679,386091507637,6.655421450194259,536690,2.0473098754882812,4.608111574705978,90,0.00274658203125,19711
20801,109.09003391605802,392475162741,6.641759625861772,580428,2.2141571044921875,4.427602521369584,94,0.00286865234375,21677
20901,110.33225241606124,397921258517,6.655587475683799,586417,2.2370033264160156,4.418584149267783,108,0.0032958984375,22253
21001,111.52009879099205,403118842475,6.672581938745628,628124,2.3961029052734375,4.2764790334721905,61,0.001861572265625,23653
21101,112.62238104105927,407894454710,6.638643737377471,622919,2.3762474060058594,4.262396331371612,74,0.00225830078125,23819
21201,113.68436750001274,412426318546,6.606432982888519,646816,2.4674072265625,4.139025756326019,86,0.00262451171875,24875
21301,114.69924074993469,416708705003,6.567544752609404,647533,2.470142364501953,4.097402388107451,82,0.00250244140625,24950
21401,115.69959641597234,420975949616,6.559711081119257,631973,2.410785675048828,4.148925406070429,94,0.00286865234375,24828
21501,116.99235554109327,426537697053,6.725337397195844,468804,1.7883453369140625,4.936992060281781,119,0.003631591796875,16827
21601,118.66477070795372,434372663379,6.736583331162623,484231,1.8471946716308594,4.889388659531764,88,0.002685546875,17298
21701,120.26952104107477,441775586651,6.738772061311064,513894,1.9603500366210938,4.77842202468997,80,0.00244140625,18546
21801,121.86186495795846,448836068251,6.727228240855946,549234,2.0951614379882812,4.632066802867665,79,0.002410888671875,20423
21901,123.2858452911023,455001366851,6.715636996101038,553937,2.1131019592285156,4.602535036872522,75,0.002288818359375,20878
22001,124.64955562492833,461204112525,6.776394751172909,539841,2.0593299865722656,4.717064764600643,109,0.003326416015625,20385
22101,125.97278250008821,467080424537,6.83949111066072,572983,2.1857566833496094,4.653734427311111,69,0.002105712890625,21882
22201,127.27032179106027,472984558270,6.929251250391214,551167,2.1025352478027344,4.82671600258848,76,0.0023193359375,20793
22301,128.48439183295704,478487858199,6.926024551909289,593188,2.2628326416015625,4.663191910307726,79,0.002410888671875,23257
22401,129.66056208312511,483864613595,7.002182477990991,562629,2.146259307861328,4.855923170129663,74,0.00225830078125,21972
22501,130.84878454101272,489288486543,6.99622271442875,580314,2.2137222290039062,4.782500485424844,83,0.002532958984375,22578
22601,132.10042475000955,495174902461,7.003038000065305,525677,2.005298614501953,4.997739385563352,81,0.002471923828125,20200
22701,133.38641129108146,501269789015,7.056909027129667,559636,2.1348419189453125,4.922067108184354,74,0.00225830078125,21300
22801,134.58884920808487,506947390066,7.031333235439902,595595,2.272014617919922,4.75931861751998,61,0.001861572265625,23018
22901,135.65447866613977,511785205487,6.987774341014404,604679,2.3066673278808594,4.681107013133545,79,0.002410888671875,24073
23001,136.6290682500694,516173848820,6.999703233372474,614770,2.3451614379882812,4.654541795384192,100,0.0030517578125,24253
23101,138.01310104108416,522781697637,7.075062962882711,506095,1.9305992126464844,5.144463750236227,85,0.002593994140625,19115
23201,139.4665342499502,529688414022,7.036168279636577,521950,1.9910812377929688,5.045087041843608,66,0.00201416015625,19822
23301,140.79323054105043,535959594423,7.028881895749047,556137,2.1214942932128906,4.907387602536156,89,0.002716064453125,21455
23401,141.98442950006574,541429078098,7.049131960968242,564804,2.1545562744140625,4.894575686554179,57,0.001739501953125,21737
23501,143.17446691612713,546996697410,7.07083804571575,551409,2.1034584045410156,4.967379641174734,75,0.002288818359375,22184
23601,144.29563958314247,552333473152,7.060640204316819,566413,2.160694122314453,4.899946082002366,67,0.002044677734375,23562
23701,145.31805545813404,556945399393,7.06213673255363,590727,2.2534446716308594,4.808692060922771,69,0.002105712890625,24897
23801,146.1801944579929,560697434584,7.055169243715144,604826,2.3072280883789062,4.747941155336238,68,0.0020751953125,25857
23901,147.04707512492314,564308092604,7.057976109265612,616136,2.350372314453125,4.707603794812487,92,0.0028076171875,25701
24001,148.19667366612703,569742671733,7.106730021902764,510474,1.9473037719726562,5.159426249930108,96,0.0029296875,20521
24101,149.56365833291784,576318103274,7.1238900418452715,500067,1.9076042175292969,5.216285824315975,67,0.002044677734375,20115
24201,150.86611162498593,582494962531,7.1721722317988466,506378,1.9316787719726562,5.24049345982619,105,0.003204345703125,20638
24301,152.10913579096086,588383622548,7.165952793877931,545088,2.079345703125,5.086607090752931,74,0.00225830078125,22299
24401,153.2482026659418,593598819499,7.120463115109381,571972,2.1819000244140625,4.938563090695318,70,0.00213623046875,23343
24501,154.2969611249864,598234448104,7.12548090631412,581257,2.2173194885253906,4.90816141778873,85,0.002593994140625,24014
24601,155.32955275010318,602695940089,7.136270572406648,616892,2.3532562255859375,4.7830143468207105,73,0.002227783203125,24475
24701,156.36265116604045,607067186422,7.1193100180918085,604248,2.305023193359375,4.8142868247324335,73,0.002227783203125,24597
24801,157.35845291614532,611255015314,7.148415942917735,612779,2.337566375732422,4.810849567185313,82,0.00250244140625,24944
24901,158.33863175008446,615347996558,7.131251352722853,593117,2.262561798095703,4.86868955462715,86,0.00262451171875,24750
25001,159.88784479093738,622486000339,7.141913591694593,442205,1.6868782043457031,5.4550353873488895,111,0.003387451171875,16488
25101,161.608598458115,630471439521,7.152801129422379,476168,1.816436767578125,5.336364361844254,115,0.003509521484375,17426
25201,163.29159966600128,638155568245,7.176390911438632,487639,1.8601951599121094,5.316195751526522,88,0.002685546875,17924
25301,164.93439266597852,645647785893,7.157515386636181,483064,1.842742919921875,5.314772466714306,87,0.002655029296875,17938
25401,166.54529041610658,652823564166,7.117160791626524,511364,1.9506988525390625,5.166461939087461,105,0.003204345703125,19194
25501,168.0465617501177,659531912649,7.0894436170965145,522872,1.994598388671875,5.0948452284246395,88,0.002685546875,20193
25601,169.44072712492198,665799949848,7.119087589426368,531891,2.029003143310547,5.090084446115821,123,0.003753662109375,21351
25701,170.64787341607735,671024231105,7.123864165209952,588444,2.2447357177734375,4.879128447436514,86,0.00262451171875,23763
25801,172.04726733313873,677303912316,7.1055132608547815,478636,1.8258514404296875,5.279661820425094,97,0.002960205078125,18361
25901,173.61235045804642,684374762740,7.110907432706231,512177,1.9538002014160156,5.157107231290215,69,0.002105712890625,19936
26001,175.05405479110777,690855001938,7.098318809160396,521504,1.9893798828125,5.108938926347896,147,0.004486083984375,20203
26101,176.39904466597363,696797287764,7.065224572648415,549673,2.0968360900878906,4.968388482560524,68,0.0020751953125,21911
26201,177.69646670809016,702400701406,7.094495810090386,555470,2.1189498901367188,4.975545919953667,81,0.002471923828125,22397
26301,178.87165183294564,707539440876,7.127714788719832,556830,2.1241378784179688,5.003576910301863,78,0.00238037109375,23143
26401,180.19589562504552,713496370112,7.149097636775993,458120,1.747589111328125,5.401508525447868,102,0.00311279296875,17592
26501,181.84011716605164,721112304294,7.175651909662764,471231,1.7976036071777344,5.37804830248503,90,0.00274658203125,17973
26601,183.420825707959,728305366153,7.158934321897057,496463,1.8938560485839844,5.2650782733130725,70,0.00213623046875,19376
26701,184.92850325000472,735179327595,7.188896540230102,492299,1.8779716491699219,5.31092489106018,107,0.003265380859375,19353
26801,186.4473164579831,741922280617,7.169030489428942,515226,1.9654312133789062,5.203599276050036,88,0.002685546875,20392
26901,187.80232187500224,747990058547,7.175648821898802,515874,1.9679031372070312,5.207745684691771,63,0.001922607421875,20978
27001,189.04996350011788,753609545160,7.161597094031092,538184,2.053009033203125,5.108588060827967,73,0.002227783203125,22430
27101,190.2195256659761,758782366869,7.16793877608492,548300,2.0915985107421875,5.076340265342733,88,0.002685546875,23395
27201,191.31104383291677,763507711454,7.151754476503255,565151,2.1558799743652344,4.995874502138021,90,0.00274658203125,24393
27301,192.33685345808044,767918288613,7.129244726312285,550112,2.0985107421875,5.030733984124785,73,0.002227783203125,24551
27401,193.29387125000358,771982081253,7.114237276151324,584063,2.2280235290527344,4.88621374709859,73,0.002227783203125,25599
27501,194.1665264160838,775684316789,7.122934622303093,589181,2.247547149658203,4.87538747264489,80,0.00244140625,25940
27601,195.0590237909928,779478845219,7.143722438555566,562201,2.1446266174316406,4.999095821123926,68,0.0020751953125,25621
27701,195.99086904106662,783437220132,7.153891041878458,536651,2.047161102294922,5.106729939583536,77,0.002349853515625,25091
27801,196.8517577080056,787163821513,7.168277456697915,563578,2.1498794555664062,5.018398001131509,49,0.001495361328125,26007
27901,197.78654695814475,791275129376,7.167573918320085,434431,1.6572227478027344,5.5103511705173505,139,0.004241943359375,17931
28001,199.53417550004087,800011470127,7.194864241136292,404493,1.5430183410644531,5.651845900071839,113,0.003448486328125,15406
28101,201.18724720808677,808154880802,7.197128682185018,453512,1.730010986328125,5.467117695856893,96,0.0029296875,17862
28201,202.72006625006907,815527640957,7.190788719962774,471562,1.7988662719726562,5.391922447990118,86,0.00262451171875,19204
28301,204.08460366609506,822057573527,7.219430744055573,483448,1.844207763671875,5.375222980383698,78,0.00238037109375,20747
28401,205.34854950010777,827958800776,7.25010669115952,524860,2.0021820068359375,5.247924684323582,124,0.0037841796875,22127
28501,206.56610579113476,833459838346,7.252562916745118,526135,2.0070457458496094,5.245517170895509,145,0.004425048828125,22788
28601,207.59654641593806,838060534178,7.2698696936906,535752,2.043731689453125,5.226138004237475,69,0.002105712890625,24983
28701,208.58645554096438,842496613958,7.282836202123178,517915,1.9756889343261719,5.307147267797006,79,0.002410888671875,23078
28801,210.01067266613245,849224481454,7.276944214311158,455996,1.7394866943359375,5.53745751997522,162,0.00494384765625,19113
28901,211.4844521661289,856308896752,7.275645822932028,474013,1.8082160949707031,5.467429727961325,84,0.0025634765625,19689
29001,212.87292491598055,862888524526,7.275932407024605,475110,1.8124008178710938,5.4635315891535114,111,0.003387451171875,19719
29101,214.2874586249236,869548483985,7.286190732005233,487321,1.8589820861816406,5.427208645823592,76,0.0023193359375,20326
29201,215.58959312504157,875591864869,7.304626105490886,508949,1.9414863586425781,5.363139746848308,78,0.00238037109375,21487
29301,216.81886862497777,881226860233,7.364808311302015,517748,1.9750518798828125,5.389756431419203,71,0.002166748046875,21829
29401,218.01277208304964,886753076062,7.365281645435401,513638,1.9593734741210938,5.405908171314307,89,0.002716064453125,22733
29501,219.21539924992248,892396583994,7.37098404287449,470755,1.7957878112792969,5.575196231595193,77,0.002349853515625,19827
29601,220.66980616608635,899398032841,7.373260402824382,449006,1.7128219604492188,5.660438442375163,68,0.0020751953125,19321
29701,222.1095631250646,906250167819,7.3919018998415655,467209,1.7822608947753906,5.609641005066175,69,0.002105712890625,20137
29801,223.37755570793524,912203552631,7.3929776040370445,504315,1.9238090515136719,5.469168552523373,69,0.002105712890625,22275
29901,224.540967958048,917540258083,7.413324261176463,511820,1.9524383544921875,5.460885906684275,91,0.002777099609375,22399
30001,225.65245191613212,922542403943,7.388729202969621,518873,1.9793434143066406,5.409385788662981,67,0.002044677734375,24294
30101,226.61494316603057,926730378429,7.387041705740039,517163,1.9728202819824219,5.414221423757617,53,0.001617431640625,26374
30201,227.82578633306548,932424479634,7.406930581645891,362021,1.3810005187988281,6.0259300628470625,134,0.00408935546875,14919
30301,229.53918904112652,940702360974,7.402468242739578,412344,1.572967529296875,5.829500713442703,100,0.0030517578125,17459
30401,231.09354645805433,948200395785,7.406832666125089,443332,1.6911773681640625,5.7156552979610264,66,0.00201416015625,19276
30501,232.4348641249817,954595522439,7.412711030629126,470028,1.7930145263671875,5.619696504261938,58,0.00177001953125,21454
30601,233.63189004105516,960257834615,7.415985355143834,478715,1.8261528015136719,5.5898325536301625,91,0.002777099609375,22417
30701,234.75491054099984,965503684953,7.402173021563161,485522,1.8521194458007812,5.55005357576238,89,0.002716064453125,23305
30801,235.77763550006784,970199702160,7.390750550504851,485920,1.8536376953125,5.537112855192351,71,0.002166748046875,24143
30901,236.9102517911233,975358882028,7.3620062177594825,449441,1.7144813537597656,5.647524863999717,89,0.002716064453125,21490
31001,238.3044442909304,982111150253,7.374134088836725,423225,1.6144752502441406,5.759658838592585,112,0.00341796875,19090
31101,239.68194966600277,988706719572,7.386749339750724,449562,1.7149429321289062,5.671806407621817,64,0.001953125,20741
31201,240.90734137501568,994583180908,7.416711660505481,472754,1.8034133911132812,5.6132982693922,87,0.002655029296875,22180
31301,242.06674758298323,1000040072874,7.402521554240492,455705,1.7383766174316406,5.664144936808851,86,0.00262451171875,21368
31401,243.4397907499224,1006628663623,7.379563962847833,435181,1.6600837707519531,5.7194801920958795,68,0.0020751953125,19383
31501,244.9229534161277,1013816400344,7.388557245166797,424537,1.6194801330566406,5.769077112110156,119,0.003631591796875,18641
31601,246.4439284161199,1021165407233,7.405702508092329,431351,1.6454734802246094,5.7602290278677195,114,0.00347900390625,19199
31701,247.83417162508704,1027916687516,7.403180524602776,449281,1.7138710021972656,5.689309522405511,98,0.00299072265625,20061
31801,249.1467465411406,1034216064299,7.392457165504826,458452,1.7488555908203125,5.643601574684514,61,0.001861572265625,20733
31901,250.44475000002421,1040416647238,7.385078317635903,462464,1.76416015625,5.620918161385903,150,0.00457763671875,20438
32001,251.80222841608338,1046840113237,7.412551516715367,453729,1.7308387756347656,5.681712741080601,83,0.002532958984375,20476
32101,253.05467904102989,1052823866007,7.407032618356913,465353,1.7751808166503906,5.631851801706523,112,0.00341796875,21543
32201,254.27297237492166,1058672294618,7.397864961971667,461166,1.7592086791992188,5.638656282772448,79,0.002410888671875,21785
32301,255.4972319160588,1064472023878,7.401792708497433,457898,1.7467422485351562,5.655050459962276,98,0.00299072265625,21397
32401,256.76434920798056,1070493736128,7.374225654891214,454684,1.7344818115234375,5.639743843367777,103,0.003143310546875,21002
32501,257.9746777501423,1076249040672,7.32163962707857,465599,1.7761192321777344,5.545520394900835,82,0.00250244140625,22319
32601,259.1502398750745,1081791883009,7.334091550629468,474331,1.8094291687011719,5.524662381928296,90,0.00274658203125,22545
32701,260.18778141611256,1086566057258,7.338073487376636,511568,1.95147705078125,5.386596436595386,64,0.001953125,24453
32801,261.18978416593745,1091114149238,7.353350626544036,477504,1.821533203125,5.531817423419036,80,0.00244140625,23027
32901,262.6316894579213,1098193460283,7.360024679309569,414796,1.5823211669921875,5.777703512317381,129,0.003936767578125,17625
33001,264.219065207988,1106049625191,7.3725783219779215,415053,1.5833015441894531,5.789276777788468,112,0.00341796875,17302
33101,265.6902651251294,1113270143390,7.370988757184737,444471,1.6955223083496094,5.675466448835127,92,0.0028076171875,19341
33201,267.0542334159836,1119734209627,7.343491197315523,468921,1.7887916564941406,5.554699540821383,87,0.002655029296875,21181
33301,268.3110407080967,1125750710755,7.338338774056059,466386,1.7791213989257812,5.559217375130277,80,0.00244140625,21270
33401,269.526057458017,1131555458405,7.350951123204873,470616,1.795257568359375,5.555693554845498,65,0.001983642578125,21633
33501,270.66476495796815,1136875789793,7.34565386231291,491593,1.8752784729003906,5.47037538941252,81,0.002471923828125,23871
33601,271.70082354103215,1141411921110,7.337274318669772,485921,1.8536415100097656,5.483632808660007,110,0.00335693359375,24353
33701,272.74521091603674,1146065083923,7.290841645874027,468519,1.7872581481933594,5.503583497680667,79,0.002410888671875,23774
33801,273.73508329107426,1150405854011,7.260723986496909,479359,1.8286094665527344,5.432114519944174,72,0.002197265625,24866
33901,274.63480429095216,1154244123758,7.2191768844372195,484980,1.8500518798828125,5.369125004554407,119,0.003631591796875,25970
34001,276.2243926660158,1162061537303,7.196150975933911,355749,1.3570747375488281,5.839076238385083,149,0.004547119140625,13491
34101,278.0519759999588,1171159923582,7.1928670556840215,387648,1.478759765625,5.7141072900590215,100,0.0030517578125,15747
34201,279.73383100004867,1179342959824,7.203222265569057,411930,1.5713882446289062,5.6318340209401505,75,0.002288818359375,17835
34301,281.25580587494187,1186586458156,7.2416239893992,437048,1.667205810546875,5.574418178852325,91,0.002777099609375,19796
34401,282.61843845807016,1192986457686,7.275308663696341,443428,1.6915435791015625,5.583765084594779,116,0.0035400390625,20286
34501,283.9335404159501,1199144571336,7.2362147049584635,452746,1.7270889282226562,5.509125776735807,81,0.002471923828125,21455
34601,285.1543948331382,1204853393983,7.206555542696511,453589,1.7303047180175781,5.4762508246789325,94,0.00286865234375,22435
34701,286.308674040949,1210064390446,7.191744892286733,455156,1.7362823486328125,5.455462543653921,66,0.00201416015625,23290
34801,287.37003970798105,1214778578168,7.164024870469572,467063,1.7817039489746094,5.382320921494963,67,0.002044677734375,24460
34901,288.3326455829665,1218993402621,7.165379689349244,464330,1.7712783813476562,5.394101308001588,59,0.001800537109375,24962
35001,289.68082208302803,1225404746462,7.226420840584327,355852,1.3574676513671875,5.868953189217139,145,0.004425048828125,14514
35101,291.37479820800945,1233552035031,7.24487293584702,404310,1.5423202514648438,5.7025526843821766,128,0.00390625,17668
35201,292.96355695812963,1241129118462,7.259205218554319,416671,1.5894737243652344,5.669731494189085,102,0.00311279296875,18683
35301,294.44481345801614,1248105435622,7.300169322021462,424564,1.6195831298828125,5.68058619213865,72,0.002197265625,18940
35401,295.8674980411306,1254910815289,7.293760061694011,435951,1.6630210876464844,5.630738974047526,69,0.002105712890625,20552
35501,297.1560124580283,1260841415582,7.323366102213077,456663,1.7420310974121094,5.581335004800968,90,0.00274658203125,22086
35601,298.38982558296993,1266633095985,7.334710808224918,453939,1.7316398620605469,5.6030709461643715,95,0.002899169921875,21627
35701,299.6057367909234,1272288260773,7.348531774589418,408158,1.5569992065429688,5.791532568046449,97,0.002960205078125,17901
35801,301.26999279111624,1280441625926,7.367201607810164,405902,1.5483932495117188,5.818808358298445,105,0.003204345703125,17263
35901,302.8366664580535,1287970937765,7.356667467668573,422294,1.6109237670898438,5.745743700578729,156,0.0047607421875,18897
36001,304.252850583056,1294701854195,7.3472064708252365,436521,1.6651954650878906,5.682011005737346,87,0.002655029296875,20693
36101,305.53563691605814,1300693108638,7.356313740844893,448764,1.7118988037109375,5.644414937133956,77,0.002349853515625,22061
36201,306.7056559161283,1306088045423,7.373980981623646,457295,1.7444419860839844,5.6295389955396615,65,0.001983642578125,22519
36301,307.82591808307916,1311231501072,7.359303694497487,469082,1.7894058227539062,5.5698978717435805,74,0.00225830078125,23091
36401,308.9380441659596,1316306059506,7.393036802332558,472529,1.8025550842285156,5.5904817181040425,101,0.003082275390625,23933
36501,309.97554733301513,1321064771714,7.39327132630355,433433,1.6534156799316406,5.739855646371909,100,0.0030517578125,20898
36601,311.6446507910732,1329367569294,7.421071483613645,392813,1.4984626770019531,5.9226088066116915,116,0.0035400390625,16586
36701,313.31234483304434,1337506748292,7.442113295592364,404097,1.5415077209472656,5.900605574645098,103,0.003143310546875,16909
36801,314.9504096659366,1345509308912,7.450715370787027,412215,1.5724754333496094,5.878239937437417,92,0.0028076171875,16836
36901,316.56292045791633,1353270127755,7.44609377270784,422552,1.611907958984375,5.834185813723465,88,0.002685546875,17866
37001,318.0786894580815,1360580600747,7.456101963076874,433148,1.6523284912109375,5.803773471865936,85,0.002593994140625,18719
37101,319.4879400411155,1367279897432,7.452761927365049,462243,1.7633171081542969,5.6894448192107525,99,0.003021240234375,20967
37201,320.70246445806697,1372972695825,7.442096523641085,467710,1.7841720581054688,5.657924465535617,79,0.002410888671875,22000
37301,321.86034345813096,1378283874365,7.395433629335029,477215,1.8204307556152344,5.575002873719795,63,0.001922607421875,22435
37401,323.0118420829531,1383595708811,7.389874737354034,466610,1.7799758911132812,5.609898846240752,68,0.0020751953125,22298
37501,324.18234424991533,1388928663455,7.40046176490765,484102,1.8467025756835938,5.553759189224056,66,0.00201416015625,22718
37601,325.34517241595313,1394297628833,7.386870125562506,499318,1.9047470092773438,5.4821231162851625,174,0.00531005859375,22588
37701,326.5189795829356,1399643092014,7.371681021158377,516171,1.9690361022949219,5.402644918863455,134,0.00408935546875,22558
37801,327.6961507499218,1405002730050,7.328871127178292,548847,2.0936851501464844,5.235185977031808,96,0.0029296875,22700
37901,328.8200929579325,1410060713450,7.34632363194983,545690,2.0816421508789062,5.264681481070924,84,0.0025634765625,23524
38001,329.91266983305104,1414945002337,7.318694404574826,539890,2.0595169067382812,5.259177497836545,72,0.002197265625,22618
38101,331.0336307079997,1419964954154,7.300634321399899,555423,2.1187705993652344,5.181863722034665,79,0.002410888671875,23078
38201,332.14836841612123,1424977706158,7.287185413066964,565723,2.158061981201172,5.129123431865792,65,0.001983642578125,23366
38301,333.2835293330718,1430105632489,7.330805036884898,538890,2.0557022094726562,5.275102827412241,120,0.003662109375,22819
38401,334.33152570808306,1434747795319,7.305483923852949,541808,2.06683349609375,5.238650427759199,75,0.002288818359375,24403
38501,335.35231016599573,1439292274014,7.312577082414163,549567,2.0964317321777344,5.216145350236428,80,0.00244140625,24406
38601,336.31392533308826,1443463472990,7.336909054779321,551287,2.1029930114746094,5.233916043304712,96,0.0029296875,25273
38701,337.232911207946,1447535242266,7.290291885503464,526449,2.0082435607910156,5.282048324712449,69,0.002105712890625,25252
38801,338.1354215410538,1451435730264,7.334524256334399,550019,2.098155975341797,5.236368280992602,68,0.0020751953125,25736
38901,338.9686010829173,1455020484653,7.272594851845261,552413,2.107288360595703,5.165306491249558,70,0.00213623046875,26241
39001,339.9141476249788,1459193620917,7.324281441839155,529636,2.0204010009765625,5.303880440862592,73,0.002227783203125,23697
39101,340.9834313329775,1464110597187,7.312661556714467,518862,1.9793014526367188,5.333360104077748,76,0.0023193359375,23290
39201,342.12787933298387,1469448884326,7.327366711714607,520936,1.987213134765625,5.340153576948982,112,0.00341796875,22304
39301,343.29320758301765,1475007173770,7.359427569984128,522948,1.9948883056640625,5.364539264320065,95,0.002899169921875,22215
39401,344.49036387493834,1480689190055,7.347165521153948,520233,1.9845314025878906,5.362634118566057,73,0.002227783203125,22167
39501,345.76294525014237,1486697562652,7.346178169656948,490307,1.8703727722167969,5.475805397440151,99,0.003021240234375,19570
39601,347.13714916608296,1493258837423,7.3566198161512215,503555,1.9209098815917969,5.435709934559425,76,0.0023193359375,20196
39701,348.51426629093476,1499885553073,7.355945256084192,492500,1.8787384033203125,5.47720685276388,77,0.002349853515625,19625
39801,349.95179141592234,1506820240804,7.371648765180534,470195,1.7936515808105469,5.577997184369987,96,0.0029296875,18755
39901,351.47800808306783,1514301848446,7.352852381596825,451720,1.723175048828125,5.6296773327687,74,0.00225830078125,17677
40001,352.9794544160832,1521610667289,7.3664672602065675,470224,1.79376220703125,5.5727050531753175,78,0.00238037109375,18695
40101,354.4315221661236,1528670642277,7.3443545460760875,472352,1.8018798828125,5.5424746632635875,83,0.002532958984375,19066
40201,355.85285941604525,1535520803391,7.338910988525107,483540,1.8445587158203125,5.494352272704795,67,0.002044677734375,19472
40301,357.2800381660927,1542147286876,7.370022235425517,482198,1.8394393920898438,5.530582843335673,114,0.00347900390625,20297
40401,358.6365898330696,1548729463062,7.383499177418715,481708,1.8375701904296875,5.545928986989027,86,0.00262451171875,20147
40501,360.000227374956,1555198901927,7.397552739555051,478908,1.8268890380859375,5.570663701469114,61,0.001861572265625,20322
40601,361.39846129110083,1561584940049,7.386651722868671,477380,1.8210601806640625,5.565591542204609,68,0.0020751953125,20651
40701,362.7624311661348,1567969069309,7.403404938738019,482558,1.8408126831054688,5.56259225563255,72,0.002197265625,20787
40801,364.0988338331226,1574076216070,7.383196317986513,482497,1.8405799865722656,5.542616331414248,78,0.00238037109375,21174
40901,365.39618558296934,1580317814617,7.407303980611234,486036,1.8540802001953125,5.553223780415921,108,0.0032958984375,20789
41001,366.71899904101156,1586616841438,7.415160894459782,480166,1.8316879272460938,5.583472967213688,124,0.0037841796875,20384
41101,368.1183417499997,1593429123402,7.411079598401768,465952,1.7774658203125,5.633613778089268,71,0.002166748046875,19452
41201,369.5951857911423,1600660287658,7.414904424895267,455376,1.73712158203125,5.677782842864017,206,0.00628662109375,19182
41301,371.1311827499885,1608234103246,7.4157101402031085,423999,1.6174278259277344,5.798282314275374,111,0.003387451171875,17749
41401,372.64815758308396,1615700333304,7.411745585140434,442703,1.6887779235839844,5.722967661556449,120,0.003662109375,18448
41501,374.14557462511584,1623148506779,7.419084283670931,467269,1.7824897766113281,5.636594507059603,69,0.002105712890625,19108
41601,375.6354132499546,1630407435535,7.426822394114362,455432,1.737335205078125,5.689487189036237,88,0.002685546875,18340
41701,377.05404391605407,1637342617546,7.4135233699895675,477321,1.8208351135253906,5.592688256464177,72,0.002197265625,20237
41801,378.37337779114023,1643790184209,7.40684721307475,479786,1.8302383422851562,5.5766088707895936,64,0.001953125,20764
41901,379.6841468750499,1650081267018,7.394671864724188,462119,1.7628440856933594,5.631827779030829,64,0.001953125,20166
42001,380.9973647079896,1656428442441,7.406656144639204,480023,1.8311424255371094,5.575513719102094,78,0.00238037109375,20712
42101,382.39646012498997,1663232299138,7.3861535798322295,443151,1.6904869079589844,5.695666671873245,135,0.004119873046875,18505
42201,383.8919175409246,1670618679337,7.378406404882577,440208,1.67926025390625,5.699146150976327,105,0.003204345703125,18310
42301,385.4073378329631,1678102037442,7.351268636737215,427873,1.6322059631347656,5.7190626736024495,142,0.00433349609375,17621
42401,387.05409004096873,1686260687569,7.341423693432368,414734,1.5820846557617188,5.7593390376706495,84,0.0025634765625,16548
42501,388.7802560830023,1695035802557,7.336081879763355,386107,1.4728813171386719,5.863200562624683,73,0.002227783203125,14778
42601,390.64047400001436,1704797598359,7.351487626694036,365958,1.3960189819335938,5.955468644760442,68,0.0020751953125,13313
42701,392.57587404106744,1714892266999,7.364605977881101,373905,1.4263343811035156,5.938271596777585,107,0.003265380859375,13540
42801,394.48713675001636,1724929183869,7.364707118712757,357538,1.3638992309570312,6.000807887755726,74,0.00225830078125,12784
42901,396.5444632079452,1736192023775,7.36052436296069,291628,1.1124725341796875,6.248051828781002,76,0.0023193359375,8783
43001,398.79542545811273,1748777447492,7.34558956112277,273841,1.0446205139160156,6.300969047206754,77,0.002349853515625,7625
43101,401.1267683331389,1761722454143,7.335460465143179,266425,1.0163307189941406,6.319129746149039,105,0.003204345703125,6675
43201,403.4982602079399,1774836934284,7.308558114236161,264799,1.0101280212402344,6.298430092995926,79,0.002410888671875,6476
43301,405.7973359581083,1787911157376,7.2972838494421115,272746,1.0404434204101562,6.256840429031955,74,0.00225830078125,6934
43401,408.09449958312325,1800993647872,7.268715014516937,259988,0.9917755126953125,6.276939501821625,93,0.002838134765625,6255
43501,410.45294712507166,1814160005856,7.265379498554357,262432,1.0010986328125,6.264280865741857,82,0.00250244140625,6498
43601,412.80130450008437,1827288774924,7.220703181717594,262905,1.0029029846191406,6.2178001970984536,83,0.002532958984375,6516
43701,415.1582123329863,1840492095876,7.27962522004188,260623,0.9941978454589844,6.285427374582896,77,0.002349853515625,6114
43801,417.5555269999895,1853688290698,7.312626921508947,267066,1.0187759399414062,6.293850981567541,98,0.00299072265625,6431
43901,419.91025262512267,1866839846815,7.309450937306568,270777,1.0329322814941406,6.276518655812428,85,0.002593994140625,6608
44001,422.26282020797953,1879961695742,7.319646967506607,268687,1.0249595642089844,6.2946874032976226,63,0.001922607421875,6840
44101,424.6388444160111,1893115600824,7.317400692324231,261162,0.9962539672851562,6.321146725039075,92,0.0028076171875,6509
44201,427.03391745802946,1906266449794,7.339248804937944,263277,1.0043220520019531,6.334926752935991,105,0.003204345703125,6584
44301,429.36907520797104,1919411750824,7.33700207723661,266437,1.0163764953613281,6.320625581875282,100,0.0030517578125,6710
44401,431.70386345800944,1932535472881,7.340175995458892,260442,0.9935073852539062,6.346668610204985,92,0.0028076171875,6602
44501,434.08826254098676,1945693295063,7.35446696823383,264298,1.0082168579101562,6.346250110323674,82,0.00250244140625,6470
44601,436.4194955411367,1958853170326,7.346266214883917,258534,0.9862289428710938,6.360037272012823,97,0.002960205078125,6348
44701,438.7417761660181,1972013034227,7.356844238036916,267717,1.0212593078613281,6.335584930175588,106,0.00323486328125,6625
44801,441.06442691595294,1985154243303,7.3596149535544635,263832,1.006439208984375,6.3531757445700885,97,0.002960205078125,6437
44901,443.3902044999413,1998270023476,7.334077393031794,263567,1.0054283142089844,6.32864907882281,83,0.002532958984375,6725
45001,445.7088874580804,2011430612995,7.288912741478777,260527,0.9938316345214844,6.2950811069572925,94,0.00286865234375,6422
45101,448.1388278331142,2024647446396,7.275870449825835,261373,0.9970588684082031,6.2788115814176315,107,0.003265380859375,6661
45201,450.49256725003943,2037834713342,7.259396523402223,259111,0.9884300231933594,6.270966500208863,110,0.00335693359375,6423
45301,452.87263920810074,2051025667889,7.276367336914979,256684,0.9791717529296875,6.297195583985292,86,0.00262451171875,6525
45401,455.18227870808914,2064218617797,7.299685563908106,257088,0.980712890625,6.318972673283106,95,0.002899169921875,6360
45501,457.56274133292027,2077367842010,7.279516847869056,255863,0.9760398864746094,6.303476961394447,102,0.00311279296875,6317
45601,459.91790795791894,2090553623711,7.301392375563754,254009,0.9689674377441406,6.332424937819614,125,0.003814697265625,6589
45701,462.230437790975,2103731498943,7.308836008944162,258782,0.9871749877929688,6.321661021151193,100,0.0030517578125,6730
45801,464.55851304112,2116911619355,7.304351480206799,258875,0.9875297546386719,6.316821725568127,109,0.003326416015625,6670
45901,466.878377166111,2130054730190,7.331532876520505,265363,1.0122795104980469,6.319253366022458,92,0.0028076171875,6971
46001,469.2030268330127,2143203949830,7.3365712100117175,266212,1.0155181884765625,6.321053021535155,74,0.00225830078125,6914
46101,471.4915195829235,2156291938160,7.360089493220832,267524,1.0205230712890625,6.339566421931769,77,0.002349853515625,7001
46201,473.7640682500787,2169410025039,7.374084878138135,259785,0.9910011291503906,6.383083748987745,117,0.003570556640625,6588
46301,476.0507007499691,2182475055746,7.380731091418076,262078,0.9997482299804688,6.380982861437607,168,0.005126953125,7064
46401,478.3974645410199,2195584794151,7.3769623914013565,259986,0.9917678833007812,6.385194508100575,99,0.003021240234375,6727
46501,480.7498234580271,2208735009181,7.382409051709599,261955,0.9992790222167969,6.383130029492802,103,0.003143310546875,6584
46601,483.0931984579656,2221860967916,7.367947462810649,260502,0.9937362670898438,6.374211195720806,131,0.003997802734375,6656
46701,485.4203458749689,2235026025191,7.352096930182136,258842,0.9874038696289062,6.36469306055323,97,0.002960205078125,6781
46801,487.794291166123,2248175189913,7.3631979311702525,256441,0.9782447814941406,6.384953149676112,115,0.003509521484375,6458
46901,490.08623770810664,2261303280275,7.3791634951085685,257932,0.9839324951171875,6.395230999991381,71,0.002166748046875,6442
47001,492.391806458123,2274405302837,7.36767348464029,265247,1.0118370056152344,6.355836479025055,86,0.00262451171875,6833
47101,494.6758644999936,2287522537328,7.374026717078025,263660,1.0057830810546875,6.368243636023338,105,0.003204345703125,6643
47201,497.00585733307526,2300581977678,7.3701441502514005,267834,1.0217056274414062,6.348438522809994,79,0.002410888671875,6667
47301,499.2914900830947,2313668755699,7.355235594799576,265595,1.0131645202636719,6.342071074535904,118,0.00360107421875,6889
47401,501.62655899999663,2326797432574,7.358507383223886,264777,1.0100440979003906,6.348463285323495,80,0.00244140625,6620
47501,503.9820079160854,2339974846055,7.356102515471833,262250,1.0004043579101562,6.355698157561677,82,0.00250244140625,6300
47601,506.29665320809,2353090129300,7.362268261557128,266866,1.0180130004882812,6.344255261068847,77,0.002349853515625,6573
47701,508.6646682501305,2366203584043,7.355664155447799,261496,0.997528076171875,6.358136079275924,73,0.002227783203125,6393
47801,511.0050775830168,2379349614748,7.3750120028071,260544,0.993896484375,6.3811155184321,85,0.002593994140625,6589
47901,513.3053730409592,2392458396610,7.3805955148316755,263646,1.0057296752929688,6.374865839538707,107,0.003265380859375,6543
48001,515.6267584159505,2405559846559,7.372536031920355,264204,1.0078582763671875,6.364677755553167,95,0.002899169921875,6577
48101,517.9710896250326,2418684678171,7.38172033485667,266078,1.0150070190429688,6.366713315813701,106,0.00323486328125,6714
48201,520.2862005410716,2431748040594,7.384635690499028,267553,1.0206336975097656,6.364001992989262,130,0.00396728515625,7149
48301,522.5964934160002,2444827543677,7.376534375518762,264900,1.0105133056640625,6.3660210698547,90,0.00274658203125,7022
48401,524.9512207079679,2457947263525,7.350335552081026,267770,1.0214614868164062,6.328874065264619,130,0.00396728515625,6953
48501,527.271519791102,2471069444266,7.3468960941997326,259962,0.9916763305664062,6.355219763633326,91,0.002777099609375,6895
48601,529.5751060000621,2484201365187,7.319312409344551,263056,1.00347900390625,6.315833405438301,114,0.00347900390625,6642
48701,531.8926552911289,2497396812702,7.314102810581765,257610,0.9827041625976562,6.331398647984109,84,0.0025634765625,6216
48801,534.2367433749605,2510604927222,7.288694206261298,263728,1.00604248046875,6.282651725792548,112,0.00341796875,6578
48901,536.5825877499301,2523771023393,7.301353251477751,258817,0.9873085021972656,6.314044749280486,78,0.00238037109375,6620
49001,538.8936117079575,2536928431305,7.332386300863856,257989,0.9841499328613281,6.348236368002528,94,0.00286865234375,6440
49101,541.1981041249819,2550123384207,7.34501231459406,261079,0.9959373474121094,6.34907496718195,101,0.003082275390625,6471
49201,543.5581385830883,2563283975407,7.376455451837271,266936,1.018280029296875,6.358175422540396,78,0.00238037109375,6871
49301,545.9257188329939,2576369770961,7.393243176763446,266924,1.0182342529296875,6.375008923833758,82,0.00250244140625,6668
49401,548.2244949999731,2589434793324,7.400436653329801,269746,1.0289993286132812,6.37143732471652,82,0.00250244140625,6612
49501,550.5640266251285,2602450101714,7.398630060008221,266487,1.0165672302246094,6.382062829783612,86,0.00262451171875,6507
49601,552.8954413749743,2615520760639,7.390821876767776,264030,1.0071945190429688,6.383627357724807,88,0.002685546875,6668
49701,555.1747437911108,2628624099955,7.400423511074864,265580,1.0131072998046875,6.387316211270177,70,0.00213623046875,6639
49801,557.49464133312,2641714758914,7.404551929965239,267645,1.0209846496582031,6.383567280307036,85,0.002593994140625,6702
49901,559.7914194159675,2654817256860,7.409080304386487,261277,0.9966926574707031,6.412387646915784,81,0.002471923828125,6404
50001,562.1105554159731,2667970975881,7.415151826531927,263877,1.0066108703613281,6.408540956170599,103,0.003143310546875,6502
50101,564.4139436250553,2681115764945,7.393164189356776,258767,0.9871177673339844,6.406046422022792,102,0.00311279296875,6278
50201,566.7951026661322,2694259888211,7.4025820914466305,262034,0.9995803833007812,6.403001708145849,83,0.002532958984375,6450
50301,569.1526095410809,2707386486733,7.36665590201838,265939,1.0144767761230469,6.352179125895333,82,0.00250244140625,6394
50401,571.4902340411209,2720492382428,7.3635490319942765,264706,1.0097732543945312,6.353775777599745,98,0.00299072265625,6236
50501,573.8000959579367,2733553610750,7.339021315422322,267646,1.0209884643554688,6.318032851066853,102,0.00311279296875,6762
50601,576.1358904161025,2746688439186,7.349658259072877,272172,1.0382537841796875,6.311404474893189,81,0.002471923828125,6972
50701,578.4747657079715,2759784306288,7.364809445346639,266006,1.0147323608398438,6.350077084506795,109,0.003326416015625,6737
50801,580.7754141250625,2772881168546,7.380810599578932,265021,1.0109748840332031,6.369835715545729,97,0.002960205078125,6553
50901,583.1496436251327,2785980328658,7.359146241288324,263533,1.0052986145019531,6.353847626786371,80,0.00244140625,6969
51001,585.5165966250934,2799054714206,7.365082921786587,259203,0.9887809753417969,6.37630194644479,102,0.00311279296875,7016
51101,587.8555640829727,2812169217093,7.3453323371843755,264590,1.0093307495117188,6.336001587672657,81,0.002471923828125,6703
51201,590.1818104579579,2825336577456,7.360228662137375,258903,0.9876365661621094,6.372592095975266,76,0.0023193359375,6546
51301,592.4935287910048,2838514223813,7.371142923714618,260959,0.9954795837402344,6.375663339974384,125,0.003814697265625,6439
51401,594.8401526249945,2851674552810,7.3486925157396445,261090,0.9959793090820312,6.352713206657613,104,0.003173828125,6510
51501,597.2491916250437,2864834782298,7.358205805275179,266511,1.0166587829589844,6.3415470223161945,98,0.00299072265625,6598
51601,599.5899342079647,2877977380155,7.382427025139875,263501,1.0051765441894531,6.377250480950422,91,0.002777099609375,6474
51701,601.9520985831041,2891115338231,7.399590973217696,261638,0.9980697631835938,6.401521210034102,75,0.002288818359375,6692
51801,604.3181317080744,2904250996947,7.413821788905215,263069,1.0035285949707031,6.410293193934512,103,0.003143310546875,6532
51901,606.6606324580498,2917330654813,7.419516763675429,268733,1.0251350402832031,6.394381723392226,105,0.003204345703125,6852
52001,608.9954697911162,2930339761223,7.395235625963364,262240,1.0003662109375,6.394869415025864,102,0.00311279296875,6561
52101,611.3706813331228,2943453044963,7.403762966677906,263340,1.0045623779296875,6.399200588748219,66,0.00201416015625,6494
52201,613.708621165948,2956548264493,7.418561490989025,264610,1.0094070434570312,6.409154447531994,83,0.002532958984375,6626
52301,616.0678837909363,2969559149743,7.427467266677105,275356,1.0503997802734375,6.377067486403668,77,0.002349853515625,7077
52401,618.3849512911402,2982580099629,7.402079397404831,267999,1.0223350524902344,6.379744344914597,85,0.002593994140625,6692
52501,620.7271039159968,2995692236378,7.40645431291742,260882,0.9951858520507812,6.411268460866639,115,0.003509521484375,6484
52601,623.0799216250889,3008830140345,7.428556838031726,266298,1.0158462524414062,6.41271058559032,82,0.00250244140625,6768
52701,625.4287513329182,3022002144686,7.427895189267477,263255,1.0042381286621094,6.423657060605367,111,0.003387451171875,6577
52801,627.7875590829644,3035169843233,7.440685070521757,264254,1.0080490112304688,6.432636059291288,81,0.002471923828125,6494
52901,630.0786066660658,3048346027675,7.429206451391539,261285,0.9967231750488281,6.432483276342711,80,0.00244140625,6501
53001,632.428793082945,3061487004672,7.433264298644971,264337,1.0083656311035156,6.424898667541456,109,0.003326416015625,7017
53101,634.7462954160292,3074586754374,7.444657954160838,261245,0.9965705871582031,6.448087367002635,160,0.0048828125,6996
53201,637.0570117079187,3087617828851,7.44960369204532,259180,0.9886932373046875,6.460910454740633,77,0.002349853515625,6858
53301,639.4084079579916,3100704017605,7.460245471080539,268307,1.0235099792480469,6.436735491832492,95,0.002899169921875,7296
53401,641.7026627911255,3113769715636,7.451104848675134,268864,1.025634765625,6.425470083050134,73,0.002227783203125,6872
53501,643.9786129579879,3126861860104,7.428995452015929,259714,0.9907302856445312,6.438265166371398,120,0.003662109375,6382
53601,646.2977057080716,3139981508983,7.446608108829793,257461,0.9821357727050781,6.4644723361247145,161,0.004913330078125,6406
53701,648.6028915829957,3153091737911,7.411529297798397,261062,0.9958724975585938,6.415656800239804,151,0.004608154296875,6654
53801,650.8986283331178,3166227600252,7.427748961929931,261823,0.9987754821777344,6.428973479752196,91,0.002777099609375,6903
53901,653.2267340410035,3179351990763,7.452631604963577,262062,0.9996871948242188,6.4529444101393585,101,0.003082275390625,6760
54001,655.5531744579785,3192462566438,7.43374132275445,262457,1.0011940002441406,6.43254732251031,83,0.002532958984375,6870
54101,657.9105029159691,3205578955153,7.424117474083447,262230,1.0003280639648438,6.423789410118603,129,0.003936767578125,6739
54201,660.2289152911399,3218736124485,7.425111396457399,263855,1.0065269470214844,6.418584449435914,86,0.00262451171875,6626
54301,662.5985484579578,3231905528344,7.417310047649529,259553,0.9901161193847656,6.427193928264764,87,0.002655029296875,6533
54401,664.980504832929,3245088437119,7.404702437399488,265287,1.0119895935058594,6.392712843893628,104,0.003173828125,6763
54501,667.3185513329227,3258192366462,7.403342382148553,263789,1.0062751770019531,6.3970672051466,90,0.00274658203125,6550
54601,669.6472072501201,3271345459466,7.422509067916224,260429,0.9934577941894531,6.42905127372677,153,0.004669189453125,6630
54701,672.0421490829904,3284453658096,7.424266616459743,264359,1.0084495544433594,6.415817062016384,115,0.003509521484375,6977
54801,674.4108625000808,3297597819476,7.403593708128847,255476,0.9745635986328125,6.4290301094960345,119,0.003631591796875,6755
54901,676.7312032501213,3310741608469,7.417024687449587,258235,0.9850883483886719,6.431936339060915,104,0.003173828125,6880
55001,679.1123888751026,3323874371310,7.412697031445058,260211,0.9926261901855469,6.420070841259511,82,0.00250244140625,6597
55101,681.4201368330978,3336978578546,7.4274237940574785,262657,1.0019569396972656,6.425466854360213,85,0.002593994140625,6712
55201,683.7625698330812,3350060715857,7.398949366623834,260249,0.9927711486816406,6.406178217942194,94,0.00286865234375,6579
55301,686.067843249999,3363222484809,7.390295785525294,262080,0.999755859375,6.390539926150294,76,0.0023193359375,6760
55401,688.4572112909518,3376404490268,7.3556779371749155,256441,0.9782447814941406,6.377433155680775,104,0.003173828125,6444
55501,690.7778248749673,3389614359728,7.332034409597285,263202,1.0040359497070312,6.327998459890254,98,0.00299072265625,6821
55601,693.104847791139,3402818111879,7.313771836278594,263017,1.0033302307128906,6.310441605565703,90,0.00274658203125,6660
55701,695.425059332978,3416001178425,7.332004854859718,258031,0.9843101501464844,6.347694704713233,134,0.00408935546875,6491
55801,697.756544666132,3429182550941,7.293912709996389,254499,0.9708366394042969,6.3230760705920925,88,0.002685546875,6307
55901,700.100244415924,3442384096850,7.2676697347996635,262408,1.001007080078125,6.2666626547215385,92,0.0028076171875,6638
56001,702.4592123751063,3455544567476,7.266905231292454,261520,0.99761962890625,6.269285602386204,97,0.002960205078125,6873
56101,704.7988541659433,3468699797048,7.2716865215718425,263135,1.0037803649902344,6.267906156581608,115,0.003509521484375,6842
56201,707.1276755409781,3481774035193,7.285877361211336,259432,0.989654541015625,6.296222820195711,94,0.00286865234375,6732
56301,709.4342214160133,3494859715527,7.277100035891969,259680,0.9906005859375,6.286499449954469,98,0.00299072265625,6864
56401,711.7424736660905,3507903132773,7.300034476399499,265726,1.0136642456054688,6.28637023079403,89,0.002716064453125,7282
56501,714.0940019581467,3520932157968,7.305917094350559,272188,1.0383148193359375,6.267602275014622,88,0.002685546875,7399
56601,716.4321779580787,3534029590272,7.317095962995598,267582,1.0207443237304688,6.296351639265129,121,0.003692626953125,7046
56701,718.7845072909258,3547113056534,7.32840653497073,268274,1.0233840942382812,6.305022440732449,87,0.002655029296875,7494
56801,721.1416106659453,3560198666987,7.321743759116373,265525,1.0128974914550781,6.308846267661295,78,0.00238037109375,7377
56901,723.478525375016,3573353074627,7.2977537434798,263992,1.007049560546875,6.290704182932925,90,0.00274658203125,7276
57001,725.8239878751338,3586521799733,7.316341069464561,263535,1.0053062438964844,6.311034825568076,99,0.003021240234375,7024
57101,728.1814982499927,3599658260615,7.3204645952884615,257883,0.9837455749511719,6.33671902033729,95,0.002899169921875,6709
57201,730.5461783329956,3612859836514,7.330024231130612,262025,0.9995460510253906,6.330478180105222,89,0.002716064453125,6895
57301,732.9108307079878,3626050684219,7.3390412513967345,264763,1.0099906921386719,6.329050559258063,90,0.00274658203125,6818
57401,735.2294914999511,3639264104418,7.35236378524754,253810,0.9682083129882812,6.384155472259259,135,0.004119873046875,6251
57501,737.5628851661459,3652444796213,7.36176582235328,258019,0.9842643737792969,6.377501448573983,75,0.002288818359375,6761
57601,739.9272140411194,3665624233980,7.341332688997252,258169,0.9848365783691406,6.356496110628111,105,0.003204345703125,6878
57701,742.3127099580597,3678814234184,7.3473766703184396,266400,1.0162353515625,6.3311413187559396,77,0.002349853515625,6888
57801,744.6932093331125,3691975123941,7.3300671846961984,267183,1.0192222595214844,6.310844925174714,93,0.002838134765625,6859
57901,747.0771237080917,3705169200654,7.334011730222654,267042,1.0186843872070312,6.315327343015623,83,0.002532958984375,7032
58001,749.3986574581359,3718359223284,7.335056489507219,265179,1.0115776062011719,6.323478883306047,94,0.00286865234375,6608
58101,751.73203383293,3731508455824,7.328374189863462,262927,1.0029869079589844,6.325387281904478,107,0.003265380859375,6506
58201,754.0982339160983,3744660580886,7.337097107727354,267713,1.0212440490722656,6.3158530586550885,83,0.002532958984375,6857
58301,756.4300004160032,3757788060112,7.323038157739718,269199,1.0269126892089844,6.296125468530733,87,0.002655029296875,7247
58401,758.7504721251316,3770909141152,7.3283084191369205,263771,1.0062065124511719,6.322101906685749,75,0.002288818359375,7080
58501,761.0811644999776,3784004704392,7.358336502561044,266127,1.0151939392089844,6.3431425633520595,109,0.003326416015625,6847
58601,763.4133509581443,3797104557606,7.363957465621875,263059,1.0034904479980469,6.3604670176238285,92,0.0028076171875,6772
58701,765.7304420829751,3810261660125,7.3809822150412785,262114,0.9998855590820312,6.381096655959247,88,0.002685546875,6884
58801,768.0279769580811,3823354869993,7.3909600408708505,259471,0.9898033142089844,6.401156726661866,83,0.002532958984375,7052
58901,770.3539798329584,3836496114685,7.378984015886665,262357,1.0008125305175781,6.378171485369087,93,0.002838134765625,7051
59001,772.6830963329412,3849639594731,7.394369015113265,259906,0.9914627075195312,6.402906307593733,102,0.00311279296875,6322
59101,775.0177066249307,3862800554454,7.36969969548879,258310,0.9853744506835938,6.384325244805196,99,0.003021240234375,6645
59201,777.3787443330511,3875950032213,7.391672070419142,255451,0.9744682312011719,6.41720383921797,120,0.003662109375,6400
59301,779.7178691250738,3889088098248,7.385099479872386,258254,0.9851608276367188,6.399938652235667,77,0.002349853515625,6557
59401,782.020187749993,3902243253331,7.377544813997961,259812,0.9911041259765625,6.386440688021398,83,0.002532958984375,6616
59501,784.3741808331106,3915436717042,7.3833547594808815,260103,0.9922142028808594,6.391140556600022,121,0.003692626953125,6553
59601,786.70249924995,3928626934405,7.384719332647283,258409,0.9857521057128906,6.398967226934392,88,0.002685546875,6407
59701,789.0557486659382,3941795559080,7.398290113683112,257591,0.9826316833496094,6.415658430333503,114,0.00347900390625,6479
59801,791.3769970000722,3954996294755,7.399064025987999,259440,0.98968505859375,6.409378967394249,71,0.002166748046875,6341
59901,793.7332642499823,3968204833039,7.396517272176161,261641,0.9980812072753906,6.39843606490077,116,0.0035400390625,6301
60001,796.0607119160704,3981367514446,7.417842118356927,266402,1.0162429809570312,6.401599137399896,67,0.002044677734375,6399
60101,798.4021272500977,3994541634651,7.422118228621297,264718,1.0098190307617188,6.4122991978595785,99,0.003021240234375,6577
60201,800.724957541097,4007699170024,7.423541676123224,261825,0.9987831115722656,6.424758564550959,118,0.00360107421875,6399
60301,803.0757640409283,4020851567061,7.426852024480756,266400,1.0162353515625,6.410616672918256,109,0.003326416015625,6715
60401,805.4109007909428,4034032506968,7.425889942012106,257668,0.9829254150390625,6.442964526973044,143,0.004364013671875,6500
60501,807.8166784581263,4047227279747,7.434816069405682,259893,0.9914131164550781,6.443402952950604,92,0.0028076171875,6258
60601,810.162619250128,4060448609802,7.43577177462201,257645,0.9828376770019531,6.452934097620057,105,0.003204345703125,6301
60701,812.4931799580809,4073628579686,7.426946334569847,256539,0.9786186218261719,6.4483277127436756,107,0.003265380859375,6315
60801,814.8356836659368,4086834315837,7.435940669306605,256703,0.9792442321777344,6.456696437128871,92,0.0028076171875,6199
60901,817.2005768329836,4100036915802,7.3910352294339905,262442,1.0011367797851562,6.389898449648834,117,0.003570556640625,6567
61001,819.510805540951,4113240914509,7.381801893300784,259410,0.9895706176757812,6.392231275625003,101,0.003082275390625,6404
61101,821.8229541250039,4126455071514,7.398295659271658,260186,0.9925308227539062,6.4057648365177515,141,0.004302978515625,6352
61201,824.1998146660626,4139653741737,7.385604039698899,259659,0.9905204772949219,6.395083562403977,90,0.00274658203125,6474
61301,826.6009685411118,4152848122948,7.389142197315944,260567,0.9939842224121094,6.395157974903834,84,0.0025634765625,6485
61401,828.8995441659354,4166000914797,7.379252362248605,259887,0.9913902282714844,6.38786213397712,103,0.003143310546875,6393
61501,831.2390608750284,4179171737778,7.361548530631092,259998,0.9918136596679688,6.369734870963123,117,0.003570556640625,6347
61601,833.567831082968,4192331381454,7.377052762099577,256863,0.9798545837402344,6.397198178359343,129,0.003936767578125,6457
61701,835.8868489160668,4205501786351,7.394056285201837,254363,0.9703178405761719,6.423738444625665,83,0.002532958984375,6522
61801,838.2700446660165,4218717281595,7.407579731732647,252946,0.9649124145507812,6.442667317181866,96,0.0029296875,6289
61901,840.58600191609,4231887171048,7.403830471119054,263170,1.0039138793945312,6.399916591724523,84,0.0025634765625,6817
62001,842.9098412499297,4245030456533,7.414982879563276,261133,0.9961433410644531,6.418839538498823,85,0.002593994140625,6605
62101,845.2306416661013,4258224043196,7.436756923548058,258484,0.9860382080078125,6.450718715540246,91,0.002777099609375,6565
62201,847.5568042909727,4271327312800,7.422708291553713,263956,1.0069122314453125,6.4157960601084,110,0.00335693359375,7014
62301,849.8906380829867,4284465922427,7.422243481612059,263203,1.0040397644042969,6.418203717207762,119,0.003631591796875,6923
62401,852.236980332993,4297621624429,7.435424174696507,261232,0.99652099609375,6.438903178602757,125,0.003814697265625,6785
62501,854.580771625042,4310714884392,7.4110976887814815,267044,1.0186920166015625,6.392405672179919,80,0.00244140625,7075
62601,856.967762791086,4323846856755,7.423893600092047,261258,0.9966201782226562,6.4272734218693905,100,0.0030517578125,6954
62701,859.2715617909562,4336984230300,7.440142254021078,257996,0.9841766357421875,6.45596561827889,84,0.0025634765625,6635
62801,861.6408294581342,4350154678673,7.434862178964593,257195,0.9811210632324219,6.453741115732171,99,0.003021240234375,6585
62901,863.9845687500201,4363306690297,7.428114154634293,258740,0.9870147705078125,6.44109938412648,88,0.002685546875,6827
63001,866.324432333,4376436331290,7.449563647827208,265884,1.0142669677734375,6.435296680053771,70,0.00213623046875,6892
63101,868.6916136660147,4389577282512,7.421294954715432,259235,0.9889030456542969,6.432391909061135,159,0.004852294921875,6543
63201,871.0302860410884,4402756397922,7.4222226562189295,262189,1.0001716613769531,6.422050994841976,84,0.0025634765625,6547
63301,873.3815056250896,4415853555476,7.418287265400204,264112,1.00750732421875,6.410779941181454,93,0.002838134765625,6674
63401,875.7674298749771,4428982995962,7.388456611239522,262014,0.9995040893554688,6.388952521884053,76,0.0023193359375,6519
63501,878.1359937079251,4442149334797,7.397938647753521,263024,1.00335693359375,6.394581714159771,80,0.00244140625,6563
63601,880.4688707499299,4455290229847,7.403579098021688,259986,0.9917678833007812,6.411811214720907,129,0.003936767578125,6610
63701,882.8764242499601,4468466178101,7.417799789327967,262290,1.0005569458007812,6.417242843527186,84,0.0025634765625,6618
63801,885.2308046659455,4481593627352,7.407649315098343,263362,1.0046463012695312,6.403003013828812,94,0.00286865234375,6610
63901,887.602175957989,4494730374095,7.427650688092814,261703,0.9983177185058594,6.429332969586954,98,0.00299072265625,6607
64001,889.9495486661326,4507842495746,7.447129607730933,263670,1.0058212280273438,6.441308379703589,94,0.00286865234375,6499
64101,892.3246065001003,4521032089793,7.440586079352582,256688,0.97918701171875,6.461399067633832,95,0.002899169921875,6005
64201,894.6888405410573,4534193997640,7.4309060823617745,266124,1.0151824951171875,6.415723587244587,108,0.0032958984375,6554
64301,897.1057570411358,4547293018707,7.426157290396599,263807,1.0063438415527344,6.419813448843865,104,0.003173828125,6632
64401,899.4632932080422,4560424488007,7.414988927333875,263136,1.0037841796875,6.411204747646375,86,0.00262451171875,6605
64501,901.8299721661024,4573567670368,7.420718733002802,262849,1.0026893615722656,6.418029371430537,86,0.00262451171875,6551
64601,904.1556572499685,4586695920261,7.423762184943041,261524,0.9976348876953125,6.426127297247729,96,0.0029296875,6652
64701,906.5471817909274,4599852888928,7.410097449255102,258793,0.9872169494628906,6.422880499792211,119,0.003631591796875,6614
64801,908.8946515000425,4613042119621,7.407758525184814,260538,0.9938735961914062,6.413884928993408,98,0.00299072265625,6567
64901,911.2220461659599,4626211989514,7.408140452629171,260554,0.9939346313476562,6.414205821281515,68,0.0020751953125,6527
65001,913.5544497079682,4639375053207,7.413144569241879,263056,1.00347900390625,6.409665565335629,98,0.00299072265625,6669
65101,915.8996231250931,4652574274135,7.415025033435864,258956,0.9878387451171875,6.427186288318676,107,0.003265380859375,6286
65201,918.2569237910211,4665779417159,7.398397781563586,261222,0.9964828491210938,6.401914932442493,89,0.002716064453125,6554
65301,920.6146896660794,4678972552171,7.411565131795011,266166,1.0153427124023438,6.396222419392667,92,0.0028076171875,6622
65401,922.9522270830348,4692177289740,7.422341450181719,262556,1.0015716552734375,6.420769794908281,91,0.002777099609375,6507
65501,925.3310737081338,4705325391960,7.437823573937214,264767,1.0100059509277344,6.42781762300948,98,0.00299072265625,6937
65601,927.7144170829561,4718482454941,7.450798343089972,259695,0.9906578063964844,6.460140536693488,92,0.0028076171875,6345
65701,930.0671737079974,4731627414807,7.444242457228317,258531,0.9862174987792969,6.45802495844902,118,0.00360107421875,6615
65801,932.4029177909251,4744795420062,7.437592885551361,261949,0.9992561340332031,6.4383367515181575,86,0.00262451171875,6614
65901,934.7618095830549,4757964900069,7.449842799724736,263005,1.0032844543457031,6.4465583453790325,81,0.002471923828125,6736
66001,937.1267923749983,4771119087305,7.446385374408761,259383,0.9894676208496094,6.456917753559152,136,0.004150390625,6367
66101,939.5007022910286,4784297999659,7.447133772135823,257528,0.982391357421875,6.464742414713948,91,0.002777099609375,6358
66201,941.8439874579199,4797494016171,7.439055611457685,265084,1.0112152099609375,6.427840401496748,77,0.002349853515625,6737
66301,944.2090739579871,4810663282605,7.438575383775336,261490,0.9975051879882812,6.441070195787055,142,0.00433349609375,6518
66401,946.6198091660626,4823857430366,7.451165593010819,262470,1.0012435913085938,6.449922001702225,177,0.005401611328125,6670
66501,948.9993029159959,4837001738597,7.4591538304011,263582,1.0054855346679688,6.453668295733131,93,0.002838134765625,6564
66601,951.327425833093,4850178383376,7.452975680204812,252677,0.9638862609863281,6.489089419218484,140,0.0042724609375,6137
66701,953.6292063749861,4863355914230,7.446144386482511,265191,1.0116233825683594,6.434521003914152,93,0.002838134765625,6912
66801,956.0144641660154,4876543349018,7.43867716811284,254627,0.9713249206542969,6.467352247458543,88,0.002685546875,6477
66901,958.4293434580322,4889720532035,7.434386507642076,264823,1.0102195739746094,6.4241669336674665,99,0.003021240234375,6632
67001,960.7962317499332,4902909940988,7.420833711736763,263430,1.0049057006835938,6.415928011053169,89,0.002716064453125,6672
67101,963.1509178329725,4916117344298,7.421564835786929,262148,1.0000152587890625,6.421549576997866,77,0.002349853515625,6869
67201,965.4661317910068,4929329011566,7.400217113767027,256044,0.9767303466796875,6.42348676708734,109,0.003326416015625,6407
67301,967.821577708004,4942537649749,7.418950636239074,260266,0.9928359985351562,6.426114637703917,80,0.00244140625,6570
67401,970.1062272500712,4955733556942,7.381979159854856,255668,0.9752960205078125,6.406683139347043,74,0.00225830078125,6438
67501,972.465176125057,4968943294562,7.388859792850051,258482,0.9860305786132812,6.402829214236769,87,0.002655029296875,6430
67601,974.8394912080839,4982137397405,7.386315116850673,259852,0.9912567138671875,6.395058402983485,105,0.003204345703125,6340
67701,977.2137682910543,4995317714323,7.398718353172912,259950,0.9916305541992188,6.407087798973693,96,0.0029296875,6760
67801,979.5648177911062,5008458212904,7.367179305786538,260046,0.9919967651367188,6.375182540649819,97,0.002960205078125,6715
67901,981.8876850830857,5021651082289,7.384912115624129,262246,1.0003890991210938,6.384523016503035,91,0.002777099609375,7040
68001,984.2090198749211,5034807189552,7.37624045039874,260615,0.9941673278808594,6.38207312251788,76,0.0023193359375,6438
68101,986.5887544581201,5048000255500,7.373942153735701,258516,0.9861602783203125,6.3877818754153886,104,0.003173828125,6487
68201,988.9654262501281,5061150480687,7.3970667583159795,262489,1.0013160705566406,6.395750687759339,84,0.0025634765625,6845
68301,991.3225253331475,5074279391860,7.39761535598694,259879,0.9913597106933594,6.406255645293581,81,0.002471923828125,6493
68401,993.6731294579804,5087446746666,7.431947030322293,259779,0.9909782409667969,6.440968789355496,93,0.002838134765625,6486
68501,996.0295468331315,5100567879145,7.432708934046952,260391,0.9933128356933594,6.439396098353592,89,0.002716064453125,6649
68601,998.367322208127,5113688893502,7.42709638968728,258492,0.9860687255859375,6.441027664101343,79,0.002410888671875,6579
68701,1000.7452895001043,5126870618077,7.4405067988816,260388,0.9933013916015625,6.4472054072800375,117,0.003570556640625,6591
68801,1003.079390916042,5140050274570,7.444373668635237,256443,0.9782524108886719,6.466121257746565,131,0.003997802734375,6316
68901,1005.4470949161332,5153172207214,7.436941705064495,263702,1.0059432983398438,6.430998406724651,87,0.002655029296875,6676
69001,1007.8363111249637,5166288451049,7.441585118459906,258609,0.9865150451660156,6.45507007329389,93,0.002838134765625,6454
69101,1010.2756372080185,5179467285262,7.432691903628359,263963,1.0069389343261719,6.425752969302187,105,0.003204345703125,6612
69201,1012.640501332935,5192620144941,7.422500885080067,262549,1.0015449523925781,6.420955932687489,76,0.0023193359375,6802
69301,1015.0451076249592,5205827338938,7.420771372696539,262200,1.000213623046875,6.420557749649664,88,0.002685546875,6453
69401,1017.4328782910015,5218981120012,7.413079494969219,258627,0.9865837097167969,6.426495785252422,106,0.00323486328125,6669
69501,1019.7770843750332,5232102954434,7.431734640367407,261624,0.998016357421875,6.433718282945532,95,0.002899169921875,6741
69601,1022.1462387910578,5245177354293,7.430697999904847,261122,0.9961013793945312,6.434596620510316,116,0.0035400390625,6597
69701,1024.5357684579212,5258283742313,7.422684562870006,262531,1.0014762878417969,6.421208275028209,92,0.0028076171875,6639
69801,1026.890998207964,5271429971833,7.411553938406446,265513,1.0128517150878906,6.398702223318556,88,0.002685546875,6626
69901,1029.248145291116,5284599267895,7.3938268825541735,261309,0.9968147277832031,6.39701215477097,224,0.0068359375,6682
70001,1031.6090545409825,5297780667605,7.375234769408031,260086,0.9921493530273438,6.383085416380688,107,0.003265380859375,6329
70101,1033.9423611660022,5310982759918,7.37731382793403,262552,1.001556396484375,6.375757431449655,117,0.003570556640625,6605
70201,1036.2829165000003,5324122265556,7.370757027686075,265132,1.0113983154296875,6.3593587122563875,83,0.002532958984375,6689
70301,1038.6259584999643,5337247692196,7.377147744964496,260870,0.9951400756835938,6.3820076692809025,87,0.002655029296875,6455
70401,1040.9631225410849,5350383170074,7.371788950933013,264879,1.0104331970214844,6.361355753911528,96,0.0029296875,6627
70501,1043.283470791066,5363457673125,7.365928673761232,266372,1.0161285400390625,6.3498001337221694,103,0.003143310546875,6929
70601,1045.6164076251443,5376549822435,7.363468564853389,265507,1.0128288269042969,6.350639737949092,81,0.002471923828125,6467
70701,1047.9619592500385,5389667125243,7.390658509984,268176,1.02301025390625,6.36764825607775,98,0.00299072265625,6843
70801,1050.3068055410404,5402783870678,7.399811837434373,263817,1.0063819885253906,6.3934298489089825,70,0.00213623046875,6494
70901,1052.696020415984,5415901927243,7.402335601327637,264269,1.0081062316894531,6.394229369638184,86,0.00262451171875,6855
71001,1055.0581677081063,5429025331143,7.4015738025,262808,1.002532958984375,6.399040843515625,92,0.0028076171875,6988
71101,1057.3996240000706,5442165881645,7.375717308499553,257737,0.9831886291503906,6.392528679349162,83,0.002532958984375,6751
71201,1059.7629904579371,5455336871809,7.391175355933642,254637,0.9713630676269531,6.419812288306689,138,0.00421142578125,6363
71301,1062.1338173330296,5468487114785,7.38387675143632,260804,0.9948883056640625,6.388988445772258,99,0.003021240234375,6612
71401,1064.4959030000027,5481661474959,7.346222627247031,260366,0.9932174682617188,6.3530051589853125,64,0.001953125,6521
71501,1066.858841124922,5494819403284,7.354617767069109,258598,0.9864730834960938,6.368144683573015,89,0.002716064453125,6399
71601,1069.2593477079645,5507999927773,7.336861004436388,263225,1.0041236877441406,6.332737316692247,84,0.0025634765625,6689
71701,1071.6351256249472,5521135888873,7.3493269245533,266998,1.0185165405273438,6.330810384025956,96,0.0029296875,7012
71801,1073.960748750018,5534285500211,7.347260948568735,263059,1.0034904479980469,6.343770500570688,105,0.003204345703125,6802
71901,1076.3317830830347,5547439157146,7.365866654136047,261767,0.9985618591308594,6.367304795005188,104,0.003173828125,6635
72001,1078.7529428750277,5560583054079,7.345379077944626,259781,0.9909858703613281,6.354393207583298,104,0.003173828125,6494
72101,1081.1147714159451,5573767420562,7.368253262931017,262539,1.0015068054199219,6.366746457511095,178,0.00543212890625,6658
72201,1083.413129457971,5586946360759,7.381930742664165,264201,1.0078468322753906,6.374083910388775,142,0.00433349609375,6663
72301,1085.7373767080717,5600105592689,7.357538877189251,258898,0.9876174926757812,6.36992138451347,96,0.0029296875,6363
72401,1088.0896701249294,5613292473968,7.363819452719006,262501,1.0013618469238281,6.362457605795178,90,0.00274658203125,6494
72501,1090.4223644160666,5626406076475,7.389421937468835,261728,0.9984130859375,6.391008851531335,101,0.003082275390625,6816
72601,1092.7170666661114,5639541802895,7.373294519542705,262663,1.0019798278808594,6.371314691661846,112,0.00341796875,7015
72701,1095.0871655000374,5652730215903,7.375933193473001,262136,0.999969482421875,6.375963711051126,101,0.003082275390625,6584
72801,1097.4643677501008,5665925509302,7.362394566208771,263605,1.0055732727050781,6.3568212935036925,101,0.003082275390625,6519
72901,1099.7478563329205,5679047926704,7.3668365637532105,268451,1.0240592956542969,6.342777268098914,77,0.002349853515625,6954
73001,1102.0612967500929,5692174020045,7.356770510193818,264794,1.0101089477539062,6.346661562439912,101,0.003082275390625,6748
73101,1104.3585423331242,5705276825714,7.331903038006906,260888,0.995208740234375,6.336694297772531,140,0.0042724609375,6542
73201,1106.7023551249877,5718424576737,7.344244074914592,262183,1.0001487731933594,6.344095301721232,96,0.0029296875,6853
73301,1109.0227887500077,5731593087472,7.3482659778227415,263549,1.0053596496582031,6.342906328164538,101,0.003082275390625,6846
73401,1111.3500689580105,5744745331873,7.322466822777544,262689,1.0020790100097656,6.320387812767779,85,0.002593994140625,6693
73501,1113.6768353751395,5757914959165,7.3392477090453525,263562,1.0054092407226562,6.333838468322696,75,0.002288818359375,6631
73601,1115.9611376661342,5771019130473,7.356138387659675,264209,1.0078773498535156,6.348261037806159,115,0.003509521484375,6866
73701,1118.218455125112,5784153682470,7.362171516499906,260018,0.9918899536132812,6.370281562886625,105,0.003204345703125,6748
73801,1120.5820743751246,5797259899937,7.337083998184522,259247,0.9889488220214844,6.348135176163038,135,0.004119873046875,6911
73901,1122.9336666660383,5810363238786,7.338006880215314,260665,0.9943580627441406,6.343648817471173,155,0.004730224609375,6594
74001,1125.2409327910282,5823549032395,7.34672440562345,259185,0.9887123107910156,6.358012094832435,106,0.00323486328125,6347
74101,1127.5557862911373,5836707947507,7.3649346155763205,263160,1.003875732421875,6.3610588831544455,87,0.002655029296875,6611
74201,1129.841959625017,5849817004820,7.374003513506922,264652,1.0095672607421875,6.364436252764735,82,0.00250244140625,7074
74301,1132.135569582926,5862941870315,7.379635222911647,258039,0.9843406677246094,6.3952945551870375,87,0.002655029296875,7044
74401,1134.4259133751038,5876066372213,7.37361020720205,257028,0.9804840087890625,6.393126198412988,108,0.0032958984375,6471
74501,1136.7524288329296,5889229632650,7.361650129392058,257809,0.9834632873535156,6.378186842038542,80,0.00244140625,6698
74601,1139.0436663329601,5902429475949,7.36758105901187,259061,0.9882392883300781,6.379341770681792,178,0.00543212890625,6577
74701,1141.3503651660867,5915621991352,7.389554512923042,260750,0.9946823120117188,6.3948722009113235,69,0.002105712890625,6389
74801,1143.6161159579642,5928780881845,7.375861377205741,261866,0.9989395141601562,6.376921863045585,87,0.002655029296875,6779
74901,1145.9229187909514,5941906079371,7.374593025917349,258608,0.98651123046875,6.388081795448599,129,0.003936767578125,6956
75001,1148.2381983329542,5955079495518,7.365219969032827,258637,0.9866218566894531,6.378598112343374,85,0.002593994140625,6897
75101,1150.5321039159317,5968207966921,7.346056561697068,261341,0.9969367980957031,6.349119763601365,112,0.00341796875,7031
75201,1152.8469665411394,5981295239844,7.354841695651247,255450,0.9744644165039062,6.380377279147341,112,0.00341796875,6599
75301,1155.2211977499537,5994421464882,7.364148271653004,260366,0.9932174682617188,6.3709308033912855,97,0.002960205078125,6922
75401,1157.5138869581278,6007555186823,7.382251295490201,263223,1.0041160583496094,6.378135237140592,66,0.00201416015625,6813
75501,1159.812241540989,6020615048713,7.389780679106147,263715,1.0059928894042969,6.3837877897018505,84,0.0025634765625,6914
75601,1162.1191073749214,6033652143568,7.401694560014747,266267,1.0157279968261719,6.385966563188575,182,0.00555419921875,6861
75701,1164.374133666046,6046675054271,7.398438393121883,263461,1.0050239562988281,6.393414436823055,98,0.00299072265625,6910
75801,1166.705446457956,6059775224451,7.38951872682613,261965,0.9993171691894531,6.390201557636677,111,0.003387451171875,6629
75901,1168.9263438750058,6072894044111,7.396382656841746,262956,1.0030975341796875,6.393285122662059,88,0.002685546875,6796
76001,1171.1752241249196,6085924293836,7.402425432728873,267861,1.0218086242675781,6.380616808461295,165,0.005035400390625,7183
76101,1173.443346499931,6098864800093,7.377369319873447,269499,1.0280570983886719,6.349312221484775,82,0.00250244140625,7267
76201,1175.7302436660975,6111889335073,7.361204108213324,263898,1.0066909790039062,6.354513129209418,119,0.003631591796875,7020
76301,1177.982754250057,6124978586615,7.348825004311704,259128,0.988494873046875,6.360330131264829,96,0.0029296875,6676
76401,1180.2674005001318,6138158267660,7.342612644072222,262334,1.0007247924804688,6.341887851591753,93,0.002838134765625,6491
76501,1182.5615247909445,6151325333920,7.349649213329391,260217,0.9926490783691406,6.35700013496025,102,0.00311279296875,6768
76601,1184.8733132081106,6164461755552,7.353456131268615,262810,1.0025405883789062,6.350915542889709,96,0.0029296875,6562
76701,1187.1938905001152,6177581156522,7.323722285345637,265839,1.0140953063964844,6.309626978949153,98,0.00299072265625,7328
76801,1189.5099557079375,6190666737689,7.354468952262737,260583,0.9940452575683594,6.3604236946943775,92,0.0028076171875,6830
76901,1191.8025612910278,6203831911683,7.3627720143244115,260111,0.9922447204589844,6.370527293865427,107,0.003265380859375,6705
77001,1194.135781541001,6216955430149,7.371500088880284,263055,1.0034751892089844,6.368024899671299,121,0.003692626953125,7036
77101,1196.4566080409568,6230037069812,7.371761709804722,260456,0.993560791015625,6.378200918789097,83,0.002532958984375,6500
77201,1198.7848915830255,6243208455477,7.396417627466185,260262,0.9928207397460938,6.4035968877200915,89,0.002716064453125,6411
77301,1201.1203553329688,6256340716263,7.388694360827925,266133,1.0152168273925781,6.373477533435347,87,0.002655029296875,6686
77401,1203.4251645409968,6269447891749,7.396668587024427,269956,1.0298004150390625,6.366868171985365,80,0.00244140625,7165
77501,1205.7880373750813,6282553694707,7.392242650404976,266730,1.0174942016601562,6.374748448744819,100,0.0030517578125,6933
77601,1208.0564510000404,6295609200944,7.395886554045604,265145,1.0114479064941406,6.384438647551463,85,0.002593994140625,6888
77701,1210.3553831251338,6308736654713,7.394049731125724,261232,0.99652099609375,6.397528735031974,105,0.003204345703125,6665
77801,1212.6831634580158,6321861034505,7.392865528824121,262761,1.0023536682128906,6.39051186061123,100,0.0030517578125,6630
77901,1215.0464819581248,6335011826295,7.381632527038157,257160,0.980987548828125,6.400644978210032,86,0.00262451171875,6381
78001,1217.3259294999298,6348189797444,7.386343974714418,260691,0.9944572448730469,6.391886729841371,100,0.0030517578125,6714
78101,1219.6724100830033,6361335133856,7.37508148265297,259973,0.9917182922363281,6.383363190416642,137,0.004180908203125,6664
78201,1221.9923402080312,6374472519830,7.37501982418325,259251,0.9889640808105469,6.386055743372703,104,0.003173828125,6679
78301,1224.2815830409527,6387607482631,7.372293306270249,263327,1.0045127868652344,6.367780519405015,117,0.003570556640625,6668
78401,1226.6185836659279,6400773978078,7.366672091630653,257993,0.9841651916503906,6.382506899980262,105,0.003204345703125,6586
78501,1228.887477207929,6413880810513,7.378040540393654,259370,0.9894180297851562,6.3886225106084975,87,0.002655029296875,6641
78601,1231.2094024999533,6426947993279,7.364956127176667,262419,1.0010490417480469,6.36390708542862,70,0.00213623046875,6688
78701,1233.50173133309,6440067192779,7.375174874867719,265771,1.0138359069824219,6.361338967885297,84,0.0025634765625,6595
78801,1235.806549208006,6453235099572,7.3742928115725235,264448,1.0087890625,6.3655037490725235,82,0.00250244140625,6513
78901,1238.0321442910936,6466365171729,7.376581676702103,259761,0.9909095764160156,6.3856721002860874,94,0.00286865234375,6626
79001,1240.3306384161115,6479510327253,7.359748838283911,270200,1.030731201171875,6.329017637112036,108,0.0032958984375,6967
79101,1242.611744957976,6492608551092,7.377751903406546,263051,1.0034599304199219,6.374291972986624,98,0.00299072265625,6697
79201,1244.8776974161156,6505738120315,7.388436962462791,261203,0.9964103698730469,6.392026592589744,93,0.002838134765625,6482
79301,1247.2996217911132,6518893352278,7.376193934085901,259822,0.9911422729492188,6.385051661136682,76,0.0023193359375,6565
79401,1249.6044144160114,6532054157305,7.362519901572383,264659,1.0095939636230469,6.352925937949336,89,0.002716064453125,6506
79501,1251.8833636250347,6545224894375,7.354645030806342,265021,1.0109748840332031,6.343670146773139,84,0.0025634765625,6624
79601,1254.1883714159485,6558390722566,7.360614840301366,265278,1.0119552612304688,6.3486595790708975,120,0.003662109375,6517
79701,1256.5479619579855,6571549196864,7.338612286588506,264071,1.0073509216308594,6.331261364957647,87,0.002655029296875,6645
79801,1258.892769665923,6584733171675,7.3288055280409266,266012,1.0147552490234375,6.314050279017489,92,0.0028076171875,6756
79901,1261.2145142080262,6597933828911,7.324183769908446,261553,0.9977455139160156,6.32643825599243,91,0.002777099609375,6579
80001,1263.5638961659279,6611125451188,7.329332799108843,261139,0.9961662292480469,6.333166569860796,109,0.003326416015625,6812
80101,1265.8370327909943,6624283211387,7.329337439549916,263375,1.0046958923339844,6.324641547215932,120,0.003662109375,6771
80201,1268.147149583092,6637452308871,7.336089285010519,264972,1.0107879638671875,6.325301321143331,92,0.0028076171875,6866
80301,1270.443265791051,6650620460763,7.358130150343243,266062,1.0149459838867188,6.343184166456524,84,0.0025634765625,6765
80401,1272.7492692079395,6663770467867,7.3586303411655765,265644,1.0133514404296875,6.345278900735889,85,0.002593994140625,7049
80501,1275.1078452910297,6676884004391,7.359213377914647,265179,1.0115776062011719,6.347635771713475,69,0.002105712890625,6792
80601,1277.3887250830885,6690036311672,7.386348989826024,266065,1.0149574279785156,6.371391561847508,85,0.002593994140625,6981
80701,1279.6654167501256,6703126874403,7.379595385479206,262469,1.0012397766113281,6.378355608867878,80,0.00244140625,7105
80801,1282.0368325000163,6716295050741,7.407314954210614,253271,0.9661521911621094,6.441162763048505,98,0.00299072265625,6539
80901,1284.4408323750831,6729463094224,7.397790865018372,264389,1.0085639953613281,6.389226869657044,93,0.002838134765625,6892
81001,1286.7812623749487,6742575143018,7.4120147154876594,260429,0.9934577941894531,6.418556921298206,151,0.004608154296875,6799
81101,1289.1042603331152,6755724309291,7.41338323589334,262642,1.0018997192382812,6.411483516655059,81,0.002471923828125,6740
81201,1291.4158439161256,6768923361474,7.432860615365746,262634,1.0018692016601562,6.4309914137055895,84,0.0025634765625,6734
81301,1293.745731458068,6782126742380,7.430064816393682,260185,0.9925270080566406,6.437537808337042,128,0.00390625,6644
81401,1296.0276719999965,6795315115044,7.427760431245147,259284,0.9890899658203125,6.438670465424835,122,0.00372314453125,6507
81501,1298.3275210000575,6808516398105,7.423333483599687,259733,0.9908027648925781,6.432530718707109,63,0.001922607421875,6517
81601,1300.633028625045,6821749281754,7.438026501359305,260481,0.9936561584472656,6.444370342912039,86,0.00262451171875,6569
81701,1302.9156054160558,6834930072821,7.465570177071834,263875,1.0066032409667969,6.458966936105037,79,0.002410888671875,6676
81801,1305.2134812909644,6848098300191,7.459229844014907,260545,0.9939002990722656,6.465329544942642,72,0.002197265625,6477
81901,1307.537319707917,6861274597498,7.463690130157541,259427,0.9896354675292969,6.4740546626282445,96,0.0029296875,6563
82001,1309.7680599160958,6874459130217,7.461433667168054,259825,0.9911537170410156,6.470279950127038,87,0.002655029296875,6481
82101,1312.037569832988,6887635943838,7.452058499403198,263931,1.0068168640136719,6.445241635389526,92,0.0028076171875,6720
82201,1314.309701415943,6900819071927,7.4513191690737095,260757,0.9947090148925781,6.456610154181131,105,0.003204345703125,6623
82301,1316.62301858305,6914032064792,7.447805334995507,260618,0.9941787719726562,6.45362656302285,103,0.003143310546875,6587
82401,1318.903423000127,6927215486365,7.451207196231682,263570,1.0054397583007812,6.4457674379309005,76,0.0023193359375,6760
82501,1321.2017160409596,6940372972028,7.44068816210923,264704,1.009765625,6.43092253710923,87,0.002655029296875,6863
82601,1323.489379875129,6953541070800,7.4508346424414125,256574,0.9787521362304688,6.472082506210944,109,0.003326416015625,6514
82701,1325.8376285000704,6966754132803,7.436105237620349,257583,0.9826011657714844,6.453504071848864,109,0.003326416015625,6488
82801,1328.1271040409338,6979932682300,7.4370990442981375,260235,0.9927177429199219,6.444381301378216,104,0.003173828125,6471
82901,1330.4590565830003,6993114576724,7.4386890974755815,267769,1.0214576721191406,6.417231425356441,87,0.002655029296875,6726
83001,1332.720935832942,7006305004092,7.4475598672075956,262184,1.000152587890625,6.4474072793169706,93,0.002838134765625,6603
83101,1335.00453108293,7019512144591,7.4463351302300325,258745,0.9870338439941406,6.459301286235892,96,0.0029296875,6361
83201,1337.2880962081254,7032726921233,7.452410883653987,262219,1.0002861022949219,6.452124781359065,87,0.002655029296875,6656
83301,1339.6065458750818,7045959309922,7.431650275524751,260528,0.99383544921875,6.437814826306001,81,0.002471923828125,6524
83401,1341.846211166121,7059163396029,7.426788253221108,256433,0.9782142639160156,6.448573989305093,95,0.002899169921875,6557
83501,1344.1291819580365,7072366351079,7.437343980932768,258476,0.9860076904296875,6.451336290503081,74,0.00225830078125,6633
83601,1346.4275929580908,7085574971097,7.433132453854222,258047,0.9843711853027344,6.448761268551488,84,0.0025634765625,6539
83701,1348.7779294159263,7098765646645,7.439358919679834,258851,0.9874382019042969,6.451920717775537,107,0.003265380859375,6324
83801,1351.0630088751204,7111989775345,7.448558239590218,257324,0.9816131591796875,6.466945080410531,79,0.002410888671875,6446
83901,1353.3647842081264,7125187230952,7.452592895737734,259501,0.9899177551269531,6.462675140610781,78,0.00238037109375,6500
84001,1355.6584620410576,7138419349656,7.4440059500306255,255769,0.9756813049316406,6.468324645098985,113,0.003448486328125,6306
84101,1357.8895127500873,7151664336054,7.418638230938567,254453,0.9706611633300781,6.447977067608488,97,0.002960205078125,6097
84201,1360.208539040992,7164916044619,7.395211727536147,252372,0.9627227783203125,6.432488949215834,128,0.00390625,6205
84301,1362.5189203331247,7178134795218,7.414292718554321,253907,0.9685783386230469,6.445714379931274,69,0.002105712890625,6415
84401,1364.8576892081182,7191388181926,7.405950547795261,257883,0.9837455749511719,6.4222049728440895,105,0.003204345703125,6278
84501,1367.1583036249503,7204596273713,7.403291944951867,254945,0.9725379943847656,6.430753950567102,106,0.00323486328125,6287
84601,1369.494211415993,7217803339064,7.421003900377358,256422,0.9781723022460938,6.4428315981312645,117,0.003570556640625,6629
84701,1371.8245817909483,7231009649737,7.432510891411424,260348,0.9931488037109375,6.439362087700487,109,0.003326416015625,6537
84801,1374.1563333750237,7244179194522,7.462925304044188,261776,0.99859619140625,6.464329112637938,99,0.003021240234375,6959
84901,1376.4255637079477,7257333459699,7.475552711886798,261338,0.9969253540039062,6.478627357882892,97,0.002960205078125,6719
85001,1378.7029807500076,7270478301741,7.456999911306204,259721,0.9907569885253906,6.466242922780814,90,0.00274658203125,6683
85101,1381.037557750009,7283630778472,7.478068169354694,259964,0.9916839599609375,6.486384209393757,98,0.00299072265625,6864
85201,1383.362024415983,7296798320375,7.4849590856786685,257325,0.9816169738769531,6.503342111801715,118,0.00360107421875,6482
85301,1385.7040792910848,7309948375284,7.479634819508661,253832,0.968292236328125,6.511342583180536,115,0.003509521484375,6573
85401,1388.0128259160556,7323083262522,7.462798488499898,257239,0.9812889099121094,6.481509578587788,201,0.006134033203125,6733
85501,1390.330929875141,7336267631848,7.455961551935388,256122,0.9770278930664062,6.478933658868982,94,0.00286865234375,6569
85601,1392.6435286661144,7349442352207,7.453026533594696,259943,0.9916038513183594,6.4614226822763365,87,0.002655029296875,6706
85701,1394.9721028751228,7362639050429,7.436026492648229,262243,1.0003776550292969,6.435648837618932,97,0.002960205078125,6698
85801,1397.345416707918,7375827254113,7.425840021669869,255570,0.9749221801757812,6.450917841494087,85,0.002593994140625,6511
85901,1399.6730565000325,7389025276248,7.424146461430916,258629,0.9865913391113281,6.437555122319588,102,0.00311279296875,6562
86001,1401.977422958007,7402210004118,7.402591831047645,254029,0.9690437316894531,6.433548099358192,79,0.002410888671875,6282
86101,1404.3620494159404,7415411957601,7.397916703576169,252890,0.9646987915039062,6.433217912072263,104,0.003173828125,6283
86201,1406.718772625085,7428630922025,7.419439122429358,255065,0.9729957580566406,6.446443364372717,128,0.00390625,6657
86301,1409.0817046249285,7441823368057,7.4284997601665195,251218,0.9583206176757812,6.470179142490738,130,0.00396728515625,6604
86401,1411.4507683329284,7455013434297,7.446830237080556,253275,0.9661674499511719,6.4806627871293845,89,0.002716064453125,6671
86501,1413.8109680409543,7468235330065,7.460354584810825,257209,0.9811744689941406,6.479180115816685,120,0.003662109375,6968
86601,1416.14399379096,7481389252505,7.442224110686076,265723,1.0136528015136719,6.428571309172404,90,0.00274658203125,6948
86701,1418.5141684580594,7494537957960,7.455790530998279,264220,1.0079193115234375,6.447871219474841,84,0.0025634765625,7240
86801,1420.8468005410396,7507632557468,7.468265634902391,258945,0.9877967834472656,6.480468851455125,105,0.003204345703125,6813
86901,1423.182063833112,7520769769724,7.481826595705589,259232,0.9888916015625,6.492934994143089,78,0.00238037109375,6531
87001,1425.4893812909722,7533938777651,7.4838836601838805,254230,0.9698104858398438,6.514073174344037,130,0.00396728515625,6325
87101,1427.8348396250512,7547139609878,7.495670427218349,256616,0.978912353515625,6.516758073702724,92,0.0028076171875,6382
87201,1430.1940704579465,7560296874861,7.482860399587975,258599,0.9864768981933594,6.496383501394615,94,0.00286865234375,6335
87301,1432.5298975000624,7573501606103,7.483306589975325,255955,0.9763908386230469,6.506915751352278,95,0.002899169921875,6118
87401,1434.9202909581363,7586702639253,7.464130659951344,262660,1.0019683837890625,6.462162276162282,69,0.002105712890625,6729
87501,1437.3051685830578,7599907941908,7.456751593023541,257751,0.9832420349121094,6.473509558111432,97,0.002960205078125,6634
87601,1439.6487711251248,7613072299118,7.472757436919094,254553,0.9710426330566406,6.501714803862454,91,0.002777099609375,6140
87701,1442.072201250121,7626274042287,7.471416726251835,258732,0.9869842529296875,6.484432473322148,114,0.00347900390625,6487
87801,1444.419855874963,7639451638670,7.46522674052134,255366,0.9741439819335938,6.491082758587746,172,0.0052490234375,6241
87901,1446.7633239161223,7652641219314,7.474186486902062,256196,0.9773101806640625,6.496876306238,103,0.003143310546875,6383
88001,1449.1006386659574,7665819237869,7.476065772915999,259296,0.9891357421875,6.486930030728499,84,0.0025634765625,6652
88101,1451.4469075829256,7678924943304,7.481040068966699,263908,1.0067291259765625,6.474310942990137,80,0.00244140625,6727
88201,1453.7491986660752,7692044133353,7.496764630646961,260548,0.9939117431640625,6.502852887482899,91,0.002777099609375,6673
88301,1456.0827901249286,7705141359186,7.494081731940861,258721,0.9869422912597656,6.507139440681096,101,0.003082275390625,6680
88401,1458.3962919160258,7718206480306,7.487251372710883,260905,0.9952735900878906,6.4919777826229925,129,0.003936767578125,6680
88501,1460.755983875133,7731294241565,7.48238869065982,263800,1.006317138671875,6.476071551987945,81,0.002471923828125,7001
88601,1463.0979299580213,7744302139308,7.482339945860792,262594,1.0017166137695312,6.480623332091261,99,0.003021240234375,6910
88701,1465.4347651661374,7757410921076,7.484967970836112,259228,0.9888763427734375,6.496091628062675,90,0.00274658203125,6793
88801,1467.7938983330969,7770507230465,7.490807525953198,258947,0.9878044128417969,6.503003113111401,111,0.003387451171875,6497
88901,1470.1360385410953,7783653941816,7.485614148720561,266463,1.0164756774902344,6.469138471230327,127,0.003875732421875,6992
89001,1472.467435624916,7796797109762,7.468391890880696,263643,1.0057182312011719,6.462673659679524,62,0.00189208984375,6822
89101,1474.8072474161163,7809945780099,7.476451404048359,262605,1.0017585754394531,6.474692828608906,98,0.00299072265625,6779
89201,1477.192838500021,7823114525085,7.486686230349193,266985,1.0184669494628906,6.468219280886302,86,0.00262451171875,7018
89301,1479.5350655829534,7836265471398,7.470457565946178,261990,0.9994125366210938,6.471045029325084,115,0.003509521484375,6785
89401,1481.9181529160123,7849446047784,7.464937486823833,263925,1.0067939758300781,6.458143510993755,92,0.0028076171875,7004
89501,1484.277683665976,7862603888031,7.463772512782514,261401,0.9971656799316406,6.466606832850873,111,0.003387451171875,7020
89601,1486.607249832945,7875755872603,7.461216742424387,259757,0.9908943176269531,6.470322424797434,98,0.00299072265625,6791
89701,1488.92428345792,7888935898526,7.470133035157993,259946,0.9916152954101562,6.478517739747836,126,0.00384521484375,6726
89801,1491.310254666023,7902093453017,7.4702451209020975,257188,0.9810943603515625,6.489150760550535,91,0.002777099609375,6216
89901,1493.6481931661256,7915255512693,7.468211654570496,257925,0.9839057922363281,6.484305862334168,89,0.002716064453125,6541
90001,1496.026337374933,7928399428347,7.451195162593272,256973,0.9802742004394531,6.470920962153819,93,0.002838134765625,6591
90101,1498.4145957080182,7941620488203,7.438360893656251,256548,0.9786529541015625,6.459707939554688,115,0.003509521484375,6340
90201,1500.7938527080696,7954845970973,7.421228692080278,259518,0.9899826049804688,6.431246087099809,89,0.002716064453125,6246
90301,1503.1726794161368,7968052952886,7.403713934255503,263779,1.0062370300292969,6.397476904226206,97,0.002960205078125,6813
90401,1505.4729583330918,7981205113996,7.423666148881704,261290,0.9967422485351562,6.426923900346548,106,0.00323486328125,6469
90501,1507.8305240001064,7994378413359,7.421482249101728,262862,1.0027389526367188,6.418743296465009,74,0.00225830078125,6657
90601,1510.1594121251255,8007591371153,7.4048049099294655,260217,0.9926490783691406,6.412155831560325,75,0.002288818359375,6363
90701,1512.4841567080002,8020797028027,7.389224285798591,263162,1.0038833618164062,6.385340923982184,118,0.00360107421875,6593
90801,1514.7743155411445,8034016597356,7.3954251640846795,259383,0.9894676208496094,6.40595754323507,170,0.00518798828125,6449
90901,1517.0961875000503,8047261639457,7.387825810117764,258272,0.9852294921875,6.402596317930264,97,0.002960205078125,6337
91001,1519.4437890411355,8060510507293,7.356967457865498,261284,0.9967193603515625,6.360248097513936,84,0.0025634765625,6489
91101,1521.7684417909477,8073757298555,7.372044806832063,259304,0.989166259765625,6.382878547066438,86,0.00262451171875,6450
91201,1524.112130915979,8086940791129,7.38798096633154,266025,1.0148048400878906,6.373176126243649,111,0.003387451171875,7043
91301,1526.508601250127,8100136429496,7.413798231418614,264463,1.0088462829589844,6.40495194845963,117,0.003570556640625,6827
91401,1528.8234424160328,8113286611244,7.43389106098485,264329,1.0083351135253906,6.4255559474594595,101,0.003082275390625,6850
91501,1531.186454999959,8126431470868,7.388147813617182,263663,1.0057945251464844,6.382353288470697,74,0.00225830078125,6832
91601,1533.5414155831095,8139588301716,7.392307777474252,260634,0.9942398071289062,6.398067970345346,86,0.00262451171875,7104
91701,1535.860992291011,8152745267639,7.4204831203485355,262328,1.000701904296875,6.4197812160516605,111,0.003387451171875,7054
91801,1538.2312262079213,8165927852180,7.42273905385993,257041,0.9805335998535156,6.442205454006414,135,0.004119873046875,6963
91901,1540.6638457500376,8179118529703,7.4303725349003935,256294,0.9776840209960938,6.4526885139043,117,0.003570556640625,6684
92001,1543.0099071250297,8192296758114,7.43341954692778,260555,0.9939384460449219,6.439481100882858,104,0.003173828125,6919
92101,1545.3554443330504,8205487382745,7.43962478252801,262118,0.9999008178710938,6.439723964656916,96,0.0029296875,6730
92201,1547.719878083095,8218613918937,7.44286106227908,261633,0.9980506896972656,6.444810372581815,73,0.002227783203125,6948
92301,1550.0214992079418,8231752633532,7.4557041178733705,268022,1.0224227905273438,6.433281327346027,87,0.002655029296875,6919
92401,1552.3589681249578,8244866724561,7.443513367370067,263405,1.0048103332519531,6.438703034118114,93,0.002838134765625,6703
92501,1554.6954061661381,8258035268596,7.440345807905064,259190,0.9887313842773438,6.451614423627721,111,0.003387451171875,7013
92601,1557.0981020000763,8271193651487,7.425081640449101,255234,0.9736404418945312,6.45144119855457,109,0.003326416015625,6579
92701,1559.4456152499188,8284394194340,7.420421183820369,257060,0.9806060791015625,6.439815104718806,122,0.00372314453125,6870
92801,1561.742755125044,8297577323920,7.40629045123335,259223,0.9888572692871094,6.41743318194624,108,0.0032958984375,7039
92901,1564.086689833086,8310798630386,7.403500348399696,256559,0.9786949157714844,6.424805432628212,229,0.006988525390625,6685
93001,1566.419267124962,8324038944914,7.4071002595345865,256749,0.9794197082519531,6.427680551282633,110,0.00335693359375,6642
93101,1568.7655561249703,8337240450477,7.431963806231205,255291,0.9738578796386719,6.458105926592533,102,0.00311279296875,6650
93201,1571.0883001659531,8350452918870,7.42944411246134,256155,0.9771537780761719,6.452290334385168,102,0.00311279296875,6654
93301,1573.413885582937,8363633766425,7.4207957292627125,253056,0.96533203125,6.4554636980127125,141,0.004302978515625,6456
93401,1575.7809539160226,8376822844937,7.429722822639549,256622,0.9789352416992188,6.450787580940331,155,0.004730224609375,6895
93501,1578.083295624936,8390012197735,7.404797935980129,257449,0.9820899963378906,6.422707939642239,76,0.0023193359375,6844
93601,1580.442150332965,8403164070338,7.411933877228955,256676,0.9791412353515625,6.432792641877392,88,0.002685546875,6769
93701,1582.7475166660734,8416337284038,7.420257706387284,259393,0.9895057678222656,6.4307519385650185,100,0.0030517578125,6675
93801,1585.106558791129,8429532017369,7.407337327488364,257442,0.9820632934570312,6.425274034031332,108,0.0032958984375,6609
93901,1587.5310752911028,8442706780091,7.403239481294255,256292,0.9776763916015625,6.425563089692693,117,0.003570556640625,6776
94001,1589.8664795830846,8455870968161,7.405681684874402,257115,0.9808158874511719,6.42486579742323,81,0.002471923828125,6652
94101,1592.2216952079907,8469008797547,7.3960479865265905,261305,0.9967994689941406,6.39924851753245,128,0.00390625,6852
94201,1594.5700472500175,8482172597605,7.404226960352409,259349,0.9893379211425781,6.414889039209831,121,0.003692626953125,6869
94301,1596.9163368330337,8495327282136,7.40114706688823,258919,0.9876976013183594,6.413449465569871,99,0.003021240234375,6966
94401,1599.2568565409165,8508447037038,7.433323740677872,261874,0.9989700317382812,6.43435370893959,74,0.00225830078125,7128
94501,1601.5996952911373,8521538746711,7.431482383304706,267994,1.0223159790039062,6.4091664043008,83,0.002532958984375,7433
94601,1603.9213942079805,8534598287743,7.417694883007824,266288,1.01580810546875,6.401886777539074,97,0.002960205078125,7433
94701,1606.2582783331163,8547696476419,7.414235981019993,261342,0.9969406127929688,6.417295368227024,76,0.0023193359375,7095
94801,1608.5635594581254,8560791609786,7.417781528898146,255441,0.9744300842285156,6.443351444669631,79,0.002410888671875,6484
94901,1610.9241009580437,8573915364626,7.418265076981304,258996,0.9879913330078125,6.430273743973491,102,0.00311279296875,6741
95001,1613.2527525410987,8587023136017,7.4036078195613815,261095,0.9959983825683594,6.407609436993022,87,0.002655029296875,6881
95101,1615.5660966660362,8600170360564,7.408436072353414,258531,0.9862174987792969,6.422218573574117,90,0.00274658203125,6851
95201,1617.963162333006,8613349789424,7.432044841681103,261951,0.9992637634277344,6.4327810782533685,94,0.00286865234375,7055
95301,1620.301531166071,8626507486459,7.433992280770218,258579,0.9864006042480469,6.447591676522171,91,0.002777099609375,7429
95401,1622.6363758749794,8639602914172,7.436435222846145,258614,0.9865341186523438,6.449901104193802,123,0.003753662109375,7325
95501,1624.9644623750355,8652722897211,7.431704490355263,263378,1.0047073364257812,6.426997153929482,69,0.002105712890625,7538
95601,1627.266648333054,8665834016813,7.4420923149195435,257285,0.9814643859863281,6.460627928933215,119,0.003631591796875,7217
95701,1629.677302166121,8678967143025,7.46046224697121,259436,0.9896697998046875,6.470792447166523,113,0.003448486328125,7224
95801,1632.0406919999514,8692076303470,7.462694756044904,261500,0.9975433349609375,6.4651514210839665,101,0.003082275390625,7336
95901,1634.3383971659932,8705089603878,7.458271728496121,270139,1.0304985046386719,6.427773223857449,72,0.002197265625,7825
96001,1636.63155787508,8718131499126,7.454532759913349,266523,1.0167045593261719,6.437828200587177,84,0.0025634765625,7275
96101,1638.9477714160457,8731290854472,7.4461815746989,261006,0.9956588745117188,6.450522700187181,97,0.002960205078125,6929
96201,1641.359691041056,8744380123840,7.434230921975385,261975,0.9993553161621094,6.434875605813276,94,0.00286865234375,7072
96301,1643.7818844160065,8757494297833,7.450939626264567,267435,1.0201835632324219,6.430756063032145,95,0.002899169921875,7317
96401,1646.081920958124,8770529075868,7.461993840322329,265997,1.0146980285644531,6.447295811757876,118,0.00360107421875,7069
96501,1648.408236083109,8783634480304,7.466937595842015,264313,1.0082740783691406,6.458663517472875,98,0.00299072265625,6788
96601,1650.7146247080527,8796691213838,7.460802062678071,262977,1.0031776428222656,6.457624419855805,98,0.00299072265625,6698
96701,1653.0603457500692,8809826315654,7.464418065382925,259653,0.9904975891113281,6.473920476271597,73,0.002227783203125,6570
96801,1655.3630376250949,8822959104520,7.466600221559633,259647,0.9904747009277344,6.476125520631899,107,0.003265380859375,6643
96901,1657.6573450830765,8836100393591,7.421793536844836,258573,0.9863777160644531,6.435415820780383,73,0.002227783203125,6761
97001,1659.977553582983,8849298478380,7.408511082602273,254164,0.9695587158203125,6.438952366781961,110,0.00335693359375,6422
97101,1662.3295212499797,8862512203429,7.392770307082808,257850,0.9836196899414062,6.409150617141401,86,0.00262451171875,6658
97201,1664.6635077081155,8875715386527,7.410433914514242,264948,1.0106964111328125,6.39973750338143,87,0.002655029296875,6885
97301,1667.0139885831159,8888912540687,7.420151426538853,254360,0.970306396484375,6.449845030054478,94,0.00286865234375,6586
97401,1669.3591392079834,8902111145877,7.426021837164597,261958,0.9992904663085938,6.426731370856003,123,0.003753662109375,6662
97501,1671.7345251659863,8915272591713,7.420733168285676,263412,1.0048370361328125,6.415896132152864,82,0.00250244140625,6626
97601,1674.0741883330047,8928429976836,7.409991227356742,261380,0.9970855712890625,6.41290565606768,112,0.00341796875,6639
97701,1676.4004300411325,8941535486781,7.404686008804744,259038,0.9881515502929688,6.416534458511776,137,0.004180908203125,6707
97801,1678.7355431660544,8954678981142,7.404503400256426,257578,0.9825820922851562,6.42192130797127,108,0.0032958984375,6518
97901,1681.1010769580025,8967811199021,7.406945373308336,261109,0.9960517883300781,6.410893584978258,120,0.003662109375,6795
98001,1683.4497841249686,8980956384536,7.411847002784326,262187,1.0001640319824219,6.4116829708019045,137,0.004180908203125,7154
98101,1685.7830813329201,8994126891516,7.409738700172154,260459,0.9935722351074219,6.416166465064732,74,0.00225830078125,7264
98201,1688.0990679159295,9007260018180,7.385032577569282,262291,1.0005607604980469,6.384471817071235,97,0.002960205078125,7185
98301,1690.41085475008,9020397950654,7.38088813798405,255812,0.9758453369140625,6.405042801069987,114,0.00347900390625,6963
98401,1692.7957669580355,9033577644003,7.358433211057662,261178,0.9963150024414062,6.3621182086162555,85,0.002593994140625,6632
98501,1695.1467866250314,9046753481835,7.364291354919972,262246,1.0003890991210938,6.3639022557988785,74,0.00225830078125,6772
98601,1697.5259071660694,9059925565678,7.374290823495124,266410,1.0162734985351562,6.358017324959968,76,0.0023193359375,6806
98701,1699.8848289579619,9073094712115,7.38839001684895,263028,1.0033721923828125,6.3850178244661375,76,0.0023193359375,6641
98801,1702.2644446250051,9086253258985,7.388942331387497,260955,0.9954643249511719,6.393478006436325,111,0.003387451171875,6823
98901,1704.591866041068,9099452968699,7.395012624257502,257008,0.98040771484375,6.414604909413752,88,0.002685546875,6714
99001,1707.0013045000378,9112647991262,7.38965459448725,263260,1.0042572021484375,6.385397392338812,85,0.002593994140625,6780
99101,1709.3610517079942,9125813156772,7.3930149458733805,261308,0.9968109130859375,6.396204032787443,75,0.002288818359375,6857
99201,1711.712814541068,9138994168264,7.415487343072892,258761,0.9870948791503906,6.428392463922501,88,0.002685546875,6839
99301,1714.099704416003,9152170536259,7.416562624541613,263099,1.0036430358886719,6.412919588652941,136,0.004150390625,7116
99401,1716.442585041048,9165284209359,7.429408682712021,267061,1.0187568664550781,6.410651816256943,116,0.0035400390625,7363
99501,1718.767603791086,9178422374595,7.438184143067719,264921,1.0105934143066406,6.4275907287610785,94,0.00286865234375,7238
99601,1721.1185716250911,9191487582003,7.434379301078895,264181,1.0077705383300781,6.426608762748817,85,0.002593994140625,7080
99701,1723.5103002910037,9204616696524,7.454141423434496,260742,0.9946517944335938,6.4594896290009025,93,0.002838134765625,7347
99801,1725.8743082911242,9217668407012,7.454608307369507,264241,1.0079994201660156,6.4466088872034915,88,0.002685546875,7209
99901,1728.1902294161264,9230703407819,7.4547455970059415,259117,0.9884529113769531,6.466292685628988,89,0.002716064453125,6798
100000,1730.5311517911032,9243699970521,7.444295897077667,256651,0.9790458679199219,6.465250029157745,91,0.002777099609375,6556
