epoch,elapsed_seconds,character_reads,byte_entropy,brotli_size,compressed_bpb,high_order_entropy,dominant_tape_count,dominant_tape_fraction,distinct_tapes
1,1.9154707079287618,9612514,7.999899838354759,2097206,8.000205993652344,-0.0003061552975847093,1,3.0517578125e-05,32768
101,2.1963023329153657,924357029,7.999052417490094,2062153,7.866489410400391,0.13256300708970326,2,6.103515625e-05,32766
201,2.4743024159688503,1811871567,7.997355696175716,2039148,7.7787322998046875,0.21862339637102846,3,9.1552734375e-05,32765
301,2.7555976659059525,2692779366,7.994586020590474,2024631,7.723354339599609,0.2712316809908648,2,6.103515625e-05,32767
401,3.0328091660048813,3565057366,7.991176362174999,2010867,7.670848846435547,0.32032751573945184,2,6.103515625e-05,32766
501,3.3307496251072735,4437949826,7.985584896661177,2001593,7.635471343994141,0.35011355266703603,1,3.0517578125e-05,32768
601,3.6096014159265906,5313370684,7.979422567153472,1994493,7.608386993408203,0.3710355737452691,2,6.103515625e-05,32764
701,3.8864547500852495,6184570180,7.971617009194844,1989072,7.58770751953125,0.3839094896635942,2,6.103515625e-05,32764
801,4.1660006660968065,7055346317,7.962767839928551,1987853,7.583057403564453,0.37971043636409796,2,6.103515625e-05,32767
901,4.445354958064854,7933492876,7.9531645092937975,1986217,7.576816558837891,0.37634795045590685,3,9.1552734375e-05,32763
1001,4.726894207997248,8802164035,7.942782632329729,1987499,7.581707000732422,0.3610756315973074,2,6.103515625e-05,32763
1101,5.006159333046526,9669891535,7.930041382099962,1987159,7.580410003662109,0.3496313784378522,3,9.1552734375e-05,32763
1201,5.288822290953249,10536137793,7.91559415900058,1986526,7.577995300292969,0.3375988587076115,3,9.1552734375e-05,32765
1301,5.570845375070348,11394797934,7.901259674790121,1984768,7.5712890625,0.32997061229012115,2,6.103515625e-05,32765
1401,5.850288915913552,12252838746,7.890025673754218,1981960,7.560577392578125,0.32944828117609326,2,6.103515625e-05,32765
1501,6.134728000033647,13108895847,7.879715298908436,1983336,7.565826416015625,0.3138888828928108,3,9.1552734375e-05,32766
1601,6.423554125009105,13973674414,7.868048853134068,1983768,7.567474365234375,0.3005744878996932,3,9.1552734375e-05,32764
1701,6.710660458076745,14841835577,7.857441445013103,1984853,7.571613311767578,0.28582813324552525,1,3.0517578125e-05,32768
1801,7.008681083098054,15710797635,7.843842272505091,1985169,7.572818756103516,0.2710235164015753,1,3.0517578125e-05,32768
1901,7.300099415937439,16592512025,7.832308578445685,1983354,7.565895080566406,0.26641349787927915,1,3.0517578125e-05,32768
2001,7.596729166107252,17494259176,7.822887291906042,1981017,7.556980133056641,0.2659071588494015,2,6.103515625e-05,32765
2101,7.894080083118752,18402635539,7.811677089049105,1981410,7.558479309082031,0.25319777996707415,2,6.103515625e-05,32767
2201,8.19010766595602,19314735932,7.800935444673447,1983019,7.564617156982422,0.23631828769102547,2,6.103515625e-05,32767
2301,8.490233458112925,20238198453,7.792115026270068,1985144,7.572723388671875,0.2193916375981928,2,6.103515625e-05,32767
2401,8.795397916110232,21182964252,7.7826613569262895,1985956,7.5758209228515625,0.20684043407472696,3,9.1552734375e-05,32765
2501,9.109358875080943,22144509478,7.774634988068804,1985071,7.572444915771484,0.20219007229732,2,6.103515625e-05,32767
2601,9.418709750054404,23118706563,7.767131291761233,1982678,7.563316345214844,0.2038149465463892,4,0.0001220703125,32765
2701,9.740734666120261,24118253235,7.761063423973347,1982174,7.561393737792969,0.1996696861803784,2,6.103515625e-05,32766
2801,10.054830957902595,25124727906,7.752062310073063,1983218,7.565376281738281,0.18668602833478154,1,3.0517578125e-05,32768
2901,10.370367499999702,26125803057,7.742502103618202,1984159,7.568965911865234,0.17353619175296764,1,3.0517578125e-05,32768
3001,10.693617375101894,27140692615,7.733800836684521,1982586,7.562965393066406,0.17083544361811498,1,3.0517578125e-05,32768
3101,11.015486707910895,28158140670,7.725016614385207,1981413,7.558490753173828,0.1665258612113787,2,6.103515625e-05,32767
3201,11.343326416099444,29203301282,7.720397752637761,1980454,7.554832458496094,0.16556529414166743,1,3.0517578125e-05,32768
3301,11.675019915914163,30263176454,7.716655545746109,1979455,7.551021575927734,0.16563396981837464,2,6.103515625e-05,32767
3401,12.005706458119676,31334527403,7.715001278301465,1980177,7.553775787353516,0.1612254909479498,2,6.103515625e-05,32767
3501,12.337947583058849,32425405540,7.707904466533826,1981230,7.557792663574219,0.15011180295960713,1,3.0517578125e-05,32768
3601,12.678005707915872,33517375998,7.696552584225943,1980429,7.554737091064453,0.14181549316148967,2,6.103515625e-05,32767
3701,13.014105540933087,34620380371,7.690642295938865,1979683,7.551891326904297,0.13875096903456807,1,3.0517578125e-05,32768
3801,13.35112095810473,35727979765,7.684501413344887,1979768,7.552215576171875,0.13228583717301223,1,3.0517578125e-05,32768
3901,13.693772207945585,36849107022,7.680569236911891,1979616,7.5516357421875,0.1289334947243912,1,3.0517578125e-05,32768
4001,14.033305374905467,37969644130,7.676269704076582,1978089,7.545810699462891,0.13045900461369175,2,6.103515625e-05,32767
4101,14.396852625068277,39118090259,7.674508894666115,1976770,7.540779113769531,0.1337297808965836,1,3.0517578125e-05,32768
4201,14.745130249997601,40277062516,7.6650514858660515,1975339,7.535320281982422,0.12973120388362958,1,3.0517578125e-05,32768
4301,15.094853332964703,41437170423,7.657763683977127,1973716,7.5291290283203125,0.1286346556568141,1,3.0517578125e-05,32768
4401,15.445121250115335,42616680845,7.653935414813858,1974834,7.533393859863281,0.12054155495057639,1,3.0517578125e-05,32768
4501,15.80549250007607,43809934520,7.653780114936241,1975318,7.535240173339844,0.11853994159639747,2,6.103515625e-05,32767
4601,16.160611916100606,45008676808,7.650992481208215,1976546,7.539924621582031,0.11106785962618382,1,3.0517578125e-05,32768
4701,16.51353516592644,46199382192,7.642889049424047,1976802,7.540901184082031,0.10198786534201609,1,3.0517578125e-05,32768
4801,16.865440583089367,47397152319,7.638744333976161,1976632,7.540252685546875,0.09849164842928637,1,3.0517578125e-05,32768
4901,17.22134487493895,48606614119,7.634305141310164,1976829,7.541004180908203,0.09330096040196079,1,3.0517578125e-05,32768
5001,17.577198249986395,49814764134,7.630280830170456,1975110,7.534446716308594,0.09583411386186214,1,3.0517578125e-05,32768
5101,17.935371291125193,51036596040,7.626997076459317,1974731,7.533000946044922,0.09399613041439547,1,3.0517578125e-05,32768
5201,18.296180041041225,52265408609,7.623071701696698,1973276,7.5274505615234375,0.09562114017326007,1,3.0517578125e-05,32768
5301,18.66080025001429,53502622236,7.611788009458169,1970327,7.516201019287109,0.09558699017105976,2,6.103515625e-05,32767
5401,19.026415582979098,54745182378,7.604580619101936,1970075,7.515239715576172,0.0893409035257644,1,3.0517578125e-05,32768
5501,19.388568833004683,55988640141,7.60081163098151,1969231,7.512020111083984,0.08879151989752554,1,3.0517578125e-05,32768
5601,19.754719499964267,57236461920,7.6007211551377445,1969131,7.511638641357422,0.08908251378032261,1,3.0517578125e-05,32768
5701,20.121755125001073,58503922050,7.597381462955323,1967789,7.506519317626953,0.09086214532837023,1,3.0517578125e-05,32768
5801,20.493374415906146,59794675949,7.593473576781871,1966443,7.501384735107422,0.09208884167444875,2,6.103515625e-05,32767
5901,20.86483733309433,61081783839,7.5879820119687285,1963377,7.489688873291016,0.09829313867771283,1,3.0517578125e-05,32768
6001,21.235286666080356,62367441304,7.58222549386147,1961405,7.482166290283203,0.10005920357826703,1,3.0517578125e-05,32768
6101,21.60715812491253,63652628151,7.579701873762209,1960054,7.477012634277344,0.10268923948486552,1,3.0517578125e-05,32768
6201,21.976396708050743,64929403419,7.57361345295827,1958940,7.4727630615234375,0.10085039143483243,1,3.0517578125e-05,32768
6301,22.344527333043516,66197196270,7.569646348116894,1958436,7.4708404541015625,0.09880589401533157,1,3.0517578125e-05,32768
6401,22.713124125031754,67456819316,7.570361683004642,1959683,7.475597381591797,0.09476430141284542,1,3.0517578125e-05,32768
6501,23.079707707976922,68713424743,7.56952930961466,1960610,7.479133605957031,0.09039570365762906,1,3.0517578125e-05,32768
6601,23.468182041076943,69988588295,7.5641111116682564,1959188,7.4737091064453125,0.09040200522294395,1,3.0517578125e-05,32768
6701,23.840674750041217,71260864708,7.561499047027679,1958085,7.469501495361328,0.09199755166635093,1,3.0517578125e-05,32768
6801,24.213885291013867,72573244607,7.5517440881298885,1954792,7.456939697265625,0.09480439086426351,1,3.0517578125e-05,32768
6901,24.59967029094696,73940218800,7.54676620428657,1953495,7.451992034912109,0.09477416937446037,1,3.0517578125e-05,32768
7001,24.98754720808938,75367160507,7.544106955196557,1952671,7.448848724365234,0.09525823083132234,1,3.0517578125e-05,32768
7101,25.384241041028872,76839214050,7.545502242730395,1953690,7.452735900878906,0.09276634185148858,1,3.0517578125e-05,32768
7201,25.78661995800212,78329445986,7.545019935912418,1952567,7.448451995849609,0.09656794006280833,1,3.0517578125e-05,32768
7301,26.18598762503825,79839178194,7.547019047181621,1954323,7.455150604248047,0.0918684429335741,2,6.103515625e-05,32767
7401,26.590231291018426,81373011178,7.544818246331161,1951773,7.445423126220703,0.09939512011045792,2,6.103515625e-05,32767
7501,26.993831624975428,82910103734,7.5389721508246375,1951544,7.444549560546875,0.09442259027776245,1,3.0517578125e-05,32768
7601,27.395919458009303,84434221483,7.538834291429535,1952203,7.447063446044922,0.09177084538461333,1,3.0517578125e-05,32768
7701,27.801642457954586,85947711873,7.544917309473555,1953393,7.451602935791016,0.09331437368253948,1,3.0517578125e-05,32768
7801,28.202581624966115,87450795558,7.542913577078859,1954048,7.4541015625,0.0888120145788589,2,6.103515625e-05,32767
7901,28.599460249999538,88927279901,7.544390611571826,1954405,7.455463409423828,0.08892720214799787,1,3.0517578125e-05,32768
8001,28.991408083122224,90386020206,7.546742731864665,1954431,7.455562591552734,0.09118014031193056,2,6.103515625e-05,32767
8101,29.38568366598338,91827136425,7.547210576971504,1952634,7.448707580566406,0.09850299640509785,1,3.0517578125e-05,32768
8201,29.780337665928528,93260253519,7.5461118668820415,1950647,7.441127777099609,0.10498408978243212,1,3.0517578125e-05,32768
8301,30.169677541125566,94679994028,7.549693570347941,1951146,7.443031311035156,0.10666225931278461,1,3.0517578125e-05,32768
8401,30.55768408300355,96091711785,7.5493665211709295,1949162,7.435462951660156,0.1139035695107733,1,3.0517578125e-05,32768
8501,30.94406941602938,97493648669,7.552409350361448,1950403,7.440196990966797,0.11221235939465135,1,3.0517578125e-05,32768
8601,31.328481999924406,98878446298,7.550469041393509,1949554,7.436958312988281,0.11351072840522747,1,3.0517578125e-05,32768
8701,31.707851625047624,100231942777,7.548586886937282,1948243,7.431957244873047,0.1166296420642352,1,3.0517578125e-05,32768
8801,32.08296270808205,101566279975,7.547521676914335,1947919,7.430721282958984,0.11680039395535058,2,6.103515625e-05,32767
8901,32.45934791606851,102879790039,7.542659971817224,1946671,7.425960540771484,0.11669943104573921,1,3.0517578125e-05,32768
9001,32.83395883301273,104203459310,7.548800875551133,1947136,7.427734375,0.12106650055113288,1,3.0517578125e-05,32768
9101,33.214940540958196,105534503386,7.552498651830107,1948565,7.433185577392578,0.11931307443752903,1,3.0517578125e-05,32768
9201,33.600367665989324,106859027991,7.55057871290717,1949209,7.435642242431641,0.1149364704755298,1,3.0517578125e-05,32768
9301,33.97142270812765,108172614153,7.5490565070762425,1952030,7.446403503417969,0.10265300365827379,1,3.0517578125e-05,32768
9401,34.34652583301067,109479919630,7.542970984062578,1949455,7.436580657958984,0.10639032610359322,2,6.103515625e-05,32767
9501,34.722149291075766,110768381211,7.541258762697828,1948699,7.433696746826172,0.1075620158716557,1,3.0517578125e-05,32768
9601,35.08974504098296,112056980245,7.541374416126191,1948217,7.431858062744141,0.10951635338205001,1,3.0517578125e-05,32768
9701,35.45516375009902,113336043904,7.544278390313204,1948560,7.43316650390625,0.11111188640695424,1,3.0517578125e-05,32768
9801,35.821880124974996,114605267112,7.5417639697369765,1946455,7.425136566162109,0.11662740357486712,1,3.0517578125e-05,32768
9901,36.18216904089786,115856832220,7.540389597888323,1945694,7.422233581542969,0.11815601634535433,2,6.103515625e-05,32767
10001,36.543777415994555,117093162139,7.537616809905939,1943061,7.412189483642578,0.1254273262633605,1,3.0517578125e-05,32768
10101,36.90426633297466,118309299691,7.5406019769862676,1943300,7.4131011962890625,0.12750078069720505,1,3.0517578125e-05,32768
10201,37.26127187511884,119523140978,7.53766381052519,1942807,7.411220550537109,0.12644325998808092,2,6.103515625e-05,32767
10301,37.62682629097253,120724368643,7.532681021231503,1942403,7.409679412841797,0.12300160838970609,1,3.0517578125e-05,32768
10401,37.981915625045076,121919880122,7.538200195390597,1944170,7.416419982910156,0.12178021248044058,1,3.0517578125e-05,32768
10501,38.336459041107446,123107620549,7.538494280168582,1944881,7.419132232666016,0.11936204750256607,1,3.0517578125e-05,32768
10601,38.68976508290507,124286138436,7.537652115942585,1945288,7.420684814453125,0.11696730148945989,1,3.0517578125e-05,32768
10701,39.04146433295682,125464862341,7.538033972748279,1945223,7.420436859130859,0.11759711361741942,1,3.0517578125e-05,32768
10801,39.391137290978804,126633106343,7.536653432429668,1945166,7.420219421386719,0.11643401104294959,1,3.0517578125e-05,32768
10901,39.74944712501019,127795229861,7.536357795357937,1944258,7.416755676269531,0.11960211908840535,1,3.0517578125e-05,32768
11001,40.09896208299324,128954596894,7.540326749679334,1945752,7.422454833984375,0.11787191569495903,1,3.0517578125e-05,32768
11101,40.44795629102737,130097313640,7.541579860489258,1947715,7.429943084716797,0.11163677577246123,1,3.0517578125e-05,32768
11201,40.79607387492433,131232517824,7.541125225210819,1948133,7.431537628173828,0.10958759703699084,1,3.0517578125e-05,32768
11301,41.13906066608615,132364580553,7.540896436303239,1946386,7.424873352050781,0.11602308425245766,1,3.0517578125e-05,32768
11401,41.48295245808549,133484073954,7.539018062708436,1943881,7.415317535400391,0.1237005273080456,1,3.0517578125e-05,32768
11501,41.82747604092583,134601726231,7.537897602911191,1945080,7.419891357421875,0.11800624548931626,2,6.103515625e-05,32766
11601,42.169905791059136,135732346132,7.534750779615451,1941209,7.405124664306641,0.12962611530881052,2,6.103515625e-05,32767
11701,42.5155783330556,136873662831,7.530605122207196,1940811,7.403606414794922,0.12699870741227404,1,3.0517578125e-05,32768
11801,42.86262045800686,138014483987,7.528193917877645,1938248,7.393829345703125,0.13436457217451991,1,3.0517578125e-05,32768
11901,43.21436070790514,139155924135,7.529022286111254,1940018,7.400581359863281,0.12844092624797288,2,6.103515625e-05,32767
12001,43.56107045803219,140287389138,7.5228614612572215,1940935,7.404079437255859,0.11878202400136217,1,3.0517578125e-05,32768
12101,43.902990540955216,141404461666,7.523904242202771,1942325,7.409381866455078,0.11452237574769253,2,6.103515625e-05,32767
12201,44.2678647080902,142519613844,7.526666685512605,1942576,7.41033935546875,0.11632733004385543,2,6.103515625e-05,32767
12301,44.61357737495564,143636809743,7.532370971667112,1944804,7.4188385009765625,0.11353247069054984,1,3.0517578125e-05,32768
12401,44.953265957999974,144750921354,7.531828492697157,1945169,7.420230865478516,0.1115976272186412,1,3.0517578125e-05,32768
12501,45.29766233311966,145870352646,7.5333883075417365,1943928,7.415496826171875,0.1178914813698615,1,3.0517578125e-05,32768
12601,45.64723308291286,146988596377,7.53393970674122,1942431,7.409786224365234,0.124153482375986,1,3.0517578125e-05,32768
12701,45.98993087490089,148115713806,7.534724612498823,1941744,7.40716552734375,0.12755908515507297,1,3.0517578125e-05,32768
12801,46.335285833105445,149248462180,7.535114510971665,1941646,7.406791687011719,0.12832282395994632,1,3.0517578125e-05,32768
12901,46.68600491597317,150382487241,7.528858443132867,1939775,7.399654388427734,0.12920405470513252,1,3.0517578125e-05,32768
13001,47.02938787499443,151520292762,7.526889118156767,1939523,7.398693084716797,0.12819603343996988,1,3.0517578125e-05,32768
13101,47.37391633307561,152666560436,7.527929402679925,1940024,7.400604248046875,0.12732515463305027,1,3.0517578125e-05,32768
13201,47.72250058292411,153804564385,7.5262514552183095,1939883,7.400066375732422,0.12618507948588764,1,3.0517578125e-05,32768
13301,48.06723658298142,154938675769,7.527288714386307,1939125,7.397174835205078,0.13011387918122885,2,6.103515625e-05,32767
13401,48.41619991604239,156077499010,7.524080513865502,1939255,7.397670745849609,0.12640976801589243,1,3.0517578125e-05,32768
13501,48.765794415958226,157218871682,7.522690271648224,1936979,7.388988494873047,0.13370177677517692,2,6.103515625e-05,32767
13601,49.10941091598943,158341251964,7.524535287469592,1937311,7.390254974365234,0.13428031310435795,1,3.0517578125e-05,32768
13701,49.45169433299452,159448661715,7.521931945516509,1936609,7.387577056884766,0.13435488863174339,1,3.0517578125e-05,32768
13801,49.801816374994814,160558830070,7.517701313787853,1935558,7.383567810058594,0.13413350372925947,1,3.0517578125e-05,32768
13901,50.145161082968116,161667230088,7.513905574369992,1935064,7.381683349609375,0.13222222476061685,1,3.0517578125e-05,32768
14001,50.48893729108386,162776973198,7.5145717294943895,1935944,7.385040283203125,0.12953144629126445,1,3.0517578125e-05,32768
14101,50.833929165964946,163889013760,7.517136625742604,1937377,7.390506744384766,0.1266298813578386,1,3.0517578125e-05,32768
14201,51.174001374980435,164985996501,7.516337274787236,1935514,7.383399963378906,0.13293731140832943,1,3.0517578125e-05,32768
14301,51.513314333045855,166078937188,7.510795384908168,1936561,7.387393951416016,0.12340143349215271,2,6.103515625e-05,32767
14401,51.857407208066434,167168960118,7.5090704721277275,1936073,7.385532379150391,0.12353809297733687,1,3.0517578125e-05,32768
14501,52.19601783296093,168257463608,7.504179198400735,1934884,7.3809967041015625,0.12318249429917216,1,3.0517578125e-05,32768
14601,52.53461991599761,169347056049,7.50329817343873,1932502,7.371910095214844,0.13138807822388632,1,3.0517578125e-05,32768
14701,52.87711687502451,170425666027,7.504852578312276,1930993,7.366153717041016,0.1386988612712603,1,3.0517578125e-05,32768
14801,53.241068250034004,171501823478,7.503584021966718,1932404,7.3715362548828125,0.13204776708390575,1,3.0517578125e-05,32768
14901,53.577481125015765,172565682079,7.502864120992275,1935010,7.381477355957031,0.12138676503524337,1,3.0517578125e-05,32768
15001,53.91102100000717,173621874342,7.50528195453388,1935017,7.381504058837891,0.12377789569598896,1,3.0517578125e-05,32768
15101,54.245616249972954,174680432468,7.506167639793146,1934678,7.380210876464844,0.1259567633283023,1,3.0517578125e-05,32768
15201,54.581192708108574,175752235586,7.511663666349799,1936576,7.387451171875,0.12421249447479887,1,3.0517578125e-05,32768
15301,54.917841125046834,176818123396,7.513781509262855,1938122,7.393348693847656,0.12043281541519857,1,3.0517578125e-05,32768
15401,55.254363750107586,177888088381,7.516917543271856,1939093,7.397052764892578,0.11986477837927811,1,3.0517578125e-05,32768
15501,55.59236329095438,178948627964,7.515934372385828,1938217,7.393711090087891,0.122223282297937,1,3.0517578125e-05,32768
15601,55.92977329110727,180005473157,7.521104586399561,1938789,7.395893096923828,0.12521148947573302,1,3.0517578125e-05,32768
15701,56.26253491593525,181063330688,7.524651459437559,1939557,7.398822784423828,0.12582867501373052,1,3.0517578125e-05,32768
15801,56.59844912495464,182116177173,7.526767607122496,1938524,7.3948822021484375,0.13188540497405832,1,3.0517578125e-05,32768
15901,56.936337125021964,183174916398,7.526523277424024,1937083,7.389385223388672,0.1371380540353524,1,3.0517578125e-05,32768
16001,57.27136533311568,184237883537,7.526855541850422,1936959,7.388912200927734,0.13794334092268734,1,3.0517578125e-05,32768
16101,57.60951545811258,185304931145,7.521528544914935,1936252,7.3862152099609375,0.1353133349539979,1,3.0517578125e-05,32768
16201,57.94748212490231,186366661256,7.5238234324788635,1935551,7.383541107177734,0.14028232530112916,2,6.103515625e-05,32766
16301,58.2808913749177,187436240640,7.521588052174781,1934451,7.379344940185547,0.14224311198923445,1,3.0517578125e-05,32768
16401,58.61971125006676,188523828222,7.51622174012398,1933760,7.376708984375,0.1395127557489797,1,3.0517578125e-05,32768
16501,58.961704707937315,189620611575,7.514003114441488,1931577,7.368381500244141,0.14562161419734743,1,3.0517578125e-05,32768
16601,59.305468833073974,190735282454,7.510093759112317,1928131,7.355236053466797,0.15485770564552048,1,3.0517578125e-05,32768
16701,59.65211487491615,191853661023,7.506934985375473,1926893,7.350513458251953,0.15642152712351987,1,3.0517578125e-05,32768
16801,59.99583537504077,192963061976,7.509946658446032,1926533,7.349140167236328,0.16080649120970403,1,3.0517578125e-05,32768
16901,60.33912737504579,194068783578,7.508975071122167,1926866,7.350410461425781,0.15856460969638597,2,6.103515625e-05,32767
17001,60.68341787508689,195175974711,7.512414070612731,1929661,7.361072540283203,0.15134153032952824,1,3.0517578125e-05,32768
17101,61.0227037910372,196272655443,7.51003088810465,1928930,7.358283996582031,0.15174689152261855,1,3.0517578125e-05,32768
17201,61.3614695831202,197356341453,7.503927784622788,1929389,7.360034942626953,0.14389284199583496,2,6.103515625e-05,32767
17301,61.703574457904324,198442511826,7.502561291572074,1928396,7.3562469482421875,0.14631434332988658,1,3.0517578125e-05,32768
17401,62.05006520799361,199556350760,7.501086010620419,1927911,7.354396820068359,0.14668919055205976,1,3.0517578125e-05,32768
17501,62.396656916011125,200684834843,7.503147032357269,1930430,7.364006042480469,0.13914098987680035,1,3.0517578125e-05,32768
17601,62.749601874966174,201839378400,7.50137401812559,1930111,7.362789154052734,0.13858486407285575,2,6.103515625e-05,32767
17701,63.101387250004336,203026191568,7.505173239604374,1930652,7.3648529052734375,0.14032033433093627,2,6.103515625e-05,32767
17801,63.48270762502216,204239746807,7.502429216194035,1930256,7.36334228515625,0.13908693103778536,1,3.0517578125e-05,32768
17901,63.842075207969174,205464985295,7.505481188572009,1931134,7.366691589355469,0.13878959921654044,1,3.0517578125e-05,32768
18001,64.20016991603188,206675529533,7.508154037815325,1931314,7.367378234863281,0.14077580295204406,1,3.0517578125e-05,32768
18101,64.55625674990006,207884340819,7.509195186086044,1932638,7.372428894042969,0.13676629204307567,1,3.0517578125e-05,32768
18201,64.91415587509982,209089123451,7.510571299133776,1932704,7.3726806640625,0.13789063507127608,1,3.0517578125e-05,32768
18301,65.27073883311823,210291187253,7.510444682304163,1933301,7.374958038330078,0.13548664397408494,1,3.0517578125e-05,32768
18401,65.62780508305877,211489330469,7.513084067671823,1934019,7.377696990966797,0.13538707670502603,1,3.0517578125e-05,32768
18501,65.98177266609855,212678328965,7.516416749698354,1934491,7.379497528076172,0.13691922162218173,1,3.0517578125e-05,32768
18601,66.33933766605332,213868087921,7.512192002162881,1933893,7.377216339111328,0.13497566305155306,1,3.0517578125e-05,32768
18701,66.69348991592415,215040803013,7.509381846154245,1932141,7.370532989501953,0.13884885665229163,1,3.0517578125e-05,32768
18801,67.04516829107888,216221130691,7.507467303076791,1931700,7.3688507080078125,0.13861659506897883,1,3.0517578125e-05,32768
18901,67.39761441596784,217406419339,7.509471071828243,1931496,7.368072509765625,0.14139856206261836,1,3.0517578125e-05,32768
19001,67.7509748749435,218587137749,7.513728402007834,1931037,7.366321563720703,0.14740683828713053,1,3.0517578125e-05,32768
19101,68.09939270792529,219749052535,7.514050699470588,1929611,7.360881805419922,0.15316889405066636,1,3.0517578125e-05,32768
19201,68.45116637507454,220904878551,7.5135570151486855,1931464,7.367950439453125,0.14560657569556046,2,6.103515625e-05,32767
19301,68.80038525001146,222059616979,7.510094940810668,1929131,7.359050750732422,0.1510441900782462,1,3.0517578125e-05,32768
19401,69.14596541598439,223205508042,7.507712378654283,1930323,7.363597869873047,0.14411450878123588,1,3.0517578125e-05,32768
19501,69.49075399991125,224345971813,7.513733337101466,1933379,7.375255584716797,0.1384777523846692,1,3.0517578125e-05,32768
19601,69.83770154090598,225484655078,7.513556923797597,1933668,7.3763580322265625,0.1371988915710345,1,3.0517578125e-05,32768
19701,70.18147145793773,226610218536,7.511418816998902,1934361,7.379001617431641,0.1324171995672616,1,3.0517578125e-05,32768
19801,70.52502775005996,227732776391,7.510586142125834,1934619,7.379985809326172,0.13060033279966188,2,6.103515625e-05,32767
19901,70.8692599160131,228858951367,7.508718187832405,1933761,7.376712799072266,0.13200538876013912,1,3.0517578125e-05,32768
20001,71.21225891611539,229976017102,7.5036168043204885,1930705,7.365055084228516,0.13856172009197287,2,6.103515625e-05,32767
20101,71.55641537508927,231085096243,7.49798274744501,1927859,7.354198455810547,0.14378429163446338,1,3.0517578125e-05,32768
20201,71.8985678749159,232202018896,7.4963066667407,1926993,7.350894927978516,0.14541173876218405,2,6.103515625e-05,32767
20301,72.24002812500112,233317252124,7.493520260491991,1928663,7.357265472412109,0.13625478807988145,2,6.103515625e-05,32767
20401,72.58399558300152,234438921001,7.491059964498221,1928068,7.3549957275390625,0.13606423695915826,1,3.0517578125e-05,32768
20501,72.92826387495734,235557275879,7.492759441296526,1929520,7.36053466796875,0.13222477332777594,1,3.0517578125e-05,32768
20601,73.26869999989867,236655380778,7.498197292518197,1931168,7.3668212890625,0.13137600345569744,1,3.0517578125e-05,32768
20701,73.61197233293205,237748932464,7.496891190957383,1931506,7.368110656738281,0.12878053421910174,1,3.0517578125e-05,32768
20801,73.94879445806146,238832347118,7.500160743295785,1933902,7.377250671386719,0.12291007190906633,1,3.0517578125e-05,32768
20901,74.30647704098374,239917627300,7.498488390353487,1933218,7.374641418457031,0.1238469718964561,1,3.0517578125e-05,32768
21001,74.64889112510718,240992645855,7.499182435317676,1933920,7.3773193359375,0.12186309938017637,1,3.0517578125e-05,32768
21101,74.98171845800243,242059364028,7.497628494674629,1933274,7.374855041503906,0.12277345317072275,1,3.0517578125e-05,32768
21201,75.3270638328977,243115173988,7.496413436512157,1932531,7.372020721435547,0.12439271507660976,1,3.0517578125e-05,32768
21301,75.66391624999233,244160395519,7.495559171555943,1933764,7.3767242431640625,0.11883492839188037,1,3.0517578125e-05,32768
21401,75.99642720795237,245207027788,7.50345034691365,1936630,7.387657165527344,0.11579318138630601,1,3.0517578125e-05,32768
21501,76.33173133293167,246255115025,7.50475966525943,1938240,7.393798828125,0.11096083713442972,1,3.0517578125e-05,32768
21601,76.6694805000443,247301726212,7.506794018414374,1938568,7.395050048828125,0.11174396958624921,1,3.0517578125e-05,32768
21701,77.0004527498968,248345221629,7.5043320986024105,1935992,7.385223388671875,0.11910870993053546,1,3.0517578125e-05,32768
21801,77.33254850003868,249390062939,7.505973297059736,1936134,7.385765075683594,0.12020822137614218,1,3.0517578125e-05,32768
21901,77.66754470812157,250428590369,7.5094954412663695,1936616,7.387603759765625,0.12189168150074448,1,3.0517578125e-05,32768
22001,77.9995746659115,251464797099,7.512906735434717,1936128,7.3857421875,0.12716454793471677,1,3.0517578125e-05,32768
22101,78.33362925006077,252503730312,7.5120605614570275,1938265,7.393894195556641,0.11816636590038687,1,3.0517578125e-05,32768
22201,78.66692891600542,253525208226,7.511216660127625,1937634,7.391487121582031,0.11972953854559343,1,3.0517578125e-05,32768
22301,78.99613354098983,254548455777,7.516036512885828,1939071,7.396968841552734,0.11906767133309337,1,3.0517578125e-05,32768
22401,79.32506845798343,255576771536,7.517690145814305,1938565,7.395038604736328,0.12265154107797649,1,3.0517578125e-05,32768
22501,79.65694033307955,256607611647,7.518431909940868,1938390,7.394371032714844,0.12406087722602432,1,3.0517578125e-05,32768
22601,79.9887674159836,257642851774,7.516894178409391,1936050,7.385444641113281,0.13144953729610975,1,3.0517578125e-05,32768
22701,80.31735691591166,258683065275,7.517223641835301,1936168,7.385894775390625,0.1313288664446759,1,3.0517578125e-05,32768
22801,80.65392712503672,259736840511,7.516587252323099,1934816,7.3807373046875,0.13584994763559877,1,3.0517578125e-05,32768
22901,80.9920457911212,260796652509,7.518406896823575,1934375,7.379055023193359,0.13935187363021573,2,6.103515625e-05,32767
23001,81.32722916593775,261851253279,7.5195260726047835,1935248,7.38238525390625,0.13714081869853345,1,3.0517578125e-05,32768
23101,81.66350624989718,262914622673,7.524877992370731,1936389,7.386737823486328,0.13814016888440328,1,3.0517578125e-05,32768
23201,81.99431545799598,263964282966,7.52359705766507,1936070,7.385520935058594,0.13807612260647595,1,3.0517578125e-05,32768
23301,82.32633875007741,265010297522,7.519585070817392,1933791,7.376827239990234,0.14275783082715776,2,6.103515625e-05,32767
23401,82.66285241604783,266067794548,7.51849976908721,1932098,7.370368957519531,0.14813081156767893,2,6.103515625e-05,32767
23501,82.99562599998899,267122492646,7.520458653709003,1931149,7.366748809814453,0.1537098438945499,2,6.103515625e-05,32767
23601,83.35705204098485,268165649023,7.521073666243243,1931551,7.368282318115234,0.15279134812800876,2,6.103515625e-05,32767
23701,83.6927429579664,269208315183,7.51880657813363,1931227,7.367046356201172,0.15176022193245853,1,3.0517578125e-05,32768
23801,84.02737149992026,270256997062,7.516181868321672,1932870,7.373313903808594,0.14286796451307815,2,6.103515625e-05,32767
23901,84.35928637511097,271304757560,7.5195179419648905,1931074,7.366462707519531,0.1530552344453593,1,3.0517578125e-05,32768
24001,84.69329158309847,272346460405,7.52200022229165,1933715,7.376537322998047,0.14546289929360334,1,3.0517578125e-05,32768
24101,85.02295470796525,273385684941,7.521126816003132,1932036,7.3701324462890625,0.15099436971406988,2,6.103515625e-05,32767
24201,85.35459858295508,274429380861,7.525346188486152,1932795,7.373027801513672,0.15231838697248,1,3.0517578125e-05,32768
24301,85.69216066598892,275486102870,7.531790602151618,1937452,7.3907928466796875,0.14099775547193083,2,6.103515625e-05,32767
24401,86.02387912501581,276550286948,7.533969732552638,1937453,7.390796661376953,0.1431730711756849,2,6.103515625e-05,32767
24501,86.35800954094157,277610423000,7.527625872866804,1934603,7.379924774169922,0.1477010986968823,1,3.0517578125e-05,32768
24601,86.6905980000738,278658066816,7.527529875452716,1932542,7.372062683105469,0.15546719234724726,1,3.0517578125e-05,32768
24701,87.02591420803219,279712293860,7.5277034129967575,1931464,7.367950439453125,0.1597529735436325,1,3.0517578125e-05,32768
24801,87.36151687498204,280763513645,7.526882462853331,1931335,7.367458343505859,0.15942411934747192,1,3.0517578125e-05,32768
24901,87.69687658292241,281815174682,7.532936541023691,1934123,7.378093719482422,0.15484282154126916,1,3.0517578125e-05,32768
25001,88.02940183295868,282856819350,7.534536966497013,1933631,7.376216888427734,0.15832007806927884,1,3.0517578125e-05,32768
25101,88.36350895790383,283899583565,7.538190984314182,1935128,7.381927490234375,0.15626349407980733,1,3.0517578125e-05,32768
25201,88.69762900006026,284949211919,7.5328134774660205,1934131,7.378124237060547,0.1546892404054736,1,3.0517578125e-05,32768
25301,89.03139058290981,286006253312,7.534928475668277,1934263,7.378627777099609,0.15630069856866768,2,6.103515625e-05,32767
25401,89.36344391596504,287073626571,7.533120377596486,1933458,7.375556945800781,0.15756343179570464,1,3.0517578125e-05,32768
25501,89.7032348329667,288141369414,7.531983109017597,1934323,7.378856658935547,0.15312645008205017,1,3.0517578125e-05,32768
25601,90.03603037493303,289206761893,7.529860523347209,1934552,7.379730224609375,0.15013029873783434,2,6.103515625e-05,32767
25701,90.37437379104085,290280876768,7.534836906882931,1936383,7.386714935302734,0.14812197158019647,2,6.103515625e-05,32767
25801,90.70899650012143,291354211610,7.534341725828527,1939204,7.3974761962890625,0.13686552953946407,1,3.0517578125e-05,32768
25901,91.04089487507008,292415804291,7.537417674874851,1940269,7.401538848876953,0.13587882599789758,1,3.0517578125e-05,32768
26001,91.37646091589704,293483777219,7.5391074159101175,1940398,7.402030944824219,0.1370764710858987,1,3.0517578125e-05,32768
26101,91.71487458306365,294554707497,7.543081568767157,1943481,7.413791656494141,0.12928991227301623,1,3.0517578125e-05,32768
26201,92.0509026250802,295627867878,7.535433503838793,1942402,7.409675598144531,0.12575790569426193,1,3.0517578125e-05,32768
26301,92.38528449996375,296694396706,7.533470371842358,1941147,7.404888153076172,0.12858221876618625,1,3.0517578125e-05,32768
26401,92.72128099994734,297762235387,7.53022933508835,1938113,7.393314361572266,0.13691497351608461,1,3.0517578125e-05,32768
26501,93.05862174998038,298842444827,7.524502392321796,1937384,7.390533447265625,0.1339689450561714,1,3.0517578125e-05,32768
26601,93.41818112507463,299917388651,7.522685906592486,1938050,7.393074035644531,0.12961187094795434,1,3.0517578125e-05,32768
26701,93.75485250004567,300984590360,7.5248023618626485,1938124,7.3933563232421875,0.131446038620461,1,3.0517578125e-05,32768
26801,94.08940429100767,302052493912,7.5232827614638325,1936525,7.387256622314453,0.13602613914937933,2,6.103515625e-05,32767
26901,94.426231832942,303122625211,7.519722134086842,1935188,7.3821563720703125,0.13756576201652937,1,3.0517578125e-05,32768
27001,94.76337641594,304181399703,7.520238595061616,1934374,7.379051208496094,0.1411873865655222,1,3.0517578125e-05,32768
27101,95.09925562492572,305242661667,7.523396479047496,1936707,7.387950897216797,0.135445581830699,1,3.0517578125e-05,32768
27201,95.43485633307137,306307240563,7.52687259902781,1936709,7.387958526611328,0.13891407241648146,1,3.0517578125e-05,32768
27301,95.77041333308443,307370226787,7.5224912584805,1936154,7.385841369628906,0.13664988885159346,1,3.0517578125e-05,32768
27401,96.10518320812844,308429075838,7.520854343270333,1935604,7.3837432861328125,0.13711105713752048,2,6.103515625e-05,32767
27501,96.44928570790216,309496115755,7.519770937395172,1935802,7.384498596191406,0.1352723412037662,1,3.0517578125e-05,32768
27601,96.7993101249449,310571939216,7.517596148907527,1935310,7.382621765136719,0.13497438377080861,1,3.0517578125e-05,32768
27701,97.13645241595805,311642188876,7.513705297655003,1935070,7.381706237792969,0.13199905986203397,1,3.0517578125e-05,32768
27801,97.46924687502906,312695614140,7.5100373784595345,1932205,7.370777130126953,0.13926024833258133,1,3.0517578125e-05,32768
27901,97.8067084159702,313752955036,7.508869758577427,1932975,7.373714447021484,0.13515531155594296,1,3.0517578125e-05,32768
28001,98.13712562504224,314801965645,7.507536861704006,1934930,7.381172180175781,0.12636468152822466,1,3.0517578125e-05,32768
28101,98.47678833291866,315860605323,7.506689530891326,1934974,7.381340026855469,0.12534950403585743,1,3.0517578125e-05,32768
28201,98.81303054094315,316914487513,7.511829798261753,1936769,7.388187408447266,0.12364238981448761,2,6.103515625e-05,32767
28301,99.14723125007004,317975277616,7.5108229350324915,1935687,7.384059906005859,0.12676302902663217,1,3.0517578125e-05,32768
28401,99.48603291600011,319047087388,7.51575492607966,1937654,7.391563415527344,0.12419151055231659,1,3.0517578125e-05,32768
28501,99.82248279103078,320115218097,7.515410507692797,1936705,7.387943267822266,0.12746723987053166,2,6.103515625e-05,32767
28601,100.1852750829421,321178104407,7.514900218093023,1936603,7.387554168701172,0.1273460493918508,1,3.0517578125e-05,32768
28701,100.52735445811413,322241030507,7.5195345647587,1936888,7.388641357421875,0.1308932073368254,1,3.0517578125e-05,32768
28801,100.86265766597353,323299056474,7.517277594269393,1934881,7.380985260009766,0.13629233425962717,1,3.0517578125e-05,32768
28901,101.19962791609578,324356613962,7.514967444444544,1933345,7.375125885009766,0.13984155943477816,2,6.103515625e-05,32766
29001,101.53287179092877,325413664894,7.513037933693693,1932803,7.373058319091797,0.1399796146018959,2,6.103515625e-05,32767
29101,101.86825316608883,326462983313,7.510483742240167,1931605,7.368488311767578,0.14199543047258878,1,3.0517578125e-05,32768
29201,102.19821741594933,327506621207,7.507268299246055,1930798,7.365409851074219,0.14185844817183657,2,6.103515625e-05,32767
29301,102.5290238331072,328547142337,7.51309177243942,1935630,7.383842468261719,0.12924930417770142,1,3.0517578125e-05,32768
29401,102.86071599996649,329584208337,7.502249130630619,1931654,7.368675231933594,0.1335738986970254,1,3.0517578125e-05,32768
29501,103.19403275009245,330635091666,7.505930899507063,1933735,7.376613616943359,0.12931728256370345,2,6.103515625e-05,32767
29601,103.52721333294176,331679045634,7.503862629330805,1933107,7.374217987060547,0.12964464227025818,1,3.0517578125e-05,32768
29701,103.86241516610608,332723479453,7.502172827765862,1931668,7.3687286376953125,0.13344419007054942,1,3.0517578125e-05,32768
29801,104.20350800012238,333758500384,7.502161521220059,1933743,7.376644134521484,0.12551738669857482,2,6.103515625e-05,32767
29901,104.5374094999861,334795705698,7.508456150060365,1936555,7.387371063232422,0.12108508682794294,1,3.0517578125e-05,32768
30001,104.87263054098003,335836674107,7.512170746502067,1939003,7.396709442138672,0.11546130436339475,1,3.0517578125e-05,32768
30101,105.2078718750272,336886985508,7.511137755415826,1938506,7.394813537597656,0.11632421781816937,2,6.103515625e-05,32767
30201,105.53983541601337,337927271429,7.509496410646262,1937709,7.391773223876953,0.11772318676930915,1,3.0517578125e-05,32768
30301,105.87039562501013,338969065555,7.509025456164428,1935621,7.383808135986328,0.12521732017810017,1,3.0517578125e-05,32768
30401,106.2006040001288,340007167382,7.512849984632055,1936222,7.386100769042969,0.12674921558908636,1,3.0517578125e-05,32768
30501,106.5321545000188,341038226188,7.510067573345122,1935464,7.383209228515625,0.12685834482949687,1,3.0517578125e-05,32768
30601,106.86293266597204,342051467004,7.508109341347025,1933507,7.375743865966797,0.1323654753802277,1,3.0517578125e-05,32768
30701,107.18922333302908,343048373538,7.510463841372905,1933246,7.374748229980469,0.13571561139243649,1,3.0517578125e-05,32768
30801,107.51302604097873,344054084554,7.507649162343317,1930708,7.3650665283203125,0.14258263402300475,3,9.1552734375e-05,32766
30901,107.84457725007087,345086639685,7.508624972668388,1931390,7.367668151855469,0.14095682081291905,1,3.0517578125e-05,32768
31001,108.17796370806172,346128017370,7.508939297726101,1932244,7.3709259033203125,0.13801339440578886,1,3.0517578125e-05,32768
31101,108.51395575003698,347170732939,7.507817680547479,1932191,7.370723724365234,0.13709395618224463,1,3.0517578125e-05,32768
31201,108.85009662504308,348209541817,7.50900075277087,1931284,7.3672637939453125,0.14173695882555748,2,6.103515625e-05,32767
31301,109.17912120791152,349247487935,7.511514426435178,1932956,7.3736419677734375,0.13787245866174036,2,6.103515625e-05,32767
31401,109.50818408303894,350284198185,7.510057464947131,1932292,7.3711090087890625,0.13894845615806872,1,3.0517578125e-05,32768
31501,109.84559320798144,351338767758,7.510612030480443,1931259,7.367168426513672,0.14344360396677125,1,3.0517578125e-05,32768
31601,110.17897504102439,352399556125,7.507530638398225,1930300,7.3635101318359375,0.1440205065622875,1,3.0517578125e-05,32768
31701,110.51087966607884,353451029047,7.508356290874004,1932851,7.373241424560547,0.13511486631345715,1,3.0517578125e-05,32768
31801,110.8449110831134,354492661563,7.506038249677752,1933581,7.376026153564453,0.13001209611329845,1,3.0517578125e-05,32768
31901,111.18184962496161,355526780662,7.506782382854675,1934399,7.379146575927734,0.127635806926941,2,6.103515625e-05,32767
32001,111.50669787498191,356549966678,7.510261145969969,1935388,7.3829193115234375,0.1273418344465318,1,3.0517578125e-05,32768
32101,111.83711283304729,357575862054,7.510197152425324,1935687,7.384059906005859,0.12613724641946433,1,3.0517578125e-05,32768
32201,112.16726245800965,358612515352,7.5119392960712545,1936605,7.387561798095703,0.12437749797555142,1,3.0517578125e-05,32768
32301,112.49752166611142,359657734845,7.5065250726158625,1934914,7.381111145019531,0.1254139275963313,1,3.0517578125e-05,32768
32401,112.83189491601661,360713960797,7.502454053599124,1934273,7.378665924072266,0.1237881295268588,1,3.0517578125e-05,32768
32501,113.17342779110186,361778362438,7.499981883838348,1932582,7.372215270996094,0.12776661284225455,1,3.0517578125e-05,32768
32601,113.52192225004546,362835505036,7.502451232923125,1933278,7.374870300292969,0.12758093263015624,1,3.0517578125e-05,32768
32701,113.8587554579135,363894382754,7.501738365920568,1932455,7.371730804443359,0.1300075614772087,1,3.0517578125e-05,32768
32801,114.19432149990462,364960468392,7.5050408447723145,1934266,7.378639221191406,0.12640162358090823,1,3.0517578125e-05,32768
32901,114.53033454110846,366015640074,7.507327535435337,1933254,7.374778747558594,0.1325487878767433,1,3.0517578125e-05,32768
33001,114.86734595801681,367071313590,7.504904215833397,1931581,7.368396759033203,0.13650745680019405,1,3.0517578125e-05,32768
33101,115.2045353751164,368141657634,7.501569337716216,1928339,7.356029510498047,0.14553982721816894,2,6.103515625e-05,32767
33201,115.54381525004283,369221333113,7.505663870646494,1931137,7.366703033447266,0.13896083719922814,1,3.0517578125e-05,32768
33301,115.88355841604061,370303082260,7.506036853217545,1929625,7.360935211181641,0.1451016420359048,1,3.0517578125e-05,32768
33401,116.22209595795721,371385090648,7.5105010582093685,1929430,7.360191345214844,0.15030971299452478,2,6.103515625e-05,32767
33501,116.55837408290245,372474227692,7.51233969892986,1931043,7.366344451904297,0.14599524702556277,1,3.0517578125e-05,32768
33601,116.89759504096583,373559531317,7.503936250624792,1928953,7.358371734619141,0.1455645160056518,1,3.0517578125e-05,32768
33701,117.23808479099534,374655122452,7.49789157620598,1927580,7.3531341552734375,0.1447574209325424,1,3.0517578125e-05,32768
33801,117.57692375010811,375741155525,7.496639728430145,1926926,7.350639343261719,0.14600038516842595,1,3.0517578125e-05,32768
33901,117.91724837501533,376828681038,7.500419520959653,1929396,7.3600616455078125,0.14035787545184064,2,6.103515625e-05,32767
34001,118.2568790409714,377916924492,7.491548275479243,1928315,7.355937957763672,0.13561031771557097,2,6.103515625e-05,32767
34101,118.59942070790567,379003304942,7.495126354057791,1927477,7.352741241455078,0.14238511260271292,1,3.0517578125e-05,32768
34201,118.93754016608,380086155450,7.48639353996533,1924880,7.34283447265625,0.14355906730907986,1,3.0517578125e-05,32768
34301,119.27380149997771,381156057943,7.482083323945691,1925121,7.343753814697266,0.13832950924842535,2,6.103515625e-05,32767
34401,119.60945737501606,382214329192,7.479078748986402,1925807,7.346370697021484,0.13270805196491775,1,3.0517578125e-05,32768
34501,119.94750333297998,383279072317,7.4815488265968435,1926129,7.347599029541016,0.13394979705582788,2,6.103515625e-05,32767
34601,120.28129904111847,384346259406,7.478453001827589,1925602,7.345588684082031,0.13286431774555751,1,3.0517578125e-05,32768
34701,120.61836670804769,385416310218,7.481715304678594,1927357,7.352283477783203,0.12943182689539068,1,3.0517578125e-05,32768
34801,120.9547456249129,386478404420,7.485626465643913,1928367,7.356136322021484,0.12949014362242828,2,6.103515625e-05,32767
34901,121.28994204103947,387550507746,7.488738943767089,1930166,7.362998962402344,0.1257399813647453,1,3.0517578125e-05,32768
35001,121.62619574996643,388609753289,7.4882355868041,1930676,7.3649444580078125,0.12329112879628745,1,3.0517578125e-05,32768
35101,121.96132416604087,389670377411,7.487825071784271,1927166,7.351554870605469,0.13627020117880217,1,3.0517578125e-05,32768
35201,122.30699654109776,390733092743,7.490224536668297,1928735,7.357540130615234,0.13268440605306253,2,6.103515625e-05,32767
35301,122.68501604092307,391783359834,7.49460684944232,1930168,7.363006591796875,0.13160025764544514,1,3.0517578125e-05,32768
35401,123.05578812491149,392825291419,7.495288545042893,1930924,7.3658905029296875,0.1293980421132055,1,3.0517578125e-05,32768
35501,123.4086800001096,393865808763,7.501072716470365,1931717,7.368915557861328,0.13215715860903732,3,9.1552734375e-05,32765
35601,123.74357820791192,394920807684,7.500862438887677,1929342,7.359855651855469,0.14100678703220826,1,3.0517578125e-05,32768
35701,124.0793035000097,395978902894,7.505724579956079,1930565,7.364521026611328,0.14120355334475043,1,3.0517578125e-05,32768
35801,124.41480945795774,397049367909,7.502636016150107,1929543,7.360622406005859,0.14201361014424752,2,6.103515625e-05,32767
35901,124.75288762501441,398121440123,7.505511100324826,1931726,7.368949890136719,0.1365612101881073,1,3.0517578125e-05,32768
36001,125.09026587498374,399185801835,7.505140359475469,1931632,7.36859130859375,0.13654905088171887,1,3.0517578125e-05,32768
36101,125.42328941612504,400236155274,7.5079715224859545,1933216,7.3746337890625,0.13333773342345445,2,6.103515625e-05,32767
36201,125.75549387512729,401272990715,7.507455602879496,1933769,7.376743316650391,0.13071228622910525,1,3.0517578125e-05,32768
36301,126.08579520811327,402308154693,7.509331279024748,1934621,7.379993438720703,0.1293378403040446,1,3.0517578125e-05,32768
36401,126.41776375006884,403342921173,7.507990631034392,1933314,7.375007629394531,0.132983001639861,1,3.0517578125e-05,32768
36501,126.75526841590181,404373148068,7.512466077014268,1933022,7.373893737792969,0.13857233922129897,1,3.0517578125e-05,32768
36601,127.08980762492865,405419763459,7.509459796784526,1931193,7.366916656494141,0.1425431402903854,2,6.103515625e-05,32767
36701,127.4265015409328,406477837540,7.505893513185436,1929831,7.361721038818359,0.14417247436707648,1,3.0517578125e-05,32768
36801,127.76329612499103,407532605440,7.505128840077724,1930293,7.363483428955078,0.14164541112264573,1,3.0517578125e-05,32768
36901,128.0996534160804,408592038916,7.509648528604138,1933070,7.374076843261719,0.13557168534241892,1,3.0517578125e-05,32768
37001,128.43792770802975,409661408196,7.506586961946823,1929256,7.359527587890625,0.14705937405619807,1,3.0517578125e-05,32768
37101,128.77931245812215,410729215227,7.50950906343086,1930797,7.365406036376953,0.14410302705390698,1,3.0517578125e-05,32768
37201,129.11641637491994,411791000147,7.515886444701171,1934060,7.3778533935546875,0.13803305114648357,2,6.103515625e-05,32767
37301,129.45522466604598,412869716147,7.518612712180172,1933049,7.373996734619141,0.14461597756103117,1,3.0517578125e-05,32768
37401,129.793643708108,413935934685,7.520563953355443,1933688,7.376434326171875,0.1441296271835677,1,3.0517578125e-05,32768
37501,130.12960654101335,415011540316,7.519324430674531,1932979,7.373729705810547,0.14559472486398395,1,3.0517578125e-05,32768
37601,130.4821556659881,416116066105,7.5165492802928835,1931251,7.367137908935547,0.14941137135733662,1,3.0517578125e-05,32768
37701,130.82368937507272,417226190373,7.516815793709936,1931712,7.368896484375,0.14791930933493624,1,3.0517578125e-05,32768
37801,131.16654004110023,418339359199,7.5174413796819115,1932607,7.372310638427734,0.14513074125417713,1,3.0517578125e-05,32768
37901,131.51143116597086,419462927005,7.514328500094632,1932706,7.372688293457031,0.14164020663760102,1,3.0517578125e-05,32768
38001,131.86439674999565,420602850959,7.513195082084864,1932137,7.370517730712891,0.14267735137197324,1,3.0517578125e-05,32768
38101,132.2097268749494,421742899547,7.512881106883631,1932355,7.371349334716797,0.1415317721668341,1,3.0517578125e-05,32768
38201,132.55428562499583,422881034727,7.5155063706754675,1932444,7.3716888427734375,0.14381752790202995,2,6.103515625e-05,32767
38301,132.9022937079426,424020339271,7.522747025993067,1934866,7.380928039550781,0.14181898644228585,1,3.0517578125e-05,32768
38401,133.24689666600898,425148347913,7.524129643036356,1933574,7.375999450683594,0.14813019235276226,1,3.0517578125e-05,32768
38501,133.59552574995905,426265003563,7.523351810157486,1934466,7.379402160644531,0.14394964951295464,2,6.103515625e-05,32767
38601,133.93978450004943,427381710931,7.524588433980545,1935776,7.3843994140625,0.14018901991804533,1,3.0517578125e-05,32768
38701,134.30498337512836,428512387459,7.522273121648322,1933815,7.376918792724609,0.14535432892371247,2,6.103515625e-05,32767
38801,134.65141987497918,429646101838,7.520361888218546,1935022,7.381523132324219,0.13883875589432737,1,3.0517578125e-05,32768
38901,134.99669658299536,430773099000,7.522760697218682,1935812,7.3845367431640625,0.1382239540546193,1,3.0517578125e-05,32768
39001,135.3453930830583,431902083921,7.520025390164488,1934988,7.3813934326171875,0.1386319575473003,2,6.103515625e-05,32767
39101,135.69260274991393,433028439392,7.516515055088119,1936536,7.387298583984375,0.129216471103744,1,3.0517578125e-05,32768
39201,136.037088165991,434144371413,7.514415085574168,1933792,7.3768310546875,0.13758403088666782,2,6.103515625e-05,32767
39301,136.37915216595866,435247742957,7.517867022770684,1933861,7.377094268798828,0.14077275397185574,1,3.0517578125e-05,32768
39401,136.7244867910631,436354892602,7.514398998358573,1934303,7.378780364990234,0.13561863336833824,1,3.0517578125e-05,32768
39501,137.06419500010088,437457962810,7.508021110296349,1934162,7.378242492675781,0.12977861762056797,1,3.0517578125e-05,32768
39601,137.40477204089984,438562827237,7.504587762842476,1934871,7.380947113037109,0.12364064980536682,1,3.0517578125e-05,32768
39701,137.75232229102403,439686179030,7.499867710593131,1933273,7.374851226806641,0.12501648378649044,1,3.0517578125e-05,32768
39801,138.1024822080508,440818606022,7.496068826334873,1932609,7.372318267822266,0.12375055851260708,2,6.103515625e-05,32767
39901,138.4446304999292,441943788975,7.492366854719332,1932464,7.37176513671875,0.12060171800058228,1,3.0517578125e-05,32768
40001,138.7899227910675,443066369892,7.493352351274404,1933650,7.376289367675781,0.11706298359862277,1,3.0517578125e-05,32768
40101,139.13145716604777,444173960981,7.497704809750918,1936898,7.388679504394531,0.10902530535638633,1,3.0517578125e-05,32768
40201,139.47208800003864,445276521229,7.503731791105155,1938430,7.394523620605469,0.10920817049968612,1,3.0517578125e-05,32768
40301,139.81962241604924,446385703290,7.497741393698893,1936606,7.387565612792969,0.11017578090592384,1,3.0517578125e-05,32768
40401,140.16381037491374,447505169150,7.5037255746035,1938478,7.394706726074219,0.10901884852928134,2,6.103515625e-05,32767
40501,140.50550904101692,448625459637,7.510470737447676,1938679,7.395473480224609,0.11499725722306664,1,3.0517578125e-05,32768
40601,140.8519170829095,449737638421,7.510594568996577,1938758,7.395774841308594,0.11481972768798343,1,3.0517578125e-05,32768
40701,141.19696875009686,450851802048,7.510573350235143,1939254,7.397666931152344,0.1129064190827993,1,3.0517578125e-05,32768
40801,141.5381519999355,451968775721,7.510316670406094,1937636,7.3914947509765625,0.11882191942953124,1,3.0517578125e-05,32768
40901,141.8871163330041,453096207603,7.507799518316695,1937399,7.390590667724609,0.11720885059208541,2,6.103515625e-05,32767
41001,142.23203583294526,454222663949,7.508924569186666,1937568,7.3912353515625,0.11768921762416618,1,3.0517578125e-05,32768
41101,142.57812687498517,455344721775,7.506709800906602,1934501,7.379535675048828,0.1271741258577741,1,3.0517578125e-05,32768
41201,142.92609479092062,456450093369,7.505934164564508,1937412,7.3906402587890625,0.11529390577544518,1,3.0517578125e-05,32768
41301,143.29341699997894,457563712579,7.504477306628422,1935982,7.385185241699219,0.11929206492920308,1,3.0517578125e-05,32768
41401,143.63897029100917,458668515972,7.507375236697916,1938321,7.394107818603516,0.11326741809440044,1,3.0517578125e-05,32768
41501,143.9806102500297,459764857274,7.51194717586771,1937265,7.390079498291016,0.12186767757669426,1,3.0517578125e-05,32768
41601,144.32227745791897,460868514960,7.515240862048138,1938214,7.393699645996094,0.12154121605204438,2,6.103515625e-05,32767
41701,144.6665539999958,461985588962,7.515066498517118,1937369,7.390476226806641,0.12459027171047765,1,3.0517578125e-05,32768
41801,145.00831933296286,463087445949,7.5065764461560205,1933126,7.374290466308594,0.13228597984742674,1,3.0517578125e-05,32768
41901,145.34633924998343,464168812412,7.507663629673273,1931423,7.367794036865234,0.13986959280803823,1,3.0517578125e-05,32768
42001,145.72346824989654,465467489987,5.403946448466742,936427,3.572185516357422,1.8317609321093204,6,0.00018310546875,32758
42101,146.65029258304276,470202531622,4.447438007039583,282611,1.0780754089355469,3.3693625981040363,103,0.003143310546875,25091
42201,148.8355617080815,482533139321,4.575140284011296,313763,1.1969108581542969,3.3782294258569987,32,0.0009765625,22637
42301,151.03432283294387,495186680145,4.726759744220184,322848,1.2315673828125,3.4951923614076836,38,0.00115966796875,23916
42401,153.27422383311205,508018037655,4.842569208567094,314088,1.198150634765625,3.6444185738014694,84,0.0025634765625,22286
42501,155.53981445799582,521086595163,4.950237907595903,298430,1.1384201049804688,3.811817802615434,50,0.00152587890625,19117
42601,157.85054800007492,534199517949,5.067336499849827,305955,1.1671257019042969,3.9002107979455305,32,0.0009765625,22404
42701,160.16368920798413,547281437032,5.154856834462731,297150,1.1335372924804688,4.021319541982262,40,0.001220703125,20211
42801,162.43426758307032,560367282793,5.240100330092792,294275,1.1225700378417969,4.117530292250995,38,0.00115966796875,19648
42901,164.78701124992222,573452640213,5.325954489834796,291659,1.1125907897949219,4.213363700039874,36,0.0010986328125,19892
43001,167.09879812505096,586507139327,5.382907982339571,288410,1.1001968383789062,4.282711143960665,41,0.001251220703125,18854
43101,169.43315929104574,599610726535,5.458103406110583,282007,1.0757713317871094,4.3823320743234735,64,0.001953125,17092
43201,171.75887804105878,612665857626,5.547111428309744,284062,1.0836105346679688,4.4635008936417755,87,0.002655029296875,17773
43301,174.0594100409653,625723543924,5.607292571753787,286445,1.0927009582519531,4.514591613501834,73,0.002227783203125,18043
43401,176.38168379105628,638817972041,5.706159507182086,279088,1.06463623046875,4.641523276713336,56,0.001708984375,17740
43501,178.69424962508492,651765331218,5.746154455136057,304480,1.1614990234375,4.584655431698557,41,0.001251220703125,21670
43601,181.02239804109558,664599897766,5.816135927984532,297966,1.1366500854492188,4.679485842535313,50,0.00152587890625,21430
43701,183.33240250009112,677411804833,5.851327317251279,289558,1.1045761108398438,4.746751206411435,56,0.001708984375,20793
43801,185.66587312496267,690396338884,5.89046269967619,278663,1.0630149841308594,4.827447715545331,39,0.001190185546875,19323
43901,187.97259554103948,703449002017,5.947904388099655,287034,1.0949478149414062,4.852956573158249,32,0.0009765625,19169
44001,190.3124294579029,716428748383,5.984000766454437,291117,1.1105232238769531,4.873477542577484,49,0.001495361328125,21571
44101,192.60745824989863,729416119129,6.062205596676276,289100,1.1028289794921875,4.9593766171840885,41,0.001251220703125,21877
44201,195.02709258301184,742428547452,6.140996954817588,284457,1.0851173400878906,5.055879614729697,38,0.00115966796875,21037
44301,197.40607600007206,755481615873,6.187024034502044,281331,1.0731925964355469,5.113831438066497,34,0.00103759765625,21872
44401,199.78849308309145,768511572041,6.234592214800635,285082,1.0875015258789062,5.147090688921729,68,0.0020751953125,21941
44501,202.19311258289963,781557384294,6.270210101059648,277959,1.0603294372558594,5.209880663803789,64,0.001953125,19437
44601,204.53250066610053,794574880013,6.30318159377571,279720,1.067047119140625,5.236134474635085,42,0.00128173828125,18165
44701,206.94001458305866,807613002539,6.367682860769511,278941,1.0640754699707031,5.303607390798808,69,0.002105712890625,19500
44801,209.35489041591063,820701888717,6.413897797625884,272762,1.0405044555664062,5.373393342059478,68,0.0020751953125,19650
44901,211.7533911250066,833725794107,6.472604490727786,275042,1.0492019653320312,5.423402525395755,62,0.00189208984375,19990
45001,214.14841579110362,846734850758,6.517686160417124,291969,1.1137733459472656,5.403912814469859,41,0.001251220703125,21977
45101,216.5149696660228,859664209373,6.565104211471841,289074,1.1027297973632812,5.4623744141085595,86,0.00262451171875,21337
45201,218.91661674994975,872585205021,6.607291542782514,287693,1.0974617004394531,5.509829842343061,49,0.001495361328125,21088
45301,221.3195855410304,885591266565,6.635211025268931,278100,1.0608673095703125,5.574343715698618,60,0.0018310546875,20846
45401,223.79471108294092,898593130921,6.6792661866125,288022,1.0987167358398438,5.580549450772656,97,0.002960205078125,20878
45501,226.3336003329605,911591233316,6.680620010388203,285628,1.0895843505859375,5.591035659802266,158,0.00482177734375,20642
45601,228.75884787505493,924548530472,6.695914757189632,291824,1.11322021484375,5.582694542345882,81,0.002471923828125,21394
45701,231.18122658296488,937383759356,6.729275969681705,298640,1.13922119140625,5.590054778275455,63,0.001922607421875,22322
45801,233.57239904091693,950247552374,6.755101316282104,293870,1.1210250854492188,5.634076230832886,57,0.001739501953125,22600
45901,235.98414858290926,963210353597,6.7827195049581235,285239,1.0881004333496094,5.694619071608514,70,0.00213623046875,22654
46001,238.4102472080849,976222209767,6.777485848221693,278521,1.0624732971191406,5.715012551102553,65,0.001983642578125,21506
46101,240.89366104104556,989266673017,6.796031040314059,279353,1.0656471252441406,5.730383915069918,62,0.00189208984375,20966
46201,243.36408995790407,1002289620323,6.81645045007404,289432,1.104095458984375,5.712354991089665,50,0.00152587890625,22606
46301,245.82640462508425,1015323769840,6.841355596795684,273022,1.0414962768554688,5.799859319940215,42,0.00128173828125,20830
46401,248.29026779090054,1028339468986,6.862032484911586,279157,1.0648994445800781,5.797133040331508,42,0.00128173828125,21968
46501,250.767246583011,1041369526120,6.878856380159565,286226,1.0918655395507812,5.786990840608784,55,0.001678466796875,22087
46601,253.23200462502427,1054423917418,6.893597626710902,272482,1.0394363403320312,5.85416128637887,61,0.001861572265625,19817
46701,255.78417916595936,1067517016405,6.902019118111113,268973,1.0260505676269531,5.87596855048416,75,0.002288818359375,19223
46801,258.2776575831231,1080578310848,6.912284562881782,267348,1.0198516845703125,5.892432878311469,140,0.0042724609375,16667
46901,260.77128504100256,1093633622326,6.943529555165441,267546,1.0206069946289062,5.922922560536534,65,0.001983642578125,17032
47001,263.35656566591933,1106645558602,6.946041560905465,272064,1.037841796875,5.908199764030465,41,0.001251220703125,16704
47101,265.91129891597666,1119705182278,6.942741511929384,277834,1.0598526000976562,5.882888911831728,99,0.003021240234375,17704
47201,268.47079708310775,1132733871965,6.9609612705388635,274190,1.0459518432617188,5.915009427277145,92,0.0028076171875,17443
47301,271.01960025005974,1145814531774,6.993483283052096,269187,1.0268669128417969,5.966616370210299,48,0.00146484375,16816
47401,273.5963887081016,1158893682168,7.0131046714777305,270841,1.0331764221191406,5.97992824935859,56,0.001708984375,17751
47501,276.12822970794514,1171947414334,7.032285964200602,272567,1.0397605895996094,5.9925253746009925,51,0.001556396484375,18970
47601,278.67903591599315,1184998700087,7.028665340812106,274865,1.0485267639160156,5.98013857689609,74,0.00225830078125,19233
47701,281.2236579579767,1198032532125,7.05268394392534,273582,1.0436325073242188,6.009051436601121,90,0.00274658203125,19642
47801,283.8092384580523,1211044560442,7.040829327362863,276983,1.0566062927246094,5.984223034638253,42,0.00128173828125,20554
47901,286.48174145794474,1224095415040,7.042089598059427,276151,1.0534324645996094,5.988657133459817,51,0.001556396484375,21243
48001,289.03962658299133,1237157368861,7.021670091041598,272677,1.0401802062988281,5.9814898847427695,42,0.00128173828125,21684
48101,291.6254460411146,1250202164672,7.025094513146185,280625,1.0704994201660156,5.95459509298017,40,0.001220703125,22054
48201,294.25607216591015,1263219326474,7.030000998223327,286395,1.0925102233886719,5.9374907748346555,38,0.00115966796875,21276
48301,296.83492408297025,1276250932205,7.038162873460324,278761,1.0633888244628906,5.974774048997434,66,0.00201416015625,20286
48401,299.4363070409745,1289310844221,7.034017486858836,270985,1.0337257385253906,6.000291748333446,38,0.00115966796875,19570
48501,302.0588540409226,1302406681014,7.032509897558413,272236,1.0384979248046875,5.994011972753725,62,0.00189208984375,19294
48601,304.68132512504235,1315506042789,7.064446712469682,272447,1.0393028259277344,6.025143886541947,50,0.00152587890625,21020
48701,307.3095957499463,1328582011781,7.0910252356121575,274763,1.0481376647949219,6.042887570817236,79,0.002410888671875,20130
48801,309.90335366595536,1341662072586,7.082551297792408,275218,1.0498733520507812,6.032677945741627,77,0.002349853515625,19611
48901,312.540588041069,1354715409398,7.100083575392625,277220,1.0575103759765625,6.042573199416062,52,0.0015869140625,19320
49001,315.20304745808244,1367754081034,7.098699705818735,272616,1.039947509765625,6.05875219605311,45,0.001373291015625,19350
49101,317.8862542079296,1380783437860,7.1042718108425085,269507,1.0280876159667969,6.076184194875712,48,0.00146484375,20371
49201,320.8294977080077,1393843683734,7.101261053464729,274317,1.0464363098144531,6.054824743650276,46,0.00140380859375,22641
49301,323.60740054096095,1406858165872,7.116783004068527,284967,1.0870628356933594,6.029720168375167,38,0.00115966796875,24732
49401,326.3621149160899,1419822976722,7.126703858666993,282053,1.0759468078613281,6.0507570508056645,125,0.003814697265625,24062
49501,329.0563810830936,1432790174740,7.136690481925901,279327,1.0655479431152344,6.071142538810666,51,0.001556396484375,21977
49601,331.75851345807314,1445731872688,7.1470304335686645,286178,1.0916824340820312,6.055347999486633,32,0.0009765625,23459
49701,334.4039000410121,1458642263885,7.134260804818705,289821,1.1055793762207031,6.028681428598002,26,0.00079345703125,24514
49801,336.983281374909,1471463768323,7.113795400736711,292117,1.1143379211425781,5.999457479594133,35,0.001068115234375,26858
49901,339.68661158299074,1484355903689,7.095603793808941,291104,1.1104736328125,5.985130160996441,14,0.00042724609375,27661
50001,342.3528842909727,1497278382599,7.077916571325548,286884,1.0943756103515625,5.983540960973985,20,0.0006103515625,27165
50101,345.1196040001232,1510219663334,7.07305736818352,287305,1.0959815979003906,5.977075770283129,23,0.000701904296875,26281
50201,347.7658445830457,1523158931231,7.082320370853832,287660,1.0973358154296875,5.984984555424145,26,0.00079345703125,26037
50301,350.43211737507954,1536111366894,7.061158216522979,283429,1.0811958312988281,5.979962385224151,53,0.001617431640625,23474
50401,353.16300245793536,1549130763187,7.0578421063652055,268194,1.0230789184570312,6.034763187908174,43,0.001312255859375,19629
50501,355.958814665908,1562165409170,7.05301933724375,264241,1.0079994201660156,6.045019917077735,40,0.001220703125,16782
50601,358.61774533311836,1575233151352,7.030241407065456,264555,1.0091972351074219,6.021044171958034,46,0.00140380859375,16169
50701,361.2877960000187,1588273689977,7.046157827641649,269526,1.0281600952148438,6.017997732426806,42,0.00128173828125,16909
50801,363.9270591249224,1601238035404,7.054278840019119,265835,1.0140800476074219,6.040198792411697,52,0.0015869140625,15807
50901,366.63213091599755,1614302678896,7.061316404619945,263846,1.0064926147460938,6.0548237898738515,60,0.0018310546875,15847
51001,369.34338379092515,1627351074560,7.056414756480931,261977,0.9993629455566406,6.057051810924291,47,0.001434326171875,16821
51101,372.0061372080818,1640344584152,7.0479168759821675,267986,1.0222854614257812,6.025631414556386,42,0.00128173828125,17458
51201,374.6886616249103,1653317457909,7.06484842012625,271554,1.0358963012695312,6.028952118856719,52,0.0015869140625,17658
51301,377.3503960000817,1666263588778,7.025265510018011,263458,1.0050125122070312,6.02025299781098,51,0.001556396484375,15442
51401,379.9761083330959,1679232549921,7.048919534466266,268277,1.0233955383300781,6.0255239961361875,52,0.0015869140625,16297
51501,382.6201377499383,1692184126381,7.053905920225272,272998,1.0414047241210938,6.0125011961041785,57,0.001739501953125,16567
51601,385.24941633292474,1705138475994,7.053291295817655,268601,1.0246315002441406,6.028659795573514,53,0.001617431640625,16924
51701,387.9310194160789,1718141463089,7.039838269303733,267658,1.0210342407226562,6.018804028581076,103,0.003143310546875,18110
51801,390.5869232909754,1731145554537,7.029575088716091,273510,1.0433578491210938,5.986217239594997,47,0.001434326171875,18463
51901,393.2711192909628,1744212227002,7.040406847250718,268495,1.0242271423339844,6.016179704916734,146,0.00445556640625,17156
52001,395.8684873750899,1757294376345,7.0496075203751545,269768,1.029083251953125,6.0205242684220295,69,0.002105712890625,16014
52101,398.4983300829772,1770381357750,7.052179477477691,266573,1.0168952941894531,6.035284183288238,66,0.00201416015625,16570
52201,401.12437058310024,1783496641857,7.063178864277612,267727,1.0212974548339844,6.0418814094436275,51,0.001556396484375,17719
52301,403.7436714160722,1796617545880,7.068293985565807,265891,1.0142936706542969,6.0540003149115105,56,0.001708984375,17158
52401,406.3461751660798,1809731077576,7.068640603445039,263622,1.0056381225585938,6.063002480886445,73,0.002227783203125,16490
52501,408.94874129095115,1822862488975,7.0909818658511306,263057,1.0034828186035156,6.087499047247615,59,0.001800537109375,15878
52601,411.53009270806797,1835982432626,7.108562931342066,260580,0.9940338134765625,6.114529117865503,59,0.001800537109375,15524
52701,414.1372684580274,1849123934373,7.116220667332597,261587,0.9978752136230469,6.1183454537095505,62,0.00189208984375,15044
52801,416.7897905409336,1862213491865,7.112919936744529,263681,1.0058631896972656,6.107056747047263,65,0.001983642578125,15353
52901,419.44035895797424,1875341486056,7.089436363492521,261572,0.9978179931640625,6.091618370328458,92,0.0028076171875,16102
53001,422.1039603750687,1888449335508,7.089178794251015,262852,1.0027008056640625,6.086477988586952,51,0.001556396484375,16851
53101,424.7393337499816,1901559936114,7.111691558470486,268805,1.0254096984863281,6.086281859984158,54,0.00164794921875,18088
53201,427.3685247080866,1914659077257,7.115232824471638,268804,1.0254058837890625,6.089826940682576,55,0.001678466796875,18013
53301,429.95621379092336,1927756646271,7.14516208803357,266395,1.0162162780761719,6.128945809957398,70,0.00213623046875,16408
53401,432.592413125094,1940866646732,7.135353024421411,264182,1.0077743530273438,6.127578671394067,137,0.004180908203125,16393
53501,435.22330520791,1953994850212,7.147148529006313,265136,1.01141357421875,6.135734954787563,54,0.00164794921875,16991
53601,437.83290975005366,1967106668931,7.151329751031422,258728,0.986968994140625,6.164360756890797,80,0.00244140625,16758
53701,440.42567470809445,1980249143075,7.144604890974547,261213,0.9964485168457031,6.148156374128844,68,0.0020751953125,17019
53801,443.00398504105397,1993417441730,7.160070709023125,264253,1.0080451965332031,6.152025512489922,52,0.0015869140625,17309
53901,445.5884304579813,2006550253461,7.171148404498524,260303,0.9929771423339844,6.17817126216454,93,0.002838134765625,16080
54001,448.1639534160495,2019711772912,7.175437367799011,266021,1.0147895812988281,6.160647786500183,70,0.00213623046875,16346
54101,450.7376853330061,2032879939396,7.165360957572305,265142,1.0114364624023438,6.153924495169961,167,0.005096435546875,15919
54201,453.2787912499625,2046051177484,7.168045784984859,265643,1.0133476257324219,6.154698159252437,65,0.001983642578125,15643
54301,455.7662063750904,2059208050992,7.1769642874012,266916,1.0182037353515625,6.158760552049637,96,0.0029296875,16177
54401,458.2744612079114,2072386301256,7.187396908864008,269077,1.0264472961425781,6.16094961272143,89,0.002716064453125,15966
54501,460.75778241595253,2085580147962,7.193082711793853,265927,1.0144309997558594,6.178651712037993,78,0.00238037109375,16585
54601,463.1972337909974,2098739730640,7.203954224613147,262156,1.0000457763671875,6.20390844824596,69,0.002105712890625,16559
54701,465.6951620830223,2111908283224,7.192531502849509,267309,1.0197029113769531,6.172828591472556,71,0.002166748046875,16454
54801,468.1226914159488,2125109242915,7.214465670122802,264742,1.0099105834960938,6.2045550866267085,85,0.002593994140625,16870
54901,470.59428675007075,2138306862151,7.225336791537774,267994,1.0223159790039062,6.203020812533868,58,0.00177001953125,17494
55001,473.1019148749765,2151489817633,7.234292975906201,267482,1.0203628540039062,6.213930121902295,85,0.002593994140625,17419
55101,475.5973088329192,2164707013846,7.2476516883321125,264246,1.0080184936523438,6.239633194679769,79,0.002410888671875,18215
55201,478.1638549999334,2177923863108,7.254595253228947,266910,1.0181808471679688,6.2364144060609785,79,0.002410888671875,18860
55301,480.6601120000705,2191159065532,7.24442054565834,267841,1.0217323303222656,6.222688215336074,73,0.002227783203125,19326
55401,483.17381662502885,2204349649853,7.255113983113836,265965,1.0145759582519531,6.240538024861883,60,0.0018310546875,19267
55501,485.71624199999496,2217556399183,7.249903057836228,268192,1.0230712890625,6.226831768773728,61,0.001861572265625,20587
55601,488.2691470000427,2230726357571,7.2376761781824595,270027,1.0300712585449219,6.207604919637538,68,0.0020751953125,21585
55701,490.77226587501355,2243902281849,7.244647435467884,266673,1.0172767639160156,6.227370671551868,105,0.003204345703125,21255
55801,493.294572457904,2257078458798,7.2397557689518255,268399,1.0238609313964844,6.215894837555341,86,0.00262451171875,20996
55901,495.83099945797585,2270231745746,7.2365473103512326,268827,1.0254936218261719,6.211053688525061,88,0.002685546875,19768
56001,498.28534845798276,2283396013981,7.2547617588293765,263467,1.0050468444824219,6.249714914346955,106,0.00323486328125,18717
56101,500.76393104111776,2296589734715,7.257733709662707,268131,1.0228385925292969,6.23489511713341,63,0.001922607421875,17752
56201,503.15479858312756,2309793651830,7.262692471317391,264446,1.0087814331054688,6.253911038211922,87,0.002655029296875,17233
56301,505.531248500105,2323007953483,7.2645099191068425,267146,1.0190811157226562,6.245428803384186,109,0.003326416015625,17192
56401,507.97268883301876,2336212304145,7.2952065348786395,269264,1.02716064453125,6.2680458903473895,81,0.002471923828125,17261
56501,510.3873351661023,2349435273733,7.305038010938032,270143,1.0305137634277344,6.274524247510298,98,0.00299072265625,17291
56601,512.772606540937,2362665726567,7.302035461350336,264665,1.0096168518066406,6.292418609543695,90,0.00274658203125,16445
56701,515.1897403749172,2375885312071,7.316610206707678,268922,1.0258560180664062,6.290754188641272,94,0.00286865234375,17678
56801,517.5796631250996,2389115090619,7.311661108602826,264260,1.0080718994140625,6.303589209188764,79,0.002410888671875,17002
56901,520.0206663329154,2402356249079,7.318118239469499,269635,1.0285758972167969,6.289542342252702,88,0.002685546875,17299
57001,522.4070582909044,2415610554259,7.308556649688308,266158,1.0153121948242188,6.293244454864089,92,0.0028076171875,16967
57101,524.8559965000022,2428865937957,7.323358214135209,267086,1.0188522338867188,6.30450598024849,68,0.0020751953125,17947
57201,527.2580812079832,2442115342655,7.329189060652023,272427,1.0392265319824219,6.2899625286696015,77,0.002349853515625,17830
57301,529.6446864160243,2455366341606,7.338668806660289,266517,1.0166816711425781,6.321987135517711,55,0.001678466796875,17302
57401,532.0242531660479,2468603684637,7.347951034405211,270326,1.0312118530273438,6.3167391813778675,75,0.002288818359375,17244
57501,534.4274242499378,2481837939535,7.341277139673242,269034,1.0262832641601562,6.314993875513085,74,0.00225830078125,17633
57601,536.8059410410933,2495052144423,7.351920246240367,271972,1.0374908447265625,6.314429401513805,98,0.00299072265625,17580
57701,539.1784228330944,2508256269395,7.359817691905685,263896,1.006683349609375,6.35313434229631,107,0.003265380859375,16955
57801,541.5791251659393,2521452276277,7.353699603860299,270953,1.0336036682128906,6.320095935647409,80,0.00244140625,17664
57901,544.0347637908999,2534634851229,7.338837966307206,268906,1.0257949829101562,6.313042983397049,70,0.00213623046875,19357
58001,546.5389846249018,2547840440966,7.3500080325629416,267671,1.0210838317871094,6.328924200775832,80,0.00244140625,19301
58101,548.9757125829346,2561067178268,7.374329542024609,266158,1.0153121948242188,6.35901734720039,143,0.004364013671875,17982
58201,551.4290662910789,2574281361016,7.3692271093629245,269446,1.0278549194335938,6.341372189929331,66,0.00201416015625,19263
58301,553.8494534159545,2587486041999,7.365289291765463,269089,1.0264930725097656,6.3387962192556975,88,0.002685546875,18738
58401,556.321460874984,2600677846877,7.358595037424332,270474,1.0317764282226562,6.326818609201676,88,0.002685546875,18531
58501,558.777656415943,2613852398525,7.358247027249297,270819,1.0330924987792969,6.32515452847,77,0.002349853515625,18723
58601,561.2366940409411,2627031440381,7.358432150588706,268109,1.0227546691894531,6.3356774813992525,84,0.0025634765625,18045
58701,563.6652612080798,2640222200347,7.362289342609609,272661,1.0401191711425781,6.322170171467031,87,0.002655029296875,17808
58801,566.1064220829867,2653376316004,7.381428744367998,270555,1.0320854187011719,6.349343325666826,81,0.002471923828125,17932
58901,568.7022992079146,2666547867179,7.392300761755686,272498,1.0394973754882812,6.3528033862674045,77,0.002349853515625,17552
59001,571.1018890829291,2679719111858,7.400033953101348,270368,1.0313720703125,6.368661882788848,68,0.0020751953125,16788
59101,573.5550832080189,2692864203604,7.399206715629837,273511,1.0433616638183594,6.355845051811477,105,0.003204345703125,17251
59201,575.9716658750549,2706046848204,7.400257859388098,271146,1.0343399047851562,6.365917954602942,79,0.002410888671875,17746
59301,578.3922116251197,2719232408179,7.390409390156943,273525,1.0434150695800781,6.346994320576865,101,0.003082275390625,18400
59401,580.7971260410268,2732410833478,7.390610335326315,270397,1.0314826965332031,6.359127638793112,177,0.005401611328125,17828
59501,583.1631062910892,2745575841185,7.394511476340314,272640,1.0400390625,6.354472413840314,63,0.001922607421875,17726
59601,585.5673113749363,2758755475904,7.37860399096879,272941,1.0411872863769531,6.337416704591837,113,0.003448486328125,18149
59701,587.999706291128,2771915961711,7.355200491110542,275252,1.0500030517578125,6.30519743935273,95,0.002899169921875,18010
59801,590.439775625011,2785076880624,7.357666942429494,274042,1.0453872680664062,6.312279674363087,76,0.0023193359375,17565
59901,592.8545253330376,2798209837388,7.355289382618414,270855,1.0332298278808594,6.322059554737555,85,0.002593994140625,18012
60001,595.2426273750607,2811381267814,7.349359820222231,270891,1.0333671569824219,6.315992663239809,89,0.002716064453125,18342
60101,597.6105721250642,2824574398053,7.323218622257006,270417,1.0315589904785156,6.29165963177849,80,0.00244140625,19064
60201,599.9919423330575,2837741917013,7.323371614240012,270357,1.0313301086425781,6.2920415055974335,97,0.002960205078125,18508
60301,602.3969877909403,2850894270496,7.336209728472099,269604,1.0284576416015625,6.307752086870536,111,0.003387451171875,17876
60401,604.8243779160548,2864083450945,7.354443103184117,270102,1.0303573608398438,6.324085742344273,62,0.00189208984375,17614
60501,607.2375766660552,2877221068962,7.356459474075077,268905,1.0257911682128906,6.330668305862186,96,0.0029296875,18180
60601,609.6309717500117,2890341240915,7.360313125590785,272186,1.0383071899414062,6.322005935649379,90,0.00274658203125,18922
60701,612.0237946249545,2903449440014,7.370554337652985,276694,1.0555038452148438,6.315050492438141,76,0.0023193359375,18403
60801,614.465937250061,2916504824933,7.373887480074224,275390,1.0505294799804688,6.323358000093755,69,0.002105712890625,17989
60901,616.8672842909582,2929475182100,7.3902817473288565,280927,1.0716514587402344,6.318630288588622,79,0.002410888671875,18153
61001,619.1870483329985,2942524071614,7.386919052142817,275546,1.0511245727539062,6.335794479388911,98,0.00299072265625,17825
61101,621.5432892909739,2955560634652,7.376549139361675,280275,1.0691642761230469,6.307384863238628,76,0.0023193359375,18696
61201,623.9629830829799,2968623689585,7.398769775883055,275754,1.0519180297851562,6.346851746097899,61,0.001861572265625,18538
61301,626.3748178330716,2981730014712,7.411787624328885,276804,1.0559234619140625,6.355864162414822,81,0.002471923828125,18799
61401,628.7689640410244,2994877192852,7.4175049833880085,275700,1.0517120361328125,6.365792947255196,109,0.003326416015625,18129
61501,631.1729892080184,3008023444105,7.403990564684331,271449,1.0354957580566406,6.36849480662769,87,0.002655029296875,18189
61601,633.5677554160357,3021168220100,7.422581468686522,267034,1.0186538696289062,6.403927599057615,101,0.003082275390625,17556
61701,635.9682311660144,3034315421814,7.432949927335901,275586,1.0512771606445312,6.38167276669137,92,0.0028076171875,16951
61801,638.3242212499026,3047454250999,7.410897199187359,272767,1.0405235290527344,6.370373670134625,73,0.002227783203125,16755
61901,640.7082318749744,3060613592090,7.389709855247856,272070,1.0378646850585938,6.351845170189263,47,0.001434326171875,17565
62001,643.1122880410403,3073772642454,7.397860575852295,268604,1.0246429443359375,6.373217631516358,84,0.0025634765625,18068
62101,645.5606800001115,3086970143520,7.404263944880256,267146,1.0190811157226562,6.3851828291576,100,0.0030517578125,17433
62201,647.9550204579718,3100149337093,7.407100311884899,266260,1.0157012939453125,6.3913990179395865,87,0.002655029296875,17117
62301,650.319942333037,3113334861423,7.4015263814306955,271014,1.0338363647460938,6.367690016684602,65,0.001983642578125,17103
62401,652.7356105409563,3126493630311,7.404803310476646,273807,1.0444908142089844,6.360312496267662,104,0.003173828125,17089
62501,655.1326101250015,3139672447017,7.399560728411245,273578,1.0436172485351562,6.355943479876089,85,0.002593994140625,17087
62601,657.5437617909629,3152821746592,7.374047777535429,270599,1.0322532653808594,6.34179451215457,87,0.002655029296875,17391
62701,659.9760637499858,3165996790258,7.367105726211333,273046,1.0415878295898438,6.3255178966214896,62,0.00189208984375,17755
62801,662.3521467910614,3179152984234,7.403135038281793,266799,1.0177574157714844,6.385377622510308,95,0.002899169921875,16585
62901,664.8139804159291,3192330233000,7.38564065934068,269932,1.0297088623046875,6.355931797035993,102,0.00311279296875,16860
63001,667.2565531251021,3205508189812,7.382645727828704,268489,1.0242042541503906,6.3584414736783135,110,0.00335693359375,16631
63101,669.6579294579569,3218688379338,7.3639355228993875,272290,1.0387039184570312,6.325231604442356,73,0.002227783203125,17317
63201,672.0666984999552,3231869698507,7.364600617526139,268916,1.0258331298828125,6.338767487643326,92,0.0028076171875,17334
63301,674.5278716660105,3245052993790,7.357086056656051,270909,1.0334358215332031,6.323650235122848,68,0.0020751953125,17992
63401,676.9789337909315,3258253865277,7.349040422690134,271620,1.0361480712890625,6.3128923514010715,110,0.00335693359375,17565
63501,679.3817320410162,3271419536141,7.368582410866105,272111,1.0380210876464844,6.33056132321962,89,0.002716064453125,17503
63601,681.7390828330535,3284603821706,7.377513352278359,267837,1.0217170715332031,6.355796280745156,92,0.0028076171875,16731
63701,684.1752497081179,3297794749848,7.345275528836585,268890,1.0257339477539062,6.319541581082679,74,0.00225830078125,17493
63801,686.6191137500573,3310992442058,7.355641983843738,268297,1.0234718322753906,6.332170151568348,90,0.00274658203125,17782
63901,689.061921000015,3324171222005,7.332187281770897,272018,1.0376663208007812,6.294520960970115,88,0.002685546875,18684
64001,691.4786246661097,3337317673390,7.350005115702995,267462,1.0202865600585938,6.329718555644401,119,0.003631591796875,17989
64101,693.8935122909024,3350453281476,7.338636316107113,262738,1.0022659301757812,6.336370385931332,88,0.002685546875,18093
64201,696.3710541659966,3363589936070,7.340675051775352,266967,1.0183982849121094,6.322276766863243,78,0.00238037109375,17703
64301,698.8548017500434,3376725472666,7.319647388618313,274921,1.0487403869628906,6.270907001655423,68,0.0020751953125,18143
64401,701.3097075829282,3389869927617,7.290974635558152,271551,1.0358848571777344,6.255089778380418,96,0.0029296875,18554
64501,703.7628697911277,3403015648980,7.281988643099487,273465,1.0431861877441406,6.238802455355346,101,0.003082275390625,18993
64601,706.2574943329673,3416141279565,7.259404136951772,267982,1.0222702026367188,6.237133934315053,100,0.0030517578125,19347
64701,708.6912387080956,3429219304601,7.3013503893652345,270901,1.0334053039550781,6.267945085410156,89,0.002716064453125,18449
64801,711.136162166018,3442267361257,7.279316327788705,274506,1.0471572875976562,6.232159040191049,66,0.00201416015625,19164
64901,713.5504265411291,3455371838391,7.298077757632169,272286,1.0386886596679688,6.2593890979642,67,0.002044677734375,18567
65001,715.9808450830169,3468513736846,7.295665532532404,270690,1.0326004028320312,6.263065129700372,94,0.00286865234375,19082
65101,718.4032502910122,3481643160152,7.325311519040184,271359,1.0351524353027344,6.29015908373745,83,0.002532958984375,18076
65201,720.8911309579853,3494742200712,7.297327154405542,277582,1.0588912963867188,6.238435858018823,54,0.00164794921875,18668
65301,723.3852141660172,3507854859898,7.330017713072762,269660,1.0286712646484375,6.301346448424325,52,0.0015869140625,18097
65401,725.8334546659607,3521016662773,7.345293305184176,272160,1.0382080078125,6.307085297371676,108,0.0032958984375,17254
65501,728.2218074579723,3534147045764,7.392115259833121,271100,1.0341644287109375,6.357950831122183,66,0.00201416015625,16279
65601,730.6154358750209,3547325297062,7.388634113259237,270281,1.0310401916503906,6.357593921608847,97,0.002960205078125,16168
65701,733.056789833121,3560485040179,7.389302020546912,274533,1.0472602844238281,6.342041736123084,96,0.0029296875,16562
65801,735.5114864581265,3573649700355,7.40177829544133,271157,1.0343818664550781,6.367396428986252,72,0.002197265625,15071
65901,737.9383753750008,3586819827245,7.405824481130076,268539,1.0243949890136719,6.381429492116404,70,0.00213623046875,14634
66001,740.3437635831069,3599962376989,7.398793666573113,269779,1.0291252136230469,6.369668452950066,67,0.002044677734375,14604
66101,742.766323040938,3613097379099,7.372730124384431,271628,1.0361785888671875,6.336551535517244,87,0.002655029296875,15319
66201,745.1982899580617,3626214369740,7.391899839037466,265441,1.0125770568847656,6.3793227821527,99,0.003021240234375,14921
66301,747.6353467500303,3639371318872,7.4016048446810485,268683,1.0249443054199219,6.376660539261127,71,0.002166748046875,14607
66401,750.0415972911287,3652494853829,7.408138914152674,270152,1.030548095703125,6.377590818449549,65,0.001983642578125,14283
66501,752.4176987078972,3665623651230,7.413145709257048,269962,1.0298233032226562,6.383322406034392,83,0.002532958984375,14575
66601,754.7786590829492,3678767768320,7.4190926115746,265362,1.0122756958007812,6.406816915773819,80,0.00244140625,14043
66701,757.1534978330601,3691938556884,7.431095237237779,265817,1.0140113830566406,6.417083854181138,93,0.002838134765625,13348
66801,759.555936708115,3705120653561,7.431574576121723,263051,1.0034599304199219,6.428114645701801,89,0.002716064453125,13837
66901,761.9601926249452,3718283081094,7.444584890788591,266128,1.01519775390625,6.429387136882341,88,0.002685546875,13275
67001,764.3683942910284,3731436551795,7.4500587719651,265366,1.0122909545898438,6.437767817375256,87,0.002655029296875,13516
67101,766.7242935830727,3744578988330,7.436174344537353,263186,1.0039749145507812,6.4321994299865715,66,0.00201416015625,13823
67201,769.093070999952,3757755312164,7.446983420314745,262095,0.9998130798339844,6.447170340480761,78,0.00238037109375,14025
67301,771.480713665951,3770890998370,7.441647270507998,265107,1.0113029479980469,6.430344322509951,140,0.0042724609375,14401
67401,773.9362153329421,3784063105492,7.440092385245581,264697,1.0097389221191406,6.4303534631264405,79,0.002410888671875,15130
67501,776.3656920830254,3797227480696,7.430697279379261,273940,1.0449981689453125,6.385699110433949,64,0.001953125,15777
67601,778.7816579579376,3810356761089,7.4263209944631745,269692,1.0287933349609375,6.397527659502237,70,0.00213623046875,15772
67701,781.1933557910379,3823521072520,7.430420501296053,265845,1.0141181945800781,6.416302306715975,88,0.002685546875,15472
67801,783.6065295829903,3836651614471,7.4334157208780365,269571,1.0283317565917969,6.40508396428624,91,0.002777099609375,15130
67901,785.9879061249085,3849771188070,7.422682519698112,267439,1.0201988220214844,6.402483697676628,73,0.002227783203125,15046
68001,788.4680092080962,3862952263000,7.409130140265319,262003,0.9994621276855469,6.409668012579772,88,0.002685546875,15078
68101,790.9270396661013,3876175450625,7.386489864483376,260586,0.9940567016601562,6.392433162823219,73,0.002227783203125,15771
68201,793.3729663749691,3889389957440,7.373320552540914,267072,1.018798828125,6.354521724415914,84,0.0025634765625,15788
68301,795.8130504579749,3902592022938,7.362083374585663,271658,1.0362930297851562,6.325790344800507,102,0.00311279296875,16889
68401,798.2441112080123,3915793119172,7.350869106020153,269040,1.02630615234375,6.324562953676403,86,0.00262451171875,17240
68501,800.6694882079028,3929011112977,7.345637856831417,267985,1.0222816467285156,6.323356210102902,76,0.0023193359375,17316
68601,803.12499595806,3942224636068,7.340733426273605,266230,1.0155868530273438,6.325146573246261,134,0.00408935546875,17247
68701,805.6103188749403,3955441140044,7.355591627922521,267697,1.0211830139160156,6.334408614006505,67,0.002044677734375,17573
68801,808.0223894161172,3968645233715,7.351484654625423,267722,1.0212783813476562,6.330206273277767,77,0.002349853515625,17437
68901,810.4914311659522,3981851933617,7.351990840529646,266190,1.0154342651367188,6.336556575392927,98,0.00299072265625,16901
69001,812.9395171659999,3995061563739,7.343766084227372,269522,1.0281448364257812,6.315621247801591,71,0.002166748046875,17587
69101,815.4107849160209,4008262036835,7.337498539046908,269042,1.0263137817382812,6.311184757308626,78,0.00238037109375,17774
69201,817.8626307079103,4021475427634,7.37255303447501,269355,1.0275077819824219,6.345045252492588,145,0.004425048828125,17198
69301,820.3064231660683,4034661495399,7.352321885489644,267752,1.021392822265625,6.330929063224019,68,0.0020751953125,16914
69401,822.7080195830204,4047850892775,7.363163048237625,272236,1.0384979248046875,6.324665123432937,71,0.002166748046875,16658
69501,825.0859344580676,4061049277327,7.39227876851987,265854,1.0141525268554688,6.378126241664401,100,0.0030517578125,15371
69601,827.4456919580698,4074216454286,7.397361052884886,263792,1.00628662109375,6.391074431791136,91,0.002777099609375,15518
69701,829.8391264160164,4087387372424,7.388915205283974,271445,1.0354804992675781,6.353434706016396,65,0.001983642578125,16289
69801,832.2238976249937,4100561895733,7.399470560746451,272259,1.0385856628417969,6.360884897904654,88,0.002685546875,15789
69901,834.6503897500224,4113698005793,7.369711764439859,262456,1.001190185546875,6.368521578892984,88,0.002685546875,16315
70001,837.0949942499865,4126866393862,7.384544733393409,264847,1.0103111267089844,6.374233606684425,112,0.00341796875,17432
70101,839.5433592500631,4140046143795,7.380872362544393,271441,1.0354652404785156,6.345407122065877,115,0.003509521484375,17879
70201,841.952897165902,4153204793800,7.372272970050503,275646,1.0515060424804688,6.320766927570034,72,0.002197265625,17293
70301,844.3919728749897,4166374309887,7.365171462732554,273711,1.0441246032714844,6.321046859461069,79,0.002410888671875,17311
70401,846.8289175410755,4179545610630,7.357294354548059,268692,1.0249786376953125,6.332315716852746,72,0.002197265625,16960
70501,849.2790196249261,4192726011077,7.330536178495784,273710,1.0441207885742188,6.286415389921565,71,0.002166748046875,18271
70601,851.7669082910288,4205906200451,7.299947628239719,268377,1.0237770080566406,6.276170620183079,72,0.002197265625,18970
70701,854.2325424160808,4219096453873,7.312612071459215,269418,1.0277481079101562,6.284863963549059,76,0.0023193359375,19084
70801,856.738027916057,4232309377766,7.322576068020545,265222,1.0117416381835938,6.310834429836952,89,0.002716064453125,18540
70901,859.1700555831194,4245519212925,7.358621013010298,268355,1.0236930847167969,6.334927928293501,70,0.00213623046875,17750
71001,861.6700407909229,4258741480826,7.335077404411864,267954,1.0221633911132812,6.312914013298583,84,0.0025634765625,18355
71101,864.1301172079984,4271958182092,7.348514127924141,266391,1.0162010192871094,6.332313108637032,99,0.003021240234375,18427
71201,866.5933848330751,4285174391300,7.352177468099603,268754,1.0252151489257812,6.326962319173822,89,0.002716064453125,17793
71301,869.0564336660318,4298393350494,7.393246545006267,266215,1.0155296325683594,6.377716912437908,74,0.00225830078125,17182
71401,871.5842213330325,4311599456075,7.379246035022241,267868,1.0218353271484375,6.357410707873804,148,0.0045166015625,17809
71501,874.0705094160512,4324790708005,7.378003255466235,265073,1.0111732482910156,6.36683000717522,95,0.002899169921875,17280
71601,876.4887241250835,4337968477954,7.39129062100792,267576,1.020721435546875,6.370569185461045,87,0.002655029296875,16980
71701,878.9118664159905,4351163697870,7.386787450115593,269259,1.0271415710449219,6.359645879070671,64,0.001953125,16821
71801,881.3760084579699,4364351268115,7.36620696157853,267466,1.0203018188476562,6.3459051427308735,81,0.002471923828125,17734
71901,883.8054639159236,4377539739475,7.3709352411958875,264891,1.0104789733886719,6.360456267807216,106,0.00323486328125,16929
72001,886.301516416017,4390694807106,7.399309357102087,267830,1.0216903686523438,6.377618988449743,88,0.002685546875,17260
72101,888.7077020409051,4403849912244,7.384595015420015,272816,1.04071044921875,6.343884566201265,63,0.001922607421875,17739
72201,891.1415884580929,4417015178074,7.350436299224497,273086,1.0417404174804688,6.308695881744028,97,0.002960205078125,18205
72301,893.6403433331288,4430145058940,7.383284378985531,272770,1.0405349731445312,6.342749405840999,72,0.002197265625,17770
72401,896.0546030409168,4443278142071,7.358164663736608,273476,1.0432281494140625,6.314936514322546,71,0.002166748046875,18161
72501,898.4660764159635,4456401499346,7.368421250485778,274194,1.0459671020507812,6.322454148434996,96,0.0029296875,17642
72601,900.9401279159356,4469542033398,7.369719355946313,273842,1.0446243286132812,6.325095027333032,77,0.002349853515625,17685
72701,903.4265358750708,4482668696018,7.388908297279334,272467,1.0393791198730469,6.349529177406287,91,0.002777099609375,16901
72801,905.9048135001212,4495817304107,7.392456830326992,268852,1.0255889892578125,6.36686784106918,118,0.00360107421875,16672
72901,908.3812714999076,4508949860930,7.38959645338886,268673,1.0249061584472656,6.364690294941594,92,0.0028076171875,16792
73001,910.8313796659932,4522079004128,7.379637442041843,271845,1.0370063781738281,6.342631063868015,96,0.0029296875,17573
73101,913.2848367909901,4535209713238,7.375967717875461,268897,1.0257606506347656,6.350207067240695,67,0.002044677734375,16877
73201,915.7969527079258,4548347782454,7.381931294376333,268163,1.0229606628417969,6.358970631534536,84,0.0025634765625,16829
73301,918.2477593331132,4561458474097,7.378376199167958,265363,1.0122795104980469,6.366096688669911,95,0.002899169921875,17115
73401,920.7020414581057,4574600313197,7.369029918820189,266399,1.0162315368652344,6.352798381954955,75,0.002288818359375,16661
73501,923.1580924580339,4587775024065,7.360177473565173,266350,1.0160446166992188,6.344132856865954,111,0.003387451171875,16496
73601,925.6093704160303,4600961514461,7.345497479945875,267947,1.0221366882324219,6.323360791713453,66,0.00201416015625,16797
73701,928.0435390830971,4614155668833,7.337995448212728,266052,1.0149078369140625,6.323087611298665,63,0.001922607421875,16705
73801,930.5096013750881,4627346947454,7.340970092581264,271443,1.0354728698730469,6.305497222708217,98,0.00299072265625,15954
73901,932.9417926659808,4640484122267,7.338592215038063,268523,1.0243339538574219,6.314258261180641,92,0.0028076171875,16164
74001,935.3717594579794,4653665932580,7.321129705793362,265826,1.0140457153320312,6.307083990461331,93,0.002838134765625,16269
74101,937.8662202910054,4666834771703,7.3483375955966865,266554,1.0168228149414062,6.33151478065528,79,0.002410888671875,16385
74201,940.3113489160314,4680002355582,7.358825866357941,265006,1.0109176635742188,6.347908202783723,72,0.002197265625,15742
74301,942.7695080409758,4693191179270,7.375055609242274,265899,1.0143241882324219,6.360731421009852,106,0.00323486328125,15386
74401,945.2457904159091,4706388741266,7.378221646696643,262984,1.003204345703125,6.375017300993518,80,0.00244140625,14906
74501,947.667005791096,4719616061488,7.371673832578092,262403,1.0009880065917969,6.370685825986295,112,0.00341796875,15013
74601,950.074659041129,4732834614510,7.394316204538979,269362,1.0275344848632812,6.366781719675698,65,0.001983642578125,14678
74701,952.4819136250298,4746028292470,7.381610954370584,272162,1.0382156372070312,6.343395317163552,67,0.002044677734375,15316
74801,954.8916075830348,4759249351615,7.37118874110304,267745,1.0213661193847656,6.349822621718275,151,0.004608154296875,14831
74901,957.3240666249767,4772478837361,7.385999068896595,268351,1.0236778259277344,6.362321242968861,80,0.00244140625,14730
75001,959.7376251660753,4785714443554,7.389513956484913,266190,1.0154342651367188,6.374079691348194,97,0.002960205078125,14088
75101,962.1300460000057,4798941501889,7.3958752277666,265296,1.01202392578125,6.38385130198535,95,0.002899169921875,13875
75201,964.5267726250459,4812188963430,7.414314425373971,263148,1.0038299560546875,6.410484469319283,95,0.002899169921875,12908
75301,966.9679280000273,4825419857446,7.409847278162292,258984,0.987945556640625,6.421901721521667,88,0.002685546875,12935
75401,969.3645544999745,4838674809060,7.4191983239299155,259616,0.9903564453125,6.4288418786174155,93,0.002838134765625,12848
75501,971.72525429097,4851901286819,7.407636454868162,261772,0.9985809326171875,6.409055522250974,70,0.00213623046875,13417
75601,974.0886736249086,4865139310932,7.424723856526048,265950,1.0145187377929688,6.410205118733079,97,0.002960205078125,13885
75701,976.5116711249575,4878357102501,7.425133341989872,261851,0.9988822937011719,6.4262510482887,122,0.00372314453125,13224
75801,978.9242063749116,4891583392307,7.42027018192671,262647,1.0019187927246094,6.4183513892021,101,0.003082275390625,13452
75901,981.2897179580759,4904812711457,7.424326052786751,262857,1.0027198791503906,6.42160617363636,86,0.00262451171875,13044
76001,983.6622190000489,4918031164625,7.429708953491412,268454,1.0240707397460938,6.405638213745318,89,0.002716064453125,13236
76101,986.0468823330011,4931264025536,7.427613445585824,269751,1.0290184020996094,6.398595043486215,89,0.002716064453125,13583
76201,988.3972527501173,4944490923259,7.420408963289874,267200,1.019287109375,6.401121853914874,88,0.002685546875,13711
76301,990.779849915998,4957700898805,7.414280094527541,272236,1.0384979248046875,6.375782169722854,98,0.00299072265625,14058
76401,993.2018928749021,4970933643789,7.426250272636421,271252,1.0347442626953125,6.391506009941108,86,0.00262451171875,14220
76501,995.5820824159309,4984130175421,7.431477246495896,274694,1.0478744506835938,6.383602795812302,137,0.004180908203125,13646
76601,997.9284050830174,4997292103210,7.415190706212755,271896,1.037200927734375,6.37798977847838,63,0.001922607421875,13604
76701,1000.2887003750075,5010490008874,7.403563122041627,270433,1.0316200256347656,6.371943096406861,99,0.003021240234375,14144
76801,1002.6811812911183,5023692076146,7.387505570983663,267826,1.0216751098632812,6.365830461120382,87,0.002655029296875,14160
76901,1005.1132145409938,5036909805457,7.3729795354675165,267896,1.021942138671875,6.3510373967956415,90,0.00274658203125,13714
77001,1007.5101118329912,5050134282949,7.382901222835555,271175,1.0344505310058594,6.3484506918296955,91,0.002777099609375,13432
77101,1009.9104758331086,5063344826624,7.379274035789689,266479,1.0165367126464844,6.362737323143205,73,0.002227783203125,14315
77201,1012.3235817078967,5076556764082,7.368716238585203,264784,1.01007080078125,6.358645437803953,96,0.0029296875,13952
77301,1014.7505720830522,5089757704463,7.353491598012351,263491,1.0051383972167969,6.348353200795554,91,0.002777099609375,14207
77401,1017.1809558749665,5102939737134,7.351621449743949,267216,1.01934814453125,6.332273305212699,105,0.003204345703125,14378
77501,1019.5828369581141,5116140276873,7.316807570486536,267136,1.01904296875,6.297764601736536,85,0.002593994140625,13782
77601,1021.9958488331176,5129297070854,7.30178948625681,274813,1.0483283996582031,6.253461086598607,91,0.002777099609375,15431
77701,1024.3930752500892,5142459354656,7.322072738187504,269772,1.0290985107421875,6.292974227445317,85,0.002593994140625,14134
77801,1026.7776816659607,5155595712556,7.340532933291437,271824,1.03692626953125,6.303606663760187,123,0.003753662109375,14694
77901,1029.2097497500945,5168772869528,7.357890684699926,268591,1.0245933532714844,6.333297331428442,164,0.0050048828125,13496
78001,1031.5589978750795,5181912313173,7.378535144464965,267925,1.0220527648925781,6.356482379572387,156,0.0047607421875,13017
78101,1033.873558708001,5194991199914,7.393459570117262,274652,1.0477142333984375,6.345745336718824,75,0.002288818359375,13001
78201,1036.247430749936,5208125953459,7.3882037942395185,266511,1.0166587829589844,6.371545011280534,103,0.003143310546875,12586
78301,1038.5823888329323,5221307329436,7.390487665107687,265636,1.0133209228515625,6.377166742256125,96,0.0029296875,12707
78401,1040.9267581249587,5234468478012,7.382582280964094,270217,1.0307960510253906,6.351786229938703,61,0.001861572265625,12304
78501,1043.2417011659127,5247640550015,7.4126656897530285,270386,1.0314407348632812,6.381224954889747,84,0.0025634765625,12518
78601,1045.5482618750539,5260847937148,7.409790864401614,268453,1.0240669250488281,6.385723939352786,80,0.00244140625,12838
78701,1047.8318429999053,5274037159653,7.401031093520892,265037,1.0110359191894531,6.389995174331439,77,0.002349853515625,13503
78801,1050.1200800410006,5287257792878,7.414039359883872,269890,1.0295486450195312,6.384490714864341,90,0.00274658203125,13375
78901,1052.4837510411162,5300424038322,7.43314504147272,265492,1.0127716064453125,6.4203734350274075,168,0.005126953125,12755
79001,1054.8587475409731,5313581322330,7.416265758513339,269779,1.0291252136230469,6.3871405448902925,80,0.00244140625,14154
79101,1057.2167670829222,5326751212083,7.377275749018456,269032,1.026275634765625,6.351000114252831,96,0.0029296875,14790
79201,1059.5884402499069,5339955660659,7.359651254938794,272802,1.0406570434570312,6.318994211481763,85,0.002593994140625,15760
79301,1061.922506458126,5353171990502,7.368369344282323,269393,1.0276527404785156,6.340716603803807,86,0.00262451171875,15606
79401,1064.3296293329913,5366346661140,7.343364020566993,270045,1.0301399230957031,6.31322409747129,71,0.002166748046875,16264
79501,1066.6516174999997,5379532137293,7.3529128403527775,269546,1.0282363891601562,6.324676451192621,78,0.00238037109375,15944
79601,1069.0088470000774,5392701955767,7.376487702797207,266306,1.0158767700195312,6.360610932777676,80,0.00244140625,15630
79701,1071.3559244161006,5405874817021,7.370482086432611,272546,1.0396804809570312,6.33080160547558,111,0.003387451171875,16272
79801,1073.7178500830196,5419056425965,7.364405808409241,273189,1.0421333312988281,6.322272477110413,84,0.0025634765625,16258
79901,1076.1002082910854,5432180885494,7.35608014310751,273252,1.0423736572265625,6.313706485880948,63,0.001922607421875,16430
80001,1078.5017583749723,5445332500311,7.366010165457087,274571,1.0474052429199219,6.318604922537165,82,0.00250244140625,16345
80101,1080.9185074160341,5458506850874,7.345720393780935,271383,1.0352439880371094,6.310476405743826,87,0.002655029296875,16556
80201,1083.3053579160478,5471710209665,7.3787705581286485,270430,1.0316085815429688,6.34716197658568,89,0.002716064453125,16191
80301,1085.6978032910265,5484864853191,7.368189992306623,269189,1.0268745422363281,6.341315450070295,63,0.001922607421875,16568
80401,1088.1260767909698,5498035635827,7.378364763776702,276404,1.0543975830078125,6.323967180768889,80,0.00244140625,17133
80501,1090.5368805830367,5511177225708,7.377692133339103,271312,1.03497314453125,6.342718988807853,88,0.002685546875,16761
80601,1092.9425836659502,5524320844173,7.361183331966608,271448,1.035491943359375,6.325691388607233,74,0.00225830078125,17051
80701,1095.3866882910952,5537457935925,7.343593113017344,267481,1.0203590393066406,6.323234073710704,145,0.004425048828125,16825
80801,1097.7622739160433,5550623761509,7.375867265138291,269314,1.0273513793945312,6.34851588574376,76,0.0023193359375,16448
80901,1100.167676666053,5563773787643,7.390571575366791,269608,1.028472900390625,6.362098674976166,89,0.002716064453125,15956
81001,1102.5627519579139,5576931912113,7.409836478955949,270929,1.0335121154785156,6.376324363477433,72,0.002197265625,16230
81101,1104.9109090000857,5590111967396,7.3934257340354925,268394,1.0238418579101562,6.369583876125336,107,0.003265380859375,15895
81201,1107.2868862499017,5603263651023,7.401925912287403,270547,1.0320549011230469,6.369871011164356,70,0.00213623046875,15453
81301,1109.6481104579289,5616376374814,7.393912363094807,270911,1.0334434509277344,6.3604689121670726,76,0.0023193359375,15454
81401,1112.0029865829274,5629500126704,7.404712927740313,275223,1.0498924255371094,6.354820502203204,82,0.00250244140625,15075
81501,1114.4209775000345,5642579170949,7.4013556642862905,274932,1.0487823486328125,6.352573315653478,79,0.002410888671875,16123
81601,1116.8616896660533,5655669492750,7.4114616069732655,270436,1.0316314697265625,6.379830137246703,115,0.003509521484375,15762
81701,1119.2580626660492,5668819162027,7.387952491326923,266875,1.0180473327636719,6.369905158563252,95,0.002899169921875,17142
81801,1121.6864694159012,5682008414144,7.373267394272961,268699,1.0250053405761719,6.348262053696789,87,0.002655029296875,18176
81901,1124.1368416659534,5695194627551,7.345613206333057,271040,1.033935546875,6.311677659458057,111,0.003387451171875,19061
82001,1126.607229666086,5708406669545,7.325800015576075,272154,1.0381851196289062,6.2876148959471685,86,0.00262451171875,18927
82101,1129.078503082972,5721595204926,7.319283701258312,272153,1.0381813049316406,6.281102396326672,127,0.003875732421875,19338
82201,1131.4956626249477,5734815037499,7.300063382395585,268732,1.0251312255859375,6.274932156809648,101,0.003082275390625,18495
82301,1133.9184697910678,5748038091693,7.295590878913247,267049,1.0187110900878906,6.276879788825356,109,0.003326416015625,18375
82401,1136.3679420829285,5761273788289,7.25955244329141,271455,1.0355186462402344,6.224033797051176,91,0.002777099609375,19255
82501,1138.8311817080248,5774509860079,7.20681166698239,273940,1.0449981689453125,6.161813498037078,87,0.002655029296875,18856
82601,1141.2880566250533,5787743652004,7.199630501996622,270532,1.0319976806640625,6.1676328213325595,70,0.00213623046875,19440
82701,1143.7390097079333,5800967772068,7.194472714021756,269165,1.0267829895019531,6.167689724519803,73,0.002227783203125,19149
82801,1146.20070729102,5814214149456,7.210948376998806,271662,1.0363082885742188,6.174640088424587,99,0.003021240234375,19021
82901,1148.745013375068,5827447161445,7.206867883024467,270559,1.0321006774902344,6.174767205534232,64,0.001953125,19104
83001,1151.2667373330332,5840669333188,7.18208149982836,269205,1.0269355773925781,6.155145922435782,56,0.001708984375,19960
83101,1153.8043317499105,5853876924099,7.2354032049390575,271754,1.0366592407226562,6.198743964216401,80,0.00244140625,19192
83201,1156.328170124907,5867074997686,7.208291156511113,270603,1.0322685241699219,6.1760226323411915,62,0.00189208984375,19749
83301,1158.7656309579033,5880288793802,7.220605781863608,272512,1.03955078125,6.181055000613608,72,0.002197265625,19786
83401,1161.2562520410866,5893488098819,7.211297712992506,273169,1.0420570373535156,6.16924067563899,58,0.00177001953125,20554
83501,1163.7001282079145,5906673586139,7.221021821553327,269775,1.0291099548339844,6.191911866719343,54,0.00164794921875,19555
83601,1166.1843913749326,5919882089440,7.259248375495342,274437,1.0468940734863281,6.212354302009014,85,0.002593994140625,19373
83701,1168.692406249931,5933057166216,7.274456287834855,267300,1.0196685791015625,6.254787708733293,80,0.00244140625,18053
83801,1171.1130731659941,5946244661715,7.293988518529178,263688,1.005889892578125,6.288098625951053,96,0.0029296875,17422
83901,1173.5714372911025,5959447319631,7.291176812808688,266705,1.0173988342285156,6.273777978580172,98,0.00299072265625,18100
84001,1176.0476640409324,5972617131094,7.286487928757415,269070,1.0264205932617188,6.260067335495696,66,0.00201416015625,18768
84101,1178.4550897080917,5985757801144,7.320574731232717,275263,1.0500450134277344,6.270529717804982,61,0.001861572265625,18655
84201,1180.9052690831013,5998925064908,7.323569495289217,268782,1.0253219604492188,6.298247534839998,136,0.004150390625,18282
84301,1183.3230953749735,6012106413089,7.322219622310843,270055,1.0301780700683594,6.292041552242484,61,0.001861572265625,17883
84401,1185.7904324159026,6025281827170,7.321344395959273,269723,1.0289115905761719,6.292432805383101,74,0.00225830078125,17885
84501,1188.1733582499437,6038480681330,7.299574864561032,265631,1.0133018493652344,6.286273015195798,98,0.00299072265625,17620
84601,1190.5836412080098,6051696619072,7.28351402994282,269191,1.0268821716308594,6.256631858311961,98,0.00299072265625,18832
84701,1192.9560210409109,6064909105389,7.329368488732986,269624,1.028533935546875,6.300834553186111,72,0.002197265625,17084
84801,1195.3741051659454,6078109819232,7.315603019658804,270281,1.0310401916503906,6.284562828008413,81,0.002471923828125,17696
84901,1197.7271796250716,6091316012803,7.332651013512636,265274,1.0119400024414062,6.3207110110712295,73,0.002227783203125,16768
85001,1200.12299850001,6104519092626,7.346991427162576,264885,1.0104560852050781,6.3365353419574975,97,0.002960205078125,16208
85101,1202.531313457992,6117754035571,7.3057654837475035,262175,1.0001182556152344,6.305647228132269,79,0.002410888671875,16505
85201,1204.9781322500203,6130977333797,7.271415223072412,271088,1.03411865234375,6.237296570728662,72,0.002197265625,17217
85301,1207.3853560830466,6144169600119,7.280210187148064,268333,1.0236091613769531,6.25660102577111,55,0.001678466796875,17196
85401,1209.818338375073,6157386088576,7.256401623062628,266343,1.0160179138183594,6.240383709244268,96,0.0029296875,17002
85501,1212.2561462500598,6170601964160,7.249278912579538,267206,1.0193099975585938,6.229968915020944,78,0.00238037109375,16659
85601,1214.7256730829831,6183812543620,7.216519448017512,268818,1.0254592895507812,6.191060158466731,68,0.0020751953125,17742
85701,1217.1160929161124,6197020866510,7.244480202581853,262882,1.0028152465820312,6.241664955999822,92,0.0028076171875,17051
85801,1219.5792505000718,6210225250024,7.237067790461257,264810,1.0101699829101562,6.226897807551101,136,0.004150390625,17388
85901,1222.0018766249996,6223421488190,7.234504951817705,267479,1.0203514099121094,6.2141535419055955,72,0.002197265625,17239
86001,1224.4216778329574,6236637551996,7.213665949839362,265226,1.0117568969726562,6.201909052866705,79,0.002410888671875,17999
86101,1226.8786605000496,6249840426626,7.230048359288102,268573,1.0245246887207031,6.205523670567399,87,0.002655029296875,17763
86201,1229.2761508750264,6263049996895,7.282965370195279,265752,1.013763427734375,6.269201942460904,91,0.002777099609375,17603
86301,1231.7064442080446,6276277745468,7.261948320896041,263989,1.0070381164550781,6.254910204440963,95,0.002899169921875,18068
86401,1234.1363447080366,6289500089995,7.292853484560939,265521,1.0128822326660156,6.279971251894923,81,0.002471923828125,17423
86501,1236.5564797080588,6302702286763,7.340735842163557,269491,1.0280265808105469,6.31270926135301,75,0.002288818359375,16992
86601,1238.9852956249379,6315914007428,7.364378245273789,263730,1.0060501098632812,6.358328135410508,103,0.003143310546875,15950
86701,1241.3658592500724,6329116564124,7.383316460819625,269320,1.027374267578125,6.3559421932415,101,0.003082275390625,16073
86801,1243.7520595409442,6342306276393,7.387194106552673,270372,1.0313873291015625,6.355806777451111,121,0.003692626953125,16477
86901,1246.1903441250324,6355495916120,7.359294855758887,269156,1.0267486572265625,6.332546198532325,91,0.002777099609375,17420
87001,1248.636453333078,6368695855859,7.346139405085003,264233,1.0079689025878906,6.338170502497112,73,0.002227783203125,17442
87101,1251.0159493330866,6381918776875,7.355739915828596,265403,1.0124320983886719,6.343307817439924,84,0.0025634765625,16837
87201,1253.4546159161255,6395142699656,7.3694281810345,269916,1.0296478271484375,6.339780353886063,66,0.00201416015625,16366
87301,1255.8352957910392,6408325895938,7.372643500074002,266097,1.0150794982910156,6.357564001782986,111,0.003387451171875,16212
87401,1258.237133125076,6421515652838,7.382128518671739,269935,1.0297203063964844,6.352408212275255,83,0.002532958984375,16521
87501,1260.6289784580003,6434703606311,7.3675030112635955,267943,1.0221214294433594,6.345381581820236,87,0.002655029296875,16300
87601,1263.0691012081224,6447906949144,7.347932185020191,269509,1.0280952453613281,6.319836939658863,92,0.0028076171875,16523
87701,1265.4812064159196,6461113272389,7.352675918949492,270237,1.0308723449707031,6.321803573978789,75,0.002288818359375,16600
87801,1267.8586787080858,6474338512232,7.346763764649523,269633,1.0285682678222656,6.318195496827258,99,0.003021240234375,16715
87901,1270.2773742079735,6487552196563,7.345607355462388,270525,1.0319709777832031,6.313636377679185,112,0.00341796875,15902
88001,1272.6278750409838,6500775971048,7.344152897279922,266598,1.0169906616210938,6.327162235658828,73,0.002227783203125,15881
88101,1275.0982475411147,6513999377147,7.34591080470514,268843,1.0255546569824219,6.320356147722718,71,0.002166748046875,15669
88201,1277.4967167079449,6527235797667,7.333893832129234,266784,1.0177001953125,6.316193636816734,74,0.00225830078125,15874
88301,1279.903709749924,6540450314028,7.347328920249381,266612,1.0170440673828125,6.330284852866568,106,0.00323486328125,15621
88401,1282.2759803330991,6553650835271,7.355878535244196,267659,1.0210380554199219,6.334840479824274,99,0.003021240234375,15560
88501,1284.6682973750867,6566856149336,7.361658306958818,271015,1.0338401794433594,6.327818127515458,65,0.001983642578125,15450
88601,1287.0342052909546,6580059892212,7.368431356730314,265831,1.0140647888183594,6.3543665679119545,105,0.003204345703125,15796
88701,1289.4225944580976,6593287175878,7.405902230050202,270727,1.0327415466308594,6.373160683419343,97,0.002960205078125,15119
88801,1291.755459374981,6606499952619,7.391423471353886,271536,1.03582763671875,6.355595834635136,65,0.001983642578125,15842
88901,1294.0947828749195,6619732167609,7.385928198730796,269653,1.0286445617675781,6.357283636963218,90,0.00274658203125,16171
89001,1296.446240707999,6632973002821,7.37187055907694,270605,1.0322761535644531,6.339594405512487,79,0.002410888671875,16280
89101,1298.8167304580566,6646199095958,7.392812937662367,265875,1.0142326354980469,6.37858030216432,78,0.00238037109375,15884
89201,1301.183665458113,6659396468642,7.3901422910537455,267173,1.0191841125488281,6.370958178504917,81,0.002471923828125,16112
89301,1303.5526214579586,6672639206038,7.37984321363003,264016,1.00714111328125,6.37270210034878,111,0.003387451171875,15939
89401,1305.945696040988,6685846240886,7.369700693309293,263166,1.0038986206054688,6.365802072703824,96,0.0029296875,16301
89501,1308.28009108291,6699064963968,7.356315255195598,264249,1.0080299377441406,6.348285317451458,77,0.002349853515625,16199
89601,1310.616614208091,6712308689354,7.370835997715325,269444,1.0278472900390625,6.3429887076762625,87,0.002655029296875,15115
89701,1312.9399987501092,6725516483178,7.338771735502975,270325,1.0312080383300781,6.307563697172897,90,0.00274658203125,16315
89801,1315.287975500105,6738688486722,7.327651475172554,268019,1.0224113464355469,6.305240128737007,91,0.002777099609375,16682
89901,1317.6448657501023,6751903003259,7.3342170680961045,267019,1.0185966491699219,6.315620418926183,77,0.002349853515625,16039
90001,1320.0038674580865,6765081453207,7.324900239943605,271507,1.0357170104980469,6.289183229445558,62,0.00189208984375,16195
90101,1322.332598540932,6778225230788,7.308652118939444,265450,1.0126113891601562,6.296040729779288,87,0.002655029296875,16426
90201,1324.6873162079137,6791380050489,7.309802654818185,265591,1.0131492614746094,6.2966533933435755,109,0.003326416015625,16489
90301,1327.0268113750499,6804561495064,7.321273996397528,262372,1.0008697509765625,6.320404245420965,82,0.00250244140625,16246
90401,1329.383604957955,6817752431470,7.324124160342624,260251,0.9927787780761719,6.331345382266452,126,0.00384521484375,16221
90501,1331.748262665933,6830956848199,7.368777673990746,261957,0.9992866516113281,6.3694910223794174,91,0.002777099609375,15035
90601,1334.0470944999252,6844188549532,7.353364252759633,266410,1.0162734985351562,6.3370907542244765,78,0.00238037109375,15020
90701,1336.4068034579977,6857379594544,7.326475791531349,271134,1.0342941284179688,6.2921816631133805,113,0.003448486328125,15546
90801,1338.7137255829293,6870554045999,7.339891738787796,267590,1.0207748413085938,6.319116897479202,107,0.003265380859375,15773
90901,1341.0411374159157,6883753255801,7.373911475385668,264154,1.0076675415039062,6.366243933881762,67,0.002044677734375,15371
91001,1343.397737415973,6896920718718,7.361728653316172,272379,1.0390434265136719,6.3226852268025,111,0.003387451171875,15624
91101,1345.7327965409495,6910075186838,7.36626331527825,268436,1.0240020751953125,6.342261240082937,84,0.0025634765625,14982
91201,1348.0308024999686,6923247586193,7.341638475280546,272740,1.0404205322265625,6.301217943053984,75,0.002288818359375,16325
91301,1350.3119788330514,6936388935563,7.361767951388596,273558,1.0435409545898438,6.318226996798752,94,0.00286865234375,15574
91401,1352.6023368330207,6949557816724,7.352925752070352,269308,1.0273284912109375,6.325597260859414,97,0.002960205078125,15198
91501,1354.9282335410826,6962740260494,7.34263095448242,271152,1.03436279296875,6.30826816151367,89,0.002716064453125,15579
91601,1357.2652934999205,6975909077101,7.3679989635556975,271242,1.0347061157226562,6.333292847833041,86,0.00262451171875,15733
91701,1359.5954951660242,6989087317706,7.392058944141447,269227,1.0270195007324219,6.365039443409025,109,0.003326416015625,14552
91801,1361.9160522499587,7002242038342,7.375885620397813,269255,1.0271263122558594,6.348759308141954,82,0.00250244140625,15237
91901,1364.275642249966,7015410405126,7.37218814146323,265739,1.0137138366699219,6.358474304793308,93,0.002838134765625,15103
92001,1366.5752825830132,7028581796185,7.383288400681278,272704,1.040283203125,6.343005197556278,72,0.002197265625,15233
92101,1368.8069905829616,7041736847639,7.419462476416813,272139,1.0381278991699219,6.381334577246891,76,0.0023193359375,13494
92201,1371.0717579999473,7054893102161,7.43341618579771,267950,1.0221481323242188,6.411268053473491,104,0.003173828125,14188
92301,1373.3276980831288,7068092432381,7.437000547522835,270078,1.0302658081054688,6.406734739417367,77,0.002349853515625,14738
92401,1375.611628958024,7081296378571,7.429941159394491,271657,1.0362892150878906,6.3936519443066,69,0.002105712890625,14720
92501,1377.9109918749891,7094483163187,7.429450712338715,271911,1.0372581481933594,6.392192564145356,80,0.00244140625,15226
92601,1380.1824207911268,7107676723629,7.431460284092052,264474,1.0088882446289062,6.422572039463145,109,0.003326416015625,14538
92701,1382.4565504579805,7120889908900,7.438973785127568,264287,1.0081748962402344,6.430798888887334,93,0.002838134765625,14670
92801,1384.730929540936,7134090914405,7.457226183414285,269182,1.0268478393554688,6.430378344058816,66,0.00201416015625,14650
92901,1387.0185409579426,7147272307479,7.452310159966609,268666,1.0248794555664062,6.427430704400202,68,0.0020751953125,15222
93001,1389.3278463750612,7160459566904,7.429888591466966,265741,1.0137214660644531,6.416167125402513,95,0.002899169921875,16074
93101,1391.6355729999486,7173676583540,7.43180365124682,267139,1.0190544128417969,6.4127492384050235,135,0.004119873046875,16439
93201,1393.9472069579642,7186896722217,7.439150890956315,269024,1.0262451171875,6.412905773768815,105,0.003204345703125,15910
93301,1396.3293952080421,7200123309335,7.452571009141892,265261,1.0118904113769531,6.440680597764939,79,0.002410888671875,15585
93401,1398.5955765410326,7213359688175,7.463388493733354,263642,1.0057144165039062,6.457674077229448,86,0.00262451171875,14662
93501,1400.8440920410212,7226597446570,7.473748145551938,260450,0.9935379028320312,6.480210242719907,71,0.002166748046875,14099
93601,1403.1267606660258,7239843360222,7.456629734609004,260525,0.9938240051269531,6.462805729482051,67,0.002044677734375,14638
93701,1405.4462794160936,7253087471312,7.45294675668097,263839,1.0064659118652344,6.446480844815736,113,0.003448486328125,14875
93801,1407.7112713330425,7266329483142,7.442304438401354,259822,0.9911422729492188,6.451162165452136,90,0.00274658203125,15365
93901,1410.0194966660347,7279580827266,7.4273669629704955,263581,1.0054817199707031,6.421885242999792,78,0.00238037109375,15662
94001,1412.3457317498978,7292823487634,7.439340981470755,263979,1.0069999694824219,6.432341011988333,103,0.003143310546875,14799
94101,1414.6369144159835,7306057989094,7.431229532780316,265037,1.0110359191894531,6.420193613590863,82,0.00250244140625,14515
94201,1416.9599519579206,7319306786902,7.438216710066562,268447,1.0240440368652344,6.414172673201327,99,0.003021240234375,15028
94301,1419.236924875062,7332564515500,7.4308843202730435,272085,1.0379219055175781,6.392962414755465,67,0.002044677734375,15844
94401,1421.5546184161212,7345801854884,7.407073846208034,270792,1.032989501953125,6.374084344254909,86,0.00262451171875,16245
94501,1423.9140902080107,7359035733933,7.3696787135301784,269348,1.0274810791015625,6.342197634428616,74,0.00225830078125,17036
94601,1426.2691678749397,7372255100603,7.418261471965669,266496,1.0166015625,6.401659909465669,56,0.001708984375,15881
94701,1428.675134500023,7385475649287,7.376893544449203,265609,1.0132179260253906,6.363675618423812,132,0.0040283203125,17388
94801,1431.0448984999675,7398675190574,7.389290667305992,267835,1.0217094421386719,6.36758122516732,82,0.00250244140625,17113
94901,1433.4060542499647,7411879066907,7.40385873931946,265955,1.0145378112792969,6.3893209280401635,69,0.002105712890625,16906
95001,1435.7917019999586,7425078103323,7.395326175018335,266477,1.0165290832519531,6.378797091766382,95,0.002899169921875,17129
95101,1438.2020871660206,7438280475705,7.3528549065330875,268101,1.0227241516113281,6.330130754921759,96,0.0029296875,18088
95201,1440.6389594159555,7451493941528,7.3516890198999905,268733,1.0251350402832031,6.326553979616787,94,0.00286865234375,18146
95301,1443.0684857501183,7464688967361,7.3405821656295345,266269,1.0157356262207031,6.324846539408831,65,0.001983642578125,18082
95401,1445.5090080411173,7477917317813,7.3476570746346015,266256,1.01568603515625,6.3319710394783515,104,0.003173828125,18157
95501,1447.970740958117,7491140153023,7.339933654403771,267990,1.0223007202148438,6.317632934188928,63,0.001922607421875,18367
95601,1450.4397632910404,7504373325260,7.363078204804253,266693,1.0173530578613281,6.345725146942925,80,0.00244140625,17711
95701,1452.8918483329471,7517603241613,7.343948307751203,272683,1.0402030944824219,6.3037452132687815,89,0.002716064453125,18669
95801,1455.3935011660215,7530833781491,7.376790415209325,269253,1.0271186828613281,6.349671732347997,114,0.00347900390625,18005
95901,1457.810681583127,7544072041106,7.349784052463024,271598,1.0360641479492188,6.313719904513805,81,0.002471923828125,19187
96001,1460.283600457944,7557275738946,7.358981411761573,270092,1.0303192138671875,6.328662197894386,92,0.0028076171875,19316
96101,1462.7270747500006,7570479147619,7.335411534941801,269420,1.0277557373046875,6.307655797637113,78,0.00238037109375,20174
96201,1465.211944583105,7583672796683,7.33458372092669,267640,1.020965576171875,6.313618144754815,99,0.003021240234375,20223
96301,1467.6715822909027,7596869706742,7.318237696671251,270031,1.0300865173339844,6.288151179337267,70,0.00213623046875,20663
96401,1470.1371989580803,7610021408665,7.267988681744985,274959,1.0488853454589844,6.219103336286,66,0.00201416015625,22433
96501,1472.7324546659365,7623188188084,7.2610815456570466,273430,1.0430526733398438,6.218028872317203,87,0.002655029296875,21946
96601,1475.2489433330484,7636341882879,7.2577674606702764,272695,1.0402488708496094,6.217518589820667,64,0.001953125,21472
96701,1477.851995458128,7649509919131,7.279945499806463,273394,1.0429153442382812,6.237030155568182,141,0.004302978515625,20581
96801,1480.323386624921,7662683678447,7.289077505718413,269385,1.0276222229003906,6.261455282818022,61,0.001861572265625,20209
96901,1482.8287314579356,7675852152452,7.313909550495859,268218,1.0231704711914062,6.290739079304453,79,0.002410888671875,19730
97001,1485.3278683330864,7689020623351,7.29682034394223,266669,1.0172615051269531,6.2795588388152765,85,0.002593994140625,20394
97101,1487.8198000409175,7702168944266,7.287354354790368,271334,1.0350570678710938,6.2522972869192746,54,0.00164794921875,20351
97201,1490.3207697910257,7715309135208,7.266802220763476,270860,1.0332489013671875,6.233553319396289,52,0.0015869140625,20784
97301,1492.8227340409067,7728424536431,7.2803519734556765,270255,1.0309410095214844,6.249410963934192,68,0.0020751953125,20258
97401,1495.3635739160236,7741556653975,7.288430720699495,268653,1.0248298645019531,6.263600856197542,57,0.001739501953125,19885
97501,1497.8337498749606,7754714364298,7.283423513131923,270794,1.0329971313476562,6.2504263817842665,73,0.002227783203125,21194
97601,1500.3257494159043,7767868800943,7.295079330858319,274481,1.0470619201660156,6.248017410692303,72,0.002197265625,21037
97701,1502.8390360830817,7781021293115,7.293704336608076,269690,1.0287857055664062,6.264918631041669,71,0.002166748046875,20518
97801,1505.375942332903,7794182323743,7.309227802064015,268843,1.0255546569824219,6.283673145081593,84,0.0025634765625,20044
97901,1507.8925369160715,7807330553398,7.315565560679283,274485,1.0470771789550781,6.268488381724205,80,0.00244140625,20166
98001,1510.3978624159936,7820470485908,7.301825961346796,268302,1.0234909057617188,6.278335055585077,47,0.001434326171875,19944
98101,1512.9409080410842,7833582929272,7.303696198078285,273522,1.0434036254882812,6.260292572590004,54,0.00164794921875,20912
98201,1515.4826467500534,7846736799736,7.291728935787042,271861,1.0370674133300781,6.2546615224569635,91,0.002777099609375,21263
98301,1517.99456870812,7859876002045,7.277321016099845,270159,1.0305747985839844,6.24674621751586,106,0.00323486328125,21174
98401,1520.471786875045,7873060523841,7.266692833634297,273204,1.0421905517578125,6.224502281876484,92,0.0028076171875,21165
98501,1523.0178559580818,7886234267254,7.249413679326223,273953,1.0450477600097656,6.204365919316458,56,0.001708984375,21309
98601,1525.5494177499786,7899415811859,7.239738129953805,271084,1.0341033935546875,6.205634736399118,74,0.00225830078125,21059
98701,1528.036821332993,7912563609371,7.240973992913233,272313,1.0387916564941406,6.202182336419092,79,0.002410888671875,20614
98801,1530.569241499994,7925705562746,7.246056035671926,273466,1.0431900024414062,6.20286603323052,54,0.00164794921875,20222
98901,1533.0379275409505,7938819243581,7.248594353984256,272214,1.0384140014648438,6.210180352519412,110,0.00335693359375,19829
99001,1535.5787469579373,7951935389858,7.299703715873203,270037,1.0301094055175781,6.269594310355625,74,0.00225830078125,19161
99101,1538.0236708330922,7965073340524,7.294358099427691,269021,1.0262336730957031,6.268124426331988,83,0.002532958984375,19508
99201,1540.538007416064,7978202023944,7.299846928576531,274344,1.046539306640625,6.253307621935906,77,0.002349853515625,19748
99301,1542.9940030409489,7991378269753,7.308813224110149,269105,1.0265541076660156,6.282259116444133,79,0.002410888671875,18442
99401,1545.4707308749203,8004587723607,7.302393783751459,268861,1.0256233215332031,6.276770462218256,84,0.0025634765625,18658
99501,1547.9986493750475,8017766525418,7.294640569990395,273831,1.0445823669433594,6.250058203047035,91,0.002777099609375,20152
99601,1550.4423949581105,8030921361835,7.309401939165589,268772,1.0252838134765625,6.284118125689027,63,0.001922607421875,19099
99701,1552.9281862499192,8044068066092,7.305877829511528,271800,1.036834716796875,6.269043112714653,65,0.001983642578125,20129
99801,1555.4472215410788,8057212684115,7.29149318603654,265261,1.0118904113769531,6.279602774659587,76,0.0023193359375,20508
99901,1557.8800332080573,8070342518932,7.297503764147287,270278,1.0310287475585938,6.266475016588693,58,0.00177001953125,20470
100000,1560.2922627080698,8083377206089,7.324851977507984,265470,1.0126876831054688,6.312164294402515,51,0.001556396484375,19115
