epoch,elapsed_seconds,character_reads,byte_entropy,brotli_size,compressed_bpb,high_order_entropy,dominant_tape_count,dominant_tape_fraction,distinct_tapes
1,1.9120093751698732,10123069,7.9998933515561905,2097223,8.00027084350586,-0.00037749194966885113,1,3.0517578125e-05,32768
101,2.198599166003987,946370509,7.9989890929932335,2065497,7.879245758056641,0.11974333493659284,1,3.0517578125e-05,32768
201,2.4821570001076907,1863951761,7.996971551955637,2041197,7.786548614501953,0.2104229374536839,3,9.1552734375e-05,32766
301,2.7812117082066834,2769264955,7.993629194742212,2021323,7.710735321044922,0.28289387369729013,2,6.103515625e-05,32767
401,3.0639102910645306,3675473730,7.989172289068379,2007713,7.658817291259766,0.3303549978086133,2,6.103515625e-05,32765
501,3.3437221250496805,4574811217,7.982021953535283,1997880,7.621307373046875,0.3607145804884082,3,9.1552734375e-05,32764
601,3.625793958082795,5470373010,7.9740413345517025,1990317,7.592456817626953,0.3815845169247494,2,6.103515625e-05,32766
701,3.9092454160563648,6374343284,7.9643848505766055,1985627,7.574565887451172,0.3898189631254336,3,9.1552734375e-05,32763
801,4.204077666159719,7292803837,7.952587238593134,1982407,7.562282562255859,0.3903046763372746,2,6.103515625e-05,32762
901,4.4885552080813795,8192435831,7.942263721848948,1981032,7.557037353515625,0.38522636833332324,3,9.1552734375e-05,32762
1001,4.773313333047554,9091112933,7.931862657238431,1981050,7.557106018066406,0.3747566391720252,2,6.103515625e-05,32766
1101,5.0604450001847,9988032964,7.921668743103802,1981689,7.559543609619141,0.36212513348466135,2,6.103515625e-05,32767
1201,5.347381625091657,10885150958,7.910414008400567,1981537,7.558963775634766,0.3514502327658011,2,6.103515625e-05,32767
1301,5.636164291063324,11787675109,7.897875708416683,1980929,7.556644439697266,0.341231268719417,1,3.0517578125e-05,32768
1401,5.9248195411637425,12691475829,7.883273132505132,1980944,7.55670166015625,0.3265714723488822,2,6.103515625e-05,32767
1501,6.216934916097671,13600123013,7.869750634664816,1977904,7.54510498046875,0.3246456541960656,2,6.103515625e-05,32765
1601,6.508266375167295,14513575923,7.855241782238005,1975749,7.536884307861328,0.3183574743766773,2,6.103515625e-05,32767
1701,6.8029734580777586,15422447577,7.840615118867016,1976019,7.537914276123047,0.30270084274396947,3,9.1552734375e-05,32763
1801,7.1011390830390155,16342906043,7.827744997541752,1974086,7.530540466308594,0.2972045312331586,2,6.103515625e-05,32766
1901,7.4019583750050515,17278560619,7.816966742841582,1973891,7.529796600341797,0.287170142499785,2,6.103515625e-05,32767
2001,7.707230375148356,18220703539,7.805528791745331,1972832,7.5257568359375,0.2797719558078313,1,3.0517578125e-05,32768
2101,8.011132791172713,19162028342,7.794611078665054,1974584,7.532440185546875,0.26217089311817876,2,6.103515625e-05,32765
2201,8.313082416076213,20112753304,7.783439011553239,1974456,7.531951904296875,0.2514871072563638,2,6.103515625e-05,32766
2301,8.619213166180998,21086057253,7.7719757869257045,1974180,7.5308990478515625,0.24107673907414195,1,3.0517578125e-05,32768
2401,8.929613457992673,22086149527,7.761274340728447,1971869,7.522083282470703,0.23919105825774345,2,6.103515625e-05,32763
2501,9.24653770821169,23086138381,7.752848185311563,1972003,7.522594451904297,0.23025373340726585,1,3.0517578125e-05,32768
2601,9.56074483320117,24092647416,7.742240125163875,1972861,7.525867462158203,0.21637266300567148,2,6.103515625e-05,32767
2701,9.883009041193873,25107848662,7.734363783237434,1971212,7.5195770263671875,0.21478675687024662,1,3.0517578125e-05,32768
2801,10.206810957984999,26134499182,7.722886744705591,1970386,7.516426086425781,0.20646065827981008,1,3.0517578125e-05,32768
2901,10.529178500175476,27175204079,7.7107589692648055,1969963,7.514812469482422,0.19594649978238365,1,3.0517578125e-05,32768
3001,10.868329416029155,28215401985,7.702560415891741,1969688,7.513763427734375,0.18879698815736567,1,3.0517578125e-05,32768
3101,11.19666637503542,29268148410,7.700870532722304,1973640,7.528839111328125,0.1720314213941787,2,6.103515625e-05,32767
3201,11.528316416079178,30334537838,7.692815793850565,1973789,7.529407501220703,0.16340829262986212,2,6.103515625e-05,32767
3301,11.885321083012968,31416237717,7.681328413602637,1972185,7.523288726806641,0.15803968679599656,1,3.0517578125e-05,32768
3401,12.223598458105698,32510010516,7.674266405185007,1970940,7.5185394287109375,0.1557269764740692,2,6.103515625e-05,32767
3501,12.560633125016466,33618186171,7.671249962480937,1970569,7.517124176025391,0.15412578645554653,1,3.0517578125e-05,32768
3601,12.901551375165582,34733573974,7.670527143501147,1973564,7.5285491943359375,0.14197794916520934,2,6.103515625e-05,32767
3701,13.242944291094318,35847708119,7.662992264153206,1973087,7.526729583740234,0.13626268041297163,1,3.0517578125e-05,32768
3801,13.583224333124235,36972802326,7.660173545828918,1974422,7.531822204589844,0.12835134123907466,1,3.0517578125e-05,32768
3901,13.922929833177477,38102151515,7.653607809731277,1974191,7.530941009521484,0.12266680020979237,1,3.0517578125e-05,32768
4001,14.269448791164905,39240321615,7.649592968443592,1974101,7.530597686767578,0.11899528167601403,1,3.0517578125e-05,32768
4101,14.609883875120431,40369611219,7.645718009040212,1974284,7.5312957763671875,0.1144222326730242,1,3.0517578125e-05,32768
4201,14.950632916064933,41505781705,7.6406155648332215,1973805,7.529468536376953,0.11114702845626834,1,3.0517578125e-05,32768
4301,15.295721166068688,42633588171,7.638823170048662,1975291,7.535137176513672,0.10368599353498986,1,3.0517578125e-05,32768
4401,15.639226041035727,43770535949,7.633409616553932,1975047,7.534206390380859,0.09920322617307242,1,3.0517578125e-05,32768
4501,15.98146262508817,44898788521,7.633371710990859,1974986,7.533973693847656,0.09939801714320318,1,3.0517578125e-05,32768
4601,16.328370083123446,46037096686,7.629699724192898,1973585,7.528629302978516,0.10107042121438248,1,3.0517578125e-05,32768
4701,16.674790791003034,47176158885,7.621242339752856,1972377,7.524021148681641,0.09722119107121507,1,3.0517578125e-05,32768
4801,17.02307591610588,48315549875,7.615241189737228,1971249,7.519718170166016,0.09552301957121223,1,3.0517578125e-05,32768
4901,17.36797829112038,49446659629,7.605861000141179,1970809,7.518039703369141,0.08782129677203798,1,3.0517578125e-05,32768
5001,17.711008958052844,50565230543,7.600843339109682,1969862,7.514427185058594,0.08641615405108816,1,3.0517578125e-05,32768
5101,18.056450583040714,51677723056,7.595258510105901,1967279,7.504573822021484,0.09068468808441654,2,6.103515625e-05,32767
5201,18.394633791176602,52769114110,7.591556538835428,1967709,7.506214141845703,0.08534239698972446,1,3.0517578125e-05,32768
5301,18.731336958007887,53845208117,7.591533456472781,1968321,7.508548736572266,0.08298471990051581,1,3.0517578125e-05,32768
5401,19.07473420817405,54930849669,7.5868869326310495,1966629,7.502094268798828,0.0847926638322214,1,3.0517578125e-05,32768
5501,19.417794708162546,56026849835,7.583450650801065,1962827,7.487590789794922,0.09585986100614274,1,3.0517578125e-05,32768
5601,19.757483541034162,57113634765,7.583612164079115,1960980,7.4805450439453125,0.1030671201338027,1,3.0517578125e-05,32768
5701,20.105228291125968,58202788641,7.5772464781598226,1958972,7.4728851318359375,0.10436134632388505,1,3.0517578125e-05,32768
5801,20.44532279111445,59303073791,7.57585730089692,1958992,7.47296142578125,0.10289587511566989,1,3.0517578125e-05,32768
5901,20.784841791028157,60406853847,7.570268185826464,1959354,7.474342346191406,0.09592583963505774,1,3.0517578125e-05,32768
6001,21.131821791175753,61503639211,7.56989224716298,1960311,7.477993011474609,0.09189923568837077,1,3.0517578125e-05,32768
6101,21.470996416173875,62599220662,7.566840092274365,1959266,7.474006652832031,0.0928334394423338,1,3.0517578125e-05,32768
6201,21.84002162516117,63719765881,7.5695093444823005,1959270,7.474021911621094,0.09548743286120676,1,3.0517578125e-05,32768
6301,22.187916500028223,64848828902,7.5656279806851074,1957866,7.468666076660156,0.0969619040249512,1,3.0517578125e-05,32768
6401,22.532308833207935,65978537374,7.564977491390463,1957803,7.468425750732422,0.0965517406580414,1,3.0517578125e-05,32768
6501,22.87999558309093,67108931967,7.555681681241124,1955639,7.460170745849609,0.09551093539151445,1,3.0517578125e-05,32768
6601,23.23547783307731,68242422926,7.552910454388095,1956118,7.461997985839844,0.09091246854825119,1,3.0517578125e-05,32768
6701,23.580835291184485,69372416390,7.551315702299248,1955119,7.458187103271484,0.09312859902776349,2,6.103515625e-05,32767
6801,23.92472408316098,70488398935,7.549091645191999,1955269,7.458759307861328,0.09033233733067103,1,3.0517578125e-05,32768
6901,24.273398166056722,71609396569,7.546682690290871,1954487,7.455776214599609,0.09090647569126187,1,3.0517578125e-05,32768
7001,24.615955375134945,72716862179,7.547506617802911,1953605,7.452411651611328,0.0950949661915832,1,3.0517578125e-05,32768
7101,24.95783279114403,73825150985,7.54405639163408,1951176,7.443145751953125,0.10091063968095515,1,3.0517578125e-05,32768
7201,25.303570999996737,74927972028,7.539772552861484,1949136,7.43536376953125,0.10440878333023385,1,3.0517578125e-05,32768
7301,25.64603125001304,76019558762,7.53533661404342,1948088,7.431365966796875,0.1039706472465447,1,3.0517578125e-05,32768
7401,25.990495458012447,77124640523,7.532444587402537,1945138,7.420112609863281,0.11233197753925594,2,6.103515625e-05,32767
7501,26.336865958059207,78238141078,7.5312400938803785,1944130,7.416267395019531,0.11497269886084727,1,3.0517578125e-05,32768
7601,26.67932662507519,79353123495,7.528890590975786,1943967,7.415645599365234,0.11324499161055179,1,3.0517578125e-05,32768
7701,27.025438625132665,80469273401,7.525380873716912,1943041,7.412113189697266,0.11326768401964671,1,3.0517578125e-05,32768
7801,27.366607833188027,81579237672,7.527613703704825,1945250,7.420539855957031,0.1070738477477935,1,3.0517578125e-05,32768
7901,27.709158583078533,82684376918,7.527973773098609,1945508,7.4215240478515625,0.10644972524704688,2,6.103515625e-05,32767
8001,28.054743708111346,83792648475,7.524321587968454,1943871,7.415279388427734,0.10904219954071959,2,6.103515625e-05,32767
8101,28.398800791008398,84901141935,7.527195447117307,1945225,7.420444488525391,0.10675095859191597,1,3.0517578125e-05,32768
8201,28.74095862498507,86011324456,7.519748657038955,1944625,7.418155670166016,0.10159298687293905,1,3.0517578125e-05,32768
8301,29.087094041053206,87131200042,7.522238959128364,1944601,7.418064117431641,0.10417484169672342,1,3.0517578125e-05,32768
8401,29.438600541092455,88266036496,7.521915270124971,1944521,7.417758941650391,0.10415632847458056,1,3.0517578125e-05,32768
8501,29.78702954109758,89408789335,7.524578457226293,1943517,7.413928985595703,0.11064947163059013,1,3.0517578125e-05,32768
8601,30.13685366604477,90549584130,7.525157918590169,1942742,7.410972595214844,0.11418532337532561,1,3.0517578125e-05,32768
8701,30.484218875179067,91692107628,7.523563306654168,1941104,7.40472412109375,0.11883918556041806,1,3.0517578125e-05,32768
8801,30.83393520815298,92840484095,7.523225404627921,1941166,7.404960632324219,0.11826477230370269,2,6.103515625e-05,32767
8901,31.186384291155264,94001300285,7.523727375640224,1941800,7.407379150390625,0.11634822524959887,1,3.0517578125e-05,32768
9001,31.535839583026245,95166256559,7.517773281487269,1940189,7.401233673095703,0.11653960839156596,1,3.0517578125e-05,32768
9101,31.883342791115865,96323399146,7.510628989729435,1937397,7.390583038330078,0.12004595139935681,2,6.103515625e-05,32767
9201,32.23257845803164,97464638770,7.510559143514275,1937832,7.392242431640625,0.1183167118736499,1,3.0517578125e-05,32768
9301,32.58638554112986,98586830448,7.5145391606218945,1937697,7.391727447509766,0.1228117131121289,2,6.103515625e-05,32767
9401,32.934051000047475,99695086354,7.5140605076457945,1939375,7.398128509521484,0.1159319981243101,1,3.0517578125e-05,32768
9501,33.279963582986966,100805814827,7.51351339800935,1938971,7.396587371826172,0.11692602618317771,1,3.0517578125e-05,32768
9601,33.623653416056186,101915534809,7.515935582551004,1939129,7.397190093994141,0.11874548855686307,1,3.0517578125e-05,32768
9701,33.96362004103139,103024582447,7.514279450712689,1938979,7.396617889404297,0.11766156130839178,1,3.0517578125e-05,32768
9801,34.30743495817296,104139690678,7.522288871214917,1941508,7.4062652587890625,0.11602361242585424,2,6.103515625e-05,32767
9901,34.65232366602868,105261608858,7.522015316945604,1941054,7.404533386230469,0.11748193071513491,1,3.0517578125e-05,32768
10001,34.99896925012581,106391458211,7.5220429204569665,1940922,7.404029846191406,0.11801307426556029,2,6.103515625e-05,32767
10101,35.34510341612622,107507340665,7.520696969104532,1940491,7.402385711669922,0.1183112574346099,2,6.103515625e-05,32767
10201,35.6937134580221,108613176902,7.518377289676304,1940076,7.4008026123046875,0.11757467737161686,1,3.0517578125e-05,32768
10301,36.03293891600333,109712583413,7.522831077623099,1939687,7.399318695068359,0.12351238255473973,1,3.0517578125e-05,32768
10401,36.372608500067145,110799493082,7.522115979826367,1938587,7.395122528076172,0.12699345175019516,1,3.0517578125e-05,32768
10501,36.70836408319883,111873734795,7.524109909091985,1939425,7.398319244384766,0.12579066470721934,1,3.0517578125e-05,32768
10601,37.0415178751573,112935903708,7.525308790038146,1938866,7.396186828613281,0.12912196142486465,1,3.0517578125e-05,32768
10701,37.37572150002234,114000293254,7.526731427103122,1938208,7.3936767578125,0.1330546692906216,2,6.103515625e-05,32767
10801,37.71285554114729,115068393130,7.525064624055971,1936678,7.387840270996094,0.13722435305987712,2,6.103515625e-05,32767
10901,38.050909041194245,116143770271,7.519886205386411,1935581,7.383655548095703,0.1362306572907075,1,3.0517578125e-05,32768
11001,38.38847095798701,117218226789,7.520223967461964,1936089,7.385593414306641,0.1346305531553238,1,3.0517578125e-05,32768
11101,38.72440725006163,118293162742,7.5207555938096275,1936058,7.385475158691406,0.1352804351182213,2,6.103515625e-05,32767
11201,39.06667216611095,119374577332,7.517797714355098,1935254,7.382408142089844,0.13538957226525383,1,3.0517578125e-05,32768
11301,39.40426945802756,120465383062,7.520173649980327,1935453,7.383167266845703,0.137006383134624,1,3.0517578125e-05,32768
11401,39.74749500001781,121563248491,7.514281889861998,1935232,7.38232421875,0.13195767111199785,1,3.0517578125e-05,32768
11501,40.0877058331389,122645769612,7.5111944955435135,1933682,7.376411437988281,0.13478305755523223,2,6.103515625e-05,32767
11601,40.42563512502238,123716946376,7.508433509589748,1935801,7.384494781494141,0.12393872809560769,1,3.0517578125e-05,32768
11701,40.7667123330757,124788132357,7.5031527540729925,1935075,7.381725311279297,0.12142744279369566,1,3.0517578125e-05,32768
11801,41.10594029119238,125855367546,7.499990229298046,1933892,7.3772125244140625,0.12277770488398332,1,3.0517578125e-05,32768
11901,41.44157150015235,126912666976,7.497777755344734,1935121,7.381900787353516,0.11587696799121794,1,3.0517578125e-05,32768
12001,41.80333420820534,127969883969,7.496763573908505,1933084,7.3741302490234375,0.12263332488506773,1,3.0517578125e-05,32768
12101,42.1460968751926,129025304063,7.4948437500118015,1933606,7.376121520996094,0.11872222901570773,1,3.0517578125e-05,32768
12201,42.4784290001262,130070805585,7.491264557073431,1932258,7.370979309082031,0.12028524799139984,1,3.0517578125e-05,32768
12301,42.81429837504402,131115123741,7.491110394124463,1932898,7.373420715332031,0.11768967879243153,1,3.0517578125e-05,32768
12401,43.146594332996756,132154990178,7.497100058782099,1932461,7.371753692626953,0.12534636615514572,1,3.0517578125e-05,32768
12501,43.479463750030845,133201391359,7.495039003525303,1931552,7.3682861328125,0.12675287071280295,1,3.0517578125e-05,32768
12601,43.81562679097988,134251589331,7.498583374712071,1931031,7.366298675537109,0.13228469917496177,1,3.0517578125e-05,32768
12701,44.152877333108336,135300858989,7.497048481715671,1930176,7.363037109375,0.1340113723406713,1,3.0517578125e-05,32768
12801,44.48869645805098,136349955107,7.502603858373041,1930042,7.362525939941406,0.14007791843163453,2,6.103515625e-05,32767
12901,44.82683983305469,137414131629,7.501047189789284,1929711,7.361263275146484,0.13978391464279927,2,6.103515625e-05,32767
13001,45.17010874999687,138475014584,7.5070752389080795,1931960,7.369842529296875,0.13723270961120448,1,3.0517578125e-05,32768
13101,45.504613750148565,139538767771,7.50608619838207,1931357,7.367542266845703,0.13854393153636657,1,3.0517578125e-05,32768
13201,45.836289916187525,140587553707,7.506312297351354,1932512,7.3719482421875,0.13436405516385364,1,3.0517578125e-05,32768
13301,46.17303350009024,141632947136,7.509521752990793,1932428,7.3716278076171875,0.13789394537360522,1,3.0517578125e-05,32768
13401,46.50565075012855,142677830070,7.514674469574835,1932510,7.371940612792969,0.14273385678186656,1,3.0517578125e-05,32768
13501,46.83796583302319,143715261281,7.516480140018803,1932820,7.3731231689453125,0.14335697107349077,1,3.0517578125e-05,32768
13601,47.169131790986285,144744421202,7.518998110477778,1932039,7.370143890380859,0.1488542200969185,3,9.1552734375e-05,32766
13701,47.495764082996175,145770982596,7.520554750010571,1932541,7.372058868408203,0.1484958816023676,1,3.0517578125e-05,32768
13801,47.826953458134085,146799974942,7.520702696832362,1932850,7.373237609863281,0.14746508696908034,1,3.0517578125e-05,32768
13901,48.15872445818968,147831453607,7.515905400540478,1932764,7.3729095458984375,0.14299585464204068,1,3.0517578125e-05,32768
14001,48.486890541156754,148854045330,7.517783311715225,1932966,7.373680114746094,0.1441031969691311,1,3.0517578125e-05,32768
14101,48.81663979100995,149873247759,7.514066057321575,1931845,7.369403839111328,0.1446622182102466,1,3.0517578125e-05,32768
14201,49.1498757081572,150904593260,7.51602960002775,1933017,7.373874664306641,0.14215493572110915,2,6.103515625e-05,32767
14301,49.4819637502078,151941913443,7.514247136910977,1931292,7.3672943115234375,0.1469528253875394,1,3.0517578125e-05,32768
14401,49.81194620812312,152965094630,7.514505460850482,1931862,7.369468688964844,0.14503677188563824,1,3.0517578125e-05,32768
14501,50.14409245806746,153983221930,7.517292380662059,1932661,7.372516632080078,0.1447757485819805,1,3.0517578125e-05,32768
14601,50.47102841618471,155012335477,7.522966280476831,1934808,7.380706787109375,0.14225949336745636,2,6.103515625e-05,32767
14701,50.80241550016217,156052255947,7.526290636155281,1934197,7.378376007080078,0.1479146290752027,1,3.0517578125e-05,32768
14801,51.139383083209395,157091424760,7.530446576199433,1935641,7.383884429931641,0.14656214626779196,2,6.103515625e-05,32767
14901,51.4743856661953,158132703187,7.527051548288978,1935592,7.383697509765625,0.14335403852335293,1,3.0517578125e-05,32768
15001,51.82418820820749,159166835332,7.530788747328048,1937363,7.390453338623047,0.14033540870500083,2,6.103515625e-05,32767
15101,52.16003737505525,160211987090,7.532602753667284,1938050,7.393074035644531,0.13952871802275268,1,3.0517578125e-05,32768
15201,52.49126479099505,161271749925,7.532508879509014,1938723,7.395641326904297,0.13686755260471717,1,3.0517578125e-05,32768
15301,52.82239283318631,162333594837,7.533035089395908,1938343,7.394191741943359,0.138843347452549,1,3.0517578125e-05,32768
15401,53.15561562520452,163387337625,7.536178612651837,1937923,7.392589569091797,0.14358904356004043,2,6.103515625e-05,32767
15501,53.48657575016841,164431582176,7.537223813125268,1938025,7.392978668212891,0.14424514491237694,1,3.0517578125e-05,32768
15601,53.81788066611625,165480062334,7.543254054963977,1939440,7.39837646484375,0.1448775901202266,1,3.0517578125e-05,32768
15701,54.15277775004506,166515846801,7.543880028452017,1937943,7.392665863037109,0.15121416541490795,1,3.0517578125e-05,32768
15801,54.484332208056,167547342959,7.539709056911488,1936982,7.388999938964844,0.15070911794664443,1,3.0517578125e-05,32768
15901,54.81430137506686,168578701301,7.536479879982339,1936090,7.385597229003906,0.15088265097843312,1,3.0517578125e-05,32768
16001,55.14346545818262,169593909880,7.537343361986722,1936792,7.388275146484375,0.14906821550234728,1,3.0517578125e-05,32768
16101,55.469899540999904,170609259729,7.5326594153032485,1937107,7.389476776123047,0.14318263918020158,1,3.0517578125e-05,32768
16201,55.797399915987626,171629600867,7.5329267455224915,1936920,7.388763427734375,0.14416331778811653,1,3.0517578125e-05,32768
16301,56.129668625071645,172649628705,7.530683178120825,1937227,7.389934539794922,0.14074863832590356,1,3.0517578125e-05,32768
16401,56.45580416615121,173672652106,7.530212187137438,1936916,7.3887481689453125,0.14146401819212517,1,3.0517578125e-05,32768
16501,56.785036833025515,174694626919,7.521740147269953,1932788,7.3730010986328125,0.1487390486371405,1,3.0517578125e-05,32768
16601,57.11706733307801,175717091143,7.51601892932084,1932872,7.373321533203125,0.1426973961177147,2,6.103515625e-05,32767
16701,57.44228412513621,176727298236,7.506597418039489,1929211,7.359355926513672,0.14724149152581756,1,3.0517578125e-05,32768
16801,57.77161212498322,177734629853,7.5055881664050474,1930042,7.362525939941406,0.1430622264636412,2,6.103515625e-05,32766
16901,58.10200787498616,178753746158,7.507906295472459,1933197,7.374561309814453,0.133344985658006,2,6.103515625e-05,32767
17001,58.42853224999271,179780830328,7.504787028522127,1932647,7.372463226318359,0.13232380220376783,1,3.0517578125e-05,32768
17101,58.75668887514621,180816657219,7.504530481611511,1931964,7.3698577880859375,0.1346726935255731,1,3.0517578125e-05,32768
17201,59.09178541600704,181868394383,7.50411438262748,1931348,7.3675079345703125,0.13660644805716782,1,3.0517578125e-05,32768
17301,59.42543625016697,182923420621,7.507183395192779,1932686,7.372611999511719,0.13457139568106058,2,6.103515625e-05,32767
17401,59.75942341610789,183987628732,7.5088401811678365,1932713,7.372714996337891,0.13612518482994584,1,3.0517578125e-05,32768
17501,60.099812833126634,185065690928,7.507371794250831,1929482,7.360389709472656,0.1469820847781751,1,3.0517578125e-05,32768
17601,60.43995804106817,186143723654,7.5076163044907,1928778,7.357704162597656,0.14991214189304358,1,3.0517578125e-05,32768
17701,60.7814314160496,187227953020,7.512945573145046,1931316,7.3673858642578125,0.1455597088872338,1,3.0517578125e-05,32768
17801,61.12468337500468,188318768165,7.51932222194297,1932964,7.3736724853515625,0.14564973659140712,2,6.103515625e-05,32767
17901,61.46309733320959,189410850176,7.519399020918098,1933173,7.374469757080078,0.14492926383802018,1,3.0517578125e-05,32768
18001,61.802504166029394,190504762703,7.519926847318814,1932818,7.373115539550781,0.14681130776803286,1,3.0517578125e-05,32768
18101,62.14474558318034,191609007313,7.521194107892887,1934680,7.380218505859375,0.140975602033512,1,3.0517578125e-05,32768
18201,62.48654716601595,192714916052,7.522685949637692,1935644,7.3838958740234375,0.1387900756142546,2,6.103515625e-05,32767
18301,62.84724716609344,193805209858,7.519692782297447,1934893,7.381031036376953,0.13866174592049418,1,3.0517578125e-05,32768
18401,63.19474754109979,194906901301,7.514067804118101,1933261,7.374805450439453,0.1392623536786477,1,3.0517578125e-05,32768
18501,63.540727250045165,196020182820,7.510202717879924,1931677,7.368762969970703,0.14143974790922087,1,3.0517578125e-05,32768
18601,63.899112875107676,197137560770,7.504482082501994,1930813,7.365467071533203,0.13901501096879088,1,3.0517578125e-05,32768
18701,64.2440961250104,198250599487,7.50040604160073,1931606,7.368492126464844,0.13191391513588613,1,3.0517578125e-05,32768
18801,64.58494558301754,199351652105,7.502753974397974,1929484,7.3603973388671875,0.1423566355307866,2,6.103515625e-05,32767
18901,64.9276591250673,200452105133,7.499799196519215,1929698,7.361213684082031,0.1385855124371833,1,3.0517578125e-05,32768
19001,65.26931850006804,201547202769,7.49739450335232,1929974,7.362266540527344,0.13512796282497597,2,6.103515625e-05,32767
19101,65.6101375410799,202637949386,7.499140348202832,1931613,7.368518829345703,0.13062151885712847,1,3.0517578125e-05,32768
19201,65.9484910829924,203722133285,7.504878180915195,1933156,7.3744049072265625,0.13047327368863293,2,6.103515625e-05,32767
19301,66.28675883309916,204785461275,7.508782193274481,1934102,7.378013610839844,0.13076858243463718,1,3.0517578125e-05,32768
19401,66.62208116613328,205854986444,7.51145345910771,1936229,7.386127471923828,0.12532598718388144,1,3.0517578125e-05,32768
19501,66.96220175013877,206919359405,7.505667985901136,1934871,7.380947113037109,0.12472087286402633,1,3.0517578125e-05,32768
19601,67.30548520805314,207989801344,7.50102111735594,1934422,7.379234313964844,0.12178680339109604,1,3.0517578125e-05,32768
19701,67.64255970809609,209054319787,7.492778930610929,1931632,7.36859130859375,0.12418762201717914,1,3.0517578125e-05,32768
19801,67.99134883307852,210128577410,7.491289201145222,1930641,7.364810943603516,0.12647825754170672,1,3.0517578125e-05,32768
19901,68.32898200000636,211198341472,7.489930168701785,1931869,7.369495391845703,0.12043477685608206,1,3.0517578125e-05,32768
20001,68.66599925002083,212269523874,7.4865437685149345,1930322,7.363594055175781,0.12294971333915328,1,3.0517578125e-05,32768
20101,69.00395979103632,213337723520,7.4830575351730655,1928501,7.356647491455078,0.12641004371798736,1,3.0517578125e-05,32768
20201,69.3420735001564,214400572201,7.483565416591399,1927875,7.354259490966797,0.1293059256246023,1,3.0517578125e-05,32768
20301,69.67686895816587,215456405040,7.488797896389901,1931657,7.368686676025391,0.12011122036451027,1,3.0517578125e-05,32768
20401,70.01851916615851,216511238368,7.496820684730941,1934282,7.378700256347656,0.11812042838328463,1,3.0517578125e-05,32768
20501,70.35360150015913,217565372436,7.500475529339961,1935975,7.385158538818359,0.1153169905216016,1,3.0517578125e-05,32768
20601,70.68881850014441,218612946489,7.499882982761674,1934846,7.380851745605469,0.11903123715620545,1,3.0517578125e-05,32768
20701,71.0247743751388,219672216120,7.496872911586731,1933019,7.373882293701172,0.12299061788555932,2,6.103515625e-05,32767
20801,71.36025950009935,220715212572,7.498778149693216,1930173,7.363025665283203,0.13575248441001264,1,3.0517578125e-05,32768
20901,71.72100804117508,221756574172,7.502760201644286,1929196,7.3592987060546875,0.1434614955895981,1,3.0517578125e-05,32768
21001,72.05315670813434,222787413333,7.50174487896672,1928498,7.356636047363281,0.14510883160343901,1,3.0517578125e-05,32768
21101,72.38679008302279,223824788714,7.499375634716605,1928180,7.3554229736328125,0.14395266108379268,2,6.103515625e-05,32767
21201,72.72026370815001,224862147093,7.495968561082175,1926304,7.3482666015625,0.1477019595196749,2,6.103515625e-05,32766
21301,73.05482525005937,225901025746,7.49550957419678,1925943,7.346889495849609,0.14862007834717073,2,6.103515625e-05,32767
21401,73.39178854110651,226942834686,7.498022570265925,1926153,7.347690582275391,0.15033198799053427,2,6.103515625e-05,32767
21501,73.72631866601296,227989020729,7.500837335349772,1929359,7.359920501708984,0.14091683364078733,1,3.0517578125e-05,32768
21601,74.0622560409829,229035370824,7.5022900430066315,1929263,7.359554290771484,0.14273575223514712,2,6.103515625e-05,32767
21701,74.3969061251264,230077368647,7.508547076998457,1930746,7.365211486816406,0.14333559018205033,1,3.0517578125e-05,32768
21801,74.73086137510836,231120328751,7.507926843121251,1930670,7.364921569824219,0.1430052732970326,1,3.0517578125e-05,32768
21901,75.06618554098532,232161981296,7.509301966759678,1931238,7.367088317871094,0.14221364888858457,1,3.0517578125e-05,32768
22001,75.39993704110384,233207281328,7.510995796544895,1932501,7.371906280517578,0.13908951602731712,1,3.0517578125e-05,32768
22101,75.7293519161176,234249648104,7.507871742593628,1928975,7.358455657958984,0.14941608463464373,1,3.0517578125e-05,32768
22201,76.0624286250677,235294577059,7.508074397457001,1931194,7.366920471191406,0.14115392626559498,1,3.0517578125e-05,32768
22301,76.40309345815331,236342529246,7.503472328567403,1928780,7.3577117919921875,0.14576053657521548,1,3.0517578125e-05,32768
22401,76.73781579104252,237398176735,7.5100997646356085,1932368,7.37139892578125,0.13870083885435847,1,3.0517578125e-05,32768
22501,77.0713105830364,238455488665,7.5050305052487944,1931776,7.369140625,0.13588988024879445,1,3.0517578125e-05,32768
22601,77.40304504102096,239505359133,7.50193691944439,1928985,7.358493804931641,0.14344311451274905,1,3.0517578125e-05,32768
22701,77.73601366602816,240563933123,7.507617717135686,1932145,7.370548248291016,0.13706946884467008,1,3.0517578125e-05,32768
22801,78.07244212506339,241624295637,7.507579074386503,1933030,7.373924255371094,0.1336548190154092,1,3.0517578125e-05,32768
22901,78.40839029103518,242689845743,7.507589335742244,1931741,7.369007110595703,0.13858222514654095,1,3.0517578125e-05,32768
23001,78.74219408305362,243748876855,7.504382362440688,1930921,7.365879058837891,0.13850330360279717,1,3.0517578125e-05,32768
23101,79.07911958312616,244803884515,7.505207176741703,1932225,7.370853424072266,0.13435375266943694,1,3.0517578125e-05,32768
23201,79.41321137500927,245851263584,7.502994267297841,1931768,7.369110107421875,0.1338841598759659,2,6.103515625e-05,32767
23301,79.74995620804839,246885499080,7.5044410921994515,1933230,7.374687194824219,0.1297538973752328,1,3.0517578125e-05,32768
23401,80.08342749997973,247915759098,7.509835138474546,1931796,7.3692169189453125,0.1406182195292338,2,6.103515625e-05,32767
23501,80.41527154110372,248945034829,7.5126727234186355,1932592,7.37225341796875,0.14041930544988546,1,3.0517578125e-05,32768
23601,80.7428455830086,249967689601,7.507022342037153,1931580,7.3683929443359375,0.13862939770121585,1,3.0517578125e-05,32768
23701,81.0782695831731,250986979717,7.507010742077648,1932780,7.3729705810546875,0.1340401610229609,1,3.0517578125e-05,32768
23801,81.41312491614372,252008475111,7.50411365118049,1931936,7.3697509765625,0.13436267461799023,1,3.0517578125e-05,32768
23901,81.76563775003888,253031794814,7.500465428444288,1931369,7.367588043212891,0.13287738523139758,1,3.0517578125e-05,32768
24001,82.09711904102005,254053735209,7.501479416463493,1931774,7.369132995605469,0.13234642085802406,2,6.103515625e-05,32767
24101,82.42487012501806,255072324795,7.49755089249907,1931869,7.369495391845703,0.12805550065336657,2,6.103515625e-05,32767
24201,82.76136804115959,256096230189,7.4987944068841905,1932804,7.3730621337890625,0.12573227309512802,2,6.103515625e-05,32767
24301,83.09379691607319,257124748840,7.498799418144405,1932725,7.372760772705078,0.1260386454393272,1,3.0517578125e-05,32768
24401,83.42522295820527,258157615934,7.502642738012186,1934665,7.380161285400391,0.12248145261179566,2,6.103515625e-05,32767
24501,83.75596891599707,259185190769,7.504440745874275,1934098,7.377998352050781,0.12644239382349376,1,3.0517578125e-05,32768
24601,84.08915087510832,260217366974,7.504849326446367,1933593,7.376071929931641,0.1287773965147263,1,3.0517578125e-05,32768
24701,84.41720262519084,261241080129,7.504096937130079,1933924,7.3773345947265625,0.12676234240351647,1,3.0517578125e-05,32768
24801,84.74802704108879,262258863478,7.500308807236067,1931864,7.369476318359375,0.13083248887669185,1,3.0517578125e-05,32768
24901,85.07442208309658,263269621627,7.501150170746643,1933583,7.376033782958984,0.1251163877876582,1,3.0517578125e-05,32768
25001,85.4155875411816,264280863246,7.502944165410291,1932843,7.373210906982422,0.1297332584278692,2,6.103515625e-05,32767
25101,85.74381195800379,265296637585,7.506706254337972,1932585,7.372226715087891,0.13447953925008171,2,6.103515625e-05,32767
25201,86.0782057910692,266314901565,7.506691581849159,1932968,7.373687744140625,0.13300383770853408,1,3.0517578125e-05,32768
25301,86.4067123751156,267336067022,7.507463807037352,1933278,7.374870300292969,0.1325935067443833,1,3.0517578125e-05,32768
25401,86.73476575012319,268347315485,7.501599761827915,1931401,7.367710113525391,0.13388964830252448,1,3.0517578125e-05,32768
25501,87.06338066607714,269356360434,7.498877230838736,1931554,7.368293762207031,0.13058346863170467,1,3.0517578125e-05,32768
25601,87.39474991615862,270379734408,7.504882948704914,1933307,7.374980926513672,0.12990202219124214,1,3.0517578125e-05,32768
25701,87.72517887502909,271410838790,7.507606135560026,1933123,7.374279022216797,0.13332711334322944,1,3.0517578125e-05,32768
25801,88.06164995813742,272453991495,7.506680938406749,1932206,7.370780944824219,0.13589999358253024,1,3.0517578125e-05,32768
25901,88.39339958317578,273494215004,7.505245877247322,1928967,7.358425140380859,0.1468207368664629,2,6.103515625e-05,32767
26001,88.72550208307803,274538707489,7.505143966956874,1929274,7.359596252441406,0.14554771451546777,1,3.0517578125e-05,32768
26101,89.06272354116663,275576209656,7.506846909536522,1927263,7.351924896240234,0.15492201329628763,3,9.1552734375e-05,32766
26201,89.39506583311595,276622368125,7.505060604029046,1925049,7.343479156494141,0.1615814475349051,2,6.103515625e-05,32767
26301,89.72642987500876,277661603770,7.503652180668771,1927082,7.351234436035156,0.15241774463361502,1,3.0517578125e-05,32768
26401,90.05708833318204,278692698526,7.507732676843573,1928553,7.356845855712891,0.1508868211306824,1,3.0517578125e-05,32768
26501,90.39196054101922,279722769269,7.502803375581442,1928769,7.357669830322266,0.145133545259176,1,3.0517578125e-05,32768
26601,90.72149183298461,280757378572,7.508350758524701,1930138,7.362892150878906,0.14545860764579466,1,3.0517578125e-05,32768
26701,91.05264720809646,281793002474,7.510636400199992,1932505,7.371921539306641,0.1387148608933515,1,3.0517578125e-05,32768
26801,91.38900104118511,282832497447,7.5107020724775495,1933453,7.375537872314453,0.13516420016309638,1,3.0517578125e-05,32768
26901,91.72134804120287,283883746936,7.514094394712431,1935161,7.382053375244141,0.13204101946829017,3,9.1552734375e-05,32765
27001,92.0572350001894,284944270915,7.514568153947353,1936579,7.387462615966797,0.12710553798055635,1,3.0517578125e-05,32768
27101,92.39790233317763,286022989908,7.511749203560432,1936080,7.38555908203125,0.12619012152918163,1,3.0517578125e-05,32768
27201,92.75798620819114,287120988154,7.510657034776359,1932745,7.372837066650391,0.1378199681259682,2,6.103515625e-05,32767
27301,93.1033521250356,288218899998,7.501168030155574,1929980,7.3622894287109375,0.13887860144463637,2,6.103515625e-05,32767
27401,93.44385941606015,289315131884,7.500632310320587,1930652,7.3648529052734375,0.13577940504714991,2,6.103515625e-05,32767
27501,93.7917854161933,290401185549,7.495418665693025,1930324,7.3636016845703125,0.13181698112271256,1,3.0517578125e-05,32768
27601,94.13465708307922,291477058426,7.500389659088114,1931484,7.3680267333984375,0.13236292568967656,2,6.103515625e-05,32766
27701,94.47239687503316,292545779677,7.494192484268025,1929934,7.362113952636719,0.132078531631306,1,3.0517578125e-05,32768
27801,94.80823129112832,293605661085,7.493259950520352,1931978,7.369911193847656,0.12334875667269607,2,6.103515625e-05,32767
27901,95.14743200014345,294671017254,7.4966246276148505,1933377,7.375247955322266,0.12137667229258486,2,6.103515625e-05,32767
28001,95.49701925017871,295747292910,7.491261173554981,1931989,7.369953155517578,0.12130801803740265,1,3.0517578125e-05,32768
28101,95.83124645799398,296812057966,7.493382108517906,1933842,7.377021789550781,0.11636031896712495,1,3.0517578125e-05,32768
28201,96.17001229105517,297865592002,7.491544777846034,1931071,7.366451263427734,0.12509351441829963,1,3.0517578125e-05,32768
28301,96.5003380831331,298916311318,7.491881869677159,1932432,7.37164306640625,0.12023880327090897,1,3.0517578125e-05,32768
28401,96.83568929112516,299981242401,7.490441174488924,1932745,7.372837066650391,0.1176041078385337,1,3.0517578125e-05,32768
28501,97.17539504100569,301053853077,7.4852460182906535,1932341,7.371295928955078,0.11395008933557538,1,3.0517578125e-05,32768
28601,97.51076108310372,302126433463,7.481591221393968,1932727,7.372768402099609,0.10882281929435855,1,3.0517578125e-05,32768
28701,97.84855037508532,303181838629,7.4849874314065605,1933298,7.374946594238281,0.11004083716827928,1,3.0517578125e-05,32768
28801,98.18432529107668,304225464313,7.487430994848733,1934608,7.37994384765625,0.10748714719248298,1,3.0517578125e-05,32768
28901,98.52257575001568,305274957539,7.485500968234744,1933550,7.375907897949219,0.10959307028552523,2,6.103515625e-05,32767
29001,98.85453412518837,306313403525,7.485863243515613,1931707,7.368877410888672,0.11698583262694129,1,3.0517578125e-05,32768
29101,99.18929808307439,307351903701,7.483078720739213,1930738,7.365180969238281,0.11789775150093185,2,6.103515625e-05,32767
29201,99.52133829100057,308397381670,7.481626999883071,1930268,7.3633880615234375,0.1182389383596334,1,3.0517578125e-05,32768
29301,99.8563132500276,309448108245,7.47996165624762,1931036,7.3663177490234375,0.1136439072241826,1,3.0517578125e-05,32768
29401,100.19349604099989,310494370656,7.484886310940869,1932060,7.3702239990234375,0.11466231191743148,2,6.103515625e-05,32767
29501,100.52971170819364,311540969535,7.486683944339132,1933439,7.375484466552734,0.11119947778639805,1,3.0517578125e-05,32768
29601,100.86266683298163,312585668816,7.491992808043749,1935551,7.383541107177734,0.10845170086601463,2,6.103515625e-05,32766
29701,101.19731066608801,313632929947,7.488178659264072,1934615,7.379970550537109,0.10820810872696285,1,3.0517578125e-05,32768
29801,101.5373350000009,314684950533,7.484367118726363,1932660,7.3725128173828125,0.11185430134355023,2,6.103515625e-05,32767
29901,101.89091370813549,315725470593,7.483322213877672,1932254,7.370964050292969,0.11235816358470352,1,3.0517578125e-05,32768
30001,102.2248760832008,316760674822,7.482575984564728,1928411,7.356304168701172,0.1262718158635563,1,3.0517578125e-05,32768
30101,102.55491591617465,317788072391,7.478118785297651,1927898,7.354347229003906,0.12377155629374492,1,3.0517578125e-05,32768
30201,102.88469054107554,318810489039,7.481316055490906,1929046,7.358726501464844,0.12258955402606198,2,6.103515625e-05,32767
30301,103.2165927910246,319832480548,7.480861230592774,1928681,7.357334136962891,0.12352709362988357,1,3.0517578125e-05,32768
30401,103.54473745799623,320854115418,7.482311875175572,1927791,7.353939056396484,0.1283728187790878,1,3.0517578125e-05,32768
30501,103.87351900013164,321866097085,7.485230616751287,1927227,7.351787567138672,0.1334430496126151,1,3.0517578125e-05,32768
30601,104.20492154103704,322864558767,7.478929259260803,1924930,7.343025207519531,0.13590405174127174,1,3.0517578125e-05,32768
30701,104.53017500019632,323853028855,7.475657892350467,1926374,7.348533630371094,0.12712426197937354,1,3.0517578125e-05,32768
30801,104.8579488331452,324837938154,7.475662947655813,1927575,7.353115081787109,0.12254786586870381,1,3.0517578125e-05,32768
30901,105.1810858331155,325822012471,7.480064750832863,1928564,7.3568878173828125,0.12317693345005054,1,3.0517578125e-05,32768
31001,105.50271233310923,326800872358,7.478527891378237,1929470,7.360343933105469,0.11818395827276795,1,3.0517578125e-05,32768
31101,105.82448441605084,327775558457,7.477003211269508,1930584,7.364593505859375,0.1124097054101334,1,3.0517578125e-05,32768
31201,106.14952516602352,328760066205,7.475149857623382,1929661,7.361072540283203,0.11407731734017901,1,3.0517578125e-05,32768
31301,106.47407520818524,329742754932,7.473592539051663,1930477,7.364185333251953,0.10940720579970975,1,3.0517578125e-05,32768
31401,106.79749537515454,330722304570,7.475792145508324,1929873,7.361881256103516,0.1139108894048082,1,3.0517578125e-05,32768
31501,107.12369675002992,331697628595,7.479656630583442,1930438,7.364036560058594,0.11562007052484802,1,3.0517578125e-05,32768
31601,107.4475355411414,332684383010,7.479088103228818,1931046,7.366355895996094,0.11273220723272459,1,3.0517578125e-05,32768
31701,107.76878933305852,333668920505,7.480220327685137,1933593,7.376071929931641,0.10414839775349627,1,3.0517578125e-05,32768
31801,108.09715583315119,334646945218,7.47950915965602,1933329,7.375064849853516,0.10444430980250452,1,3.0517578125e-05,32768
31901,108.422099375166,335626420217,7.478056839008463,1932515,7.371959686279297,0.10609715272916631,1,3.0517578125e-05,32768
32001,108.74569416604936,336593481649,7.474698877032811,1932844,7.3732147216796875,0.10148415535312338,2,6.103515625e-05,32767
32101,109.06806745799258,337555175288,7.476130286239227,1932460,7.3717498779296875,0.10438040830953987,1,3.0517578125e-05,32768
32201,109.3910687500611,338511262952,7.476385306586977,1932573,7.372180938720703,0.10420436786627363,1,3.0517578125e-05,32768
32301,109.71098299999721,339461981193,7.479136912332512,1932955,7.373638153076172,0.10549875925634034,1,3.0517578125e-05,32768
32401,110.03315762500279,340416862311,7.480757298573884,1932813,7.373096466064453,0.10766083250943126,2,6.103515625e-05,32767
32501,110.35729079111479,341369739631,7.4758105791915135,1931674,7.368751525878906,0.10705905331260723,2,6.103515625e-05,32767
32601,110.67766529112123,342332283276,7.474326030962095,1930496,7.3642578125,0.11006821846209469,1,3.0517578125e-05,32768
32701,110.99926991621032,343290441839,7.472958111213132,1931305,7.367343902587891,0.10561420862524162,1,3.0517578125e-05,32768
32801,111.32338350010104,344249640586,7.472162885401042,1930529,7.364383697509766,0.1077791878912766,1,3.0517578125e-05,32768
32901,111.6675760410726,345201397766,7.477463200137651,1931709,7.368885040283203,0.10857815985444752,1,3.0517578125e-05,32768
33001,111.98704704106785,346147784381,7.475850230756304,1932677,7.372577667236328,0.10327256351997605,1,3.0517578125e-05,32768
33101,112.30965066608042,347104938230,7.479193097800979,1934385,7.379093170166016,0.10009992763496367,1,3.0517578125e-05,32768
33201,112.6301023750566,348064707753,7.481472076962882,1935806,7.384513854980469,0.09695822198241366,1,3.0517578125e-05,32768
33301,112.94939112500288,349023664367,7.485829186477467,1936922,7.388771057128906,0.09705812934856084,1,3.0517578125e-05,32768
33401,113.27128516603261,349984544813,7.496026153201738,1936383,7.386714935302734,0.10931121789900367,1,3.0517578125e-05,32768
33501,113.59133170801215,350953494968,7.498779167723818,1937130,7.389564514160156,0.10921465356366156,1,3.0517578125e-05,32768
33601,113.9145715830382,351923028329,7.49921563971286,1934288,7.37872314453125,0.12049249518160998,1,3.0517578125e-05,32768
33701,114.24219966609962,352900160298,7.501366074276732,1934532,7.3796539306640625,0.1217121436126698,3,9.1552734375e-05,32765
33801,114.56645350018516,353887812355,7.512357476942504,1936577,7.387454986572266,0.12490249037023826,2,6.103515625e-05,32767
33901,114.89127783314325,354873524283,7.514026971748162,1936943,7.388851165771484,0.12517580597667788,1,3.0517578125e-05,32768
34001,115.21960291615687,355866394345,7.518815833514859,1938651,7.395366668701172,0.12344916481368706,1,3.0517578125e-05,32768
34101,115.54038662509993,356850019398,7.518981407620335,1938842,7.396095275878906,0.1228861317414287,1,3.0517578125e-05,32768
34201,115.86024529114366,357832779676,7.522735671769734,1938709,7.395587921142578,0.1271477506271559,1,3.0517578125e-05,32768
34301,116.18731512501836,358814203259,7.524508241558478,1939829,7.399860382080078,0.12464785947839996,1,3.0517578125e-05,32768
34401,116.50842924998142,359797204618,7.530260828948634,1938750,7.395744323730469,0.1345165052181656,1,3.0517578125e-05,32768
34501,116.82885645818897,360777960423,7.533656880630003,1937662,7.391593933105469,0.14206294752453452,1,3.0517578125e-05,32768
34601,117.15155537519604,361757284104,7.5335786454336,1936663,7.387783050537109,0.14579559489649085,1,3.0517578125e-05,32768
34701,117.47405037516728,362741789764,7.534648292723223,1935893,7.384845733642578,0.1498025590806451,1,3.0517578125e-05,32768
34801,117.79571808315814,363733463353,7.53506913865759,1936612,7.3875885009765625,0.14748063768102782,1,3.0517578125e-05,32768
34901,118.12183912517503,364724388321,7.537237730347268,1936973,7.388965606689453,0.14827212365781506,1,3.0517578125e-05,32768
35001,118.44453120813705,365715833045,7.5384132492762586,1938620,7.3952484130859375,0.14316483619032105,1,3.0517578125e-05,32768
35101,118.76563566620462,366708114030,7.5372303772992275,1938889,7.396274566650391,0.1409558106488369,1,3.0517578125e-05,32768
35201,119.08768004109152,367690157817,7.529012950717475,1935262,7.382438659667969,0.14657429104950648,1,3.0517578125e-05,32768
35301,119.41524574998766,368668191807,7.524403995988747,1933539,7.375865936279297,0.1485380597094501,1,3.0517578125e-05,32768
35401,119.73512675007805,369655828914,7.516793474588424,1932898,7.373420715332031,0.14337275925639315,1,3.0517578125e-05,32768
35501,120.05815529101528,370650826200,7.513308204153103,1932413,7.371570587158203,0.14173761699489962,1,3.0517578125e-05,32768
35601,120.38554483302869,371643469841,7.509493665411383,1931792,7.36920166015625,0.14029200525513286,1,3.0517578125e-05,32768
35701,120.71557379118167,372641413159,7.511055463308033,1933155,7.374401092529297,0.13665437077873577,1,3.0517578125e-05,32768
35801,121.04208895820193,373641020424,7.512753603062677,1932834,7.373176574707031,0.1395770283556459,3,9.1552734375e-05,32765
35901,121.36481612501666,374642941363,7.517220453731822,1931326,7.367424011230469,0.14979644250135316,1,3.0517578125e-05,32768
36001,121.68658262514509,375646269326,7.519877014986429,1932094,7.370353698730469,0.14952331625596038,2,6.103515625e-05,32767
36101,122.0138733331114,376639976598,7.518969330617143,1928757,7.357624053955078,0.16134527666206466,2,6.103515625e-05,32767
36201,122.34043979109265,377629773699,7.510764702094699,1927114,7.351356506347656,0.15940819574704257,2,6.103515625e-05,32767
36301,122.6855502082035,378613120709,7.50709344136787,1926110,7.347526550292969,0.15956689107490085,2,6.103515625e-05,32767
36401,123.01349495816976,379603428758,7.512108174771621,1926411,7.348674774169922,0.16343340060169886,2,6.103515625e-05,32767
36501,123.33920825016685,380603988571,7.51108989736932,1927449,7.352634429931641,0.1584554674376797,1,3.0517578125e-05,32768
36601,123.66831045807339,381613784944,7.5096936351445915,1927661,7.353443145751953,0.15625048939263841,1,3.0517578125e-05,32768
36701,123.99979116604663,382627688209,7.50805551999956,1926308,7.3482818603515625,0.15977365964799706,1,3.0517578125e-05,32768
36801,124.32675604103133,383646269043,7.503996470536204,1924262,7.340476989746094,0.16351948079010992,1,3.0517578125e-05,32768
36901,124.65900175017305,384683279937,7.504934482479495,1926275,7.348155975341797,0.15677850713769814,1,3.0517578125e-05,32768
37001,124.9925800000783,385711031675,7.496410879206408,1923238,7.336570739746094,0.1598401394603144,1,3.0517578125e-05,32768
37101,125.32271004118957,386728859641,7.495453160039999,1923388,7.3371429443359375,0.1583102157040619,2,6.103515625e-05,32767
37201,125.67923354101367,387751428590,7.500583225303335,1925695,7.345943450927734,0.1546397743756005,1,3.0517578125e-05,32768
37301,126.03429016610608,388767888259,7.498029884624557,1923829,7.338825225830078,0.15920465879447931,1,3.0517578125e-05,32768
37401,126.38430600007996,389790573497,7.495867083208837,1924418,7.341072082519531,0.15479500068930552,1,3.0517578125e-05,32768
37501,126.73281350010075,390826728446,7.4909912502756875,1923411,7.337230682373047,0.1537605679026406,2,6.103515625e-05,32767
37601,127.07772854110226,391866938674,7.49252535549045,1925656,7.345794677734375,0.14673067775607507,1,3.0517578125e-05,32768
37701,127.41238795802929,392904078422,7.488947656619844,1924873,7.342807769775391,0.14613988684445367,1,3.0517578125e-05,32768
37801,127.74552695802413,393935581767,7.485299529966217,1925520,7.34527587890625,0.14002365105996706,1,3.0517578125e-05,32768
37901,128.0810340831522,394974889899,7.4898784632963515,1927718,7.353660583496094,0.1362178798002578,1,3.0517578125e-05,32768
38001,128.4097385830246,396011548854,7.488235536034985,1926592,7.349365234375,0.13887030165998482,1,3.0517578125e-05,32768
38101,128.73840645817108,397031652853,7.488283714519962,1926692,7.3497467041015625,0.13853701041839983,1,3.0517578125e-05,32768
38201,129.06613379111513,398042497966,7.48746840284231,1926874,7.350440979003906,0.13702742383840416,1,3.0517578125e-05,32768
38301,129.3921194160357,399044019543,7.489993943211544,1928808,7.357818603515625,0.13217533969591866,1,3.0517578125e-05,32768
38401,129.725415666122,400052497430,7.496315968161059,1932458,7.371742248535156,0.12457371962590269,1,3.0517578125e-05,32768
38501,130.06105583300814,401064338810,7.5043001235668125,1931915,7.369670867919922,0.13462925564689066,1,3.0517578125e-05,32768
38601,130.3881042911671,402065111315,7.498683809651912,1930117,7.362812042236328,0.13587176741558427,2,6.103515625e-05,32767
38701,130.71581266610883,403074260597,7.494951499774811,1928383,7.356197357177734,0.13875414259707686,2,6.103515625e-05,32767
38801,131.04470391618088,404084701598,7.497410430416417,1928803,7.357799530029297,0.13961090038711976,1,3.0517578125e-05,32768
38901,131.37357320799492,405105468261,7.49801204790752,1928952,7.358367919921875,0.13964412798564485,1,3.0517578125e-05,32768
39001,131.733054041164,406121218175,7.493790400345011,1928538,7.356788635253906,0.13700176509110484,1,3.0517578125e-05,32768
39101,132.0649438330438,407143081297,7.487059972058075,1925736,7.346099853515625,0.14096011854245027,1,3.0517578125e-05,32768
39201,132.3950550002046,408172256396,7.486435196897727,1927691,7.353557586669922,0.13287761022780487,1,3.0517578125e-05,32768
39301,132.7255752501078,409204347049,7.485995288831717,1928543,7.356807708740234,0.12918758009148235,2,6.103515625e-05,32767
39401,133.05889683309942,410249735209,7.486058637571051,1930004,7.3623809814453125,0.12367765612573844,1,3.0517578125e-05,32768
39501,133.39691091608256,411290692223,7.490594035394398,1930045,7.362537384033203,0.12805665136119515,1,3.0517578125e-05,32768
39601,133.72674225014634,412320013865,7.494315976657126,1929778,7.361518859863281,0.13279711679384487,1,3.0517578125e-05,32768
39701,134.0646944581531,413358188234,7.490052715050289,1928879,7.358089447021484,0.13196326802880431,2,6.103515625e-05,32767
39801,134.39698504121043,414388110741,7.495408615295806,1930805,7.365436553955078,0.12997206134072758,1,3.0517578125e-05,32768
39901,134.72576937498525,415418487913,7.49370113740413,1931173,7.366840362548828,0.12686077485530145,1,3.0517578125e-05,32768
40001,135.05787779111415,416455868770,7.494936441500856,1929797,7.361591339111328,0.13334510238952824,1,3.0517578125e-05,32768
40101,135.39141833316535,417502212346,7.494540703336432,1928324,7.3559722900390625,0.1385684132973699,1,3.0517578125e-05,32768
40201,135.72505908319727,418568522658,7.493215922447405,1926903,7.350551605224609,0.1426643172227955,1,3.0517578125e-05,32768
40301,136.0675274161622,419662842031,7.4952696753462895,1924769,7.342411041259766,0.1528586340865239,1,3.0517578125e-05,32768
40401,136.4116179579869,420755553079,7.496926945916069,1926495,7.348995208740234,0.14793173717583485,1,3.0517578125e-05,32768
40501,136.75030941609293,421838759874,7.498462888682082,1927620,7.3532867431640625,0.14517614551801916,1,3.0517578125e-05,32768
40601,137.08888958301395,422901138087,7.502673974007911,1928224,7.3555908203125,0.14708315369541136,1,3.0517578125e-05,32768
40701,137.4265370410867,423972412984,7.500401970900614,1926639,7.349544525146484,0.15085744575412985,1,3.0517578125e-05,32768
40801,137.75902020814829,425033619747,7.507822164614844,1927727,7.353694915771484,0.15412724884336004,1,3.0517578125e-05,32768
40901,138.09215975017287,426078327427,7.507359571961136,1927678,7.353507995605469,0.1538515763556676,1,3.0517578125e-05,32768
41001,138.42447195807472,427121272639,7.504115059750357,1927849,7.354160308837891,0.14995475091246657,1,3.0517578125e-05,32768
41101,138.7554532501381,428160085197,7.504847104215107,1931781,7.369159698486328,0.13568740572877847,2,6.103515625e-05,32767
41201,139.08945654099807,429202187219,7.504445319681707,1929415,7.360134124755859,0.14431119492584799,2,6.103515625e-05,32767
41301,139.42747958307154,430246494260,7.508095951245803,1930404,7.3639068603515625,0.14418909089424048,1,3.0517578125e-05,32768
41401,139.76306041609496,431292646479,7.507304502259014,1930420,7.3639678955078125,0.14333660675120186,1,3.0517578125e-05,32768
41501,140.09735375014134,432341704256,7.508263337849404,1931190,7.366905212402344,0.14135812544706017,1,3.0517578125e-05,32768
41601,140.43005800014362,433391107355,7.501678995231638,1929476,7.3603668212890625,0.14131217394257511,1,3.0517578125e-05,32768
41701,140.76298220804892,434446817871,7.503778833562649,1929785,7.361545562744141,0.14223327081850812,1,3.0517578125e-05,32768
41801,141.09844404109754,435504388222,7.504172680118254,1930803,7.365428924560547,0.1387437555577069,1,3.0517578125e-05,32768
41901,141.43227383308113,436564953894,7.504852777943771,1931305,7.367343902587891,0.13750887535588063,1,3.0517578125e-05,32768
42001,141.7887265831232,437623911502,7.507422753680024,1931351,7.367519378662109,0.13990337501791483,1,3.0517578125e-05,32768
42101,142.12188758305274,438689265911,7.5058616734990915,1932161,7.370609283447266,0.13525239005182588,1,3.0517578125e-05,32768
42201,142.45541495806538,439737917819,7.504855267471638,1931889,7.369571685791016,0.13528358168062216,1,3.0517578125e-05,32768
42301,142.79048795811832,440777139199,7.507858308239459,1932452,7.3717193603515625,0.13613894788789693,1,3.0517578125e-05,32768
42401,143.1234640001785,441818667428,7.509599019555762,1934158,7.378227233886719,0.13137178566904328,1,3.0517578125e-05,32768
42501,143.45621400000528,442866126256,7.5095938327038745,1934151,7.378200531005859,0.1313933016980151,1,3.0517578125e-05,32768
42601,143.7868073331192,443903490252,7.515134233927919,1936136,7.385772705078125,0.12936152884979357,1,3.0517578125e-05,32768
42701,144.12055287510157,444942985469,7.517477872821962,1936829,7.388416290283203,0.12906158253875866,1,3.0517578125e-05,32768
42801,144.453053208068,445989061917,7.517534376105698,1937872,7.39239501953125,0.12513935657444808,1,3.0517578125e-05,32768
42901,144.78744154120795,447024088946,7.517156455089287,1937708,7.3917694091796875,0.1253870459095996,1,3.0517578125e-05,32768
43001,145.12170266616158,448060891613,7.514213234145176,1937687,7.391689300537109,0.12252393360806657,1,3.0517578125e-05,32768
43101,145.45746087515727,449095646855,7.512650785295818,1937988,7.3928375244140625,0.11981326088175592,1,3.0517578125e-05,32768
43201,145.78537429100834,450118474079,7.513497493846363,1939006,7.396720886230469,0.11677660761589426,1,3.0517578125e-05,32768
43301,146.12422675010748,451138986531,7.51486283061395,1939135,7.397212982177734,0.11764984843621562,1,3.0517578125e-05,32768
43401,146.45233325008303,452159564444,7.517384818482861,1938749,7.395740509033203,0.12164430944965776,1,3.0517578125e-05,32768
43501,146.77936562499963,453171895202,7.519597079369337,1938134,7.393394470214844,0.12620260915449322,2,6.103515625e-05,32767
43601,147.10938529111445,454188402152,7.524633069027567,1939093,7.397052764892578,0.12758030413498922,2,6.103515625e-05,32767
43701,147.43666054098867,455202957394,7.523205895692372,1938744,7.395721435546875,0.12748446014549675,1,3.0517578125e-05,32768
43801,147.76599625009112,456218467543,7.5210767806179915,1940348,7.4018402099609375,0.11923657065705395,1,3.0517578125e-05,32768
43901,148.0981070001144,457237850875,7.522920642726996,1939326,7.397941589355469,0.12497905337152737,1,3.0517578125e-05,32768
44001,148.42572479113005,458246046711,7.524556811312349,1940266,7.401527404785156,0.12302940652719307,1,3.0517578125e-05,32768
44101,148.74751454102807,459245616482,7.520152514200731,1938010,7.392921447753906,0.12723106644682503,3,9.1552734375e-05,32766
44201,149.07934587518685,460237102544,7.5171027767609235,1934963,7.381298065185547,0.13580471157537666,3,9.1552734375e-05,32766
44301,149.40697354101576,461233883207,7.515783095249633,1932976,7.37371826171875,0.14206483353088295,3,9.1552734375e-05,32765
44401,149.7319092079997,462234808232,7.517075907924324,1932902,7.373435974121094,0.1436399338032306,1,3.0517578125e-05,32768
44501,150.0558635829948,463238870048,7.518636263102545,1935237,7.382343292236328,0.13629297086621683,1,3.0517578125e-05,32768
44601,150.38567800004967,464243704317,7.52187438435617,1936081,7.385562896728516,0.13631148762765477,1,3.0517578125e-05,32768
44701,150.70940004102886,465248103681,7.5257919218783265,1936599,7.387538909912109,0.1382530119662171,1,3.0517578125e-05,32768
44801,151.03656087513082,466241342936,7.526705847239484,1936982,7.388999938964844,0.1377059082746399,2,6.103515625e-05,32767
44901,151.3625131251756,467230615445,7.524108374954444,1937085,7.389392852783203,0.13471552217124128,1,3.0517578125e-05,32768
45001,151.6829482500907,468215526931,7.522929019276318,1938148,7.3934478759765625,0.12948114329975535,1,3.0517578125e-05,32768
45101,152.0076857910026,469209374184,7.522589204776691,1937056,7.3892822265625,0.13330697821419069,1,3.0517578125e-05,32768
45201,152.3351065001916,470197754769,7.519303768749408,1938388,7.3943634033203125,0.12494036542909548,1,3.0517578125e-05,32768
45301,152.67780808312818,471173807939,7.5190778606151305,1937602,7.391365051269531,0.12771280934559925,1,3.0517578125e-05,32768
45401,152.99960670806468,472151631699,7.514760760570456,1937610,7.391395568847656,0.12336519172280003,1,3.0517578125e-05,32768
45501,153.32157791615464,473141746794,7.510385093841457,1935723,7.384197235107422,0.12618785873403482,1,3.0517578125e-05,32768
45601,153.6474205001723,474143560064,7.511597213199001,1936333,7.386524200439453,0.12507301275954763,1,3.0517578125e-05,32768
45701,153.9886193331331,475158452055,7.514583758093254,1935040,7.381591796875,0.13299196121825396,1,3.0517578125e-05,32768
45801,154.31827050005086,476180602109,7.513589579066776,1933276,7.3748626708984375,0.13872690816833888,1,3.0517578125e-05,32768
45901,154.64669070811942,477223669147,7.512892576858311,1933186,7.374519348144531,0.13837322871378,1,3.0517578125e-05,32768
46001,154.9794204160571,478258583184,7.514211819437522,1933497,7.375705718994141,0.13850610044338119,1,3.0517578125e-05,32768
46101,155.3137307500001,479294538640,7.514919847458924,1932505,7.371921539306641,0.14299830815228365,1,3.0517578125e-05,32768
46201,155.64571666601114,480327257904,7.51745282634873,1932474,7.371803283691406,0.1456495426573241,1,3.0517578125e-05,32768
46301,155.97479037498124,481363601905,7.514122765493904,1928911,7.358211517333984,0.15591124815991986,1,3.0517578125e-05,32768
46401,156.3079207080882,482405097590,7.515115357442907,1928730,7.357521057128906,0.1575943003140008,1,3.0517578125e-05,32768
46501,156.63783925003372,483447697806,7.510059045285054,1929228,7.3594207763671875,0.15063826891786647,1,3.0517578125e-05,32768
46601,156.97043862519786,484499771487,7.504230175522808,1925689,7.345920562744141,0.15830961277866695,1,3.0517578125e-05,32768
46701,157.30753179104067,485560845086,7.503365147282425,1926701,7.349781036376953,0.15358411090547186,1,3.0517578125e-05,32768
46801,157.64356062514707,486630707599,7.506297232135267,1927834,7.354103088378906,0.1521941437563603,1,3.0517578125e-05,32768
46901,157.98323116614483,487699640969,7.507839342810306,1928387,7.356212615966797,0.1516267268435092,2,6.103515625e-05,32767
47001,158.3204653330613,488768949009,7.507435533803942,1929236,7.3594512939453125,0.14798423985862907,2,6.103515625e-05,32767
47101,158.65779750002548,489831707093,7.51018134803332,1931329,7.367435455322266,0.1427458927110541,1,3.0517578125e-05,32768
47201,158.9960255001206,490909811401,7.507843554991722,1932562,7.372138977050781,0.13570457794094093,1,3.0517578125e-05,32768
47301,159.33446450019255,491999036100,7.507123509279497,1932658,7.372505187988281,0.13461832129121554,1,3.0517578125e-05,32768
47401,159.67184587498195,493069654621,7.5045812006414,1932330,7.371253967285156,0.13332723335624408,1,3.0517578125e-05,32768
47501,160.0111346661579,494129797560,7.505406745298841,1931160,7.366790771484375,0.1386159738144661,2,6.103515625e-05,32767
47601,160.348460333189,495183386422,7.500970029204739,1930408,7.363922119140625,0.13704791006411376,2,6.103515625e-05,32767
47701,160.68306904099882,496242539676,7.502356783458328,1931948,7.3697967529296875,0.13256003052864074,1,3.0517578125e-05,32768
47801,161.014841375174,497302283582,7.498237851807428,1931586,7.368415832519531,0.1298220192878965,1,3.0517578125e-05,32768
47901,161.34767866600305,498348058414,7.500533014367713,1931883,7.369548797607422,0.13098421676029126,1,3.0517578125e-05,32768
48001,161.7068962911144,499396147265,7.497105078138965,1931400,7.367706298828125,0.12939877931083998,1,3.0517578125e-05,32768
48101,162.04421383305453,500442830867,7.497984527698133,1933124,7.3742828369140625,0.12370169078407045,1,3.0517578125e-05,32768
48201,162.3795815410558,501490998702,7.503102935938163,1934204,7.3784027099609375,0.12470022597722519,2,6.103515625e-05,32767
48301,162.7096968330443,502530492493,7.5064797541375565,1936170,7.385902404785156,0.12057734935240028,2,6.103515625e-05,32767
48401,163.04138837498613,503573834373,7.495655703433144,1932973,7.373706817626953,0.12194888580619079,1,3.0517578125e-05,32768
48501,163.37389541603625,504615993987,7.50080319079683,1935254,7.382408142089844,0.11839504870698647,1,3.0517578125e-05,32768
48601,163.70758083299734,505643773621,7.497264959073594,1930811,7.365459442138672,0.13180551693492237,1,3.0517578125e-05,32768
48701,164.04086600011215,506665649258,7.4976613351814,1932084,7.3703155517578125,0.12734578342358738,2,6.103515625e-05,32767
48801,164.37519841617905,507707945011,7.505706312952578,1935640,7.383880615234375,0.12182569771820262,1,3.0517578125e-05,32768
48901,164.70965975010768,508755421965,7.508051584567606,1935689,7.384067535400391,0.12398404916721528,2,6.103515625e-05,32767
49001,165.04418391617946,509810921238,7.506245987748171,1935856,7.38470458984375,0.12154139790442109,1,3.0517578125e-05,32768
49101,165.38248783303425,510879766335,7.504089941631634,1935168,7.382080078125,0.12200986350663356,1,3.0517578125e-05,32768
49201,165.7177782910876,511930547425,7.507015226544432,1936392,7.386749267578125,0.1202659589663071,1,3.0517578125e-05,32768
49301,166.05289491615258,512984701729,7.501974648789511,1933779,7.376781463623047,0.12519318516646383,1,3.0517578125e-05,32768
49401,166.38724137516692,514023997781,7.505950066859297,1934827,7.380779266357422,0.12517080050187523,1,3.0517578125e-05,32768
49501,166.7188010001555,515057320578,7.507756514865497,1934500,7.3795318603515625,0.12822465451393494,1,3.0517578125e-05,32768
49601,167.05192233319394,516093854570,7.513289770368752,1935286,7.382530212402344,0.13075955796640848,1,3.0517578125e-05,32768
49701,167.3917996250093,517149397137,7.510782223794657,1933651,7.376293182373047,0.13448904142161044,1,3.0517578125e-05,32768
49801,167.72449608310126,518198686799,7.5119122432179655,1933813,7.376911163330078,0.13500107988788734,1,3.0517578125e-05,32768
49901,168.0605698330328,519232811117,7.5081713307828455,1933654,7.376304626464844,0.13186670431800174,1,3.0517578125e-05,32768
50001,168.39000300015323,520255661967,7.513001976478371,1935885,7.384815216064453,0.12818676041391797,1,3.0517578125e-05,32768
50101,168.72069479105994,521270119942,7.520975449270557,1937961,7.392734527587891,0.1282409216826661,2,6.103515625e-05,32767
50201,169.04750054120086,522279928479,7.517558398907308,1935594,7.383705139160156,0.133853259747152,1,3.0517578125e-05,32768
50301,169.37416379107162,523273838937,7.514676203413044,1934557,7.379749298095703,0.1349269053173412,1,3.0517578125e-05,32768
50401,169.70055404119194,524277782740,7.512977907804193,1933823,7.376949310302734,0.13602859750145857,1,3.0517578125e-05,32768
50501,170.0298480000347,525293094442,7.512133099442705,1935229,7.382312774658203,0.129820324784502,1,3.0517578125e-05,32768
50601,170.35749145806767,526299501895,7.52109732369721,1938669,7.395435333251953,0.1256619904452565,2,6.103515625e-05,32767
50701,170.6847381251864,527301694243,7.5194084397776795,1939799,7.399745941162109,0.1196624986155701,1,3.0517578125e-05,32768
50801,171.0094795410987,528300488313,7.520025298962427,1938345,7.394199371337891,0.12582592762453615,1,3.0517578125e-05,32768
50901,171.33442787500098,529289805954,7.522420140393381,1938106,7.393287658691406,0.12913248170197456,1,3.0517578125e-05,32768
51001,171.68388054100797,530280874239,7.517579850208694,1932991,7.373775482177734,0.14380436803095975,1,3.0517578125e-05,32768
51101,172.01202291599475,531273729249,7.515954824185494,1934902,7.381065368652344,0.13488945553315013,1,3.0517578125e-05,32768
51201,172.33827962516807,532274131140,7.515292184412347,1935024,7.38153076171875,0.13376142269359725,1,3.0517578125e-05,32768
51301,172.6638914581854,533273616183,7.510379329604072,1932466,7.371772766113281,0.13860656349079115,1,3.0517578125e-05,32768
51401,172.9873354160227,534272904933,7.510359342633663,1932887,7.373378753662109,0.13698058897155363,1,3.0517578125e-05,32768
51501,173.31415091617964,535276110999,7.508580540052333,1931641,7.368625640869141,0.13995489918319226,1,3.0517578125e-05,32768
51601,173.63976870803162,536278992829,7.510564582815938,1933475,7.375621795654297,0.13494278716164132,1,3.0517578125e-05,32768
51701,173.96616866602562,537270661794,7.510270487560931,1934963,7.381298065185547,0.12897242237538453,1,3.0517578125e-05,32768
51801,174.296021791175,538251964989,7.510855934847932,1935908,7.3849029541015625,0.1259529807463693,3,9.1552734375e-05,32766
51901,174.6204560410697,539249531259,7.515698364300736,1938053,7.393085479736328,0.12261288456440766,1,3.0517578125e-05,32768
52001,174.94756016600877,540255188951,7.511244907631597,1936013,7.385303497314453,0.1259414103171439,1,3.0517578125e-05,32768
52101,175.27885341621004,541268293022,7.512363433197751,1935357,7.382801055908203,0.129562377289548,2,6.103515625e-05,32767
52201,175.60849550017156,542298935564,7.509856913507064,1934284,7.3787078857421875,0.13114902776487636,2,6.103515625e-05,32767
52301,175.9444803330116,543317773084,7.509134010447491,1934445,7.379322052001953,0.12981195844553817,1,3.0517578125e-05,32768
52401,176.27687487518415,544324290812,7.508486519233484,1935078,7.381736755371094,0.12674976386239045,1,3.0517578125e-05,32768
52501,176.60468645812944,545334644039,7.504019341757317,1933246,7.374748229980469,0.12927111177684836,1,3.0517578125e-05,32768
52601,176.92906825011596,546338454543,7.503974196220508,1933289,7.374912261962891,0.12906193425761714,1,3.0517578125e-05,32768
52701,177.26049466617405,547349067186,7.499937032023643,1932437,7.371662139892578,0.12827489213106524,1,3.0517578125e-05,32768
52801,177.58726512501016,548362723715,7.5005120297598324,1931352,7.367523193359375,0.13298883640045744,2,6.103515625e-05,32767
52901,177.91198775009252,549362790314,7.500902358257105,1932149,7.370563507080078,0.1303388511770267,1,3.0517578125e-05,32768
53001,178.24113341607153,550354668117,7.505850235624649,1932311,7.371181488037109,0.13466874758753988,1,3.0517578125e-05,32768
53101,178.5654623331502,551351563300,7.509047344163959,1931702,7.368858337402344,0.1401890067616156,1,3.0517578125e-05,32768
53201,178.89453216618858,552359218890,7.507439324248259,1931401,7.367710113525391,0.13972921072286848,2,6.103515625e-05,32767
53301,179.21983325015754,553362593654,7.507183444634634,1932214,7.370811462402344,0.13637198223229063,1,3.0517578125e-05,32768
53401,179.54449562518857,554359245824,7.508118093225771,1932209,7.370792388916016,0.1373257043097551,1,3.0517578125e-05,32768
53501,179.86899225017987,555354456131,7.512233355894687,1933477,7.375629425048828,0.1366039308458591,1,3.0517578125e-05,32768
53601,180.1935905001592,556355054378,7.5087190166613205,1932644,7.3724517822265625,0.13626723443475797,1,3.0517578125e-05,32768
53701,180.52396212518215,557347269096,7.505143022947268,1929162,7.359169006347656,0.14597401659961218,1,3.0517578125e-05,32768
53801,180.8530913752038,558353512543,7.503216352691041,1927749,7.353778839111328,0.1494375135797128,1,3.0517578125e-05,32768
53901,181.18163474998437,559361663883,7.501146465915766,1926873,7.350437164306641,0.1507093016091252,3,9.1552734375e-05,32765
54001,181.50748558319174,560355641475,7.49421079744845,1928272,7.35577392578125,0.1384368716672002,1,3.0517578125e-05,32768
54101,181.82973129116,561347161847,7.491837558436418,1928356,7.3560943603515625,0.1357431980848558,1,3.0517578125e-05,32768
54201,182.15390233299695,562334177652,7.4934541061790085,1928945,7.358341217041016,0.1351128891379929,1,3.0517578125e-05,32768
54301,182.47746208310127,563325834874,7.492191572215974,1928550,7.356834411621094,0.13535716059488045,2,6.103515625e-05,32767
54401,182.82404249999672,564322918071,7.493189310251131,1927930,7.354469299316406,0.1387200109347244,1,3.0517578125e-05,32768
54501,183.15029383311048,565324392062,7.492892376024596,1927237,7.351825714111328,0.14106666191326767,1,3.0517578125e-05,32768
54601,183.47660250007175,566316566647,7.495979941893774,1928405,7.356281280517578,0.1396986613761957,1,3.0517578125e-05,32768
54701,183.80516741611063,567310666925,7.49942338294008,1928042,7.354896545410156,0.14452683752992357,1,3.0517578125e-05,32768
54801,184.12943620816804,568304973719,7.495835312658767,1928179,7.355419158935547,0.14041615372322003,1,3.0517578125e-05,32768
54901,184.45454545808025,569301616375,7.491689383440549,1927274,7.351966857910156,0.13972252553039244,1,3.0517578125e-05,32768
55001,184.77515329117887,570275026513,7.493496022236293,1928105,7.355136871337891,0.13835915089840256,2,6.103515625e-05,32767
55101,185.0971645831596,571238767939,7.495865691491757,1929435,7.360210418701172,0.13565527279058553,1,3.0517578125e-05,32768
55201,185.4183724161703,572198416017,7.50193301564184,1930317,7.363574981689453,0.13835803395238688,1,3.0517578125e-05,32768
55301,185.74118225020356,573151534021,7.495343987596145,1929750,7.361412048339844,0.13393193925630165,1,3.0517578125e-05,32768
55401,186.06004587514326,574101297720,7.500662974381544,1930048,7.362548828125,0.1381141462565436,1,3.0517578125e-05,32768
55501,186.37770291604102,575052871915,7.502462143885017,1929022,7.358634948730469,0.14382719515454845,1,3.0517578125e-05,32768
55601,186.70265520806424,576015003256,7.498052424804534,1928271,7.355770111083984,0.14228231372054978,2,6.103515625e-05,32767
55701,187.0243734579999,576978121136,7.490554222466317,1927149,7.351490020751953,0.13906420171436373,1,3.0517578125e-05,32768
55801,187.3427835830953,577933084687,7.488606053276426,1924431,7.341121673583984,0.14748437969244144,1,3.0517578125e-05,32768
55901,187.66217137500644,578887528582,7.488384003837931,1928647,7.357204437255859,0.13117956658207142,1,3.0517578125e-05,32768
56001,187.98350545810536,579848897943,7.489614874369758,1930420,7.3639678955078125,0.12564697886194587,1,3.0517578125e-05,32768
56101,188.30530112516135,580810116102,7.4844612231514684,1928899,7.358165740966797,0.12629548218467157,1,3.0517578125e-05,32768
56201,188.62695516599342,581775191843,7.48305677207561,1928810,7.357826232910156,0.1252305391654538,1,3.0517578125e-05,32768
56301,188.94483183301054,582734830352,7.477962936720111,1927670,7.353477478027344,0.12448545869276728,1,3.0517578125e-05,32768
56401,189.26779291615821,583706196121,7.486381022768667,1930006,7.362388610839844,0.12399241192882293,1,3.0517578125e-05,32768
56501,189.589303500019,584678092974,7.4880241812492665,1930414,7.363945007324219,0.12407917392504775,1,3.0517578125e-05,32768
56601,189.91273858305067,585649207443,7.487155654977213,1930588,7.3646087646484375,0.12254689032877586,1,3.0517578125e-05,32768
56701,190.23476775013842,586616338949,7.483858203908785,1929932,7.3621063232421875,0.12175188066659715,1,3.0517578125e-05,32768
56801,190.55419070809148,587578126708,7.4836201797606545,1929769,7.361484527587891,0.1221356521727639,1,3.0517578125e-05,32768
56901,190.8743150830269,588544692003,7.486979016057916,1931258,7.367164611816406,0.11981440424150946,1,3.0517578125e-05,32768
57001,191.19400504115038,589508958801,7.487753499354536,1933437,7.375476837158203,0.11227666219633292,2,6.103515625e-05,32767
57101,191.51694616605528,590475042141,7.490523061249551,1936091,7.385601043701172,0.10492201754837893,1,3.0517578125e-05,32768
57201,191.86333112511784,591448375653,7.4944952449660365,1936299,7.386394500732422,0.1081007442336146,3,9.1552734375e-05,32765
57301,192.18762645800598,592428011561,7.49258286997727,1934395,7.379131317138672,0.11345155283859842,1,3.0517578125e-05,32768
57401,192.51367241609842,593406298354,7.493941150512596,1934027,7.377727508544922,0.11621364196767381,1,3.0517578125e-05,32768
57501,192.837876833044,594387129939,7.493176303764276,1933156,7.3744049072265625,0.11877139653771351,1,3.0517578125e-05,32768
57601,193.16566075012088,595383502393,7.491313471208106,1933344,7.3751220703125,0.1161914008956062,1,3.0517578125e-05,32768
57701,193.4952772911638,596394439101,7.491425581919708,1932183,7.370693206787109,0.12073237513259905,1,3.0517578125e-05,32768
57801,193.82469450007193,597411789143,7.488948772467315,1930483,7.364208221435547,0.12474055103176784,1,3.0517578125e-05,32768
57901,194.1551392499823,598442090313,7.489476868579441,1930099,7.362743377685547,0.12673349089389419,1,3.0517578125e-05,32768
58001,194.48877420811914,599478003057,7.486605141847053,1929655,7.361049652099609,0.1255554897474438,1,3.0517578125e-05,32768
58101,194.8217988749966,600519323444,7.486932235623389,1930522,7.364356994628906,0.12257524099448247,2,6.103515625e-05,32767
58201,195.15589462500066,601554467361,7.492694524259456,1929230,7.359428405761719,0.13326611849773684,1,3.0517578125e-05,32768
58301,195.4876029160805,602589449643,7.492264144528041,1927987,7.354686737060547,0.1375774074674938,1,3.0517578125e-05,32768
58401,195.81673016608693,603634613245,7.4944753733461384,1929112,7.358978271484375,0.13549710186176345,1,3.0517578125e-05,32768
58501,196.15564662520774,604683856897,7.498496565226793,1929235,7.359447479248047,0.13904908597874588,1,3.0517578125e-05,32768
58601,196.48778433306143,605721548157,7.5062192771778555,1931016,7.366241455078125,0.13997782209973053,1,3.0517578125e-05,32768
58701,196.81558500020765,606753779939,7.5087465580002855,1931957,7.369831085205078,0.13891547279520733,1,3.0517578125e-05,32768
58801,197.14603775017895,607786753548,7.5038064488953164,1931282,7.367256164550781,0.1365502843445352,1,3.0517578125e-05,32768
58901,197.47799191600643,608803399498,7.5036113476147115,1931995,7.369976043701172,0.13363530391353962,1,3.0517578125e-05,32768
59001,197.80402491614223,609820097487,7.50174762735855,1930249,7.363315582275391,0.13843204508315932,1,3.0517578125e-05,32768
59101,198.13493441604078,610838094433,7.503165798455489,1929967,7.362239837646484,0.140925960809005,2,6.103515625e-05,32766
59201,198.46510545816272,611855827801,7.501391952546685,1932332,7.3712615966796875,0.1301303558669975,1,3.0517578125e-05,32768
59301,198.79453629115596,612874377811,7.501242719864516,1930249,7.363315582275391,0.13792713758912534,1,3.0517578125e-05,32768
59401,199.1238527081441,613898341409,7.499201212993051,1929387,7.360027313232422,0.1391738997606291,1,3.0517578125e-05,32768
59501,199.4572993752081,614926837434,7.500054482303987,1931365,7.367572784423828,0.1324816978801593,1,3.0517578125e-05,32768
59601,199.79017875017598,615957046246,7.500171716978036,1931608,7.368499755859375,0.13167196111866097,1,3.0517578125e-05,32768
59701,200.12091908301227,616977822255,7.4994351330620646,1931995,7.369976043701172,0.12945908936089268,1,3.0517578125e-05,32768
59801,200.4521273751743,617998760628,7.500726479373019,1932234,7.370887756347656,0.1298387230253626,1,3.0517578125e-05,32768
59901,200.78202225011773,619028158297,7.503948378632243,1932605,7.372303009033203,0.13164536959904005,1,3.0517578125e-05,32768
60001,201.11451095808297,620043226134,7.505185147180609,1931209,7.366977691650391,0.1382074555302184,1,3.0517578125e-05,32768
60101,201.44429720798507,621049756626,7.510067862443044,1932572,7.3721771240234375,0.13789073841960686,2,6.103515625e-05,32767
60201,201.79451029119082,622047667013,7.516230987915769,1934502,7.379539489746094,0.13669149816967519,1,3.0517578125e-05,32768
60301,202.12003262504004,623042581109,7.514988397066072,1933695,7.376461029052734,0.13852736801333787,1,3.0517578125e-05,32768
60401,202.4543589160312,624049378463,7.511646810570446,1931313,7.367374420166016,0.14427239040443052,1,3.0517578125e-05,32768
60501,202.7832698749844,625075558200,7.513525278770823,1931261,7.367176055908203,0.14634922286261975,2,6.103515625e-05,32767
60601,203.1138556660153,626106543179,7.512172993616916,1932006,7.370018005371094,0.14215498824582262,1,3.0517578125e-05,32768
60701,203.4496112500783,627143944506,7.513795202442905,1934368,7.3790283203125,0.1347668821304051,1,3.0517578125e-05,32768
60801,203.78357370803133,628195636123,7.507672795509558,1931562,7.368324279785156,0.13934851572440188,2,6.103515625e-05,32767
60901,204.12007033312693,629243665425,7.5083626533638235,1931201,7.366947174072266,0.14141547929155784,1,3.0517578125e-05,32768
61001,204.45471987500787,630285916271,7.50829550384386,1930468,7.3641510009765625,0.14414450286729785,1,3.0517578125e-05,32768
61101,204.79881325014867,631335112523,7.508004982399514,1930092,7.3627166748046875,0.1452883075948268,1,3.0517578125e-05,32768
61201,205.13259087502956,632380542051,7.509030420169701,1929172,7.3592071533203125,0.1498232668493884,1,3.0517578125e-05,32768
61301,205.47086054109968,633424874592,7.503049046736924,1927212,7.3517303466796875,0.1513187000572369,1,3.0517578125e-05,32768
61401,205.80478920810856,634468716132,7.50297392080315,1925718,7.346031188964844,0.15694273183830632,1,3.0517578125e-05,32768
61501,206.13997854106128,635521808977,7.499313524853249,1926277,7.348163604736328,0.15114992011692063,1,3.0517578125e-05,32768
61601,206.47894625016488,636581795903,7.5024883834917055,1929306,7.359718322753906,0.1427700607377993,1,3.0517578125e-05,32768
61701,206.8127788330894,637641914087,7.502177320319814,1926645,7.349567413330078,0.15260990698973576,2,6.103515625e-05,32767
61801,207.1524559999816,638718973559,7.498291928628914,1924115,7.339916229248047,0.15837569938086737,1,3.0517578125e-05,32768
61901,207.4935887500178,639819924125,7.496339893388189,1923622,7.338035583496094,0.15830430989209532,1,3.0517578125e-05,32768
62001,207.83892079116777,640939817067,7.501145341250415,1926083,7.347423553466797,0.1537217877836179,1,3.0517578125e-05,32768
62101,208.18808616604656,642062914571,7.50025143214773,1925387,7.344768524169922,0.15548290797780773,1,3.0517578125e-05,32768
62201,208.54091562516987,643179239200,7.502312259700313,1925547,7.345378875732422,0.1569333839678908,3,9.1552734375e-05,32765
62301,208.88125779107213,644290157114,7.498051465474269,1924485,7.341327667236328,0.15672379823794103,1,3.0517578125e-05,32768
62401,209.22529879119247,645391297047,7.497421344017955,1924132,7.3399810791015625,0.15744026491639218,1,3.0517578125e-05,32768
62501,209.56852245819755,646506805640,7.49482575975652,1923901,7.339099884033203,0.1557258757233173,1,3.0517578125e-05,32768
62601,209.91077379113995,647627723601,7.491919466320354,1922570,7.334022521972656,0.15789694434769785,1,3.0517578125e-05,32768
62701,210.25643820804544,648745862420,7.481086738968273,1920816,7.32733154296875,0.1537551959995227,2,6.103515625e-05,32767
62801,210.60030491603538,649863447766,7.476541479342984,1921472,7.329833984375,0.14670749496798408,1,3.0517578125e-05,32768
62901,210.94682858302258,650986851093,7.479711744176667,1923794,7.338691711425781,0.1410200327508857,1,3.0517578125e-05,32768
63001,211.2973115411587,652103833046,7.482355786264766,1926606,7.349418640136719,0.13293714612804752,1,3.0517578125e-05,32768
63101,211.64541470818222,653213966978,7.47763581830078,1927098,7.351295471191406,0.12634034710937403,1,3.0517578125e-05,32768
63201,212.00552162504755,654321242503,7.474335288784571,1925884,7.3466644287109375,0.12767086007363382,1,3.0517578125e-05,32768
63301,212.3520471660886,655432260290,7.474570229635704,1925073,7.343570709228516,0.13099952040718854,1,3.0517578125e-05,32768
63401,212.7140442081727,656529337075,7.476901544723842,1928642,7.357185363769531,0.11971618095431058,1,3.0517578125e-05,32768
63501,213.05505216610618,657621576204,7.473628911049726,1926172,7.3477630615234375,0.12586584952628854,1,3.0517578125e-05,32768
63601,213.3970287910197,658700687765,7.469549683182226,1925637,7.345722198486328,0.123827484695898,1,3.0517578125e-05,32768
63701,213.75545483315364,659773824418,7.466872059812893,1924329,7.340732574462891,0.1261394853500022,2,6.103515625e-05,32767
63801,214.09344816603698,660852614683,7.465404923895368,1924872,7.342803955078125,0.1226009688172427,1,3.0517578125e-05,32768
63901,214.43127266620286,661936757169,7.470787123679581,1925123,7.343761444091797,0.127025679587784,1,3.0517578125e-05,32768
64001,214.7734399160836,663030109881,7.472684070967312,1924897,7.342899322509766,0.1297847484575465,2,6.103515625e-05,32767
64101,215.11997216613963,664120132761,7.472180612286378,1924512,7.3414306640625,0.13074994822387787,2,6.103515625e-05,32767
64201,215.46555150020868,665206922780,7.470924140573656,1922182,7.332542419433594,0.1383817211400622,2,6.103515625e-05,32767
64301,215.80843075015582,666298754558,7.474571730337925,1922292,7.3329620361328125,0.14160969420511282,1,3.0517578125e-05,32768
64401,216.15075158304535,667398949454,7.474536030610526,1923524,7.3376617431640625,0.13687428744646368,1,3.0517578125e-05,32768
64501,216.49429641617462,668509370031,7.475733845198786,1924423,7.341091156005859,0.1346426891929262,1,3.0517578125e-05,32768
64601,216.83737470814958,669617928072,7.481527887196579,1924821,7.342609405517578,0.138918481679001,1,3.0517578125e-05,32768
64701,217.17882358306088,670716183635,7.485054044974236,1925501,7.345203399658203,0.13985064531603264,1,3.0517578125e-05,32768
64801,217.51746525010094,671798175086,7.491384308472442,1926608,7.34942626953125,0.1419580389411923,2,6.103515625e-05,32767
64901,217.85746070812456,672867741132,7.492422744610376,1928446,7.356437683105469,0.13598506150490763,1,3.0517578125e-05,32768
65001,218.20113808312453,673940653553,7.498711101012412,1927772,7.3538665771484375,0.1448445238639744,1,3.0517578125e-05,32768
65101,218.5444265829865,675009606390,7.4989944918143525,1927387,7.352397918701172,0.14659657311318064,1,3.0517578125e-05,32768
65201,218.88311429112218,676087035982,7.499003355627693,1925868,7.3466033935546875,0.1523999620730052,1,3.0517578125e-05,32768
65301,219.22280033305287,677163213615,7.506975530395869,1927878,7.354270935058594,0.15270459533727543,1,3.0517578125e-05,32768
65401,219.56461908319034,678242064759,7.497582579704474,1924441,7.341159820556641,0.15642275914783355,1,3.0517578125e-05,32768
65501,219.90551904099993,679322687422,7.502444096548236,1925419,7.344890594482422,0.15755350206581387,1,3.0517578125e-05,32768
65601,220.24785929103382,680412594145,7.5048389670827635,1927691,7.353557586669922,0.15128138041284167,1,3.0517578125e-05,32768
65701,220.5869735002052,681495585334,7.502869722371073,1927198,7.351676940917969,0.151192781453104,1,3.0517578125e-05,32768
65801,220.9241376251448,682574167503,7.505029963833936,1929266,7.359565734863281,0.14546422897065447,1,3.0517578125e-05,32768
65901,221.26304566604085,683644729378,7.506866412544814,1931794,7.369209289550781,0.13765712299403265,1,3.0517578125e-05,32768
66001,221.6123206662014,684707168393,7.510538383353394,1933366,7.375205993652344,0.1353323897010501,1,3.0517578125e-05,32768
66101,221.96379591617733,685766488046,7.509946587940182,1933187,7.374523162841797,0.13542342509838523,2,6.103515625e-05,32767
66201,222.2997732080985,686826819563,7.512439418773086,1934569,7.379795074462891,0.13264434431019545,1,3.0517578125e-05,32768
66301,222.63709275005385,687879748641,7.511897200271895,1936133,7.385761260986328,0.1261359392855672,1,3.0517578125e-05,32768
66401,222.96878229104914,688926226013,7.512134761367594,1937435,7.390727996826172,0.12140676454142252,1,3.0517578125e-05,32768
66501,223.30303845810704,689978346332,7.514043016900583,1938281,7.393955230712891,0.12008778618769256,1,3.0517578125e-05,32768
66601,223.6370740411803,691029896596,7.5167285542247075,1937281,7.390140533447266,0.1265880207774419,1,3.0517578125e-05,32768
66701,223.9731694161892,692088029166,7.511620132454415,1935170,7.382087707519531,0.12953242493488393,1,3.0517578125e-05,32768
66801,224.3096989581827,693147029310,7.508786279474068,1933150,7.374382019042969,0.13440426043109888,1,3.0517578125e-05,32768
66901,224.6529603751842,694203322465,7.506935492420456,1933741,7.376636505126953,0.13029898729350275,1,3.0517578125e-05,32768
67001,224.99122404120862,695263954823,7.509230404715081,1932768,7.3729248046875,0.13630560002758063,1,3.0517578125e-05,32768
67101,225.32659529102966,696317375527,7.511303842789752,1932684,7.3726043701171875,0.1386994726725641,1,3.0517578125e-05,32768
67201,225.66235941601917,697369580765,7.50941051249951,1931331,7.367443084716797,0.14196742778271343,2,6.103515625e-05,32767
67301,226.00171679118648,698439895144,7.506464687607463,1930131,7.362865447998047,0.1435992396094159,1,3.0517578125e-05,32768
67401,226.34342887508683,699518422162,7.5090271244708955,1932473,7.371799468994141,0.13722765547675486,1,3.0517578125e-05,32768
67501,226.68049541604705,700590113204,7.510867719841735,1933516,7.3757781982421875,0.13508952159954735,2,6.103515625e-05,32767
67601,227.01752570807002,701659730726,7.510516182221613,1934181,7.378314971923828,0.13220121029778475,1,3.0517578125e-05,32768
67701,227.35620991606265,702729228986,7.514900893904448,1935766,7.384361267089844,0.1305396268146044,1,3.0517578125e-05,32768
67801,227.6934471251443,703802520507,7.511987283752241,1933243,7.374736785888672,0.1372504978635689,1,3.0517578125e-05,32768
67901,228.05057845800184,704873381525,7.509253438922705,1934586,7.379859924316406,0.12939351460629833,1,3.0517578125e-05,32768
68001,228.3886377911549,705947910355,7.506809503426894,1934093,7.377979278564453,0.12883022486244045,2,6.103515625e-05,32767
68101,228.72865991620347,707043386750,7.506359507154702,1934247,7.378566741943359,0.12779276521134264,1,3.0517578125e-05,32768
68201,229.0703887080308,708129887192,7.507102382819599,1934814,7.380729675292969,0.1263727075266301,1,3.0517578125e-05,32768
68301,229.40826425002888,709203689739,7.505851929567303,1934187,7.378337860107422,0.12751406945988109,2,6.103515625e-05,32767
68401,229.74932800000533,710279037755,7.510937342713073,1936632,7.387664794921875,0.12327254779119823,1,3.0517578125e-05,32768
68501,230.091061625164,711358027658,7.505792499501683,1934729,7.380405426025391,0.12538707347629252,1,3.0517578125e-05,32768
68601,230.43245966616087,712442410982,7.507263489825355,1934278,7.378684997558594,0.12857849226676166,1,3.0517578125e-05,32768
68701,230.7708512500394,713534607207,7.505344053276238,1934020,7.3777008056640625,0.12764324761217516,1,3.0517578125e-05,32768
68801,231.11454266612418,714629367877,7.502792682949368,1933195,7.374553680419922,0.12823900252944576,2,6.103515625e-05,32767
68901,231.46130858315155,715722894818,7.503018185431158,1932857,7.373264312744141,0.12975387268701777,1,3.0517578125e-05,32768
69001,231.82840008311905,716810964853,7.4976973174685035,1930986,7.366127014160156,0.1315703033083473,2,6.103515625e-05,32767
69101,232.16745125013404,717904883025,7.498866188044097,1931170,7.366828918457031,0.13203726958706596,1,3.0517578125e-05,32768
69201,232.50954204099253,719003525460,7.495973971735744,1931031,7.366298675537109,0.12967529619863427,1,3.0517578125e-05,32768
69301,232.8498554159887,720089759916,7.497567087391152,1928820,7.3578643798828125,0.13970270750833969,1,3.0517578125e-05,32768
69401,233.1887240000069,721171736166,7.492734148902615,1926916,7.3506011962890625,0.14213295261355263,1,3.0517578125e-05,32768
69501,233.52960216603242,722249923180,7.488852885337921,1925954,7.346931457519531,0.14192142781838957,1,3.0517578125e-05,32768
69601,233.87179058301263,723341579134,7.486739955178108,1924889,7.342868804931641,0.14387115024646757,1,3.0517578125e-05,32768
69701,234.21438987506554,724435767254,7.4940337183782315,1928096,7.3551025390625,0.1389311793157315,1,3.0517578125e-05,32768
69801,234.55794320814312,725529716903,7.493737981453933,1929591,7.360805511474609,0.1329324699793233,3,9.1552734375e-05,32765
69901,234.89804195798934,726622851744,7.498704804499447,1931462,7.367942810058594,0.1307619944408529,1,3.0517578125e-05,32768
70001,235.2388732910622,727723109972,7.501281387674962,1931289,7.367282867431641,0.13399852024332137,1,3.0517578125e-05,32768
70101,235.58222537511028,728825803471,7.496110397951495,1930219,7.363201141357422,0.13290925659407282,2,6.103515625e-05,32767
70201,235.92559562507086,729931843216,7.496150451471289,1930466,7.364143371582031,0.13200707988925764,1,3.0517578125e-05,32768
70301,236.26858437503688,731034792706,7.4946037859024965,1928460,7.3564910888671875,0.13811269703530904,1,3.0517578125e-05,32768
70401,236.60574412508868,732124186620,7.491411179480951,1929372,7.3599700927734375,0.13144108670751375,1,3.0517578125e-05,32768
70501,236.9421765001025,733209368352,7.495223696942118,1928315,7.355937957763672,0.13928573917844655,1,3.0517578125e-05,32768
70601,237.2812277500052,734285343145,7.495888183751055,1927779,7.353893280029297,0.14199490372175827,1,3.0517578125e-05,32768
70701,237.62881779111922,735343244877,7.497900952608076,1928662,7.357261657714844,0.14063929489323268,1,3.0517578125e-05,32768
70801,237.96227212506346,736392869282,7.498399991339882,1930773,7.365314483642578,0.1330855076973041,1,3.0517578125e-05,32768
70901,238.29496908304282,737434319213,7.498211535336267,1932295,7.371120452880859,0.1270910824554079,1,3.0517578125e-05,32768
71001,238.6307589581702,738481014684,7.49664515017985,1930275,7.363414764404297,0.13323038577555302,1,3.0517578125e-05,32768
71101,238.96168466610834,739515375348,7.4925250540855854,1930658,7.364875793457031,0.1276492606285542,1,3.0517578125e-05,32768
71201,239.2898187499959,740542427319,7.497061675678637,1931205,7.366962432861328,0.1300992428173089,2,6.103515625e-05,32767
71301,239.61781241605058,741566893941,7.491559779763536,1928429,7.356372833251953,0.13518694651158292,2,6.103515625e-05,32767
71401,239.94849966606125,742590930489,7.488264811078219,1927469,7.352710723876953,0.13555408720126572,2,6.103515625e-05,32767
71501,240.28356812498532,743616348248,7.492332709815549,1928635,7.357158660888672,0.1351740489268769,1,3.0517578125e-05,32768
71601,240.61355216614902,744630561693,7.4943833335713075,1930767,7.365291595458984,0.1290917381123231,2,6.103515625e-05,32767
71701,240.94287054101005,745652880299,7.494585535811301,1930375,7.363796234130859,0.13078930168044156,1,3.0517578125e-05,32768
71801,241.27206049999222,746673068137,7.4955283995625726,1931542,7.368247985839844,0.1272804137227288,1,3.0517578125e-05,32768
71901,241.6044365831185,747707407975,7.497577262831298,1932292,7.3711090087890625,0.12646825404223527,1,3.0517578125e-05,32768
72001,241.93281070818193,748733524471,7.4949452297140455,1932317,7.371204376220703,0.1237408534933424,1,3.0517578125e-05,32768
72101,242.266990208067,749770005967,7.50260832570247,1932905,7.373447418212891,0.1291609074895792,1,3.0517578125e-05,32768
72201,242.61604858306237,750803259118,7.501583780369412,1933519,7.375789642333984,0.1257941380354275,1,3.0517578125e-05,32768
72301,242.94485454098321,751820834279,7.5022307466394444,1935097,7.381809234619141,0.12042151202030382,1,3.0517578125e-05,32768
72401,243.2728463751264,752845778346,7.503659508859502,1932899,7.373424530029297,0.13023497883020507,2,6.103515625e-05,32767
72501,243.60282812500373,753871566222,7.505553823220676,1935541,7.383502960205078,0.12205086301559831,2,6.103515625e-05,32767
72601,243.93379458319396,754900329945,7.5009747345515345,1932520,7.371978759765625,0.12899597478590952,1,3.0517578125e-05,32768
72701,244.26457212516107,755928492767,7.503817587928616,1932026,7.370094299316406,0.1337232886122095,1,3.0517578125e-05,32768
72801,244.59690233319998,756961705849,7.499631251400032,1931071,7.366451263427734,0.1331799879722979,1,3.0517578125e-05,32768
72901,244.92779937502928,757989836285,7.50230023763129,1935125,7.381916046142578,0.1203841914887116,1,3.0517578125e-05,32768
73001,245.25931808305904,759024888485,7.505836184462698,1932916,7.3734893798828125,0.13234680457988546,1,3.0517578125e-05,32768
73101,245.59208508301526,760056579724,7.505926476709501,1933324,7.3750457763671875,0.13088070034231336,1,3.0517578125e-05,32768
73201,245.92213466600515,761088054506,7.505010393936161,1931470,7.367973327636719,0.13703706629944268,2,6.103515625e-05,32767
73301,246.25491612521,762126998267,7.504568865066115,1932235,7.370891571044922,0.13367729402119277,1,3.0517578125e-05,32768
73401,246.59028516616672,763165342978,7.505767145594399,1932188,7.3707122802734375,0.13505486532096178,1,3.0517578125e-05,32768
73501,246.92341375001706,764209156701,7.505710402120828,1931551,7.368282318115234,0.13742808400559348,1,3.0517578125e-05,32768
73601,247.2613751660101,765258930545,7.501082862830586,1927759,7.353816986083984,0.14726587674660152,2,6.103515625e-05,32767
73701,247.59414404118434,766309909807,7.500081959760529,1926967,7.350795745849609,0.14928621391091923,2,6.103515625e-05,32767
73801,247.9279730829876,767356753009,7.4970665178205165,1927757,7.353809356689453,0.14325716113106335,1,3.0517578125e-05,32768
73901,248.2637550830841,768400159936,7.496170789570657,1929212,7.3593597412109375,0.13681104835971958,1,3.0517578125e-05,32768
74001,248.59525641612709,769443480101,7.493867735489542,1927512,7.352874755859375,0.140992979630167,1,3.0517578125e-05,32768
74101,248.92426433321089,770480571483,7.497018876162092,1926954,7.350746154785156,0.1462727213769357,2,6.103515625e-05,32767
74201,249.25614920817316,771519923225,7.495915828967941,1926180,7.3477935791015625,0.14812224986637812,1,3.0517578125e-05,32768
74301,249.58939866605215,772552941772,7.497488305306074,1928353,7.356082916259766,0.14140538904630873,1,3.0517578125e-05,32768
74401,249.921383833047,773588487512,7.49822427318791,1930246,7.363304138183594,0.13492013500431632,1,3.0517578125e-05,32768
74501,250.25595316616818,774616309439,7.498986761205682,1931524,7.3681793212890625,0.13080743991661947,2,6.103515625e-05,32767
74601,250.58588437503204,775628607709,7.496332154166941,1929902,7.361991882324219,0.13434027184272246,1,3.0517578125e-05,32768
74701,250.9125127911102,776632846272,7.496099424298598,1931384,7.367645263671875,0.1284541606267231,1,3.0517578125e-05,32768
74801,251.23553766612895,777632915347,7.496279985111762,1932709,7.372699737548828,0.12358024756293418,1,3.0517578125e-05,32768
74901,251.560600041179,778624635756,7.497664538724128,1932238,7.370903015136719,0.1267615235874091,2,6.103515625e-05,32767
75001,251.9087837911211,779626691166,7.499159155419662,1931835,7.369365692138672,0.12979346328098984,1,3.0517578125e-05,32768
75101,252.2345034161117,780624203274,7.500153151395957,1930930,7.365913391113281,0.13423976028267592,1,3.0517578125e-05,32768
75201,252.56117945816368,781623202349,7.501589771115894,1933993,7.377597808837891,0.12399196227800324,1,3.0517578125e-05,32768
75301,252.8897715830244,782627627241,7.49928534217823,1935482,7.383277893066406,0.11600744911182392,1,3.0517578125e-05,32768
75401,253.2187086660415,783640953935,7.50640738745151,1937116,7.3895111083984375,0.11689627905307276,1,3.0517578125e-05,32768
75501,253.5454972081352,784648353034,7.507890806725303,1937195,7.389812469482422,0.1180783372428813,2,6.103515625e-05,32767
75601,253.86999400006607,785656713564,7.501251212733743,1934691,7.380260467529297,0.12099074520444653,1,3.0517578125e-05,32768
75701,254.19877191609703,786662824551,7.503383510618769,1934221,7.378467559814453,0.12491595080431583,2,6.103515625e-05,32767
75801,254.527555833105,787681544562,7.502440177805761,1934715,7.380352020263672,0.12208815754208935,1,3.0517578125e-05,32768
75901,254.85662575019524,788704111678,7.502594880777888,1933229,7.374683380126953,0.12791150065093504,2,6.103515625e-05,32767
76001,255.18688891618513,789737631455,7.498839195547396,1931205,7.366962432861328,0.13187676268606818,1,3.0517578125e-05,32768
76101,255.51680783298798,790771110306,7.496652596607543,1932702,7.372673034667969,0.12397956193957427,1,3.0517578125e-05,32768
76201,255.8470102502033,791798432871,7.498849399208631,1931933,7.369739532470703,0.12910986673792824,1,3.0517578125e-05,32768
76301,256.18449125019833,792833701626,7.500548415947906,1931407,7.367733001708984,0.1328154142389213,1,3.0517578125e-05,32768
76401,256.51389083312824,793860716223,7.499750149075316,1930321,7.363590240478516,0.1361599085968006,1,3.0517578125e-05,32768
76501,256.84011745802127,794874047423,7.507051379301433,1933914,7.377296447753906,0.12975493154752638,1,3.0517578125e-05,32768
76601,257.16655087517574,795885094565,7.512795079657387,1935169,7.382083892822266,0.1307111868351214,1,3.0517578125e-05,32768
76701,257.49671337520704,796904617420,7.514618761802579,1935419,7.383037567138672,0.13158119466390694,1,3.0517578125e-05,32768
76801,257.8227481660433,797925317893,7.51535109349433,1936366,7.386650085449219,0.12870100804511164,1,3.0517578125e-05,32768
76901,258.1472412501462,798937987178,7.518423052961231,1933876,7.3771514892578125,0.14127156370341876,1,3.0517578125e-05,32768
77001,258.47427195799537,799962914227,7.519338921468526,1934287,7.378719329833984,0.1406195916345414,1,3.0517578125e-05,32768
77101,258.80077754100785,800989459693,7.522462733455704,1936082,7.385566711425781,0.1368960220299229,1,3.0517578125e-05,32768
77201,259.13235475006513,802003156800,7.521505822706056,1936082,7.385566711425781,0.13593911128027436,1,3.0517578125e-05,32768
77301,259.4609640832059,803014498071,7.523193054702968,1935112,7.381866455078125,0.1413265996248434,1,3.0517578125e-05,32768
77401,259.7858348330483,804017608299,7.518656496616197,1934146,7.378181457519531,0.1404750390966658,1,3.0517578125e-05,32768
77501,260.1121502080932,805021323171,7.515453367433634,1933584,7.37603759765625,0.13941576977738368,1,3.0517578125e-05,32768
77601,260.440432833042,806030940100,7.513791801590733,1934264,7.378631591796875,0.1351602097938578,1,3.0517578125e-05,32768
77701,260.7653047081549,807032353511,7.510260253454536,1934688,7.3802490234375,0.13001123001703618,1,3.0517578125e-05,32768
77801,261.0999979581684,808040440362,7.508097027107351,1934131,7.378124237060547,0.1299727900468044,1,3.0517578125e-05,32768
77901,261.4292330830358,809052168881,7.510872119007537,1933412,7.3753814697265625,0.13549064928097465,1,3.0517578125e-05,32768
78001,261.78045741608366,810061229156,7.5165054898726,1935802,7.384498596191406,0.13200689368119356,1,3.0517578125e-05,32768
78101,262.1161120000761,811080447916,7.514721985982144,1934935,7.381191253662109,0.13353073232003432,1,3.0517578125e-05,32768
78201,262.44599054101855,812100830680,7.513594392346101,1935777,7.384403228759766,0.1291911635863352,1,3.0517578125e-05,32768
78301,262.7736292080954,813120344861,7.507793300965146,1934696,7.380279541015625,0.12751375994952063,1,3.0517578125e-05,32768
78401,263.10956758307293,814156939249,7.511501209288186,1936590,7.387504577636719,0.12399663165146713,1,3.0517578125e-05,32768
78501,263.44006850011647,815182066743,7.511038055513885,1934880,7.3809814453125,0.13005661020138515,2,6.103515625e-05,32767
78601,263.7672296250239,816207067204,7.5173236726058335,1937447,7.390773773193359,0.12654989941247408,1,3.0517578125e-05,32768
78701,264.09963562502526,817237446179,7.514425230022106,1935597,7.383716583251953,0.13070864677015326,1,3.0517578125e-05,32768
78801,264.4295088329818,818272931936,7.517319171787896,1934305,7.378787994384766,0.1385311774031308,1,3.0517578125e-05,32768
78901,264.75854100007564,819309035603,7.518735148358036,1936951,7.388881683349609,0.1298534650084262,1,3.0517578125e-05,32768
79001,265.0871182081755,820331209847,7.516286567498227,1935348,7.3827667236328125,0.1335198438654146,1,3.0517578125e-05,32768
79101,265.42061487515457,821349136279,7.516570079397,1933121,7.374271392822266,0.1422986865747342,1,3.0517578125e-05,32768
79201,265.74823174998164,822364483341,7.518350590082449,1930704,7.36505126953125,0.15329932055119944,2,6.103515625e-05,32767
79301,266.0770809161477,823366071419,7.521955388112286,1932786,7.372993469238281,0.14896191887400434,1,3.0517578125e-05,32768
79401,266.4023091660347,824359763760,7.5162818283956625,1929712,7.36126708984375,0.1550147385519125,1,3.0517578125e-05,32768
79501,266.7258787911851,825354311849,7.518330286297136,1931882,7.369544982910156,0.1487853033869797,1,3.0517578125e-05,32768
79601,267.05019341618754,826355624441,7.516865653940004,1933448,7.375518798828125,0.1413468551118786,1,3.0517578125e-05,32768
79701,267.3762328331359,827362207840,7.516835882259117,1935904,7.3848876953125,0.1319481869466168,2,6.103515625e-05,32767
79801,267.70128954108804,828365991024,7.515392572169331,1935242,7.382362365722656,0.13303020644667463,1,3.0517578125e-05,32768
79901,268.02773974998854,829379552791,7.5134901793762445,1934589,7.379871368408203,0.1336188109680414,1,3.0517578125e-05,32768
80001,268.3555013751611,830410342468,7.512068890410339,1934401,7.379154205322266,0.1329146850880738,1,3.0517578125e-05,32768
80101,268.6907170000486,831442889178,7.516675792737223,1936093,7.385608673095703,0.13106711964151962,1,3.0517578125e-05,32768
80201,269.02053579105996,832479312916,7.5163216479233,1935137,7.381961822509766,0.13435982541353475,1,3.0517578125e-05,32768
80301,269.3511115000583,833526273850,7.511207954619947,1933202,7.374580383300781,0.13662757131916603,1,3.0517578125e-05,32768
80401,269.68138287519105,834576969902,7.514542257749321,1933962,7.377479553222656,0.1370627045266648,1,3.0517578125e-05,32768
80501,270.0182808751706,835629804580,7.516874299198234,1932868,7.3733062744140625,0.1435680247841713,1,3.0517578125e-05,32768
80601,270.3527337911073,836687214180,7.514717009041291,1933071,7.374080657958984,0.140636351082307,1,3.0517578125e-05,32768
80701,270.6868619581219,837751626532,7.5125012975803065,1931756,7.3690643310546875,0.143436966525619,2,6.103515625e-05,32767
80801,271.0197077910416,838812746419,7.513872768628463,1930156,7.3629608154296875,0.1509119531987757,1,3.0517578125e-05,32768
80901,271.3528757500462,839871708247,7.511779266249119,1930476,7.3641815185546875,0.1475977476944319,1,3.0517578125e-05,32768
81001,271.69052558299154,840934631316,7.512969519148269,1932044,7.3701629638671875,0.14280655528108177,1,3.0517578125e-05,32768
81101,272.02587016602047,842005367333,7.512493234313416,1932317,7.371204376220703,0.14128885809271274,1,3.0517578125e-05,32768
81201,272.36207454116084,843091798566,7.515128400867802,1933316,7.3750152587890625,0.14011314207873937,1,3.0517578125e-05,32768
81301,272.72196833300404,844176506183,7.508331038772146,1931322,7.367408752441406,0.14092228633073933,1,3.0517578125e-05,32768
81401,273.0622142502107,845258982860,7.511963126489228,1931760,7.36907958984375,0.1428835366454777,1,3.0517578125e-05,32768
81501,273.400687166024,846335843142,7.516299435052481,1933557,7.375934600830078,0.1403648342224031,1,3.0517578125e-05,32768
81601,273.73937395820394,847397674102,7.506621429687177,1931105,7.366580963134766,0.14004046655241176,1,3.0517578125e-05,32768
81701,274.0765547081828,848456360260,7.504906303305089,1931037,7.366321563720703,0.13858473958438555,2,6.103515625e-05,32767
81801,274.41288125002757,849518193079,7.50059331800704,1930805,7.365436553955078,0.13515676405196153,1,3.0517578125e-05,32768
81901,274.75327779119834,850577715236,7.492335462638594,1929205,7.359333038330078,0.13300242430851572,1,3.0517578125e-05,32768
82001,275.1143745831214,851640044742,7.492843475955363,1931788,7.3691864013671875,0.12365707458817532,1,3.0517578125e-05,32768
82101,275.45198304113,852705181891,7.491997777999626,1932939,7.373577117919922,0.1184206600797042,2,6.103515625e-05,32767
82201,275.7883792500943,853765275637,7.493401129558622,1932854,7.373252868652344,0.12014826090627828,2,6.103515625e-05,32767
82301,276.1338799581863,854831581484,7.491868329368174,1933244,7.3747406005859375,0.11712772878223632,2,6.103515625e-05,32767
82401,276.46966629102826,855905129667,7.495973012054717,1929830,7.361717224121094,0.1342557879336237,1,3.0517578125e-05,32768
82501,276.8042580001056,856975145915,7.495720277697616,1928205,7.355518341064453,0.14020193663316327,1,3.0517578125e-05,32768
82601,277.1410058331676,858048883434,7.494353993397619,1928283,7.355815887451172,0.13853810594644678,1,3.0517578125e-05,32768
82701,277.4786761661526,859117024630,7.494316239542873,1928299,7.355876922607422,0.1384393169354512,1,3.0517578125e-05,32768
82801,277.81594833312556,860179048008,7.492330806309125,1929509,7.360492706298828,0.13183810001029705,1,3.0517578125e-05,32768
82901,278.15535183320753,861230914150,7.4926271148689265,1930777,7.365329742431641,0.1272973724372859,2,6.103515625e-05,32767
83001,278.4867279580794,862269609674,7.492937032470968,1930274,7.363410949707031,0.1295260827639364,1,3.0517578125e-05,32768
83101,278.8150003331248,863311136875,7.497081701004316,1931629,7.368579864501953,0.12850183650236247,1,3.0517578125e-05,32768
83201,279.1454582500737,864342665625,7.49877144935603,1931971,7.369884490966797,0.12888695838923336,1,3.0517578125e-05,32768
83301,279.478548000101,865374452406,7.501666127889367,1932451,7.371715545654297,0.12995058223506994,1,3.0517578125e-05,32768
83401,279.81065887515433,866415210207,7.50469726478171,1933118,7.374259948730469,0.13043731605124087,1,3.0517578125e-05,32768
83501,280.1468902081251,867449365341,7.507915742822219,1935455,7.383174896240234,0.12474084658198503,1,3.0517578125e-05,32768
83601,280.4804155409802,868480826454,7.511238032830073,1936059,7.385478973388672,0.12575905944140153,2,6.103515625e-05,32767
83701,280.8065148331225,869507517039,7.510601506794693,1934508,7.3795623779296875,0.13103912886500524,1,3.0517578125e-05,32768
83801,281.13728470820934,870533530118,7.507328385629098,1935415,7.383022308349609,0.12430607727948839,1,3.0517578125e-05,32768
83901,281.4731858749874,871562451142,7.506328332404893,1935447,7.383144378662109,0.12318395374278346,1,3.0517578125e-05,32768
84001,281.8318348331377,872598892179,7.505713943836689,1934386,7.379096984863281,0.12661695897340763,1,3.0517578125e-05,32768
84101,282.16647087503225,873626503389,7.507972892605741,1934347,7.378948211669922,0.1290246809358191,1,3.0517578125e-05,32768
84201,282.49874637508765,874661595838,7.501726632591219,1934601,7.379917144775391,0.12180948781582845,1,3.0517578125e-05,32768
84301,282.82601550011896,875702833008,7.501331511886467,1931224,7.367034912109375,0.13429659977709196,1,3.0517578125e-05,32768
84401,283.1601907501463,876740797382,7.501644564800344,1931633,7.368595123291016,0.1330494415093284,1,3.0517578125e-05,32768
84501,283.4911983751226,877772680310,7.503617947019477,1932943,7.373592376708984,0.1300255703104929,1,3.0517578125e-05,32768
84601,283.8222955001984,878800356852,7.501830430202086,1931841,7.369388580322266,0.13244184987982077,1,3.0517578125e-05,32768
84701,284.15315662510693,879827101440,7.498231569769218,1929227,7.359416961669922,0.13881460809929624,2,6.103515625e-05,32767
84801,284.48933145799674,880852096406,7.504824579978541,1931438,7.367851257324219,0.13697332265432216,1,3.0517578125e-05,32768
84901,284.8187044581864,881879660229,7.5101785458056405,1932098,7.370368957519531,0.13980958828610923,1,3.0517578125e-05,32768
85001,285.1496440412011,882907611387,7.5107573734094,1933078,7.374107360839844,0.13665001256955644,1,3.0517578125e-05,32768
85101,285.4824317910243,883937529459,7.5138513612763695,1933255,7.374782562255859,0.13906879902051017,1,3.0517578125e-05,32768
85201,285.81280287518166,884977286036,7.516342231947734,1934054,7.377830505371094,0.13851172657664002,1,3.0517578125e-05,32768
85301,286.14742741617374,886009518969,7.5167207215019225,1935807,7.384517669677734,0.13220305182418812,1,3.0517578125e-05,32768
85401,286.47984387516044,887039647632,7.513654745608261,1933970,7.377510070800781,0.13614467480747994,1,3.0517578125e-05,32768
85501,286.8146945410408,888080929812,7.514371140846722,1930446,7.364067077636719,0.15030406321000367,1,3.0517578125e-05,32768
85601,287.14594208309427,889107730450,7.516825602601017,1931676,7.3687591552734375,0.14806644732757945,1,3.0517578125e-05,32768
85701,287.47842241614126,890121839533,7.518090091891693,1930409,7.363925933837891,0.15416415805380268,1,3.0517578125e-05,32768
85801,287.8142632911913,891146526262,7.516921387454571,1929412,7.3601226806640625,0.1567987067905081,1,3.0517578125e-05,32768
85901,288.150201208191,892166393835,7.515929900095627,1929932,7.3621063232421875,0.15382357685343973,1,3.0517578125e-05,32768
86001,288.4797294579912,893192266812,7.511018696357519,1930805,7.365436553955078,0.14558214240244105,1,3.0517578125e-05,32768
86101,288.8090883330442,894225288330,7.509541421210949,1929417,7.360141754150391,0.14939966706055863,1,3.0517578125e-05,32768
86201,289.14239175012335,895264625331,7.506717407266329,1931015,7.366237640380859,0.14047976688546981,1,3.0517578125e-05,32768
86301,289.4745433330536,896304897877,7.502261458834855,1930097,7.362735748291016,0.13952571054383966,1,3.0517578125e-05,32768
86401,289.80718945804983,897352964584,7.497341944871865,1928026,7.354835510253906,0.14250643461795853,1,3.0517578125e-05,32768
86501,290.1474377079867,898419129156,7.500373695077924,1930233,7.363254547119141,0.13711914795878322,1,3.0517578125e-05,32768
86601,290.4851978751831,899488447410,7.503769413905253,1931629,7.368579864501953,0.1351895494033002,2,6.103515625e-05,32767
86701,290.82761195814237,900562927934,7.507477621398453,1932461,7.371753692626953,0.1357239287715002,1,3.0517578125e-05,32768
86801,291.1682252502069,901645163520,7.5093049224187,1932773,7.372943878173828,0.13636104424487172,1,3.0517578125e-05,32768
86901,291.50699666608125,902723117915,7.510274276277917,1933757,7.376697540283203,0.13357673599471376,1,3.0517578125e-05,32768
87001,291.8636290000286,903788289236,7.509033472250199,1932228,7.3708648681640625,0.13816860408613607,2,6.103515625e-05,32767
87101,292.19857120816596,904854159505,7.511614906852431,1932032,7.3701171875,0.14149771935243116,1,3.0517578125e-05,32768
87201,292.5362271252088,905920603635,7.508096186000986,1931507,7.368114471435547,0.1399817145654394,1,3.0517578125e-05,32768
87301,292.8695215410553,906988634460,7.507022031088881,1931641,7.368625640869141,0.13839639021974026,1,3.0517578125e-05,32768
87401,293.20479308301583,908056280076,7.5038383325936575,1929898,7.361976623535156,0.14186170905850126,1,3.0517578125e-05,32768
87501,293.54116495815106,909122189806,7.505966677317437,1931585,7.368412017822266,0.1375546594951711,1,3.0517578125e-05,32768
87601,293.87896287511103,910199388924,7.50834402966049,1932869,7.373310089111328,0.13503394054916207,1,3.0517578125e-05,32768
87701,294.21652904106304,911282778251,7.516002213606225,1935432,7.383087158203125,0.13291505540309956,1,3.0517578125e-05,32768
87801,294.5543733329978,912362664938,7.517414440199248,1936543,7.387325286865234,0.13008915333401383,1,3.0517578125e-05,32768
87901,294.8878640830517,913439125310,7.5179150125234475,1934682,7.380226135253906,0.13768887726954127,1,3.0517578125e-05,32768
88001,295.2236770000309,914515898171,7.5125626610613505,1932780,7.3729705810546875,0.139592080006663,1,3.0517578125e-05,32768
88101,295.5589502081275,915583385724,7.515143139375485,1934412,7.3791961669921875,0.13594697238329712,1,3.0517578125e-05,32768
88201,295.89307016599923,916648985207,7.5118517403264695,1933934,7.377372741699219,0.13447899862725077,1,3.0517578125e-05,32768
88301,296.2319295410998,917706187563,7.5184021902415665,1934981,7.381366729736328,0.1370354605052384,1,3.0517578125e-05,32768
88401,296.56889329105616,918763095591,7.522607521972906,1934906,7.381080627441406,0.14152689453149936,1,3.0517578125e-05,32768
88501,296.905440291157,919824735134,7.5136376985176465,1931942,7.369773864746094,0.14386383377155276,2,6.103515625e-05,32767
88601,297.2419021660462,920895175672,7.5142518818340935,1932026,7.370094299316406,0.1441575825176873,2,6.103515625e-05,32767
88701,297.5789787080139,921960838977,7.515338138733101,1929130,7.359046936035156,0.15629120269794505,1,3.0517578125e-05,32768
88801,297.9140902501531,923025623243,7.51530298391028,1927776,7.3538818359375,0.16142114797277962,4,0.0001220703125,32763
88901,298.25370679120533,924091713893,7.514559273930971,1927461,7.352680206298828,0.16187906763214244,1,3.0517578125e-05,32768
89001,298.5915272079874,925163227099,7.50925021048742,1927857,7.354190826416016,0.15505938407140452,1,3.0517578125e-05,32768
89101,298.9303068751469,926233283436,7.505795891659546,1929202,7.359321594238281,0.14647429742126494,1,3.0517578125e-05,32768
89201,299.26979012507945,927309659555,7.506003356561635,1930634,7.364784240722656,0.14121911583897884,1,3.0517578125e-05,32768
89301,299.6113448331598,928407102836,7.504026376595589,1931010,7.366218566894531,0.13780780970105777,1,3.0517578125e-05,32768
89401,299.95598883298226,929509791843,7.503412289439282,1932006,7.370018005371094,0.13339428406818854,2,6.103515625e-05,32767
89501,300.3003572500311,930612024469,7.499516236740711,1931537,7.368228912353516,0.1312873243871957,1,3.0517578125e-05,32768
89601,300.64387637516484,931711390485,7.497919789740736,1932105,7.370395660400391,0.12752412934034574,2,6.103515625e-05,32767
89701,300.98923062509857,932822508879,7.491310802949622,1929475,7.360363006591797,0.13094779635782494,1,3.0517578125e-05,32768
89801,301.3303922500927,933925573291,7.488072205501061,1927145,7.351474761962891,0.13659744353817072,1,3.0517578125e-05,32768
89901,301.67407325003296,935027742629,7.492202083826355,1928259,7.355724334716797,0.13647774910955857,1,3.0517578125e-05,32768
90001,302.0164054161869,936128301616,7.491287788016269,1928660,7.3572540283203125,0.13403375969595643,1,3.0517578125e-05,32768
90101,302.35731679107994,937231547538,7.493630813339651,1930656,7.3648681640625,0.1287626492771512,1,3.0517578125e-05,32768
90201,302.7224620829802,938333091030,7.495792771803508,1933137,7.374332427978516,0.12146034382499238,1,3.0517578125e-05,32768
90301,303.06867991620675,939429939614,7.492460776921414,1933434,7.375465393066406,0.11699538385500752,1,3.0517578125e-05,32768
90401,303.40684425015934,940511302693,7.497178935919203,1935664,7.38397216796875,0.11320676795045337,1,3.0517578125e-05,32768
90501,303.7523438751232,941582515646,7.49704655447523,1935627,7.383831024169922,0.1132155303053084,1,3.0517578125e-05,32768
90601,304.08979858318344,942647061117,7.492931109902103,1935101,7.381824493408203,0.11110661649389986,1,3.0517578125e-05,32768
90701,304.42604304105043,943702914158,7.492797413385015,1935099,7.381816864013672,0.11098054937134272,1,3.0517578125e-05,32768
90801,304.7615390410647,944768898094,7.491088387288028,1935260,7.3824310302734375,0.10865735701459034,1,3.0517578125e-05,32768
90901,305.09667233307846,945823922086,7.481014918327155,1930716,7.3650970458984375,0.11591787242871732,1,3.0517578125e-05,32768
91001,305.4311160410289,946873637876,7.483110770816964,1931862,7.369468688964844,0.11364208185212021,1,3.0517578125e-05,32768
91101,305.7682605830487,947924766269,7.488785103570535,1934134,7.378135681152344,0.11064942241819153,1,3.0517578125e-05,32768
91201,306.10822691605426,948978982926,7.488897549660541,1935660,7.3839569091796875,0.10494064048085328,1,3.0517578125e-05,32768
91301,306.4429483329877,950025551533,7.489695518165854,1935107,7.381847381591797,0.10784813657405756,1,3.0517578125e-05,32768
91401,306.7791220829822,951077089294,7.483867791963807,1933141,7.374347686767578,0.10952010519622846,1,3.0517578125e-05,32768
91501,307.11242504115216,952112415978,7.49078779257076,1936989,7.389026641845703,0.10176115072505709,1,3.0517578125e-05,32768
91601,307.448306708131,953132468995,7.4919153841937565,1935747,7.384288787841797,0.10762659635195959,1,3.0517578125e-05,32768
91701,307.7777094161138,954139806991,7.490428219782749,1935485,7.383289337158203,0.10713888262454585,1,3.0517578125e-05,32768
91801,308.11000729119405,955151162674,7.495440968369657,1935742,7.384269714355469,0.11117125401418804,1,3.0517578125e-05,32768
91901,308.4390035830438,956166694111,7.497476096489454,1934438,7.379295349121094,0.11818074736835982,1,3.0517578125e-05,32768
92001,308.7672825411428,957178747909,7.496120518834908,1934860,7.3809051513671875,0.11521536746772032,1,3.0517578125e-05,32768
92101,309.1022564161103,958191791307,7.499240381512955,1937060,7.3892974853515625,0.10994289616139241,1,3.0517578125e-05,32768
92201,309.43194329109974,959203557173,7.500278389223252,1939061,7.396930694580078,0.1033476946431735,1,3.0517578125e-05,32768
92301,309.75937066599727,960202385809,7.502438388893895,1940431,7.402156829833984,0.10028155905991021,1,3.0517578125e-05,32768
92401,310.0845352502074,961194666452,7.502572176364516,1940502,7.402427673339844,0.10014450302467193,1,3.0517578125e-05,32768
92501,310.408511250047,962179469806,7.503930679836168,1940488,7.402374267578125,0.10155641225804324,1,3.0517578125e-05,32768
92601,310.733010541182,963150479928,7.498479683172695,1937038,7.389213562011719,0.10926612116097623,1,3.0517578125e-05,32768
92701,311.0507398331538,964106682679,7.497853928337713,1936651,7.387737274169922,0.1101166541677907,2,6.103515625e-05,32767
92801,311.36429737508297,965055829888,7.498739071598013,1936100,7.3856353759765625,0.11310369562145084,2,6.103515625e-05,32765
92901,311.7119730832055,966013036182,7.500460752402709,1938201,7.393650054931641,0.10681069747106875,1,3.0517578125e-05,32768
93001,312.03162995819,966959845735,7.503160646563979,1938913,7.396366119384766,0.106794527179213,3,9.1552734375e-05,32765
93101,312.35599170811474,967909408334,7.497720606902778,1935809,7.384525299072266,0.11319530783051235,1,3.0517578125e-05,32768
93201,312.6748742500786,968858525294,7.494158761490568,1937009,7.389102935791016,0.10505582569955241,1,3.0517578125e-05,32768
93301,312.9955055410974,969820331705,7.491208896371588,1936143,7.385799407958984,0.10540948841260356,1,3.0517578125e-05,32768
93401,313.3167639581952,970785626455,7.492642505148609,1937727,7.391841888427734,0.10080061672087481,1,3.0517578125e-05,32768
93501,313.6367458330933,971740905049,7.493993107666513,1936746,7.388099670410156,0.10589343725635647,1,3.0517578125e-05,32768
93601,313.95750945806503,972707171520,7.492314273143194,1935856,7.38470458984375,0.10760968329944376,3,9.1552734375e-05,32766
93701,314.28077591606416,973681931768,7.491349707879805,1935820,7.3845672607421875,0.10678244713761753,1,3.0517578125e-05,32768
93801,314.60439479118213,974659072296,7.494941234508081,1936794,7.388282775878906,0.106658458629175,1,3.0517578125e-05,32768
93901,314.9261479161214,975636296549,7.504343376004083,1938269,7.393909454345703,0.11043392165838029,1,3.0517578125e-05,32768
94001,315.2488887910731,976607506769,7.511515458580021,1939618,7.399055480957031,0.11245997762298998,1,3.0517578125e-05,32768
94101,315.5736530001741,977582617497,7.509594388788217,1938657,7.395389556884766,0.11420483190345099,1,3.0517578125e-05,32768
94201,315.89465329120867,978561836681,7.508654603042112,1938717,7.395618438720703,0.11303616432140906,1,3.0517578125e-05,32768
94301,316.2207733329851,979556860999,7.5079184106206505,1937043,7.389232635498047,0.11868577512260359,2,6.103515625e-05,32767
94401,316.54734291601926,980556718342,7.5031994084903735,1933966,7.377494812011719,0.12570459647865473,1,3.0517578125e-05,32768
94501,316.87219158303924,981553036671,7.502555359306417,1935352,7.382781982421875,0.1197733768845417,1,3.0517578125e-05,32768
94601,317.1993410831783,982551113739,7.505561106648532,1936827,7.388408660888672,0.11715244575986006,2,6.103515625e-05,32767
94701,317.5260955411941,983544679212,7.502573167597305,1935097,7.381809234619141,0.12076393297816423,1,3.0517578125e-05,32768
94801,317.84860650007613,984535585401,7.5067143798669935,1936135,7.385768890380859,0.12094548948613415,1,3.0517578125e-05,32768
94901,318.1757607080508,985526297578,7.507185942691987,1935157,7.382038116455078,0.12514782623690923,1,3.0517578125e-05,32768
95001,318.5013301661238,986509586274,7.506856895984299,1934503,7.379543304443359,0.1273135915409398,1,3.0517578125e-05,32768
95101,318.826268666191,987500507933,7.511673362653641,1936116,7.3856964111328125,0.12597695152082888,1,3.0517578125e-05,32768
95201,319.1524257911369,988493643197,7.509687271797028,1934205,7.378406524658203,0.13128074713882487,1,3.0517578125e-05,32768
95301,319.4807500001043,989502283000,7.507779440968553,1931751,7.369045257568359,0.13873418340019406,1,3.0517578125e-05,32768
95401,319.8094544580672,990520372114,7.510045384893269,1928610,7.357063293457031,0.15298209143623787,1,3.0517578125e-05,32768
95501,320.14243020815775,991552783853,7.509470160098557,1928700,7.3574066162109375,0.15206354388761945,2,6.103515625e-05,32767
95601,320.4744391250424,992575324358,7.506838809955946,1929227,7.359416961669922,0.14742184828602412,2,6.103515625e-05,32767
95701,320.801295875106,993595585553,7.5067352694242615,1929364,7.3599395751953125,0.146795694228949,1,3.0517578125e-05,32768
95801,321.13776454119943,994628855975,7.501034433252045,1927711,7.353633880615234,0.1474005526368103,1,3.0517578125e-05,32768
95901,321.4731127501,995664197313,7.505299298552126,1929455,7.360286712646484,0.1450125859056417,1,3.0517578125e-05,32768
96001,321.82119695818983,996698377089,7.504178539014241,1928708,7.3574371337890625,0.1467414052251783,1,3.0517578125e-05,32768
96101,322.15601170808077,997740092570,7.506979247262796,1930489,7.364231109619141,0.14274813764365568,1,3.0517578125e-05,32768
96201,322.4910007501021,998796938055,7.506415817926475,1929385,7.360019683837891,0.14639613408858398,1,3.0517578125e-05,32768
96301,322.8254608330317,999862470003,7.505380154325068,1928890,7.358131408691406,0.14724874563366175,1,3.0517578125e-05,32768
96401,323.16124320798554,1000928453533,7.507649553449458,1929327,7.359798431396484,0.14785112205297324,1,3.0517578125e-05,32768
96501,323.5003277081996,1001996428616,7.510172374649665,1928629,7.357135772705078,0.1530366019445868,2,6.103515625e-05,32767
96601,323.8394041249994,1003067019494,7.504575448452775,1924989,7.343250274658203,0.16132517379457223,1,3.0517578125e-05,32768
96701,324.18893591617234,1004120029379,7.499622038545268,1926526,7.349113464355469,0.15050857418979913,1,3.0517578125e-05,32768
96801,324.530055582989,1005151385939,7.496532755759222,1926983,7.350856781005859,0.14567597475336225,1,3.0517578125e-05,32768
96901,324.8606162501965,1006185373060,7.493883910968294,1929243,7.359477996826172,0.1344059141421221,1,3.0517578125e-05,32768
97001,325.19057487510145,1007208173093,7.487467638271805,1927333,7.352191925048828,0.1352757132229767,1,3.0517578125e-05,32768
97101,325.5185621660203,1008216025516,7.486741845960797,1929638,7.360984802246094,0.1257570437147031,1,3.0517578125e-05,32768
97201,325.84487245813943,1009213702722,7.490963420200484,1931900,7.3696136474609375,0.1213497727395465,1,3.0517578125e-05,32768
97301,326.1726554161869,1010213595334,7.490149803141697,1932148,7.3705596923828125,0.11959011075888437,2,6.103515625e-05,32767
97401,326.4986840831116,1011212423282,7.489717935564808,1933516,7.3757781982421875,0.11393973732262008,1,3.0517578125e-05,32768
97501,326.8253929161001,1012207741498,7.4876645434627385,1934099,7.378002166748047,0.10966237671469159,1,3.0517578125e-05,32768
97601,327.1509592910297,1013204190321,7.4885393418297665,1936908,7.3887176513671875,0.09982169046257905,1,3.0517578125e-05,32768
97701,327.4767131661065,1014193155373,7.490359089505998,1935654,7.383934020996094,0.10642506850990419,2,6.103515625e-05,32767
97801,327.80068558314815,1015174269667,7.486006396772213,1933317,7.375019073486328,0.1109873232858849,1,3.0517578125e-05,32768
97901,328.1279344581999,1016158896348,7.4904897173962715,1934498,7.379524230957031,0.1109654864392402,2,6.103515625e-05,32767
98001,328.4526175002102,1017143628801,7.493411259032289,1935079,7.381740570068359,0.11167068896392962,1,3.0517578125e-05,32768
98101,328.77303016604856,1018118565324,7.497575922994761,1935333,7.382709503173828,0.11486641982093282,1,3.0517578125e-05,32768
98201,329.09901887504384,1019095943027,7.495705175990153,1936392,7.386749267578125,0.10895590841202818,1,3.0517578125e-05,32768
98301,329.4220559161622,1020075051903,7.495219438259941,1936323,7.386486053466797,0.10873338479314398,1,3.0517578125e-05,32768
98401,329.7458722081501,1021061212451,7.493424795467645,1934533,7.379657745361328,0.1137670501063166,1,3.0517578125e-05,32768
98501,330.06811833311804,1022042241837,7.494994546227716,1934476,7.3794403076171875,0.11555423861052816,1,3.0517578125e-05,32768
98601,330.3922692909837,1023030739194,7.4951024628620395,1932607,7.372310638427734,0.12279182443430514,1,3.0517578125e-05,32768
98701,330.7267264581751,1024020022156,7.493532022947127,1933100,7.3741912841796875,0.11934073876743945,2,6.103515625e-05,32767
98801,331.0526082080323,1025008605409,7.492188119563721,1930308,7.3635406494140625,0.12864747014965872,2,6.103515625e-05,32767
98901,331.37854795809835,1025998742190,7.49145457060738,1930107,7.362773895263672,0.1286806753437082,1,3.0517578125e-05,32768
99001,331.70343445800245,1026990577197,7.497473202877981,1928682,7.357337951660156,0.1401352512178251,1,3.0517578125e-05,32768
99101,332.0272077911068,1027986516636,7.505493288043241,1930313,7.363559722900391,0.1419335651428506,1,3.0517578125e-05,32768
99201,332.35260229115374,1028984781206,7.511024688341232,1931533,7.368213653564453,0.1428110347767788,1,3.0517578125e-05,32768
99301,332.7010979161132,1029982832946,7.510655421572911,1930179,7.363048553466797,0.1476068681061138,1,3.0517578125e-05,32768
99401,333.0279459580779,1030976864285,7.509921157730957,1930094,7.362724304199219,0.14719685353173784,2,6.103515625e-05,32767
99501,333.35187550005503,1031956540779,7.511272678092164,1931969,7.369876861572266,0.14139581651989808,1,3.0517578125e-05,32768
99601,333.6885108749848,1032944093057,7.508721610314305,1932727,7.372768402099609,0.13595320821469592,2,6.103515625e-05,32766
99701,334.0306059580762,1033939647138,7.502221892491718,1931477,7.368000030517578,0.1342218619741402,2,6.103515625e-05,32767
99801,334.3565092079807,1034940950962,7.501236142610645,1929502,7.360466003417969,0.1407701391926759,2,6.103515625e-05,32767
99901,334.68684641621076,1035962367401,7.497791630466197,1927985,7.354679107666016,0.14311252280018127,1,3.0517578125e-05,32768
100000,335.01447337516584,1036980523006,7.492548720116838,1927359,7.352291107177734,0.140257612939104,2,6.103515625e-05,32767
